
*** Running vivado
    with args -log ulp_ii_level0_wire_0.vds -m64 -product Vivado -mode batch -messageDb vivado.pb -notrace -source ulp_ii_level0_wire_0.tcl


****** Vivado v2022.2.2 (64-bit)
  **** SW Build 3788238 on Tue Feb 21 19:59:23 MST 2023
  **** IP Build 3783773 on Tue Feb 21 23:41:56 MST 2023
    ** Copyright 1986-2023 Xilinx, Inc. All Rights Reserved.

source ulp_ii_level0_wire_0.tcl -notrace
INFO: Dispatch client connection id - 44803
create_project: Time (s): cpu = 00:00:08 ; elapsed = 00:00:08 . Memory (MB): peak = 1831.023 ; gain = 88.961 ; free physical = 100240 ; free virtual = 226019
INFO: [IP_Flow 19-234] Refreshing IP repositories
WARNING: [IP_Flow 19-1694] Ignoring duplicate Bus Definition IP file 'xilinx.com:display_pcie4:pcie4_gt_if:1.0' found within IP repository '/home/uni/project/smartssd/add_two_numbers/_x/link/vivado/vpl/.local/hw_platform/iprepo'.
File in use: /home/uni/project/smartssd/add_two_numbers/_x/link/vivado/vpl/.local/hw_platform/iprepo/ipdefs/other_ipdefs/xdma_v4_1/interfaces/pcie4_gt_if.xml
File ignored: /home/uni/project/smartssd/add_two_numbers/_x/link/vivado/vpl/.local/hw_platform/iprepo/ipdefs/other_ipdefs/pcie4_uscale_plus_v1_3/interfaces/pcie4_gt_if.xml
WARNING: [IP_Flow 19-1694] Ignoring duplicate Bus Definition IP file 'xilinx.com:display_pcie4_uscaleplus:ext_gtcom:1.0' found within IP repository '/home/uni/project/smartssd/add_two_numbers/_x/link/vivado/vpl/.local/hw_platform/iprepo'.
File in use: /home/uni/project/smartssd/add_two_numbers/_x/link/vivado/vpl/.local/hw_platform/iprepo/ipdefs/other_ipdefs/xdma_v4_1/interfaces/pcie4_usp_ext_gtcom.xml
File ignored: /home/uni/project/smartssd/add_two_numbers/_x/link/vivado/vpl/.local/hw_platform/iprepo/ipdefs/other_ipdefs/pcie4_uscale_plus_v1_3/interfaces/pcie4_usp_ext_gtcom.xml
WARNING: [IP_Flow 19-1694] Ignoring duplicate Bus Abstraction IP file 'xilinx.com:display_pcie4:pcie4_gt_if_rtl:1.0' found within IP repository '/home/uni/project/smartssd/add_two_numbers/_x/link/vivado/vpl/.local/hw_platform/iprepo'.
File in use: /home/uni/project/smartssd/add_two_numbers/_x/link/vivado/vpl/.local/hw_platform/iprepo/ipdefs/other_ipdefs/xdma_v4_1/interfaces/pcie4_gt_if_rtl.xml
File ignored: /home/uni/project/smartssd/add_two_numbers/_x/link/vivado/vpl/.local/hw_platform/iprepo/ipdefs/other_ipdefs/pcie4_uscale_plus_v1_3/interfaces/pcie4_gt_if_rtl.xml
WARNING: [IP_Flow 19-1694] Ignoring duplicate Bus Abstraction IP file 'xilinx.com:display_pcie4_uscaleplus:int_gtcom_rtl:1.0' found within IP repository '/home/uni/project/smartssd/add_two_numbers/_x/link/vivado/vpl/.local/hw_platform/iprepo'.
File in use: /home/uni/project/smartssd/add_two_numbers/_x/link/vivado/vpl/.local/hw_platform/iprepo/ipdefs/other_ipdefs/xdma_v4_1/interfaces/pcie4_usp_int_gtcom_rtl.xml
File ignored: /home/uni/project/smartssd/add_two_numbers/_x/link/vivado/vpl/.local/hw_platform/iprepo/ipdefs/other_ipdefs/pcie4_uscale_plus_v1_3/interfaces/pcie4_usp_int_gtcom_rtl.xml
WARNING: [IP_Flow 19-1694] Ignoring duplicate Bus Abstraction IP file 'xilinx.com:display_pcie4_uscaleplus:ext_gtcom_rtl:1.0' found within IP repository '/home/uni/project/smartssd/add_two_numbers/_x/link/vivado/vpl/.local/hw_platform/iprepo'.
File in use: /home/uni/project/smartssd/add_two_numbers/_x/link/vivado/vpl/.local/hw_platform/iprepo/ipdefs/other_ipdefs/xdma_v4_1/interfaces/pcie4_usp_ext_gtcom_rtl.xml
File ignored: /home/uni/project/smartssd/add_two_numbers/_x/link/vivado/vpl/.local/hw_platform/iprepo/ipdefs/other_ipdefs/pcie4_uscale_plus_v1_3/interfaces/pcie4_usp_ext_gtcom_rtl.xml
WARNING: [IP_Flow 19-1694] Ignoring duplicate Bus Definition IP file 'xilinx.com:display_pcie4_uscaleplus:int_gtcom:1.0' found within IP repository '/home/uni/project/smartssd/add_two_numbers/_x/link/vivado/vpl/.local/hw_platform/iprepo'.
File in use: /home/uni/project/smartssd/add_two_numbers/_x/link/vivado/vpl/.local/hw_platform/iprepo/ipdefs/other_ipdefs/xdma_v4_1/interfaces/pcie4_usp_int_gtcom.xml
File ignored: /home/uni/project/smartssd/add_two_numbers/_x/link/vivado/vpl/.local/hw_platform/iprepo/ipdefs/other_ipdefs/pcie4_uscale_plus_v1_3/interfaces/pcie4_usp_int_gtcom.xml
INFO: [IP_Flow 19-1700] Loaded user IP repository '/home/uni/project/smartssd/add_two_numbers/_x/link/vivado/vpl/.local/hw_platform/iprepo'.
INFO: [IP_Flow 19-1700] Loaded user IP repository '/home/uni/project/smartssd/add_two_numbers/_x/link/int/xo/ip_repo/xilinx_com_hls_add_two_numbers_1_0'.
WARNING: [IP_Flow 19-2207] Repository '/home/uni/project/smartssd/add_two_numbers/_x/link/vivado/vpl/.local/hw_platform/iprepo' already exists; ignoring attempt to add it again.
INFO: [IP_Flow 19-1700] Loaded user IP repository '/home/uni/project/smartssd/add_two_numbers/_x/link/vivado/vpl/.local/hw_platform/iprepo'.
INFO: [IP_Flow 19-1700] Loaded user IP repository '/home/uni/project/smartssd/add_two_numbers/_x/link/vivado/vpl/.local/hw_platform/ipcache'.
INFO: [IP_Flow 19-1700] Loaded user IP repository '/home/dess/workspace/Xilinx/Vitis/2022.2/data/ip'.
INFO: [IP_Flow 19-2313] Loaded Vivado IP repository '/home/dess/workspace/Xilinx/Vivado/2022.2/data/ip'.
WARNING: [IP_Flow 19-1663] Duplicate IP found for 'xilinx.com:ip:icap_arb:1.0'. The one found in IP location '/home/uni/project/smartssd/add_two_numbers/_x/link/vivado/vpl/.local/hw_platform/iprepo/ipdefs/other_ipdefs/icap_arb_v1_0' will take precedence over the same IP in the Xilinx installed IP.
WARNING: [IP_Flow 19-1663] Duplicate IP found for 'xilinx.com:ip:axi_clk_metadata_adapter:1.0'. The one found in IP location '/home/uni/project/smartssd/add_two_numbers/_x/link/vivado/vpl/.local/hw_platform/iprepo/ipdefs/other_ipdefs/axi_clk_metadata_adapter_v1_0' will take precedence over the same IP in location /home/uni/project/smartssd/add_two_numbers/_x/link/vivado/vpl/.local/hw_platform/iprepo/ipdefs/ii_infra_ipdefs/axi_clk_metadata_adapter_v1_0
WARNING: [IP_Flow 19-1663] Duplicate IP found for 'xilinx.com:ip:axis_clk_metadata_adapter:1.0'. The one found in IP location '/home/uni/project/smartssd/add_two_numbers/_x/link/vivado/vpl/.local/hw_platform/iprepo/ipdefs/other_ipdefs/axis_clk_metadata_adapter_v1_0' will take precedence over the same IP in location /home/uni/project/smartssd/add_two_numbers/_x/link/vivado/vpl/.local/hw_platform/iprepo/ipdefs/ii_infra_ipdefs/axis_clk_metadata_adapter_v1_0
WARNING: [IP_Flow 19-1663] Duplicate IP found for 'xilinx.com:ip:hbm_memory_subsystem:2.0'. The one found in IP location '/home/uni/project/smartssd/add_two_numbers/_x/link/vivado/vpl/.local/hw_platform/iprepo/ipdefs/other_ipdefs/hbm_memory_subsystem_v2_0' will take precedence over the same IP in the Xilinx installed IP.
WARNING: [IP_Flow 19-1663] Duplicate IP found for 'xilinx.com:ip:shell_utils_build_info:1.0'. The one found in IP location '/home/uni/project/smartssd/add_two_numbers/_x/link/vivado/vpl/.local/hw_platform/iprepo/ipdefs/other_ipdefs/shell_utils_build_info_v1_0' will take precedence over the same IP in the Xilinx installed IP.
WARNING: [IP_Flow 19-1663] Duplicate IP found for 'xilinx.com:ip:xdma:4.1'. The one found in IP location '/home/uni/project/smartssd/add_two_numbers/_x/link/vivado/vpl/.local/hw_platform/iprepo/ipdefs/other_ipdefs/xdma_v4_1' will take precedence over the same IP in the Xilinx installed IP.
WARNING: [IP_Flow 19-1663] Duplicate IP found for 'xilinx.com:ip:shell_utils_msp432_bsl_crc_gen:1.0'. The one found in IP location '/home/uni/project/smartssd/add_two_numbers/_x/link/vivado/vpl/.local/hw_platform/iprepo/ipdefs/other_ipdefs/shell_utils_msp432_bsl_crc_gen_v1_0' will take precedence over the same IP in the Xilinx installed IP.
WARNING: [IP_Flow 19-1663] Duplicate IP found for 'xilinx.com:ip:axi_hwicap:3.0'. The one found in IP location '/home/uni/project/smartssd/add_two_numbers/_x/link/vivado/vpl/.local/hw_platform/iprepo/ipdefs/other_ipdefs/axi_hwicap_v3_0' will take precedence over the same IP in the Xilinx installed IP.
WARNING: [IP_Flow 19-1663] Duplicate IP found for 'xilinx.com:ip:pcie4_uscale_plus:1.3'. The one found in IP location '/home/uni/project/smartssd/add_two_numbers/_x/link/vivado/vpl/.local/hw_platform/iprepo/ipdefs/other_ipdefs/pcie4_uscale_plus_v1_3' will take precedence over the same IP in the Xilinx installed IP.
WARNING: [IP_Flow 19-1663] Duplicate IP found for 'xilinx.com:ip:mailbox:2.1'. The one found in IP location '/home/uni/project/smartssd/add_two_numbers/_x/link/vivado/vpl/.local/hw_platform/iprepo/ipdefs/other_ipdefs/mailbox_v2_1' will take precedence over the same IP in the Xilinx installed IP.
WARNING: [IP_Flow 19-1663] Duplicate IP found for 'xilinx.com:ip:clk_metadata_adapter:1.0'. The one found in IP location '/home/uni/project/smartssd/add_two_numbers/_x/link/vivado/vpl/.local/hw_platform/iprepo/ipdefs/other_ipdefs/clk_metadata_adapter_v1_0' will take precedence over the same IP in location /home/uni/project/smartssd/add_two_numbers/_x/link/vivado/vpl/.local/hw_platform/iprepo/ipdefs/ii_infra_ipdefs/clk_metadata_adapter_v1_0
WARNING: [IP_Flow 19-1663] Duplicate IP found for 'xilinx.com:ip:pipeline_reg:1.0'. The one found in IP location '/home/uni/project/smartssd/add_two_numbers/_x/link/vivado/vpl/.local/hw_platform/iprepo/ipdefs/other_ipdefs/pipeline_reg_v1_0' will take precedence over the same IP in location /home/uni/project/smartssd/add_two_numbers/_x/link/vivado/vpl/.local/hw_platform/iprepo/ipdefs/ii_infra_ipdefs/pipeline_reg_v1_0
WARNING: [IP_Flow 19-4830] Duplicate Interface found for 'xilinx.com:display_pcie3_ultrascale:pcie3_us_gt_if:1.0'. The one found in location '/home/uni/project/smartssd/add_two_numbers/_x/link/vivado/vpl/.local/hw_platform/iprepo/ipdefs/other_ipdefs/xdma_v4_1/interfaces/pcie3_us_gt_if.xml' will take precedence over the same Interface in location '/home/dess/workspace/Xilinx/Vivado/2022.2/data/ip/xilinx/pcie3_ultrascale_v4_4/interfaces/pcie3_us_gt_if.xml'
WARNING: [IP_Flow 19-4830] Duplicate Interface found for 'xilinx.com:display_pcie4:pcie4_gt_if:1.0'. The one found in location '/home/uni/project/smartssd/add_two_numbers/_x/link/vivado/vpl/.local/hw_platform/iprepo/ipdefs/other_ipdefs/xdma_v4_1/interfaces/pcie4_gt_if.xml' will take precedence over the same Interface in location '/home/dess/workspace/Xilinx/Vivado/2022.2/data/ip/xilinx/pcie4_uscale_plus_v1_3/interfaces/pcie4_gt_if.xml'
WARNING: [IP_Flow 19-4830] Duplicate Interface found for 'xilinx.com:display_xdma:pcie3_7x_transceiver_debug:1.0'. The one found in location '/home/uni/project/smartssd/add_two_numbers/_x/link/vivado/vpl/.local/hw_platform/iprepo/ipdefs/other_ipdefs/xdma_v4_1/interfaces/pcie3_7x_transceiver_debug.xml' will take precedence over the same Interface in location '/home/dess/workspace/Xilinx/Vivado/2022.2/data/ip/xilinx/qdma_v5_0/interfaces/pcie3_7x_transceiver_debug.xml'
WARNING: [IP_Flow 19-4830] Duplicate Interface found for 'xilinx.com:display_xdma:int_shared_logic:1.0'. The one found in location '/home/uni/project/smartssd/add_two_numbers/_x/link/vivado/vpl/.local/hw_platform/iprepo/ipdefs/other_ipdefs/xdma_v4_1/interfaces/pcie3_us_int_shared_logic.xml' will take precedence over the same Interface in location '/home/dess/workspace/Xilinx/Vivado/2022.2/data/ip/xilinx/qdma_v5_0/interfaces/pcie3_us_int_shared_logic.xml'
WARNING: [IP_Flow 19-4830] Duplicate Interface found for 'xilinx.com:display_pcie4_uscaleplus:ext_gtcom:1.0'. The one found in location '/home/uni/project/smartssd/add_two_numbers/_x/link/vivado/vpl/.local/hw_platform/iprepo/ipdefs/other_ipdefs/xdma_v4_1/interfaces/pcie4_usp_ext_gtcom.xml' will take precedence over the same Interface in location '/home/dess/workspace/Xilinx/Vivado/2022.2/data/ip/xilinx/pcie4_uscale_plus_v1_3/interfaces/pcie4_usp_ext_gtcom.xml'
WARNING: [IP_Flow 19-4830] Duplicate Interface found for 'xilinx.com:display_xdma:pcie_cfg_external_msix:1.0'. The one found in location '/home/uni/project/smartssd/add_two_numbers/_x/link/vivado/vpl/.local/hw_platform/iprepo/ipdefs/other_ipdefs/xdma_v4_1/interfaces/pcie_cfg_ext_msix.xml' will take precedence over the same Interface in location '/home/dess/workspace/Xilinx/Vivado/2022.2/data/ip/xilinx/xdma_v4_1/interfaces/pcie_cfg_ext_msix.xml'
WARNING: [IP_Flow 19-4830] Duplicate Interface found for 'xilinx.com:display_xdma:pcie3_us_transceiver_debug:1.0'. The one found in location '/home/uni/project/smartssd/add_two_numbers/_x/link/vivado/vpl/.local/hw_platform/iprepo/ipdefs/other_ipdefs/xdma_v4_1/interfaces/pcie3_us_transceiver_debug.xml' will take precedence over the same Interface in location '/home/dess/workspace/Xilinx/Vivado/2022.2/data/ip/xilinx/qdma_v5_0/interfaces/pcie3_us_transceiver_debug.xml'
WARNING: [IP_Flow 19-4830] Duplicate Interface found for 'xilinx.com:display_xdma:xdma_debug_ports:1.0'. The one found in location '/home/uni/project/smartssd/add_two_numbers/_x/link/vivado/vpl/.local/hw_platform/iprepo/ipdefs/other_ipdefs/xdma_v4_1/interfaces/xdma_debug_ports.xml' will take precedence over the same Interface in location '/home/dess/workspace/Xilinx/Vivado/2022.2/data/ip/xilinx/qdma_v5_0/interfaces/xdma_debug_ports.xml'
WARNING: [IP_Flow 19-4830] Duplicate Interface found for 'xilinx.com:display_xdma:pcie4_us_plus_transceiver_debug:1.0'. The one found in location '/home/uni/project/smartssd/add_two_numbers/_x/link/vivado/vpl/.local/hw_platform/iprepo/ipdefs/other_ipdefs/xdma_v4_1/interfaces/pcie4_us_plus_transceiver_debug.xml' will take precedence over the same Interface in location '/home/dess/workspace/Xilinx/Vivado/2022.2/data/ip/xilinx/qdma_v5_0/interfaces/pcie4_us_plus_transceiver_debug.xml'
WARNING: [IP_Flow 19-4830] Duplicate Interface found for 'xilinx.com:display_xdma:pcie_debug:1.0'. The one found in location '/home/uni/project/smartssd/add_two_numbers/_x/link/vivado/vpl/.local/hw_platform/iprepo/ipdefs/other_ipdefs/xdma_v4_1/interfaces/pcie_debug.xml' will take precedence over the same Interface in location '/home/dess/workspace/Xilinx/Vivado/2022.2/data/ip/xilinx/qdma_v5_0/interfaces/pcie_debug.xml'
WARNING: [IP_Flow 19-4830] Duplicate Interface found for 'xilinx.com:display_xdma:xdma_status_ports:1.0'. The one found in location '/home/uni/project/smartssd/add_two_numbers/_x/link/vivado/vpl/.local/hw_platform/iprepo/ipdefs/other_ipdefs/xdma_v4_1/interfaces/xdma_status_ports.xml' will take precedence over the same Interface in location '/home/dess/workspace/Xilinx/Vivado/2022.2/data/ip/xilinx/qdma_v5_0/interfaces/xdma_status_ports.xml'
WARNING: [IP_Flow 19-4830] Duplicate Interface found for 'xilinx.com:display_xdma:ext_shared_logic:1.0'. The one found in location '/home/uni/project/smartssd/add_two_numbers/_x/link/vivado/vpl/.local/hw_platform/iprepo/ipdefs/other_ipdefs/xdma_v4_1/interfaces/pcie3_us_ext_shared_logic.xml' will take precedence over the same Interface in location '/home/dess/workspace/Xilinx/Vivado/2022.2/data/ip/xilinx/xdma_v4_1/interfaces/pcie3_us_ext_shared_logic.xml'
WARNING: [IP_Flow 19-4830] Duplicate Interface found for 'xilinx.com:display_qdma:usr_flr:1.0'. The one found in location '/home/uni/project/smartssd/add_two_numbers/_x/link/vivado/vpl/.local/hw_platform/iprepo/ipdefs/other_ipdefs/xdma_v4_1/interfaces/usr_flr.xml' will take precedence over the same Interface in location '/home/dess/workspace/Xilinx/Vivado/2022.2/data/ip/xilinx/xdma_v4_1/interfaces/usr_flr.xml'
WARNING: [IP_Flow 19-4830] Duplicate Interface found for 'xilinx.com:display_pcie4_uscaleplus:int_gtcom:1.0'. The one found in location '/home/uni/project/smartssd/add_two_numbers/_x/link/vivado/vpl/.local/hw_platform/iprepo/ipdefs/other_ipdefs/xdma_v4_1/interfaces/pcie4_usp_int_gtcom.xml' will take precedence over the same Interface in location '/home/dess/workspace/Xilinx/Vivado/2022.2/data/ip/xilinx/pcie4_uscale_plus_v1_3/interfaces/pcie4_usp_int_gtcom.xml'
WARNING: [IP_Flow 19-4830] Duplicate Interface found for 'xilinx.com:display_xdma:dsc_bypass:1.0'. The one found in location '/home/uni/project/smartssd/add_two_numbers/_x/link/vivado/vpl/.local/hw_platform/iprepo/ipdefs/other_ipdefs/xdma_v4_1/interfaces/dsc_bypass.xml' will take precedence over the same Interface in location '/home/dess/workspace/Xilinx/Vivado/2022.2/data/ip/xilinx/xdma_v4_1/interfaces/dsc_bypass.xml'
WARNING: [IP_Flow 19-4830] Duplicate Interface found for 'xilinx.com:display_pcie4_uscaleplus:transceiver_debug:1.0'. The one found in location '/home/uni/project/smartssd/add_two_numbers/_x/link/vivado/vpl/.local/hw_platform/iprepo/ipdefs/other_ipdefs/pcie4_uscale_plus_v1_3/interfaces/transceiver_debug.xml' will take precedence over the same Interface in location '/home/dess/workspace/Xilinx/Vivado/2022.2/data/ip/xilinx/pcie4_uscale_plus_v1_3/interfaces/transceiver_debug.xml'
WARNING: [IP_Flow 19-4830] Duplicate Interface found for 'xilinx.com:display_pcie4:pcie4_cfg_external_msix:1.0'. The one found in location '/home/uni/project/smartssd/add_two_numbers/_x/link/vivado/vpl/.local/hw_platform/iprepo/ipdefs/other_ipdefs/pcie4_uscale_plus_v1_3/interfaces/pcie4_cfg_ext_msix.xml' will take precedence over the same Interface in location '/home/dess/workspace/Xilinx/Vivado/2022.2/data/ip/xilinx/pcie4_uscale_plus_v1_3/interfaces/pcie4_cfg_ext_msix.xml'
WARNING: [IP_Flow 19-4830] Duplicate Interface found for 'xilinx.com:display_pcie4:pcie4_cfg_msix_internal:1.0'. The one found in location '/home/uni/project/smartssd/add_two_numbers/_x/link/vivado/vpl/.local/hw_platform/iprepo/ipdefs/other_ipdefs/pcie4_uscale_plus_v1_3/interfaces/pcie4_cfg_msix_int.xml' will take precedence over the same Interface in location '/home/dess/workspace/Xilinx/Vivado/2022.2/data/ip/xilinx/pcie4_uscale_plus_v1_3/interfaces/pcie4_cfg_msix_int.xml'
WARNING: [IP_Flow 19-4830] Duplicate Interface found for 'xilinx.com:display_pcie4:pcie4_rbar:1.0'. The one found in location '/home/uni/project/smartssd/add_two_numbers/_x/link/vivado/vpl/.local/hw_platform/iprepo/ipdefs/other_ipdefs/pcie4_uscale_plus_v1_3/interfaces/pcie4_rbar.xml' will take precedence over the same Interface in location '/home/dess/workspace/Xilinx/Vivado/2022.2/data/ip/xilinx/pcie4_uscale_plus_v1_3/interfaces/pcie4_rbar.xml'
WARNING: [IP_Flow 19-4830] Duplicate Interface found for 'xilinx.com:display_pcie4:pcie4_cfg_control:1.0'. The one found in location '/home/uni/project/smartssd/add_two_numbers/_x/link/vivado/vpl/.local/hw_platform/iprepo/ipdefs/other_ipdefs/pcie4_uscale_plus_v1_3/interfaces/pcie4_cfg_control.xml' will take precedence over the same Interface in location '/home/dess/workspace/Xilinx/Vivado/2022.2/data/ip/xilinx/pcie4_uscale_plus_v1_3/interfaces/pcie4_cfg_control.xml'
WARNING: [IP_Flow 19-4830] Duplicate Interface found for 'xilinx.com:display_pcie4:pcie4_cfg_mgmt:1.0'. The one found in location '/home/uni/project/smartssd/add_two_numbers/_x/link/vivado/vpl/.local/hw_platform/iprepo/ipdefs/other_ipdefs/pcie4_uscale_plus_v1_3/interfaces/pcie4_cfg_mgmt.xml' will take precedence over the same Interface in location '/home/dess/workspace/Xilinx/Vivado/2022.2/data/ip/xilinx/pcie4_uscale_plus_v1_3/interfaces/pcie4_cfg_mgmt.xml'
WARNING: [IP_Flow 19-4830] Duplicate Interface found for 'xilinx.com:display_pcie4:pcie4_pl:1.0'. The one found in location '/home/uni/project/smartssd/add_two_numbers/_x/link/vivado/vpl/.local/hw_platform/iprepo/ipdefs/other_ipdefs/pcie4_uscale_plus_v1_3/interfaces/pcie4_pl.xml' will take precedence over the same Interface in location '/home/dess/workspace/Xilinx/Vivado/2022.2/data/ip/xilinx/pcie4_uscale_plus_v1_3/interfaces/pcie4_pl.xml'
WARNING: [IP_Flow 19-4830] Duplicate Interface found for 'xilinx.com:display_pcie4:pcie4_cfg_status:1.0'. The one found in location '/home/uni/project/smartssd/add_two_numbers/_x/link/vivado/vpl/.local/hw_platform/iprepo/ipdefs/other_ipdefs/pcie4_uscale_plus_v1_3/interfaces/pcie4_cfg_status.xml' will take precedence over the same Interface in location '/home/dess/workspace/Xilinx/Vivado/2022.2/data/ip/xilinx/pcie4_uscale_plus_v1_3/interfaces/pcie4_cfg_status.xml'
WARNING: [IP_Flow 19-4830] Duplicate Interface found for 'xilinx.com:display_pcie4:pcie4_pcie_id:1.0'. The one found in location '/home/uni/project/smartssd/add_two_numbers/_x/link/vivado/vpl/.local/hw_platform/iprepo/ipdefs/other_ipdefs/pcie4_uscale_plus_v1_3/interfaces/pcie4_pcie_id.xml' will take precedence over the same Interface in location '/home/dess/workspace/Xilinx/Vivado/2022.2/data/ip/xilinx/pcie4_uscale_plus_v1_3/interfaces/pcie4_pcie_id.xml'
WARNING: [IP_Flow 19-4830] Duplicate Interface found for 'xilinx.com:display_pcie4:pcie4_cfg_msix_external:1.0'. The one found in location '/home/uni/project/smartssd/add_two_numbers/_x/link/vivado/vpl/.local/hw_platform/iprepo/ipdefs/other_ipdefs/pcie4_uscale_plus_v1_3/interfaces/pcie4_cfg_msix.xml' will take precedence over the same Interface in location '/home/dess/workspace/Xilinx/Vivado/2022.2/data/ip/xilinx/pcie4_uscale_plus_v1_3/interfaces/pcie4_cfg_msix.xml'
WARNING: [IP_Flow 19-4830] Duplicate Interface found for 'xilinx.com:display_pcie4:pcie4_cfg_pm:1.0'. The one found in location '/home/uni/project/smartssd/add_two_numbers/_x/link/vivado/vpl/.local/hw_platform/iprepo/ipdefs/other_ipdefs/pcie4_uscale_plus_v1_3/interfaces/pcie4_cfg_pm.xml' will take precedence over the same Interface in location '/home/dess/workspace/Xilinx/Vivado/2022.2/data/ip/xilinx/pcie4_uscale_plus_v1_3/interfaces/pcie4_cfg_pm.xml'
WARNING: [IP_Flow 19-4830] Duplicate Interface found for 'xilinx.com:display_pcie4:pcie4_drp:1.0'. The one found in location '/home/uni/project/smartssd/add_two_numbers/_x/link/vivado/vpl/.local/hw_platform/iprepo/ipdefs/other_ipdefs/pcie4_uscale_plus_v1_3/interfaces/pcie4_drp.xml' will take precedence over the same Interface in location '/home/dess/workspace/Xilinx/Vivado/2022.2/data/ip/xilinx/pcie4_uscale_plus_v1_3/interfaces/pcie4_drp.xml'
INFO: [IP_Flow 19-6924] IPCACHE: Running cache check for IP inst: ulp_ii_level0_wire_0
Command: synth_design -top ulp_ii_level0_wire_0 -part xcku15p-ffva1156-2LV-e -incremental_mode off -mode out_of_context
Starting synth_design
Attempting to get a license for feature 'Synthesis' and/or device 'xcku15p'
INFO: [Common 17-349] Got license for feature 'Synthesis' and/or device 'xcku15p'
INFO: [Device 21-403] Loading part xcku15p-ffva1156-2LV-e
INFO: [Synth 8-7079] Multithreading enabled for synth_design using a maximum of 1 processes.
INFO: [Synth 8-7078] Launching helper process for spawning children vivado processes
INFO: [Synth 8-7075] Helper process launched with PID 1968480
INFO: [Synth 8-11241] undeclared symbol 'REGCCE', assumed default net type 'wire' [/home/dess/workspace/Xilinx/Vivado/2022.2/data/verilog/src/unimacro/BRAM_SINGLE_MACRO.v:2170]
---------------------------------------------------------------------------------
Starting RTL Elaboration : Time (s): cpu = 00:00:06 ; elapsed = 00:00:07 . Memory (MB): peak = 3319.250 ; gain = 279.797 ; free physical = 103126 ; free virtual = 228909
Synthesis current peak Physical Memory [PSS] (MB): peak = 2550.366; parent = 2414.270; children = 136.097
Synthesis current peak Virtual Memory [VSS] (MB): peak = 4329.109; parent = 3329.160; children = 999.949
---------------------------------------------------------------------------------
INFO: [Synth 8-6157] synthesizing module 'ulp_ii_level0_wire_0' [/home/uni/project/smartssd/add_two_numbers/_x/link/vivado/vpl/prj/prj.gen/my_rm/bd/ulp/ip/ulp_ii_level0_wire_0/synth/ulp_ii_level0_wire_0.v:53]
INFO: [Synth 8-6157] synthesizing module 'ii_level0_wire' [/home/uni/project/smartssd/add_two_numbers/_x/link/vivado/vpl/prj/prj.gen/my_rm/bd/ulp/ipshared/c19d/src/ii_level0_wire.v:12]
INFO: [Synth 8-6157] synthesizing module 'ii_level0_wire_pxi_ii_core_0' [/home/uni/project/smartssd/add_two_numbers/_x/link/vivado/vpl/prj/prj.gen/my_rm/bd/ulp/ip/ulp_ii_level0_wire_0/src/ii_level0_wire_pxi_ii_core_0/synth/ii_level0_wire_pxi_ii_core_0.v:53]
INFO: [Synth 8-6157] synthesizing module 'bd_5941' [/home/uni/project/smartssd/add_two_numbers/_x/link/vivado/vpl/prj/prj.gen/my_rm/bd/ulp/ip/ulp_ii_level0_wire_0/bd_0/synth/bd_5941.v:9]
INFO: [Synth 8-6157] synthesizing module 'bd_5941_ip_aclk_ctrl_00_0' [/home/uni/project/smartssd/add_two_numbers/_x/link/vivado/vpl/prj/prj.gen/my_rm/bd/ulp/ip/ulp_ii_level0_wire_0/bd_0/ip/ip_0/synth/bd_5941_ip_aclk_ctrl_00_0.v:53]
INFO: [Synth 8-6157] synthesizing module 'clk_metadata_adapter_v1_0_0' [/home/uni/project/smartssd/add_two_numbers/_x/link/vivado/vpl/prj/prj.gen/my_rm/bd/ulp/ipshared/d73f/hdl/clk_metadata_adapter_v1_0_vl_rfs.v:1]
INFO: [Synth 8-6155] done synthesizing module 'clk_metadata_adapter_v1_0_0' (0#1) [/home/uni/project/smartssd/add_two_numbers/_x/link/vivado/vpl/prj/prj.gen/my_rm/bd/ulp/ipshared/d73f/hdl/clk_metadata_adapter_v1_0_vl_rfs.v:1]
INFO: [Synth 8-6155] done synthesizing module 'bd_5941_ip_aclk_ctrl_00_0' (0#1) [/home/uni/project/smartssd/add_two_numbers/_x/link/vivado/vpl/prj/prj.gen/my_rm/bd/ulp/ip/ulp_ii_level0_wire_0/bd_0/ip/ip_0/synth/bd_5941_ip_aclk_ctrl_00_0.v:53]
INFO: [Synth 8-6157] synthesizing module 'bd_5941_ip_aclk_kernel2_ref_clk_00_0' [/home/uni/project/smartssd/add_two_numbers/_x/link/vivado/vpl/prj/prj.gen/my_rm/bd/ulp/ip/ulp_ii_level0_wire_0/bd_0/ip/ip_3/synth/bd_5941_ip_aclk_kernel2_ref_clk_00_0.v:53]
INFO: [Synth 8-6155] done synthesizing module 'bd_5941_ip_aclk_kernel2_ref_clk_00_0' (0#1) [/home/uni/project/smartssd/add_two_numbers/_x/link/vivado/vpl/prj/prj.gen/my_rm/bd/ulp/ip/ulp_ii_level0_wire_0/bd_0/ip/ip_3/synth/bd_5941_ip_aclk_kernel2_ref_clk_00_0.v:53]
INFO: [Synth 8-6157] synthesizing module 'bd_5941_ip_aclk_kernel_ref_clk_00_0' [/home/uni/project/smartssd/add_two_numbers/_x/link/vivado/vpl/prj/prj.gen/my_rm/bd/ulp/ip/ulp_ii_level0_wire_0/bd_0/ip/ip_2/synth/bd_5941_ip_aclk_kernel_ref_clk_00_0.v:53]
INFO: [Synth 8-6155] done synthesizing module 'bd_5941_ip_aclk_kernel_ref_clk_00_0' (0#1) [/home/uni/project/smartssd/add_two_numbers/_x/link/vivado/vpl/prj/prj.gen/my_rm/bd/ulp/ip/ulp_ii_level0_wire_0/bd_0/ip/ip_2/synth/bd_5941_ip_aclk_kernel_ref_clk_00_0.v:53]
INFO: [Synth 8-6157] synthesizing module 'bd_5941_ip_aclk_pcie_00_0' [/home/uni/project/smartssd/add_two_numbers/_x/link/vivado/vpl/prj/prj.gen/my_rm/bd/ulp/ip/ulp_ii_level0_wire_0/bd_0/ip/ip_1/synth/bd_5941_ip_aclk_pcie_00_0.v:53]
INFO: [Synth 8-6155] done synthesizing module 'bd_5941_ip_aclk_pcie_00_0' (0#1) [/home/uni/project/smartssd/add_two_numbers/_x/link/vivado/vpl/prj/prj.gen/my_rm/bd/ulp/ip/ulp_ii_level0_wire_0/bd_0/ip/ip_1/synth/bd_5941_ip_aclk_pcie_00_0.v:53]
INFO: [Synth 8-6157] synthesizing module 'bd_5941_ip_aresetn_ctrl_00_0' [/home/uni/project/smartssd/add_two_numbers/_x/link/vivado/vpl/prj/prj.gen/my_rm/bd/ulp/ip/ulp_ii_level0_wire_0/bd_0/ip/ip_4/synth/bd_5941_ip_aresetn_ctrl_00_0.v:53]
INFO: [Synth 8-6157] synthesizing module 'pipeline_reg_v1_0_0' [/home/uni/project/smartssd/add_two_numbers/_x/link/vivado/vpl/prj/prj.gen/my_rm/bd/ulp/ipshared/e13f/hdl/pipeline_reg_v1_0_vl_rfs.v:1]
INFO: [Synth 8-6155] done synthesizing module 'pipeline_reg_v1_0_0' (0#1) [/home/uni/project/smartssd/add_two_numbers/_x/link/vivado/vpl/prj/prj.gen/my_rm/bd/ulp/ipshared/e13f/hdl/pipeline_reg_v1_0_vl_rfs.v:1]
INFO: [Synth 8-6155] done synthesizing module 'bd_5941_ip_aresetn_ctrl_00_0' (0#1) [/home/uni/project/smartssd/add_two_numbers/_x/link/vivado/vpl/prj/prj.gen/my_rm/bd/ulp/ip/ulp_ii_level0_wire_0/bd_0/ip/ip_4/synth/bd_5941_ip_aresetn_ctrl_00_0.v:53]
INFO: [Synth 8-6157] synthesizing module 'bd_5941_ip_aresetn_kernel_ref_clk_00_0' [/home/uni/project/smartssd/add_two_numbers/_x/link/vivado/vpl/prj/prj.gen/my_rm/bd/ulp/ip/ulp_ii_level0_wire_0/bd_0/ip/ip_6/synth/bd_5941_ip_aresetn_kernel_ref_clk_00_0.v:53]
INFO: [Synth 8-6155] done synthesizing module 'bd_5941_ip_aresetn_kernel_ref_clk_00_0' (0#1) [/home/uni/project/smartssd/add_two_numbers/_x/link/vivado/vpl/prj/prj.gen/my_rm/bd/ulp/ip/ulp_ii_level0_wire_0/bd_0/ip/ip_6/synth/bd_5941_ip_aresetn_kernel_ref_clk_00_0.v:53]
INFO: [Synth 8-6157] synthesizing module 'bd_5941_ip_aresetn_pcie_00_0' [/home/uni/project/smartssd/add_two_numbers/_x/link/vivado/vpl/prj/prj.gen/my_rm/bd/ulp/ip/ulp_ii_level0_wire_0/bd_0/ip/ip_5/synth/bd_5941_ip_aresetn_pcie_00_0.v:53]
INFO: [Synth 8-6155] done synthesizing module 'bd_5941_ip_aresetn_pcie_00_0' (0#1) [/home/uni/project/smartssd/add_two_numbers/_x/link/vivado/vpl/prj/prj.gen/my_rm/bd/ulp/ip/ulp_ii_level0_wire_0/bd_0/ip/ip_5/synth/bd_5941_ip_aresetn_pcie_00_0.v:53]
INFO: [Synth 8-6157] synthesizing module 'bd_5941_ip_data_clkwiz_kernel_clk_out1_locked_00_0' [/home/uni/project/smartssd/add_two_numbers/_x/link/vivado/vpl/prj/prj.gen/my_rm/bd/ulp/ip/ulp_ii_level0_wire_0/bd_0/ip/ip_24/synth/bd_5941_ip_data_clkwiz_kernel_clk_out1_locked_00_0.v:53]
INFO: [Synth 8-6155] done synthesizing module 'bd_5941_ip_data_clkwiz_kernel_clk_out1_locked_00_0' (0#1) [/home/uni/project/smartssd/add_two_numbers/_x/link/vivado/vpl/prj/prj.gen/my_rm/bd/ulp/ip/ulp_ii_level0_wire_0/bd_0/ip/ip_24/synth/bd_5941_ip_data_clkwiz_kernel_clk_out1_locked_00_0.v:53]
INFO: [Synth 8-6157] synthesizing module 'bd_5941_ip_data_dna_from_ulp_00_0' [/home/uni/project/smartssd/add_two_numbers/_x/link/vivado/vpl/prj/prj.gen/my_rm/bd/ulp/ip/ulp_ii_level0_wire_0/bd_0/ip/ip_25/synth/bd_5941_ip_data_dna_from_ulp_00_0.v:53]
INFO: [Synth 8-6157] synthesizing module 'pipeline_reg_v1_0_0__parameterized0' [/home/uni/project/smartssd/add_two_numbers/_x/link/vivado/vpl/prj/prj.gen/my_rm/bd/ulp/ipshared/e13f/hdl/pipeline_reg_v1_0_vl_rfs.v:1]
INFO: [Synth 8-6155] done synthesizing module 'pipeline_reg_v1_0_0__parameterized0' (0#1) [/home/uni/project/smartssd/add_two_numbers/_x/link/vivado/vpl/prj/prj.gen/my_rm/bd/ulp/ipshared/e13f/hdl/pipeline_reg_v1_0_vl_rfs.v:1]
INFO: [Synth 8-6155] done synthesizing module 'bd_5941_ip_data_dna_from_ulp_00_0' (0#1) [/home/uni/project/smartssd/add_two_numbers/_x/link/vivado/vpl/prj/prj.gen/my_rm/bd/ulp/ip/ulp_ii_level0_wire_0/bd_0/ip/ip_25/synth/bd_5941_ip_data_dna_from_ulp_00_0.v:53]
INFO: [Synth 8-6157] synthesizing module 'bd_5941_ip_data_dout_dna_00_0' [/home/uni/project/smartssd/add_two_numbers/_x/link/vivado/vpl/prj/prj.gen/my_rm/bd/ulp/ip/ulp_ii_level0_wire_0/bd_0/ip/ip_26/synth/bd_5941_ip_data_dout_dna_00_0.v:53]
INFO: [Synth 8-6155] done synthesizing module 'bd_5941_ip_data_dout_dna_00_0' (0#1) [/home/uni/project/smartssd/add_two_numbers/_x/link/vivado/vpl/prj/prj.gen/my_rm/bd/ulp/ip/ulp_ii_level0_wire_0/bd_0/ip/ip_26/synth/bd_5941_ip_data_dout_dna_00_0.v:53]
INFO: [Synth 8-6157] synthesizing module 'bd_5941_ip_data_memory_calib_complete_00_0' [/home/uni/project/smartssd/add_two_numbers/_x/link/vivado/vpl/prj/prj.gen/my_rm/bd/ulp/ip/ulp_ii_level0_wire_0/bd_0/ip/ip_22/synth/bd_5941_ip_data_memory_calib_complete_00_0.v:53]
INFO: [Synth 8-6155] done synthesizing module 'bd_5941_ip_data_memory_calib_complete_00_0' (0#1) [/home/uni/project/smartssd/add_two_numbers/_x/link/vivado/vpl/prj/prj.gen/my_rm/bd/ulp/ip/ulp_ii_level0_wire_0/bd_0/ip/ip_22/synth/bd_5941_ip_data_memory_calib_complete_00_0.v:53]
INFO: [Synth 8-6157] synthesizing module 'bd_5941_ip_data_perstn_out_00_0' [/home/uni/project/smartssd/add_two_numbers/_x/link/vivado/vpl/prj/prj.gen/my_rm/bd/ulp/ip/ulp_ii_level0_wire_0/bd_0/ip/ip_23/synth/bd_5941_ip_data_perstn_out_00_0.v:53]
INFO: [Synth 8-6155] done synthesizing module 'bd_5941_ip_data_perstn_out_00_0' (0#1) [/home/uni/project/smartssd/add_two_numbers/_x/link/vivado/vpl/prj/prj.gen/my_rm/bd/ulp/ip/ulp_ii_level0_wire_0/bd_0/ip/ip_23/synth/bd_5941_ip_data_perstn_out_00_0.v:53]
INFO: [Synth 8-6157] synthesizing module 'bd_5941_ip_data_slice_pr_reset_to_ulp_00_0' [/home/uni/project/smartssd/add_two_numbers/_x/link/vivado/vpl/prj/prj.gen/my_rm/bd/ulp/ip/ulp_ii_level0_wire_0/bd_0/ip/ip_21/synth/bd_5941_ip_data_slice_pr_reset_to_ulp_00_0.v:53]
INFO: [Synth 8-6157] synthesizing module 'pipeline_reg_v1_0_0__parameterized1' [/home/uni/project/smartssd/add_two_numbers/_x/link/vivado/vpl/prj/prj.gen/my_rm/bd/ulp/ipshared/e13f/hdl/pipeline_reg_v1_0_vl_rfs.v:1]
INFO: [Synth 8-6155] done synthesizing module 'pipeline_reg_v1_0_0__parameterized1' (0#1) [/home/uni/project/smartssd/add_two_numbers/_x/link/vivado/vpl/prj/prj.gen/my_rm/bd/ulp/ipshared/e13f/hdl/pipeline_reg_v1_0_vl_rfs.v:1]
INFO: [Synth 8-6155] done synthesizing module 'bd_5941_ip_data_slice_pr_reset_to_ulp_00_0' (0#1) [/home/uni/project/smartssd/add_two_numbers/_x/link/vivado/vpl/prj/prj.gen/my_rm/bd/ulp/ip/ulp_ii_level0_wire_0/bd_0/ip/ip_21/synth/bd_5941_ip_data_slice_pr_reset_to_ulp_00_0.v:53]
INFO: [Synth 8-6157] synthesizing module 'bd_5941_ip_irq_cu_00_0' [/home/uni/project/smartssd/add_two_numbers/_x/link/vivado/vpl/prj/prj.gen/my_rm/bd/ulp/ip/ulp_ii_level0_wire_0/bd_0/ip/ip_27/synth/bd_5941_ip_irq_cu_00_0.v:53]
INFO: [Synth 8-6157] synthesizing module 'pipeline_reg_v1_0_0__parameterized2' [/home/uni/project/smartssd/add_two_numbers/_x/link/vivado/vpl/prj/prj.gen/my_rm/bd/ulp/ipshared/e13f/hdl/pipeline_reg_v1_0_vl_rfs.v:1]
INFO: [Synth 8-6155] done synthesizing module 'pipeline_reg_v1_0_0__parameterized2' (0#1) [/home/uni/project/smartssd/add_two_numbers/_x/link/vivado/vpl/prj/prj.gen/my_rm/bd/ulp/ipshared/e13f/hdl/pipeline_reg_v1_0_vl_rfs.v:1]
INFO: [Synth 8-6155] done synthesizing module 'bd_5941_ip_irq_cu_00_0' (0#1) [/home/uni/project/smartssd/add_two_numbers/_x/link/vivado/vpl/prj/prj.gen/my_rm/bd/ulp/ip/ulp_ii_level0_wire_0/bd_0/ip/ip_27/synth/bd_5941_ip_irq_cu_00_0.v:53]
INFO: [Synth 8-6157] synthesizing module 'bd_5941_m_ip_axi_ctrl_user_00_0' [/home/uni/project/smartssd/add_two_numbers/_x/link/vivado/vpl/prj/prj.gen/my_rm/bd/ulp/ip/ulp_ii_level0_wire_0/bd_0/ip/ip_8/synth/bd_5941_m_ip_axi_ctrl_user_00_0.v:53]
INFO: [Synth 8-6157] synthesizing module 'axi_register_slice_v2_1_27_axi_register_slice' [/home/uni/project/smartssd/add_two_numbers/_x/link/vivado/vpl/prj/prj.gen/my_rm/bd/ulp/ipshared/f0b4/hdl/axi_register_slice_v2_1_vl_rfs.v:3725]
INFO: [Synth 8-6157] synthesizing module 'axi_infrastructure_v1_1_0_axi2vector' [/home/uni/project/smartssd/add_two_numbers/_x/link/vivado/vpl/prj/prj.gen/my_rm/bd/ulp/ipshared/ec67/hdl/axi_infrastructure_v1_1_vl_rfs.v:59]
INFO: [Synth 8-6155] done synthesizing module 'axi_infrastructure_v1_1_0_axi2vector' (0#1) [/home/uni/project/smartssd/add_two_numbers/_x/link/vivado/vpl/prj/prj.gen/my_rm/bd/ulp/ipshared/ec67/hdl/axi_infrastructure_v1_1_vl_rfs.v:59]
INFO: [Synth 8-6157] synthesizing module 'axi_infrastructure_v1_1_0_vector2axi' [/home/uni/project/smartssd/add_two_numbers/_x/link/vivado/vpl/prj/prj.gen/my_rm/bd/ulp/ipshared/ec67/hdl/axi_infrastructure_v1_1_vl_rfs.v:473]
INFO: [Synth 8-6155] done synthesizing module 'axi_infrastructure_v1_1_0_vector2axi' (0#1) [/home/uni/project/smartssd/add_two_numbers/_x/link/vivado/vpl/prj/prj.gen/my_rm/bd/ulp/ipshared/ec67/hdl/axi_infrastructure_v1_1_vl_rfs.v:473]
INFO: [Synth 8-6157] synthesizing module 'axi_register_slice_v2_1_27_axic_register_slice' [/home/uni/project/smartssd/add_two_numbers/_x/link/vivado/vpl/prj/prj.gen/my_rm/bd/ulp/ipshared/f0b4/hdl/axi_register_slice_v2_1_vl_rfs.v:1497]
INFO: [Synth 8-6155] done synthesizing module 'axi_register_slice_v2_1_27_axic_register_slice' (0#1) [/home/uni/project/smartssd/add_two_numbers/_x/link/vivado/vpl/prj/prj.gen/my_rm/bd/ulp/ipshared/f0b4/hdl/axi_register_slice_v2_1_vl_rfs.v:1497]
INFO: [Synth 8-6157] synthesizing module 'axi_register_slice_v2_1_27_axic_register_slice__parameterized0' [/home/uni/project/smartssd/add_two_numbers/_x/link/vivado/vpl/prj/prj.gen/my_rm/bd/ulp/ipshared/f0b4/hdl/axi_register_slice_v2_1_vl_rfs.v:1497]
INFO: [Synth 8-6155] done synthesizing module 'axi_register_slice_v2_1_27_axic_register_slice__parameterized0' (0#1) [/home/uni/project/smartssd/add_two_numbers/_x/link/vivado/vpl/prj/prj.gen/my_rm/bd/ulp/ipshared/f0b4/hdl/axi_register_slice_v2_1_vl_rfs.v:1497]
INFO: [Synth 8-6157] synthesizing module 'axi_register_slice_v2_1_27_axic_register_slice__parameterized1' [/home/uni/project/smartssd/add_two_numbers/_x/link/vivado/vpl/prj/prj.gen/my_rm/bd/ulp/ipshared/f0b4/hdl/axi_register_slice_v2_1_vl_rfs.v:1497]
INFO: [Synth 8-6155] done synthesizing module 'axi_register_slice_v2_1_27_axic_register_slice__parameterized1' (0#1) [/home/uni/project/smartssd/add_two_numbers/_x/link/vivado/vpl/prj/prj.gen/my_rm/bd/ulp/ipshared/f0b4/hdl/axi_register_slice_v2_1_vl_rfs.v:1497]
INFO: [Synth 8-6157] synthesizing module 'axi_register_slice_v2_1_27_axic_register_slice__parameterized2' [/home/uni/project/smartssd/add_two_numbers/_x/link/vivado/vpl/prj/prj.gen/my_rm/bd/ulp/ipshared/f0b4/hdl/axi_register_slice_v2_1_vl_rfs.v:1497]
INFO: [Synth 8-6155] done synthesizing module 'axi_register_slice_v2_1_27_axic_register_slice__parameterized2' (0#1) [/home/uni/project/smartssd/add_two_numbers/_x/link/vivado/vpl/prj/prj.gen/my_rm/bd/ulp/ipshared/f0b4/hdl/axi_register_slice_v2_1_vl_rfs.v:1497]
INFO: [Synth 8-6155] done synthesizing module 'axi_register_slice_v2_1_27_axi_register_slice' (0#1) [/home/uni/project/smartssd/add_two_numbers/_x/link/vivado/vpl/prj/prj.gen/my_rm/bd/ulp/ipshared/f0b4/hdl/axi_register_slice_v2_1_vl_rfs.v:3725]
INFO: [Synth 8-6155] done synthesizing module 'bd_5941_m_ip_axi_ctrl_user_00_0' (0#1) [/home/uni/project/smartssd/add_two_numbers/_x/link/vivado/vpl/prj/prj.gen/my_rm/bd/ulp/ip/ulp_ii_level0_wire_0/bd_0/ip/ip_8/synth/bd_5941_m_ip_axi_ctrl_user_00_0.v:53]
INFO: [Synth 8-6157] synthesizing module 'bd_5941_m_ip_axi_ctrl_user_01_0' [/home/uni/project/smartssd/add_two_numbers/_x/link/vivado/vpl/prj/prj.gen/my_rm/bd/ulp/ip/ulp_ii_level0_wire_0/bd_0/ip/ip_10/synth/bd_5941_m_ip_axi_ctrl_user_01_0.v:53]
INFO: [Synth 8-6155] done synthesizing module 'bd_5941_m_ip_axi_ctrl_user_01_0' (0#1) [/home/uni/project/smartssd/add_two_numbers/_x/link/vivado/vpl/prj/prj.gen/my_rm/bd/ulp/ip/ulp_ii_level0_wire_0/bd_0/ip/ip_10/synth/bd_5941_m_ip_axi_ctrl_user_01_0.v:53]
INFO: [Synth 8-6157] synthesizing module 'bd_5941_m_ip_axi_ctrl_user_02_0' [/home/uni/project/smartssd/add_two_numbers/_x/link/vivado/vpl/prj/prj.gen/my_rm/bd/ulp/ip/ulp_ii_level0_wire_0/bd_0/ip/ip_12/synth/bd_5941_m_ip_axi_ctrl_user_02_0.v:53]
INFO: [Synth 8-6155] done synthesizing module 'bd_5941_m_ip_axi_ctrl_user_02_0' (0#1) [/home/uni/project/smartssd/add_two_numbers/_x/link/vivado/vpl/prj/prj.gen/my_rm/bd/ulp/ip/ulp_ii_level0_wire_0/bd_0/ip/ip_12/synth/bd_5941_m_ip_axi_ctrl_user_02_0.v:53]
INFO: [Synth 8-6157] synthesizing module 'bd_5941_m_ip_axi_data_h2c_00_0' [/home/uni/project/smartssd/add_two_numbers/_x/link/vivado/vpl/prj/prj.gen/my_rm/bd/ulp/ip/ulp_ii_level0_wire_0/bd_0/ip/ip_14/synth/bd_5941_m_ip_axi_data_h2c_00_0.v:53]
INFO: [Synth 8-6157] synthesizing module 'axi_register_slice_v2_1_27_axi_register_slice__parameterized0' [/home/uni/project/smartssd/add_two_numbers/_x/link/vivado/vpl/prj/prj.gen/my_rm/bd/ulp/ipshared/f0b4/hdl/axi_register_slice_v2_1_vl_rfs.v:3725]
INFO: [Synth 8-6157] synthesizing module 'axi_infrastructure_v1_1_0_axi2vector__parameterized0' [/home/uni/project/smartssd/add_two_numbers/_x/link/vivado/vpl/prj/prj.gen/my_rm/bd/ulp/ipshared/ec67/hdl/axi_infrastructure_v1_1_vl_rfs.v:59]
INFO: [Synth 8-6155] done synthesizing module 'axi_infrastructure_v1_1_0_axi2vector__parameterized0' (0#1) [/home/uni/project/smartssd/add_two_numbers/_x/link/vivado/vpl/prj/prj.gen/my_rm/bd/ulp/ipshared/ec67/hdl/axi_infrastructure_v1_1_vl_rfs.v:59]
INFO: [Synth 8-6157] synthesizing module 'axi_infrastructure_v1_1_0_vector2axi__parameterized0' [/home/uni/project/smartssd/add_two_numbers/_x/link/vivado/vpl/prj/prj.gen/my_rm/bd/ulp/ipshared/ec67/hdl/axi_infrastructure_v1_1_vl_rfs.v:473]
INFO: [Synth 8-6155] done synthesizing module 'axi_infrastructure_v1_1_0_vector2axi__parameterized0' (0#1) [/home/uni/project/smartssd/add_two_numbers/_x/link/vivado/vpl/prj/prj.gen/my_rm/bd/ulp/ipshared/ec67/hdl/axi_infrastructure_v1_1_vl_rfs.v:473]
INFO: [Synth 8-6157] synthesizing module 'axi_register_slice_v2_1_27_axic_register_slice__parameterized3' [/home/uni/project/smartssd/add_two_numbers/_x/link/vivado/vpl/prj/prj.gen/my_rm/bd/ulp/ipshared/f0b4/hdl/axi_register_slice_v2_1_vl_rfs.v:1497]
INFO: [Synth 8-6155] done synthesizing module 'axi_register_slice_v2_1_27_axic_register_slice__parameterized3' (0#1) [/home/uni/project/smartssd/add_two_numbers/_x/link/vivado/vpl/prj/prj.gen/my_rm/bd/ulp/ipshared/f0b4/hdl/axi_register_slice_v2_1_vl_rfs.v:1497]
INFO: [Synth 8-6157] synthesizing module 'axi_register_slice_v2_1_27_axic_register_slice__parameterized4' [/home/uni/project/smartssd/add_two_numbers/_x/link/vivado/vpl/prj/prj.gen/my_rm/bd/ulp/ipshared/f0b4/hdl/axi_register_slice_v2_1_vl_rfs.v:1497]
INFO: [Synth 8-6155] done synthesizing module 'axi_register_slice_v2_1_27_axic_register_slice__parameterized4' (0#1) [/home/uni/project/smartssd/add_two_numbers/_x/link/vivado/vpl/prj/prj.gen/my_rm/bd/ulp/ipshared/f0b4/hdl/axi_register_slice_v2_1_vl_rfs.v:1497]
INFO: [Synth 8-6157] synthesizing module 'axi_register_slice_v2_1_27_axic_register_slice__parameterized5' [/home/uni/project/smartssd/add_two_numbers/_x/link/vivado/vpl/prj/prj.gen/my_rm/bd/ulp/ipshared/f0b4/hdl/axi_register_slice_v2_1_vl_rfs.v:1497]
INFO: [Synth 8-6155] done synthesizing module 'axi_register_slice_v2_1_27_axic_register_slice__parameterized5' (0#1) [/home/uni/project/smartssd/add_two_numbers/_x/link/vivado/vpl/prj/prj.gen/my_rm/bd/ulp/ipshared/f0b4/hdl/axi_register_slice_v2_1_vl_rfs.v:1497]
INFO: [Synth 8-6157] synthesizing module 'axi_register_slice_v2_1_27_axic_register_slice__parameterized6' [/home/uni/project/smartssd/add_two_numbers/_x/link/vivado/vpl/prj/prj.gen/my_rm/bd/ulp/ipshared/f0b4/hdl/axi_register_slice_v2_1_vl_rfs.v:1497]
INFO: [Synth 8-6155] done synthesizing module 'axi_register_slice_v2_1_27_axic_register_slice__parameterized6' (0#1) [/home/uni/project/smartssd/add_two_numbers/_x/link/vivado/vpl/prj/prj.gen/my_rm/bd/ulp/ipshared/f0b4/hdl/axi_register_slice_v2_1_vl_rfs.v:1497]
INFO: [Synth 8-6155] done synthesizing module 'axi_register_slice_v2_1_27_axi_register_slice__parameterized0' (0#1) [/home/uni/project/smartssd/add_two_numbers/_x/link/vivado/vpl/prj/prj.gen/my_rm/bd/ulp/ipshared/f0b4/hdl/axi_register_slice_v2_1_vl_rfs.v:3725]
INFO: [Synth 8-6155] done synthesizing module 'bd_5941_m_ip_axi_data_h2c_00_0' (0#1) [/home/uni/project/smartssd/add_two_numbers/_x/link/vivado/vpl/prj/prj.gen/my_rm/bd/ulp/ip/ulp_ii_level0_wire_0/bd_0/ip/ip_14/synth/bd_5941_m_ip_axi_data_h2c_00_0.v:53]
INFO: [Synth 8-6157] synthesizing module 'bd_5941_m_ip_axi_data_h2c_01_0' [/home/uni/project/smartssd/add_two_numbers/_x/link/vivado/vpl/prj/prj.gen/my_rm/bd/ulp/ip/ulp_ii_level0_wire_0/bd_0/ip/ip_16/synth/bd_5941_m_ip_axi_data_h2c_01_0.v:53]
INFO: [Synth 8-6157] synthesizing module 'axi_register_slice_v2_1_27_axi_register_slice__parameterized1' [/home/uni/project/smartssd/add_two_numbers/_x/link/vivado/vpl/prj/prj.gen/my_rm/bd/ulp/ipshared/f0b4/hdl/axi_register_slice_v2_1_vl_rfs.v:3725]
INFO: [Synth 8-6157] synthesizing module 'axi_infrastructure_v1_1_0_axi2vector__parameterized1' [/home/uni/project/smartssd/add_two_numbers/_x/link/vivado/vpl/prj/prj.gen/my_rm/bd/ulp/ipshared/ec67/hdl/axi_infrastructure_v1_1_vl_rfs.v:59]
INFO: [Synth 8-6155] done synthesizing module 'axi_infrastructure_v1_1_0_axi2vector__parameterized1' (0#1) [/home/uni/project/smartssd/add_two_numbers/_x/link/vivado/vpl/prj/prj.gen/my_rm/bd/ulp/ipshared/ec67/hdl/axi_infrastructure_v1_1_vl_rfs.v:59]
INFO: [Synth 8-6157] synthesizing module 'axi_infrastructure_v1_1_0_vector2axi__parameterized1' [/home/uni/project/smartssd/add_two_numbers/_x/link/vivado/vpl/prj/prj.gen/my_rm/bd/ulp/ipshared/ec67/hdl/axi_infrastructure_v1_1_vl_rfs.v:473]
INFO: [Synth 8-6155] done synthesizing module 'axi_infrastructure_v1_1_0_vector2axi__parameterized1' (0#1) [/home/uni/project/smartssd/add_two_numbers/_x/link/vivado/vpl/prj/prj.gen/my_rm/bd/ulp/ipshared/ec67/hdl/axi_infrastructure_v1_1_vl_rfs.v:473]
INFO: [Synth 8-6157] synthesizing module 'axi_register_slice_v2_1_27_axic_register_slice__parameterized7' [/home/uni/project/smartssd/add_two_numbers/_x/link/vivado/vpl/prj/prj.gen/my_rm/bd/ulp/ipshared/f0b4/hdl/axi_register_slice_v2_1_vl_rfs.v:1497]
INFO: [Synth 8-6155] done synthesizing module 'axi_register_slice_v2_1_27_axic_register_slice__parameterized7' (0#1) [/home/uni/project/smartssd/add_two_numbers/_x/link/vivado/vpl/prj/prj.gen/my_rm/bd/ulp/ipshared/f0b4/hdl/axi_register_slice_v2_1_vl_rfs.v:1497]
INFO: [Synth 8-6157] synthesizing module 'axi_register_slice_v2_1_27_axic_register_slice__parameterized8' [/home/uni/project/smartssd/add_two_numbers/_x/link/vivado/vpl/prj/prj.gen/my_rm/bd/ulp/ipshared/f0b4/hdl/axi_register_slice_v2_1_vl_rfs.v:1497]
INFO: [Synth 8-6155] done synthesizing module 'axi_register_slice_v2_1_27_axic_register_slice__parameterized8' (0#1) [/home/uni/project/smartssd/add_two_numbers/_x/link/vivado/vpl/prj/prj.gen/my_rm/bd/ulp/ipshared/f0b4/hdl/axi_register_slice_v2_1_vl_rfs.v:1497]
INFO: [Synth 8-6157] synthesizing module 'axi_register_slice_v2_1_27_axic_register_slice__parameterized9' [/home/uni/project/smartssd/add_two_numbers/_x/link/vivado/vpl/prj/prj.gen/my_rm/bd/ulp/ipshared/f0b4/hdl/axi_register_slice_v2_1_vl_rfs.v:1497]
INFO: [Synth 8-6155] done synthesizing module 'axi_register_slice_v2_1_27_axic_register_slice__parameterized9' (0#1) [/home/uni/project/smartssd/add_two_numbers/_x/link/vivado/vpl/prj/prj.gen/my_rm/bd/ulp/ipshared/f0b4/hdl/axi_register_slice_v2_1_vl_rfs.v:1497]
INFO: [Synth 8-6157] synthesizing module 'axi_register_slice_v2_1_27_axic_register_slice__parameterized10' [/home/uni/project/smartssd/add_two_numbers/_x/link/vivado/vpl/prj/prj.gen/my_rm/bd/ulp/ipshared/f0b4/hdl/axi_register_slice_v2_1_vl_rfs.v:1497]
INFO: [Synth 8-6155] done synthesizing module 'axi_register_slice_v2_1_27_axic_register_slice__parameterized10' (0#1) [/home/uni/project/smartssd/add_two_numbers/_x/link/vivado/vpl/prj/prj.gen/my_rm/bd/ulp/ipshared/f0b4/hdl/axi_register_slice_v2_1_vl_rfs.v:1497]
INFO: [Synth 8-6155] done synthesizing module 'axi_register_slice_v2_1_27_axi_register_slice__parameterized1' (0#1) [/home/uni/project/smartssd/add_two_numbers/_x/link/vivado/vpl/prj/prj.gen/my_rm/bd/ulp/ipshared/f0b4/hdl/axi_register_slice_v2_1_vl_rfs.v:3725]
INFO: [Synth 8-6155] done synthesizing module 'bd_5941_m_ip_axi_data_h2c_01_0' (0#1) [/home/uni/project/smartssd/add_two_numbers/_x/link/vivado/vpl/prj/prj.gen/my_rm/bd/ulp/ip/ulp_ii_level0_wire_0/bd_0/ip/ip_16/synth/bd_5941_m_ip_axi_data_h2c_01_0.v:53]
INFO: [Synth 8-6157] synthesizing module 'bd_5941_m_ip_axi_data_h2c_02_0' [/home/uni/project/smartssd/add_two_numbers/_x/link/vivado/vpl/prj/prj.gen/my_rm/bd/ulp/ip/ulp_ii_level0_wire_0/bd_0/ip/ip_18/synth/bd_5941_m_ip_axi_data_h2c_02_0.v:53]
INFO: [Synth 8-6157] synthesizing module 'axi_register_slice_v2_1_27_axi_register_slice__parameterized2' [/home/uni/project/smartssd/add_two_numbers/_x/link/vivado/vpl/prj/prj.gen/my_rm/bd/ulp/ipshared/f0b4/hdl/axi_register_slice_v2_1_vl_rfs.v:3725]
INFO: [Synth 8-6157] synthesizing module 'axi_infrastructure_v1_1_0_axi2vector__parameterized2' [/home/uni/project/smartssd/add_two_numbers/_x/link/vivado/vpl/prj/prj.gen/my_rm/bd/ulp/ipshared/ec67/hdl/axi_infrastructure_v1_1_vl_rfs.v:59]
INFO: [Synth 8-6155] done synthesizing module 'axi_infrastructure_v1_1_0_axi2vector__parameterized2' (0#1) [/home/uni/project/smartssd/add_two_numbers/_x/link/vivado/vpl/prj/prj.gen/my_rm/bd/ulp/ipshared/ec67/hdl/axi_infrastructure_v1_1_vl_rfs.v:59]
INFO: [Synth 8-6157] synthesizing module 'axi_infrastructure_v1_1_0_vector2axi__parameterized2' [/home/uni/project/smartssd/add_two_numbers/_x/link/vivado/vpl/prj/prj.gen/my_rm/bd/ulp/ipshared/ec67/hdl/axi_infrastructure_v1_1_vl_rfs.v:473]
INFO: [Synth 8-6155] done synthesizing module 'axi_infrastructure_v1_1_0_vector2axi__parameterized2' (0#1) [/home/uni/project/smartssd/add_two_numbers/_x/link/vivado/vpl/prj/prj.gen/my_rm/bd/ulp/ipshared/ec67/hdl/axi_infrastructure_v1_1_vl_rfs.v:473]
INFO: [Synth 8-6157] synthesizing module 'axi_register_slice_v2_1_27_axic_register_slice__parameterized11' [/home/uni/project/smartssd/add_two_numbers/_x/link/vivado/vpl/prj/prj.gen/my_rm/bd/ulp/ipshared/f0b4/hdl/axi_register_slice_v2_1_vl_rfs.v:1497]
INFO: [Synth 8-6155] done synthesizing module 'axi_register_slice_v2_1_27_axic_register_slice__parameterized11' (0#1) [/home/uni/project/smartssd/add_two_numbers/_x/link/vivado/vpl/prj/prj.gen/my_rm/bd/ulp/ipshared/f0b4/hdl/axi_register_slice_v2_1_vl_rfs.v:1497]
INFO: [Synth 8-6157] synthesizing module 'axi_register_slice_v2_1_27_axic_register_slice__parameterized12' [/home/uni/project/smartssd/add_two_numbers/_x/link/vivado/vpl/prj/prj.gen/my_rm/bd/ulp/ipshared/f0b4/hdl/axi_register_slice_v2_1_vl_rfs.v:1497]
INFO: [Synth 8-6155] done synthesizing module 'axi_register_slice_v2_1_27_axic_register_slice__parameterized12' (0#1) [/home/uni/project/smartssd/add_two_numbers/_x/link/vivado/vpl/prj/prj.gen/my_rm/bd/ulp/ipshared/f0b4/hdl/axi_register_slice_v2_1_vl_rfs.v:1497]
INFO: [Synth 8-6157] synthesizing module 'axi_register_slice_v2_1_27_axic_register_slice__parameterized13' [/home/uni/project/smartssd/add_two_numbers/_x/link/vivado/vpl/prj/prj.gen/my_rm/bd/ulp/ipshared/f0b4/hdl/axi_register_slice_v2_1_vl_rfs.v:1497]
INFO: [Synth 8-6155] done synthesizing module 'axi_register_slice_v2_1_27_axic_register_slice__parameterized13' (0#1) [/home/uni/project/smartssd/add_two_numbers/_x/link/vivado/vpl/prj/prj.gen/my_rm/bd/ulp/ipshared/f0b4/hdl/axi_register_slice_v2_1_vl_rfs.v:1497]
INFO: [Synth 8-6155] done synthesizing module 'axi_register_slice_v2_1_27_axi_register_slice__parameterized2' (0#1) [/home/uni/project/smartssd/add_two_numbers/_x/link/vivado/vpl/prj/prj.gen/my_rm/bd/ulp/ipshared/f0b4/hdl/axi_register_slice_v2_1_vl_rfs.v:3725]
INFO: [Synth 8-6155] done synthesizing module 'bd_5941_m_ip_axi_data_h2c_02_0' (0#1) [/home/uni/project/smartssd/add_two_numbers/_x/link/vivado/vpl/prj/prj.gen/my_rm/bd/ulp/ip/ulp_ii_level0_wire_0/bd_0/ip/ip_18/synth/bd_5941_m_ip_axi_data_h2c_02_0.v:53]
INFO: [Synth 8-6157] synthesizing module 'bd_5941_m_ip_axi_data_h2c_03_0' [/home/uni/project/smartssd/add_two_numbers/_x/link/vivado/vpl/prj/prj.gen/my_rm/bd/ulp/ip/ulp_ii_level0_wire_0/bd_0/ip/ip_20/synth/bd_5941_m_ip_axi_data_h2c_03_0.v:53]
INFO: [Synth 8-6157] synthesizing module 'axi_register_slice_v2_1_27_axi_register_slice__parameterized3' [/home/uni/project/smartssd/add_two_numbers/_x/link/vivado/vpl/prj/prj.gen/my_rm/bd/ulp/ipshared/f0b4/hdl/axi_register_slice_v2_1_vl_rfs.v:3725]
INFO: [Synth 8-6157] synthesizing module 'axi_infrastructure_v1_1_0_axi2vector__parameterized3' [/home/uni/project/smartssd/add_two_numbers/_x/link/vivado/vpl/prj/prj.gen/my_rm/bd/ulp/ipshared/ec67/hdl/axi_infrastructure_v1_1_vl_rfs.v:59]
INFO: [Synth 8-6155] done synthesizing module 'axi_infrastructure_v1_1_0_axi2vector__parameterized3' (0#1) [/home/uni/project/smartssd/add_two_numbers/_x/link/vivado/vpl/prj/prj.gen/my_rm/bd/ulp/ipshared/ec67/hdl/axi_infrastructure_v1_1_vl_rfs.v:59]
INFO: [Synth 8-6157] synthesizing module 'axi_infrastructure_v1_1_0_vector2axi__parameterized3' [/home/uni/project/smartssd/add_two_numbers/_x/link/vivado/vpl/prj/prj.gen/my_rm/bd/ulp/ipshared/ec67/hdl/axi_infrastructure_v1_1_vl_rfs.v:473]
INFO: [Synth 8-6155] done synthesizing module 'axi_infrastructure_v1_1_0_vector2axi__parameterized3' (0#1) [/home/uni/project/smartssd/add_two_numbers/_x/link/vivado/vpl/prj/prj.gen/my_rm/bd/ulp/ipshared/ec67/hdl/axi_infrastructure_v1_1_vl_rfs.v:473]
INFO: [Synth 8-6157] synthesizing module 'axi_register_slice_v2_1_27_axic_register_slice__parameterized14' [/home/uni/project/smartssd/add_two_numbers/_x/link/vivado/vpl/prj/prj.gen/my_rm/bd/ulp/ipshared/f0b4/hdl/axi_register_slice_v2_1_vl_rfs.v:1497]
INFO: [Synth 8-6155] done synthesizing module 'axi_register_slice_v2_1_27_axic_register_slice__parameterized14' (0#1) [/home/uni/project/smartssd/add_two_numbers/_x/link/vivado/vpl/prj/prj.gen/my_rm/bd/ulp/ipshared/f0b4/hdl/axi_register_slice_v2_1_vl_rfs.v:1497]
INFO: [Synth 8-6157] synthesizing module 'axi_register_slice_v2_1_27_axic_register_slice__parameterized15' [/home/uni/project/smartssd/add_two_numbers/_x/link/vivado/vpl/prj/prj.gen/my_rm/bd/ulp/ipshared/f0b4/hdl/axi_register_slice_v2_1_vl_rfs.v:1497]
INFO: [Synth 8-6155] done synthesizing module 'axi_register_slice_v2_1_27_axic_register_slice__parameterized15' (0#1) [/home/uni/project/smartssd/add_two_numbers/_x/link/vivado/vpl/prj/prj.gen/my_rm/bd/ulp/ipshared/f0b4/hdl/axi_register_slice_v2_1_vl_rfs.v:1497]
INFO: [Synth 8-6155] done synthesizing module 'axi_register_slice_v2_1_27_axi_register_slice__parameterized3' (0#1) [/home/uni/project/smartssd/add_two_numbers/_x/link/vivado/vpl/prj/prj.gen/my_rm/bd/ulp/ipshared/f0b4/hdl/axi_register_slice_v2_1_vl_rfs.v:3725]
INFO: [Synth 8-6155] done synthesizing module 'bd_5941_m_ip_axi_data_h2c_03_0' (0#1) [/home/uni/project/smartssd/add_two_numbers/_x/link/vivado/vpl/prj/prj.gen/my_rm/bd/ulp/ip/ulp_ii_level0_wire_0/bd_0/ip/ip_20/synth/bd_5941_m_ip_axi_data_h2c_03_0.v:53]
INFO: [Synth 8-6157] synthesizing module 'bd_5941_s_ip_axi_ctrl_user_00_0' [/home/uni/project/smartssd/add_two_numbers/_x/link/vivado/vpl/prj/prj.gen/my_rm/bd/ulp/ip/ulp_ii_level0_wire_0/bd_0/ip/ip_7/synth/bd_5941_s_ip_axi_ctrl_user_00_0.v:53]
INFO: [Synth 8-6155] done synthesizing module 'bd_5941_s_ip_axi_ctrl_user_00_0' (0#1) [/home/uni/project/smartssd/add_two_numbers/_x/link/vivado/vpl/prj/prj.gen/my_rm/bd/ulp/ip/ulp_ii_level0_wire_0/bd_0/ip/ip_7/synth/bd_5941_s_ip_axi_ctrl_user_00_0.v:53]
INFO: [Synth 8-6157] synthesizing module 'bd_5941_s_ip_axi_ctrl_user_01_0' [/home/uni/project/smartssd/add_two_numbers/_x/link/vivado/vpl/prj/prj.gen/my_rm/bd/ulp/ip/ulp_ii_level0_wire_0/bd_0/ip/ip_9/synth/bd_5941_s_ip_axi_ctrl_user_01_0.v:53]
INFO: [Synth 8-6155] done synthesizing module 'bd_5941_s_ip_axi_ctrl_user_01_0' (0#1) [/home/uni/project/smartssd/add_two_numbers/_x/link/vivado/vpl/prj/prj.gen/my_rm/bd/ulp/ip/ulp_ii_level0_wire_0/bd_0/ip/ip_9/synth/bd_5941_s_ip_axi_ctrl_user_01_0.v:53]
INFO: [Synth 8-6157] synthesizing module 'bd_5941_s_ip_axi_ctrl_user_02_0' [/home/uni/project/smartssd/add_two_numbers/_x/link/vivado/vpl/prj/prj.gen/my_rm/bd/ulp/ip/ulp_ii_level0_wire_0/bd_0/ip/ip_11/synth/bd_5941_s_ip_axi_ctrl_user_02_0.v:53]
INFO: [Synth 8-6155] done synthesizing module 'bd_5941_s_ip_axi_ctrl_user_02_0' (0#1) [/home/uni/project/smartssd/add_two_numbers/_x/link/vivado/vpl/prj/prj.gen/my_rm/bd/ulp/ip/ulp_ii_level0_wire_0/bd_0/ip/ip_11/synth/bd_5941_s_ip_axi_ctrl_user_02_0.v:53]
INFO: [Synth 8-6157] synthesizing module 'bd_5941_s_ip_axi_data_h2c_00_0' [/home/uni/project/smartssd/add_two_numbers/_x/link/vivado/vpl/prj/prj.gen/my_rm/bd/ulp/ip/ulp_ii_level0_wire_0/bd_0/ip/ip_13/synth/bd_5941_s_ip_axi_data_h2c_00_0.v:53]
INFO: [Synth 8-6155] done synthesizing module 'bd_5941_s_ip_axi_data_h2c_00_0' (0#1) [/home/uni/project/smartssd/add_two_numbers/_x/link/vivado/vpl/prj/prj.gen/my_rm/bd/ulp/ip/ulp_ii_level0_wire_0/bd_0/ip/ip_13/synth/bd_5941_s_ip_axi_data_h2c_00_0.v:53]
INFO: [Synth 8-6157] synthesizing module 'bd_5941_s_ip_axi_data_h2c_01_0' [/home/uni/project/smartssd/add_two_numbers/_x/link/vivado/vpl/prj/prj.gen/my_rm/bd/ulp/ip/ulp_ii_level0_wire_0/bd_0/ip/ip_15/synth/bd_5941_s_ip_axi_data_h2c_01_0.v:53]
INFO: [Synth 8-6155] done synthesizing module 'bd_5941_s_ip_axi_data_h2c_01_0' (0#1) [/home/uni/project/smartssd/add_two_numbers/_x/link/vivado/vpl/prj/prj.gen/my_rm/bd/ulp/ip/ulp_ii_level0_wire_0/bd_0/ip/ip_15/synth/bd_5941_s_ip_axi_data_h2c_01_0.v:53]
INFO: [Synth 8-6157] synthesizing module 'bd_5941_s_ip_axi_data_h2c_02_0' [/home/uni/project/smartssd/add_two_numbers/_x/link/vivado/vpl/prj/prj.gen/my_rm/bd/ulp/ip/ulp_ii_level0_wire_0/bd_0/ip/ip_17/synth/bd_5941_s_ip_axi_data_h2c_02_0.v:53]
INFO: [Synth 8-6155] done synthesizing module 'bd_5941_s_ip_axi_data_h2c_02_0' (0#1) [/home/uni/project/smartssd/add_two_numbers/_x/link/vivado/vpl/prj/prj.gen/my_rm/bd/ulp/ip/ulp_ii_level0_wire_0/bd_0/ip/ip_17/synth/bd_5941_s_ip_axi_data_h2c_02_0.v:53]
INFO: [Synth 8-6157] synthesizing module 'bd_5941_s_ip_axi_data_h2c_03_0' [/home/uni/project/smartssd/add_two_numbers/_x/link/vivado/vpl/prj/prj.gen/my_rm/bd/ulp/ip/ulp_ii_level0_wire_0/bd_0/ip/ip_19/synth/bd_5941_s_ip_axi_data_h2c_03_0.v:53]
INFO: [Synth 8-6155] done synthesizing module 'bd_5941_s_ip_axi_data_h2c_03_0' (0#1) [/home/uni/project/smartssd/add_two_numbers/_x/link/vivado/vpl/prj/prj.gen/my_rm/bd/ulp/ip/ulp_ii_level0_wire_0/bd_0/ip/ip_19/synth/bd_5941_s_ip_axi_data_h2c_03_0.v:53]
INFO: [Synth 8-6155] done synthesizing module 'bd_5941' (0#1) [/home/uni/project/smartssd/add_two_numbers/_x/link/vivado/vpl/prj/prj.gen/my_rm/bd/ulp/ip/ulp_ii_level0_wire_0/bd_0/synth/bd_5941.v:9]
INFO: [Synth 8-6155] done synthesizing module 'ii_level0_wire_pxi_ii_core_0' (0#1) [/home/uni/project/smartssd/add_two_numbers/_x/link/vivado/vpl/prj/prj.gen/my_rm/bd/ulp/ip/ulp_ii_level0_wire_0/src/ii_level0_wire_pxi_ii_core_0/synth/ii_level0_wire_pxi_ii_core_0.v:53]
INFO: [Synth 8-6155] done synthesizing module 'ii_level0_wire' (0#1) [/home/uni/project/smartssd/add_two_numbers/_x/link/vivado/vpl/prj/prj.gen/my_rm/bd/ulp/ipshared/c19d/src/ii_level0_wire.v:12]
INFO: [Synth 8-6155] done synthesizing module 'ulp_ii_level0_wire_0' (0#1) [/home/uni/project/smartssd/add_two_numbers/_x/link/vivado/vpl/prj/prj.gen/my_rm/bd/ulp/ip/ulp_ii_level0_wire_0/synth/ulp_ii_level0_wire_0.v:53]
WARNING: [Synth 8-7129] Port ACLK in module axi_register_slice_v2_1_27_axic_register_slice__parameterized15 is either unconnected or has no load
WARNING: [Synth 8-7129] Port ARESET in module axi_register_slice_v2_1_27_axic_register_slice__parameterized15 is either unconnected or has no load
WARNING: [Synth 8-7129] Port ACLK in module axi_register_slice_v2_1_27_axic_register_slice__parameterized3 is either unconnected or has no load
WARNING: [Synth 8-7129] Port ARESET in module axi_register_slice_v2_1_27_axic_register_slice__parameterized3 is either unconnected or has no load
WARNING: [Synth 8-7129] Port ACLK in module axi_register_slice_v2_1_27_axic_register_slice__parameterized5 is either unconnected or has no load
WARNING: [Synth 8-7129] Port ARESET in module axi_register_slice_v2_1_27_axic_register_slice__parameterized5 is either unconnected or has no load
WARNING: [Synth 8-7129] Port ACLK in module axi_register_slice_v2_1_27_axic_register_slice__parameterized14 is either unconnected or has no load
WARNING: [Synth 8-7129] Port ARESET in module axi_register_slice_v2_1_27_axic_register_slice__parameterized14 is either unconnected or has no load
WARNING: [Synth 8-7129] Port m_axi_buser[0] in module axi_infrastructure_v1_1_0_vector2axi__parameterized3 is either unconnected or has no load
WARNING: [Synth 8-7129] Port m_axi_ruser[0] in module axi_infrastructure_v1_1_0_vector2axi__parameterized3 is either unconnected or has no load
WARNING: [Synth 8-7129] Port s_axi_awuser[0] in module axi_infrastructure_v1_1_0_axi2vector__parameterized3 is either unconnected or has no load
WARNING: [Synth 8-7129] Port s_axi_wid[3] in module axi_infrastructure_v1_1_0_axi2vector__parameterized3 is either unconnected or has no load
WARNING: [Synth 8-7129] Port s_axi_wid[2] in module axi_infrastructure_v1_1_0_axi2vector__parameterized3 is either unconnected or has no load
WARNING: [Synth 8-7129] Port s_axi_wid[1] in module axi_infrastructure_v1_1_0_axi2vector__parameterized3 is either unconnected or has no load
WARNING: [Synth 8-7129] Port s_axi_wid[0] in module axi_infrastructure_v1_1_0_axi2vector__parameterized3 is either unconnected or has no load
WARNING: [Synth 8-7129] Port s_axi_wuser[0] in module axi_infrastructure_v1_1_0_axi2vector__parameterized3 is either unconnected or has no load
WARNING: [Synth 8-7129] Port s_axi_aruser[0] in module axi_infrastructure_v1_1_0_axi2vector__parameterized3 is either unconnected or has no load
WARNING: [Synth 8-7129] Port aclk2x in module axi_register_slice_v2_1_27_axi_register_slice__parameterized3 is either unconnected or has no load
WARNING: [Synth 8-7129] Port ACLK in module axi_register_slice_v2_1_27_axic_register_slice__parameterized0 is either unconnected or has no load
WARNING: [Synth 8-7129] Port ARESET in module axi_register_slice_v2_1_27_axic_register_slice__parameterized0 is either unconnected or has no load
WARNING: [Synth 8-7129] Port ACLK in module axi_register_slice_v2_1_27_axic_register_slice__parameterized11 is either unconnected or has no load
WARNING: [Synth 8-7129] Port ARESET in module axi_register_slice_v2_1_27_axic_register_slice__parameterized11 is either unconnected or has no load
WARNING: [Synth 8-7129] Port ACLK in module axi_register_slice_v2_1_27_axic_register_slice__parameterized13 is either unconnected or has no load
WARNING: [Synth 8-7129] Port ARESET in module axi_register_slice_v2_1_27_axic_register_slice__parameterized13 is either unconnected or has no load
WARNING: [Synth 8-7129] Port ACLK in module axi_register_slice_v2_1_27_axic_register_slice__parameterized12 is either unconnected or has no load
WARNING: [Synth 8-7129] Port ARESET in module axi_register_slice_v2_1_27_axic_register_slice__parameterized12 is either unconnected or has no load
WARNING: [Synth 8-7129] Port m_axi_buser[0] in module axi_infrastructure_v1_1_0_vector2axi__parameterized2 is either unconnected or has no load
WARNING: [Synth 8-7129] Port m_axi_ruser[0] in module axi_infrastructure_v1_1_0_vector2axi__parameterized2 is either unconnected or has no load
WARNING: [Synth 8-7129] Port s_axi_awuser[0] in module axi_infrastructure_v1_1_0_axi2vector__parameterized2 is either unconnected or has no load
WARNING: [Synth 8-7129] Port s_axi_wid[0] in module axi_infrastructure_v1_1_0_axi2vector__parameterized2 is either unconnected or has no load
WARNING: [Synth 8-7129] Port s_axi_wuser[0] in module axi_infrastructure_v1_1_0_axi2vector__parameterized2 is either unconnected or has no load
WARNING: [Synth 8-7129] Port s_axi_aruser[0] in module axi_infrastructure_v1_1_0_axi2vector__parameterized2 is either unconnected or has no load
WARNING: [Synth 8-7129] Port aclk2x in module axi_register_slice_v2_1_27_axi_register_slice__parameterized2 is either unconnected or has no load
WARNING: [Synth 8-7129] Port ACLK in module axi_register_slice_v2_1_27_axic_register_slice__parameterized10 is either unconnected or has no load
WARNING: [Synth 8-7129] Port ARESET in module axi_register_slice_v2_1_27_axic_register_slice__parameterized10 is either unconnected or has no load
WARNING: [Synth 8-7129] Port ACLK in module axi_register_slice_v2_1_27_axic_register_slice__parameterized7 is either unconnected or has no load
WARNING: [Synth 8-7129] Port ARESET in module axi_register_slice_v2_1_27_axic_register_slice__parameterized7 is either unconnected or has no load
WARNING: [Synth 8-7129] Port ACLK in module axi_register_slice_v2_1_27_axic_register_slice__parameterized9 is either unconnected or has no load
WARNING: [Synth 8-7129] Port ARESET in module axi_register_slice_v2_1_27_axic_register_slice__parameterized9 is either unconnected or has no load
WARNING: [Synth 8-7129] Port ACLK in module axi_register_slice_v2_1_27_axic_register_slice__parameterized8 is either unconnected or has no load
WARNING: [Synth 8-7129] Port ARESET in module axi_register_slice_v2_1_27_axic_register_slice__parameterized8 is either unconnected or has no load
WARNING: [Synth 8-7129] Port m_axi_buser[0] in module axi_infrastructure_v1_1_0_vector2axi__parameterized1 is either unconnected or has no load
WARNING: [Synth 8-7129] Port m_axi_ruser[0] in module axi_infrastructure_v1_1_0_vector2axi__parameterized1 is either unconnected or has no load
WARNING: [Synth 8-7129] Port s_axi_awuser[0] in module axi_infrastructure_v1_1_0_axi2vector__parameterized1 is either unconnected or has no load
WARNING: [Synth 8-7129] Port s_axi_wid[1] in module axi_infrastructure_v1_1_0_axi2vector__parameterized1 is either unconnected or has no load
WARNING: [Synth 8-7129] Port s_axi_wid[0] in module axi_infrastructure_v1_1_0_axi2vector__parameterized1 is either unconnected or has no load
WARNING: [Synth 8-7129] Port s_axi_wuser[0] in module axi_infrastructure_v1_1_0_axi2vector__parameterized1 is either unconnected or has no load
WARNING: [Synth 8-7129] Port s_axi_aruser[0] in module axi_infrastructure_v1_1_0_axi2vector__parameterized1 is either unconnected or has no load
WARNING: [Synth 8-7129] Port aclk2x in module axi_register_slice_v2_1_27_axi_register_slice__parameterized1 is either unconnected or has no load
WARNING: [Synth 8-7129] Port ACLK in module axi_register_slice_v2_1_27_axic_register_slice__parameterized6 is either unconnected or has no load
WARNING: [Synth 8-7129] Port ARESET in module axi_register_slice_v2_1_27_axic_register_slice__parameterized6 is either unconnected or has no load
WARNING: [Synth 8-7129] Port ACLK in module axi_register_slice_v2_1_27_axic_register_slice__parameterized4 is either unconnected or has no load
WARNING: [Synth 8-7129] Port ARESET in module axi_register_slice_v2_1_27_axic_register_slice__parameterized4 is either unconnected or has no load
WARNING: [Synth 8-7129] Port m_axi_buser[0] in module axi_infrastructure_v1_1_0_vector2axi__parameterized0 is either unconnected or has no load
WARNING: [Synth 8-7129] Port m_axi_ruser[0] in module axi_infrastructure_v1_1_0_vector2axi__parameterized0 is either unconnected or has no load
WARNING: [Synth 8-7129] Port s_axi_awuser[0] in module axi_infrastructure_v1_1_0_axi2vector__parameterized0 is either unconnected or has no load
WARNING: [Synth 8-7129] Port s_axi_wid[3] in module axi_infrastructure_v1_1_0_axi2vector__parameterized0 is either unconnected or has no load
WARNING: [Synth 8-7129] Port s_axi_wid[2] in module axi_infrastructure_v1_1_0_axi2vector__parameterized0 is either unconnected or has no load
WARNING: [Synth 8-7129] Port s_axi_wid[1] in module axi_infrastructure_v1_1_0_axi2vector__parameterized0 is either unconnected or has no load
WARNING: [Synth 8-7129] Port s_axi_wid[0] in module axi_infrastructure_v1_1_0_axi2vector__parameterized0 is either unconnected or has no load
WARNING: [Synth 8-7129] Port s_axi_wuser[0] in module axi_infrastructure_v1_1_0_axi2vector__parameterized0 is either unconnected or has no load
WARNING: [Synth 8-7129] Port s_axi_aruser[0] in module axi_infrastructure_v1_1_0_axi2vector__parameterized0 is either unconnected or has no load
WARNING: [Synth 8-7129] Port aclk2x in module axi_register_slice_v2_1_27_axi_register_slice__parameterized0 is either unconnected or has no load
WARNING: [Synth 8-7129] Port ACLK in module axi_register_slice_v2_1_27_axic_register_slice__parameterized2 is either unconnected or has no load
WARNING: [Synth 8-7129] Port ARESET in module axi_register_slice_v2_1_27_axic_register_slice__parameterized2 is either unconnected or has no load
WARNING: [Synth 8-7129] Port ACLK in module axi_register_slice_v2_1_27_axic_register_slice is either unconnected or has no load
WARNING: [Synth 8-7129] Port ARESET in module axi_register_slice_v2_1_27_axic_register_slice is either unconnected or has no load
WARNING: [Synth 8-7129] Port ACLK in module axi_register_slice_v2_1_27_axic_register_slice__parameterized1 is either unconnected or has no load
WARNING: [Synth 8-7129] Port ARESET in module axi_register_slice_v2_1_27_axic_register_slice__parameterized1 is either unconnected or has no load
WARNING: [Synth 8-7129] Port m_axi_bid[0] in module axi_infrastructure_v1_1_0_vector2axi is either unconnected or has no load
WARNING: [Synth 8-7129] Port m_axi_buser[0] in module axi_infrastructure_v1_1_0_vector2axi is either unconnected or has no load
WARNING: [Synth 8-7129] Port m_axi_rid[0] in module axi_infrastructure_v1_1_0_vector2axi is either unconnected or has no load
WARNING: [Synth 8-7129] Port m_axi_rlast in module axi_infrastructure_v1_1_0_vector2axi is either unconnected or has no load
WARNING: [Synth 8-7129] Port m_axi_ruser[0] in module axi_infrastructure_v1_1_0_vector2axi is either unconnected or has no load
WARNING: [Synth 8-7129] Port s_axi_awid[0] in module axi_infrastructure_v1_1_0_axi2vector is either unconnected or has no load
WARNING: [Synth 8-7129] Port s_axi_awlen[7] in module axi_infrastructure_v1_1_0_axi2vector is either unconnected or has no load
WARNING: [Synth 8-7129] Port s_axi_awlen[6] in module axi_infrastructure_v1_1_0_axi2vector is either unconnected or has no load
WARNING: [Synth 8-7129] Port s_axi_awlen[5] in module axi_infrastructure_v1_1_0_axi2vector is either unconnected or has no load
WARNING: [Synth 8-7129] Port s_axi_awlen[4] in module axi_infrastructure_v1_1_0_axi2vector is either unconnected or has no load
WARNING: [Synth 8-7129] Port s_axi_awlen[3] in module axi_infrastructure_v1_1_0_axi2vector is either unconnected or has no load
WARNING: [Synth 8-7129] Port s_axi_awlen[2] in module axi_infrastructure_v1_1_0_axi2vector is either unconnected or has no load
WARNING: [Synth 8-7129] Port s_axi_awlen[1] in module axi_infrastructure_v1_1_0_axi2vector is either unconnected or has no load
WARNING: [Synth 8-7129] Port s_axi_awlen[0] in module axi_infrastructure_v1_1_0_axi2vector is either unconnected or has no load
WARNING: [Synth 8-7129] Port s_axi_awsize[2] in module axi_infrastructure_v1_1_0_axi2vector is either unconnected or has no load
WARNING: [Synth 8-7129] Port s_axi_awsize[1] in module axi_infrastructure_v1_1_0_axi2vector is either unconnected or has no load
WARNING: [Synth 8-7129] Port s_axi_awsize[0] in module axi_infrastructure_v1_1_0_axi2vector is either unconnected or has no load
WARNING: [Synth 8-7129] Port s_axi_awburst[1] in module axi_infrastructure_v1_1_0_axi2vector is either unconnected or has no load
WARNING: [Synth 8-7129] Port s_axi_awburst[0] in module axi_infrastructure_v1_1_0_axi2vector is either unconnected or has no load
WARNING: [Synth 8-7129] Port s_axi_awlock[0] in module axi_infrastructure_v1_1_0_axi2vector is either unconnected or has no load
WARNING: [Synth 8-7129] Port s_axi_awcache[3] in module axi_infrastructure_v1_1_0_axi2vector is either unconnected or has no load
WARNING: [Synth 8-7129] Port s_axi_awcache[2] in module axi_infrastructure_v1_1_0_axi2vector is either unconnected or has no load
WARNING: [Synth 8-7129] Port s_axi_awcache[1] in module axi_infrastructure_v1_1_0_axi2vector is either unconnected or has no load
WARNING: [Synth 8-7129] Port s_axi_awcache[0] in module axi_infrastructure_v1_1_0_axi2vector is either unconnected or has no load
WARNING: [Synth 8-7129] Port s_axi_awregion[3] in module axi_infrastructure_v1_1_0_axi2vector is either unconnected or has no load
WARNING: [Synth 8-7129] Port s_axi_awregion[2] in module axi_infrastructure_v1_1_0_axi2vector is either unconnected or has no load
WARNING: [Synth 8-7129] Port s_axi_awregion[1] in module axi_infrastructure_v1_1_0_axi2vector is either unconnected or has no load
WARNING: [Synth 8-7129] Port s_axi_awregion[0] in module axi_infrastructure_v1_1_0_axi2vector is either unconnected or has no load
WARNING: [Synth 8-7129] Port s_axi_awqos[3] in module axi_infrastructure_v1_1_0_axi2vector is either unconnected or has no load
WARNING: [Synth 8-7129] Port s_axi_awqos[2] in module axi_infrastructure_v1_1_0_axi2vector is either unconnected or has no load
WARNING: [Synth 8-7129] Port s_axi_awqos[1] in module axi_infrastructure_v1_1_0_axi2vector is either unconnected or has no load
INFO: [Common 17-14] Message 'Synth 8-7129' appears 100 times and further instances of the messages will be disabled. Use the Tcl command set_msg_config to change the current settings.
---------------------------------------------------------------------------------
Finished RTL Elaboration : Time (s): cpu = 00:00:10 ; elapsed = 00:00:10 . Memory (MB): peak = 3417.125 ; gain = 377.672 ; free physical = 103607 ; free virtual = 229480
Synthesis current peak Physical Memory [PSS] (MB): peak = 2607.620; parent = 2470.661; children = 138.015
Synthesis current peak Virtual Memory [VSS] (MB): peak = 4417.078; parent = 3417.129; children = 999.949
---------------------------------------------------------------------------------
---------------------------------------------------------------------------------
Start Handling Custom Attributes
---------------------------------------------------------------------------------
---------------------------------------------------------------------------------
Finished Handling Custom Attributes : Time (s): cpu = 00:00:10 ; elapsed = 00:00:11 . Memory (MB): peak = 3434.938 ; gain = 395.484 ; free physical = 103527 ; free virtual = 229402
Synthesis current peak Physical Memory [PSS] (MB): peak = 2607.620; parent = 2470.661; children = 138.015
Synthesis current peak Virtual Memory [VSS] (MB): peak = 4434.891; parent = 3434.941; children = 999.949
---------------------------------------------------------------------------------
---------------------------------------------------------------------------------
Finished RTL Optimization Phase 1 : Time (s): cpu = 00:00:10 ; elapsed = 00:00:11 . Memory (MB): peak = 3434.938 ; gain = 395.484 ; free physical = 103477 ; free virtual = 229352
Synthesis current peak Physical Memory [PSS] (MB): peak = 2607.620; parent = 2470.661; children = 138.044
Synthesis current peak Virtual Memory [VSS] (MB): peak = 4434.891; parent = 3434.941; children = 999.949
---------------------------------------------------------------------------------
Netlist sorting complete. Time (s): cpu = 00:00:00.26 ; elapsed = 00:00:00.27 . Memory (MB): peak = 3434.938 ; gain = 0.000 ; free physical = 103366 ; free virtual = 229159
INFO: [Project 1-570] Preparing netlist for logic optimization

Processing XDC Constraints
Initializing timing engine
Parsing XDC File [/home/uni/project/smartssd/add_two_numbers/_x/link/vivado/vpl/prj/prj.gen/my_rm/bd/ulp/ip/ulp_ii_level0_wire_0/src/ii_level0_wire_ooc.xdc] for cell 'inst'
create_clock: Time (s): cpu = 00:00:06 ; elapsed = 00:00:06 . Memory (MB): peak = 3540.598 ; gain = 0.000 ; free physical = 107307 ; free virtual = 233096
Finished Parsing XDC File [/home/uni/project/smartssd/add_two_numbers/_x/link/vivado/vpl/prj/prj.gen/my_rm/bd/ulp/ip/ulp_ii_level0_wire_0/src/ii_level0_wire_ooc.xdc] for cell 'inst'
Parsing XDC File [/home/uni/project/smartssd/add_two_numbers/_x/link/vivado/vpl/prj/prj.runs/ulp_ii_level0_wire_0_synth_1/dont_touch.xdc]
Finished Parsing XDC File [/home/uni/project/smartssd/add_two_numbers/_x/link/vivado/vpl/prj/prj.runs/ulp_ii_level0_wire_0_synth_1/dont_touch.xdc]
INFO: [Project 1-236] Implementation specific constraints were found while reading constraint file [/home/uni/project/smartssd/add_two_numbers/_x/link/vivado/vpl/prj/prj.runs/ulp_ii_level0_wire_0_synth_1/dont_touch.xdc]. These constraints will be ignored for synthesis but will be used in implementation. Impacted constraints are listed in the file [.Xil/ulp_ii_level0_wire_0_propImpl.xdc].
Resolution: To avoid this warning, move constraints listed in [.Xil/ulp_ii_level0_wire_0_propImpl.xdc] to another XDC file and exclude this new file from synthesis with the used_in_synthesis property (File Properties dialog in GUI) and re-run elaboration/synthesis.
Parsing XDC File [/home/uni/project/smartssd/add_two_numbers/_x/link/vivado/vpl/prj/prj.gen/my_rm/bd/ulp/ip/ulp_ii_level0_wire_0/bd_0/ip/ip_7/bd_5941_s_ip_axi_ctrl_user_00_0_clocks.xdc] for cell 'inst/pxi_ii_core/inst/s_ip_axi_ctrl_user_00/inst'
Finished Parsing XDC File [/home/uni/project/smartssd/add_two_numbers/_x/link/vivado/vpl/prj/prj.gen/my_rm/bd/ulp/ip/ulp_ii_level0_wire_0/bd_0/ip/ip_7/bd_5941_s_ip_axi_ctrl_user_00_0_clocks.xdc] for cell 'inst/pxi_ii_core/inst/s_ip_axi_ctrl_user_00/inst'
INFO: [Project 1-236] Implementation specific constraints were found while reading constraint file [/home/uni/project/smartssd/add_two_numbers/_x/link/vivado/vpl/prj/prj.gen/my_rm/bd/ulp/ip/ulp_ii_level0_wire_0/bd_0/ip/ip_7/bd_5941_s_ip_axi_ctrl_user_00_0_clocks.xdc]. These constraints will be ignored for synthesis but will be used in implementation. Impacted constraints are listed in the file [.Xil/ulp_ii_level0_wire_0_propImpl.xdc].
Resolution: To avoid this warning, move constraints listed in [.Xil/ulp_ii_level0_wire_0_propImpl.xdc] to another XDC file and exclude this new file from synthesis with the used_in_synthesis property (File Properties dialog in GUI) and re-run elaboration/synthesis.
Parsing XDC File [/home/uni/project/smartssd/add_two_numbers/_x/link/vivado/vpl/prj/prj.gen/my_rm/bd/ulp/ip/ulp_ii_level0_wire_0/bd_0/ip/ip_8/bd_5941_m_ip_axi_ctrl_user_00_0_clocks.xdc] for cell 'inst/pxi_ii_core/inst/m_ip_axi_ctrl_user_00/inst'
Finished Parsing XDC File [/home/uni/project/smartssd/add_two_numbers/_x/link/vivado/vpl/prj/prj.gen/my_rm/bd/ulp/ip/ulp_ii_level0_wire_0/bd_0/ip/ip_8/bd_5941_m_ip_axi_ctrl_user_00_0_clocks.xdc] for cell 'inst/pxi_ii_core/inst/m_ip_axi_ctrl_user_00/inst'
INFO: [Project 1-236] Implementation specific constraints were found while reading constraint file [/home/uni/project/smartssd/add_two_numbers/_x/link/vivado/vpl/prj/prj.gen/my_rm/bd/ulp/ip/ulp_ii_level0_wire_0/bd_0/ip/ip_8/bd_5941_m_ip_axi_ctrl_user_00_0_clocks.xdc]. These constraints will be ignored for synthesis but will be used in implementation. Impacted constraints are listed in the file [.Xil/ulp_ii_level0_wire_0_propImpl.xdc].
Resolution: To avoid this warning, move constraints listed in [.Xil/ulp_ii_level0_wire_0_propImpl.xdc] to another XDC file and exclude this new file from synthesis with the used_in_synthesis property (File Properties dialog in GUI) and re-run elaboration/synthesis.
Parsing XDC File [/home/uni/project/smartssd/add_two_numbers/_x/link/vivado/vpl/prj/prj.gen/my_rm/bd/ulp/ip/ulp_ii_level0_wire_0/bd_0/ip/ip_9/bd_5941_s_ip_axi_ctrl_user_01_0_clocks.xdc] for cell 'inst/pxi_ii_core/inst/s_ip_axi_ctrl_user_01/inst'
Finished Parsing XDC File [/home/uni/project/smartssd/add_two_numbers/_x/link/vivado/vpl/prj/prj.gen/my_rm/bd/ulp/ip/ulp_ii_level0_wire_0/bd_0/ip/ip_9/bd_5941_s_ip_axi_ctrl_user_01_0_clocks.xdc] for cell 'inst/pxi_ii_core/inst/s_ip_axi_ctrl_user_01/inst'
INFO: [Project 1-236] Implementation specific constraints were found while reading constraint file [/home/uni/project/smartssd/add_two_numbers/_x/link/vivado/vpl/prj/prj.gen/my_rm/bd/ulp/ip/ulp_ii_level0_wire_0/bd_0/ip/ip_9/bd_5941_s_ip_axi_ctrl_user_01_0_clocks.xdc]. These constraints will be ignored for synthesis but will be used in implementation. Impacted constraints are listed in the file [.Xil/ulp_ii_level0_wire_0_propImpl.xdc].
Resolution: To avoid this warning, move constraints listed in [.Xil/ulp_ii_level0_wire_0_propImpl.xdc] to another XDC file and exclude this new file from synthesis with the used_in_synthesis property (File Properties dialog in GUI) and re-run elaboration/synthesis.
Parsing XDC File [/home/uni/project/smartssd/add_two_numbers/_x/link/vivado/vpl/prj/prj.gen/my_rm/bd/ulp/ip/ulp_ii_level0_wire_0/bd_0/ip/ip_10/bd_5941_m_ip_axi_ctrl_user_01_0_clocks.xdc] for cell 'inst/pxi_ii_core/inst/m_ip_axi_ctrl_user_01/inst'
Finished Parsing XDC File [/home/uni/project/smartssd/add_two_numbers/_x/link/vivado/vpl/prj/prj.gen/my_rm/bd/ulp/ip/ulp_ii_level0_wire_0/bd_0/ip/ip_10/bd_5941_m_ip_axi_ctrl_user_01_0_clocks.xdc] for cell 'inst/pxi_ii_core/inst/m_ip_axi_ctrl_user_01/inst'
INFO: [Project 1-236] Implementation specific constraints were found while reading constraint file [/home/uni/project/smartssd/add_two_numbers/_x/link/vivado/vpl/prj/prj.gen/my_rm/bd/ulp/ip/ulp_ii_level0_wire_0/bd_0/ip/ip_10/bd_5941_m_ip_axi_ctrl_user_01_0_clocks.xdc]. These constraints will be ignored for synthesis but will be used in implementation. Impacted constraints are listed in the file [.Xil/ulp_ii_level0_wire_0_propImpl.xdc].
Resolution: To avoid this warning, move constraints listed in [.Xil/ulp_ii_level0_wire_0_propImpl.xdc] to another XDC file and exclude this new file from synthesis with the used_in_synthesis property (File Properties dialog in GUI) and re-run elaboration/synthesis.
Parsing XDC File [/home/uni/project/smartssd/add_two_numbers/_x/link/vivado/vpl/prj/prj.gen/my_rm/bd/ulp/ip/ulp_ii_level0_wire_0/bd_0/ip/ip_11/bd_5941_s_ip_axi_ctrl_user_02_0_clocks.xdc] for cell 'inst/pxi_ii_core/inst/s_ip_axi_ctrl_user_02/inst'
Finished Parsing XDC File [/home/uni/project/smartssd/add_two_numbers/_x/link/vivado/vpl/prj/prj.gen/my_rm/bd/ulp/ip/ulp_ii_level0_wire_0/bd_0/ip/ip_11/bd_5941_s_ip_axi_ctrl_user_02_0_clocks.xdc] for cell 'inst/pxi_ii_core/inst/s_ip_axi_ctrl_user_02/inst'
INFO: [Project 1-236] Implementation specific constraints were found while reading constraint file [/home/uni/project/smartssd/add_two_numbers/_x/link/vivado/vpl/prj/prj.gen/my_rm/bd/ulp/ip/ulp_ii_level0_wire_0/bd_0/ip/ip_11/bd_5941_s_ip_axi_ctrl_user_02_0_clocks.xdc]. These constraints will be ignored for synthesis but will be used in implementation. Impacted constraints are listed in the file [.Xil/ulp_ii_level0_wire_0_propImpl.xdc].
Resolution: To avoid this warning, move constraints listed in [.Xil/ulp_ii_level0_wire_0_propImpl.xdc] to another XDC file and exclude this new file from synthesis with the used_in_synthesis property (File Properties dialog in GUI) and re-run elaboration/synthesis.
Parsing XDC File [/home/uni/project/smartssd/add_two_numbers/_x/link/vivado/vpl/prj/prj.gen/my_rm/bd/ulp/ip/ulp_ii_level0_wire_0/bd_0/ip/ip_12/bd_5941_m_ip_axi_ctrl_user_02_0_clocks.xdc] for cell 'inst/pxi_ii_core/inst/m_ip_axi_ctrl_user_02/inst'
Finished Parsing XDC File [/home/uni/project/smartssd/add_two_numbers/_x/link/vivado/vpl/prj/prj.gen/my_rm/bd/ulp/ip/ulp_ii_level0_wire_0/bd_0/ip/ip_12/bd_5941_m_ip_axi_ctrl_user_02_0_clocks.xdc] for cell 'inst/pxi_ii_core/inst/m_ip_axi_ctrl_user_02/inst'
INFO: [Project 1-236] Implementation specific constraints were found while reading constraint file [/home/uni/project/smartssd/add_two_numbers/_x/link/vivado/vpl/prj/prj.gen/my_rm/bd/ulp/ip/ulp_ii_level0_wire_0/bd_0/ip/ip_12/bd_5941_m_ip_axi_ctrl_user_02_0_clocks.xdc]. These constraints will be ignored for synthesis but will be used in implementation. Impacted constraints are listed in the file [.Xil/ulp_ii_level0_wire_0_propImpl.xdc].
Resolution: To avoid this warning, move constraints listed in [.Xil/ulp_ii_level0_wire_0_propImpl.xdc] to another XDC file and exclude this new file from synthesis with the used_in_synthesis property (File Properties dialog in GUI) and re-run elaboration/synthesis.
Parsing XDC File [/home/uni/project/smartssd/add_two_numbers/_x/link/vivado/vpl/prj/prj.gen/my_rm/bd/ulp/ip/ulp_ii_level0_wire_0/bd_0/ip/ip_13/bd_5941_s_ip_axi_data_h2c_00_0_clocks.xdc] for cell 'inst/pxi_ii_core/inst/s_ip_axi_data_h2c_00/inst'
Finished Parsing XDC File [/home/uni/project/smartssd/add_two_numbers/_x/link/vivado/vpl/prj/prj.gen/my_rm/bd/ulp/ip/ulp_ii_level0_wire_0/bd_0/ip/ip_13/bd_5941_s_ip_axi_data_h2c_00_0_clocks.xdc] for cell 'inst/pxi_ii_core/inst/s_ip_axi_data_h2c_00/inst'
INFO: [Project 1-236] Implementation specific constraints were found while reading constraint file [/home/uni/project/smartssd/add_two_numbers/_x/link/vivado/vpl/prj/prj.gen/my_rm/bd/ulp/ip/ulp_ii_level0_wire_0/bd_0/ip/ip_13/bd_5941_s_ip_axi_data_h2c_00_0_clocks.xdc]. These constraints will be ignored for synthesis but will be used in implementation. Impacted constraints are listed in the file [.Xil/ulp_ii_level0_wire_0_propImpl.xdc].
Resolution: To avoid this warning, move constraints listed in [.Xil/ulp_ii_level0_wire_0_propImpl.xdc] to another XDC file and exclude this new file from synthesis with the used_in_synthesis property (File Properties dialog in GUI) and re-run elaboration/synthesis.
Parsing XDC File [/home/uni/project/smartssd/add_two_numbers/_x/link/vivado/vpl/prj/prj.gen/my_rm/bd/ulp/ip/ulp_ii_level0_wire_0/bd_0/ip/ip_14/bd_5941_m_ip_axi_data_h2c_00_0_clocks.xdc] for cell 'inst/pxi_ii_core/inst/m_ip_axi_data_h2c_00/inst'
Finished Parsing XDC File [/home/uni/project/smartssd/add_two_numbers/_x/link/vivado/vpl/prj/prj.gen/my_rm/bd/ulp/ip/ulp_ii_level0_wire_0/bd_0/ip/ip_14/bd_5941_m_ip_axi_data_h2c_00_0_clocks.xdc] for cell 'inst/pxi_ii_core/inst/m_ip_axi_data_h2c_00/inst'
INFO: [Project 1-236] Implementation specific constraints were found while reading constraint file [/home/uni/project/smartssd/add_two_numbers/_x/link/vivado/vpl/prj/prj.gen/my_rm/bd/ulp/ip/ulp_ii_level0_wire_0/bd_0/ip/ip_14/bd_5941_m_ip_axi_data_h2c_00_0_clocks.xdc]. These constraints will be ignored for synthesis but will be used in implementation. Impacted constraints are listed in the file [.Xil/ulp_ii_level0_wire_0_propImpl.xdc].
Resolution: To avoid this warning, move constraints listed in [.Xil/ulp_ii_level0_wire_0_propImpl.xdc] to another XDC file and exclude this new file from synthesis with the used_in_synthesis property (File Properties dialog in GUI) and re-run elaboration/synthesis.
Parsing XDC File [/home/uni/project/smartssd/add_two_numbers/_x/link/vivado/vpl/prj/prj.gen/my_rm/bd/ulp/ip/ulp_ii_level0_wire_0/bd_0/ip/ip_15/bd_5941_s_ip_axi_data_h2c_01_0_clocks.xdc] for cell 'inst/pxi_ii_core/inst/s_ip_axi_data_h2c_01/inst'
Finished Parsing XDC File [/home/uni/project/smartssd/add_two_numbers/_x/link/vivado/vpl/prj/prj.gen/my_rm/bd/ulp/ip/ulp_ii_level0_wire_0/bd_0/ip/ip_15/bd_5941_s_ip_axi_data_h2c_01_0_clocks.xdc] for cell 'inst/pxi_ii_core/inst/s_ip_axi_data_h2c_01/inst'
INFO: [Project 1-236] Implementation specific constraints were found while reading constraint file [/home/uni/project/smartssd/add_two_numbers/_x/link/vivado/vpl/prj/prj.gen/my_rm/bd/ulp/ip/ulp_ii_level0_wire_0/bd_0/ip/ip_15/bd_5941_s_ip_axi_data_h2c_01_0_clocks.xdc]. These constraints will be ignored for synthesis but will be used in implementation. Impacted constraints are listed in the file [.Xil/ulp_ii_level0_wire_0_propImpl.xdc].
Resolution: To avoid this warning, move constraints listed in [.Xil/ulp_ii_level0_wire_0_propImpl.xdc] to another XDC file and exclude this new file from synthesis with the used_in_synthesis property (File Properties dialog in GUI) and re-run elaboration/synthesis.
Parsing XDC File [/home/uni/project/smartssd/add_two_numbers/_x/link/vivado/vpl/prj/prj.gen/my_rm/bd/ulp/ip/ulp_ii_level0_wire_0/bd_0/ip/ip_16/bd_5941_m_ip_axi_data_h2c_01_0_clocks.xdc] for cell 'inst/pxi_ii_core/inst/m_ip_axi_data_h2c_01/inst'
Finished Parsing XDC File [/home/uni/project/smartssd/add_two_numbers/_x/link/vivado/vpl/prj/prj.gen/my_rm/bd/ulp/ip/ulp_ii_level0_wire_0/bd_0/ip/ip_16/bd_5941_m_ip_axi_data_h2c_01_0_clocks.xdc] for cell 'inst/pxi_ii_core/inst/m_ip_axi_data_h2c_01/inst'
INFO: [Project 1-236] Implementation specific constraints were found while reading constraint file [/home/uni/project/smartssd/add_two_numbers/_x/link/vivado/vpl/prj/prj.gen/my_rm/bd/ulp/ip/ulp_ii_level0_wire_0/bd_0/ip/ip_16/bd_5941_m_ip_axi_data_h2c_01_0_clocks.xdc]. These constraints will be ignored for synthesis but will be used in implementation. Impacted constraints are listed in the file [.Xil/ulp_ii_level0_wire_0_propImpl.xdc].
Resolution: To avoid this warning, move constraints listed in [.Xil/ulp_ii_level0_wire_0_propImpl.xdc] to another XDC file and exclude this new file from synthesis with the used_in_synthesis property (File Properties dialog in GUI) and re-run elaboration/synthesis.
Parsing XDC File [/home/uni/project/smartssd/add_two_numbers/_x/link/vivado/vpl/prj/prj.gen/my_rm/bd/ulp/ip/ulp_ii_level0_wire_0/bd_0/ip/ip_17/bd_5941_s_ip_axi_data_h2c_02_0_clocks.xdc] for cell 'inst/pxi_ii_core/inst/s_ip_axi_data_h2c_02/inst'
Finished Parsing XDC File [/home/uni/project/smartssd/add_two_numbers/_x/link/vivado/vpl/prj/prj.gen/my_rm/bd/ulp/ip/ulp_ii_level0_wire_0/bd_0/ip/ip_17/bd_5941_s_ip_axi_data_h2c_02_0_clocks.xdc] for cell 'inst/pxi_ii_core/inst/s_ip_axi_data_h2c_02/inst'
INFO: [Project 1-236] Implementation specific constraints were found while reading constraint file [/home/uni/project/smartssd/add_two_numbers/_x/link/vivado/vpl/prj/prj.gen/my_rm/bd/ulp/ip/ulp_ii_level0_wire_0/bd_0/ip/ip_17/bd_5941_s_ip_axi_data_h2c_02_0_clocks.xdc]. These constraints will be ignored for synthesis but will be used in implementation. Impacted constraints are listed in the file [.Xil/ulp_ii_level0_wire_0_propImpl.xdc].
Resolution: To avoid this warning, move constraints listed in [.Xil/ulp_ii_level0_wire_0_propImpl.xdc] to another XDC file and exclude this new file from synthesis with the used_in_synthesis property (File Properties dialog in GUI) and re-run elaboration/synthesis.
Parsing XDC File [/home/uni/project/smartssd/add_two_numbers/_x/link/vivado/vpl/prj/prj.gen/my_rm/bd/ulp/ip/ulp_ii_level0_wire_0/bd_0/ip/ip_18/bd_5941_m_ip_axi_data_h2c_02_0_clocks.xdc] for cell 'inst/pxi_ii_core/inst/m_ip_axi_data_h2c_02/inst'
Finished Parsing XDC File [/home/uni/project/smartssd/add_two_numbers/_x/link/vivado/vpl/prj/prj.gen/my_rm/bd/ulp/ip/ulp_ii_level0_wire_0/bd_0/ip/ip_18/bd_5941_m_ip_axi_data_h2c_02_0_clocks.xdc] for cell 'inst/pxi_ii_core/inst/m_ip_axi_data_h2c_02/inst'
INFO: [Project 1-236] Implementation specific constraints were found while reading constraint file [/home/uni/project/smartssd/add_two_numbers/_x/link/vivado/vpl/prj/prj.gen/my_rm/bd/ulp/ip/ulp_ii_level0_wire_0/bd_0/ip/ip_18/bd_5941_m_ip_axi_data_h2c_02_0_clocks.xdc]. These constraints will be ignored for synthesis but will be used in implementation. Impacted constraints are listed in the file [.Xil/ulp_ii_level0_wire_0_propImpl.xdc].
Resolution: To avoid this warning, move constraints listed in [.Xil/ulp_ii_level0_wire_0_propImpl.xdc] to another XDC file and exclude this new file from synthesis with the used_in_synthesis property (File Properties dialog in GUI) and re-run elaboration/synthesis.
Parsing XDC File [/home/uni/project/smartssd/add_two_numbers/_x/link/vivado/vpl/prj/prj.gen/my_rm/bd/ulp/ip/ulp_ii_level0_wire_0/bd_0/ip/ip_19/bd_5941_s_ip_axi_data_h2c_03_0_clocks.xdc] for cell 'inst/pxi_ii_core/inst/s_ip_axi_data_h2c_03/inst'
Finished Parsing XDC File [/home/uni/project/smartssd/add_two_numbers/_x/link/vivado/vpl/prj/prj.gen/my_rm/bd/ulp/ip/ulp_ii_level0_wire_0/bd_0/ip/ip_19/bd_5941_s_ip_axi_data_h2c_03_0_clocks.xdc] for cell 'inst/pxi_ii_core/inst/s_ip_axi_data_h2c_03/inst'
INFO: [Project 1-236] Implementation specific constraints were found while reading constraint file [/home/uni/project/smartssd/add_two_numbers/_x/link/vivado/vpl/prj/prj.gen/my_rm/bd/ulp/ip/ulp_ii_level0_wire_0/bd_0/ip/ip_19/bd_5941_s_ip_axi_data_h2c_03_0_clocks.xdc]. These constraints will be ignored for synthesis but will be used in implementation. Impacted constraints are listed in the file [.Xil/ulp_ii_level0_wire_0_propImpl.xdc].
Resolution: To avoid this warning, move constraints listed in [.Xil/ulp_ii_level0_wire_0_propImpl.xdc] to another XDC file and exclude this new file from synthesis with the used_in_synthesis property (File Properties dialog in GUI) and re-run elaboration/synthesis.
Parsing XDC File [/home/uni/project/smartssd/add_two_numbers/_x/link/vivado/vpl/prj/prj.gen/my_rm/bd/ulp/ip/ulp_ii_level0_wire_0/bd_0/ip/ip_20/bd_5941_m_ip_axi_data_h2c_03_0_clocks.xdc] for cell 'inst/pxi_ii_core/inst/m_ip_axi_data_h2c_03/inst'
Finished Parsing XDC File [/home/uni/project/smartssd/add_two_numbers/_x/link/vivado/vpl/prj/prj.gen/my_rm/bd/ulp/ip/ulp_ii_level0_wire_0/bd_0/ip/ip_20/bd_5941_m_ip_axi_data_h2c_03_0_clocks.xdc] for cell 'inst/pxi_ii_core/inst/m_ip_axi_data_h2c_03/inst'
INFO: [Project 1-236] Implementation specific constraints were found while reading constraint file [/home/uni/project/smartssd/add_two_numbers/_x/link/vivado/vpl/prj/prj.gen/my_rm/bd/ulp/ip/ulp_ii_level0_wire_0/bd_0/ip/ip_20/bd_5941_m_ip_axi_data_h2c_03_0_clocks.xdc]. These constraints will be ignored for synthesis but will be used in implementation. Impacted constraints are listed in the file [.Xil/ulp_ii_level0_wire_0_propImpl.xdc].
Resolution: To avoid this warning, move constraints listed in [.Xil/ulp_ii_level0_wire_0_propImpl.xdc] to another XDC file and exclude this new file from synthesis with the used_in_synthesis property (File Properties dialog in GUI) and re-run elaboration/synthesis.
Completed Processing XDC Constraints

Netlist sorting complete. Time (s): cpu = 00:00:00 ; elapsed = 00:00:00 . Memory (MB): peak = 3540.598 ; gain = 0.000 ; free physical = 107239 ; free virtual = 233027
INFO: [Project 1-111] Unisim Transformation Summary:
No Unisim elements were transformed.

Constraint Validation Runtime : Time (s): cpu = 00:00:00.26 ; elapsed = 00:00:00.26 . Memory (MB): peak = 3540.598 ; gain = 0.000 ; free physical = 107114 ; free virtual = 232902
INFO: [Designutils 20-5008] Incremental synthesis strategy off
INFO: [Synth 8-11241] undeclared symbol 'REGCCE', assumed default net type 'wire' [/home/dess/workspace/Xilinx/Vivado/2022.2/data/verilog/src/unimacro/BRAM_SINGLE_MACRO.v:2170]
---------------------------------------------------------------------------------
Finished Constraint Validation : Time (s): cpu = 00:00:28 ; elapsed = 00:00:30 . Memory (MB): peak = 3540.598 ; gain = 501.145 ; free physical = 106464 ; free virtual = 232253
Synthesis current peak Physical Memory [PSS] (MB): peak = 2615.405; parent = 2473.701; children = 141.704
Synthesis current peak Virtual Memory [VSS] (MB): peak = 4540.551; parent = 3540.602; children = 999.949
---------------------------------------------------------------------------------
---------------------------------------------------------------------------------
Start Loading Part and Timing Information
---------------------------------------------------------------------------------
Loading part: xcku15p-ffva1156-2LV-e
INFO: [Synth 8-6742] Reading net delay rules and data
---------------------------------------------------------------------------------
Finished Loading Part and Timing Information : Time (s): cpu = 00:00:28 ; elapsed = 00:00:30 . Memory (MB): peak = 3540.598 ; gain = 501.145 ; free physical = 106456 ; free virtual = 232244
Synthesis current peak Physical Memory [PSS] (MB): peak = 2615.405; parent = 2473.701; children = 141.704
Synthesis current peak Virtual Memory [VSS] (MB): peak = 4540.551; parent = 3540.602; children = 999.949
---------------------------------------------------------------------------------
---------------------------------------------------------------------------------
Start Applying 'set_property' XDC Constraints
---------------------------------------------------------------------------------
Applied set_property KEEP_HIERARCHY = SOFT for inst/pxi_ii_core/inst/s_ip_axi_ctrl_user_00/inst. (constraint file  /home/uni/project/smartssd/add_two_numbers/_x/link/vivado/vpl/prj/prj.runs/ulp_ii_level0_wire_0_synth_1/dont_touch.xdc, line 98).
Applied set_property KEEP_HIERARCHY = SOFT for inst/pxi_ii_core/inst/m_ip_axi_ctrl_user_00/inst. (constraint file  /home/uni/project/smartssd/add_two_numbers/_x/link/vivado/vpl/prj/prj.runs/ulp_ii_level0_wire_0_synth_1/dont_touch.xdc, line 101).
Applied set_property KEEP_HIERARCHY = SOFT for inst/pxi_ii_core/inst/s_ip_axi_ctrl_user_01/inst. (constraint file  /home/uni/project/smartssd/add_two_numbers/_x/link/vivado/vpl/prj/prj.runs/ulp_ii_level0_wire_0_synth_1/dont_touch.xdc, line 104).
Applied set_property KEEP_HIERARCHY = SOFT for inst/pxi_ii_core/inst/m_ip_axi_ctrl_user_01/inst. (constraint file  /home/uni/project/smartssd/add_two_numbers/_x/link/vivado/vpl/prj/prj.runs/ulp_ii_level0_wire_0_synth_1/dont_touch.xdc, line 107).
Applied set_property KEEP_HIERARCHY = SOFT for inst/pxi_ii_core/inst/s_ip_axi_ctrl_user_02/inst. (constraint file  /home/uni/project/smartssd/add_two_numbers/_x/link/vivado/vpl/prj/prj.runs/ulp_ii_level0_wire_0_synth_1/dont_touch.xdc, line 110).
Applied set_property KEEP_HIERARCHY = SOFT for inst/pxi_ii_core/inst/m_ip_axi_ctrl_user_02/inst. (constraint file  /home/uni/project/smartssd/add_two_numbers/_x/link/vivado/vpl/prj/prj.runs/ulp_ii_level0_wire_0_synth_1/dont_touch.xdc, line 113).
Applied set_property KEEP_HIERARCHY = SOFT for inst/pxi_ii_core/inst/s_ip_axi_data_h2c_00/inst. (constraint file  /home/uni/project/smartssd/add_two_numbers/_x/link/vivado/vpl/prj/prj.runs/ulp_ii_level0_wire_0_synth_1/dont_touch.xdc, line 116).
Applied set_property KEEP_HIERARCHY = SOFT for inst/pxi_ii_core/inst/m_ip_axi_data_h2c_00/inst. (constraint file  /home/uni/project/smartssd/add_two_numbers/_x/link/vivado/vpl/prj/prj.runs/ulp_ii_level0_wire_0_synth_1/dont_touch.xdc, line 119).
Applied set_property KEEP_HIERARCHY = SOFT for inst/pxi_ii_core/inst/s_ip_axi_data_h2c_01/inst. (constraint file  /home/uni/project/smartssd/add_two_numbers/_x/link/vivado/vpl/prj/prj.runs/ulp_ii_level0_wire_0_synth_1/dont_touch.xdc, line 122).
Applied set_property KEEP_HIERARCHY = SOFT for inst/pxi_ii_core/inst/m_ip_axi_data_h2c_01/inst. (constraint file  /home/uni/project/smartssd/add_two_numbers/_x/link/vivado/vpl/prj/prj.runs/ulp_ii_level0_wire_0_synth_1/dont_touch.xdc, line 125).
Applied set_property KEEP_HIERARCHY = SOFT for inst/pxi_ii_core/inst/s_ip_axi_data_h2c_02/inst. (constraint file  /home/uni/project/smartssd/add_two_numbers/_x/link/vivado/vpl/prj/prj.runs/ulp_ii_level0_wire_0_synth_1/dont_touch.xdc, line 128).
Applied set_property KEEP_HIERARCHY = SOFT for inst/pxi_ii_core/inst/m_ip_axi_data_h2c_02/inst. (constraint file  /home/uni/project/smartssd/add_two_numbers/_x/link/vivado/vpl/prj/prj.runs/ulp_ii_level0_wire_0_synth_1/dont_touch.xdc, line 131).
Applied set_property KEEP_HIERARCHY = SOFT for inst/pxi_ii_core/inst/s_ip_axi_data_h2c_03/inst. (constraint file  /home/uni/project/smartssd/add_two_numbers/_x/link/vivado/vpl/prj/prj.runs/ulp_ii_level0_wire_0_synth_1/dont_touch.xdc, line 134).
Applied set_property KEEP_HIERARCHY = SOFT for inst/pxi_ii_core/inst/m_ip_axi_data_h2c_03/inst. (constraint file  /home/uni/project/smartssd/add_two_numbers/_x/link/vivado/vpl/prj/prj.runs/ulp_ii_level0_wire_0_synth_1/dont_touch.xdc, line 137).
Applied set_property KEEP_HIERARCHY = SOFT for inst. (constraint file  /home/uni/project/smartssd/add_two_numbers/_x/link/vivado/vpl/prj/prj.runs/ulp_ii_level0_wire_0_synth_1/dont_touch.xdc, line 143).
Applied set_property KEEP_HIERARCHY = SOFT for inst/pxi_ii_core. (constraint file  auto generated constraint).
Applied set_property KEEP_HIERARCHY = SOFT for inst/pxi_ii_core/inst. (constraint file  auto generated constraint).
Applied set_property KEEP_HIERARCHY = SOFT for inst/pxi_ii_core/inst/ip_aclk_ctrl_00. (constraint file  auto generated constraint).
Applied set_property KEEP_HIERARCHY = SOFT for inst/pxi_ii_core/inst/ip_aclk_pcie_00. (constraint file  auto generated constraint).
Applied set_property KEEP_HIERARCHY = SOFT for inst/pxi_ii_core/inst/ip_aclk_kernel_ref_clk_00. (constraint file  auto generated constraint).
Applied set_property KEEP_HIERARCHY = SOFT for inst/pxi_ii_core/inst/ip_aclk_kernel2_ref_clk_00. (constraint file  auto generated constraint).
Applied set_property KEEP_HIERARCHY = SOFT for inst/pxi_ii_core/inst/ip_aresetn_ctrl_00. (constraint file  auto generated constraint).
Applied set_property KEEP_HIERARCHY = SOFT for inst/pxi_ii_core/inst/ip_aresetn_pcie_00. (constraint file  auto generated constraint).
Applied set_property KEEP_HIERARCHY = SOFT for inst/pxi_ii_core/inst/ip_aresetn_kernel_ref_clk_00. (constraint file  auto generated constraint).
Applied set_property KEEP_HIERARCHY = SOFT for inst/pxi_ii_core/inst/s_ip_axi_ctrl_user_00. (constraint file  auto generated constraint).
Applied set_property KEEP_HIERARCHY = SOFT for inst/pxi_ii_core/inst/m_ip_axi_ctrl_user_00. (constraint file  auto generated constraint).
Applied set_property KEEP_HIERARCHY = SOFT for inst/pxi_ii_core/inst/s_ip_axi_ctrl_user_01. (constraint file  auto generated constraint).
Applied set_property KEEP_HIERARCHY = SOFT for inst/pxi_ii_core/inst/m_ip_axi_ctrl_user_01. (constraint file  auto generated constraint).
Applied set_property KEEP_HIERARCHY = SOFT for inst/pxi_ii_core/inst/s_ip_axi_ctrl_user_02. (constraint file  auto generated constraint).
Applied set_property KEEP_HIERARCHY = SOFT for inst/pxi_ii_core/inst/m_ip_axi_ctrl_user_02. (constraint file  auto generated constraint).
Applied set_property KEEP_HIERARCHY = SOFT for inst/pxi_ii_core/inst/s_ip_axi_data_h2c_00. (constraint file  auto generated constraint).
Applied set_property KEEP_HIERARCHY = SOFT for inst/pxi_ii_core/inst/m_ip_axi_data_h2c_00. (constraint file  auto generated constraint).
Applied set_property KEEP_HIERARCHY = SOFT for inst/pxi_ii_core/inst/s_ip_axi_data_h2c_01. (constraint file  auto generated constraint).
Applied set_property KEEP_HIERARCHY = SOFT for inst/pxi_ii_core/inst/m_ip_axi_data_h2c_01. (constraint file  auto generated constraint).
Applied set_property KEEP_HIERARCHY = SOFT for inst/pxi_ii_core/inst/s_ip_axi_data_h2c_02. (constraint file  auto generated constraint).
Applied set_property KEEP_HIERARCHY = SOFT for inst/pxi_ii_core/inst/m_ip_axi_data_h2c_02. (constraint file  auto generated constraint).
Applied set_property KEEP_HIERARCHY = SOFT for inst/pxi_ii_core/inst/s_ip_axi_data_h2c_03. (constraint file  auto generated constraint).
Applied set_property KEEP_HIERARCHY = SOFT for inst/pxi_ii_core/inst/m_ip_axi_data_h2c_03. (constraint file  auto generated constraint).
Applied set_property KEEP_HIERARCHY = SOFT for inst/pxi_ii_core/inst/ip_data_slice_pr_reset_to_ulp_00. (constraint file  auto generated constraint).
Applied set_property KEEP_HIERARCHY = SOFT for inst/pxi_ii_core/inst/ip_data_memory_calib_complete_00. (constraint file  auto generated constraint).
Applied set_property KEEP_HIERARCHY = SOFT for inst/pxi_ii_core/inst/ip_data_perstn_out_00. (constraint file  auto generated constraint).
Applied set_property KEEP_HIERARCHY = SOFT for inst/pxi_ii_core/inst/ip_data_clkwiz_kernel_clk_out1_locked_00. (constraint file  auto generated constraint).
Applied set_property KEEP_HIERARCHY = SOFT for inst/pxi_ii_core/inst/ip_data_dna_from_ulp_00. (constraint file  auto generated constraint).
Applied set_property KEEP_HIERARCHY = SOFT for inst/pxi_ii_core/inst/ip_data_dout_dna_00. (constraint file  auto generated constraint).
Applied set_property KEEP_HIERARCHY = SOFT for inst/pxi_ii_core/inst/ip_irq_cu_00. (constraint file  auto generated constraint).
---------------------------------------------------------------------------------
Finished applying 'set_property' XDC Constraints : Time (s): cpu = 00:00:28 ; elapsed = 00:00:30 . Memory (MB): peak = 3540.598 ; gain = 501.145 ; free physical = 106437 ; free virtual = 232225
Synthesis current peak Physical Memory [PSS] (MB): peak = 2615.405; parent = 2473.701; children = 141.704
Synthesis current peak Virtual Memory [VSS] (MB): peak = 4540.551; parent = 3540.602; children = 999.949
---------------------------------------------------------------------------------
---------------------------------------------------------------------------------
Finished RTL Optimization Phase 2 : Time (s): cpu = 00:00:29 ; elapsed = 00:00:31 . Memory (MB): peak = 3540.598 ; gain = 501.145 ; free physical = 106309 ; free virtual = 232099
Synthesis current peak Physical Memory [PSS] (MB): peak = 2615.405; parent = 2473.701; children = 141.704
Synthesis current peak Virtual Memory [VSS] (MB): peak = 4540.551; parent = 3540.602; children = 999.949
---------------------------------------------------------------------------------
---------------------------------------------------------------------------------
Start RTL Component Statistics 
---------------------------------------------------------------------------------
Detailed RTL Component Info : 
---------------------------------------------------------------------------------
Finished RTL Component Statistics 
---------------------------------------------------------------------------------
---------------------------------------------------------------------------------
Start Part Resource Summary
---------------------------------------------------------------------------------
Part Resources:
DSPs: 1968 (col length:264)
BRAMs: 1968 (col length: RAMB18 264 RAMB36 132)
---------------------------------------------------------------------------------
Finished Part Resource Summary
---------------------------------------------------------------------------------
---------------------------------------------------------------------------------
Start Cross Boundary and Area Optimization
---------------------------------------------------------------------------------
WARNING: [Synth 8-7080] Parallel synthesis criteria is not met
---------------------------------------------------------------------------------
Finished Cross Boundary and Area Optimization : Time (s): cpu = 00:00:33 ; elapsed = 00:00:35 . Memory (MB): peak = 3540.598 ; gain = 501.145 ; free physical = 105270 ; free virtual = 231067
Synthesis current peak Physical Memory [PSS] (MB): peak = 2615.405; parent = 2473.701; children = 141.704
Synthesis current peak Virtual Memory [VSS] (MB): peak = 4540.551; parent = 3540.602; children = 999.949
---------------------------------------------------------------------------------
---------------------------------------------------------------------------------
Start Applying XDC Timing Constraints
---------------------------------------------------------------------------------
---------------------------------------------------------------------------------
Finished Applying XDC Timing Constraints : Time (s): cpu = 00:00:47 ; elapsed = 00:00:51 . Memory (MB): peak = 3842.355 ; gain = 802.902 ; free physical = 108104 ; free virtual = 233897
Synthesis current peak Physical Memory [PSS] (MB): peak = 3067.136; parent = 2916.855; children = 150.280
Synthesis current peak Virtual Memory [VSS] (MB): peak = 4842.309; parent = 3842.359; children = 999.949
---------------------------------------------------------------------------------
---------------------------------------------------------------------------------
Start Timing Optimization
---------------------------------------------------------------------------------
---------------------------------------------------------------------------------
Finished Timing Optimization : Time (s): cpu = 00:00:47 ; elapsed = 00:00:52 . Memory (MB): peak = 3852.355 ; gain = 812.902 ; free physical = 108070 ; free virtual = 233863
Synthesis current peak Physical Memory [PSS] (MB): peak = 3076.060; parent = 2925.789; children = 150.280
Synthesis current peak Virtual Memory [VSS] (MB): peak = 4852.309; parent = 3852.359; children = 999.949
---------------------------------------------------------------------------------
---------------------------------------------------------------------------------
Start Technology Mapping
---------------------------------------------------------------------------------
---------------------------------------------------------------------------------
Finished Technology Mapping : Time (s): cpu = 00:00:49 ; elapsed = 00:00:54 . Memory (MB): peak = 3871.387 ; gain = 831.934 ; free physical = 108033 ; free virtual = 233826
Synthesis current peak Physical Memory [PSS] (MB): peak = 3077.848; parent = 2927.577; children = 150.280
Synthesis current peak Virtual Memory [VSS] (MB): peak = 4871.340; parent = 3871.391; children = 999.949
---------------------------------------------------------------------------------
---------------------------------------------------------------------------------
Start IO Insertion
---------------------------------------------------------------------------------
---------------------------------------------------------------------------------
Start Flattening Before IO Insertion
---------------------------------------------------------------------------------
---------------------------------------------------------------------------------
Finished Flattening Before IO Insertion
---------------------------------------------------------------------------------
---------------------------------------------------------------------------------
Start Final Netlist Cleanup
---------------------------------------------------------------------------------
---------------------------------------------------------------------------------
Finished Final Netlist Cleanup
---------------------------------------------------------------------------------
---------------------------------------------------------------------------------
Finished IO Insertion : Time (s): cpu = 00:00:56 ; elapsed = 00:01:01 . Memory (MB): peak = 3877.324 ; gain = 837.871 ; free physical = 108315 ; free virtual = 234107
Synthesis current peak Physical Memory [PSS] (MB): peak = 3077.848; parent = 2927.577; children = 150.280
Synthesis current peak Virtual Memory [VSS] (MB): peak = 4877.277; parent = 3877.328; children = 999.949
---------------------------------------------------------------------------------
---------------------------------------------------------------------------------
Start Renaming Generated Instances
---------------------------------------------------------------------------------
---------------------------------------------------------------------------------
Finished Renaming Generated Instances : Time (s): cpu = 00:00:56 ; elapsed = 00:01:01 . Memory (MB): peak = 3877.324 ; gain = 837.871 ; free physical = 108315 ; free virtual = 234107
Synthesis current peak Physical Memory [PSS] (MB): peak = 3077.848; parent = 2927.577; children = 150.280
Synthesis current peak Virtual Memory [VSS] (MB): peak = 4877.277; parent = 3877.328; children = 999.949
---------------------------------------------------------------------------------
---------------------------------------------------------------------------------
Start Rebuilding User Hierarchy
---------------------------------------------------------------------------------
---------------------------------------------------------------------------------
Finished Rebuilding User Hierarchy : Time (s): cpu = 00:00:56 ; elapsed = 00:01:02 . Memory (MB): peak = 3877.324 ; gain = 837.871 ; free physical = 108310 ; free virtual = 234103
Synthesis current peak Physical Memory [PSS] (MB): peak = 3077.848; parent = 2927.577; children = 150.280
Synthesis current peak Virtual Memory [VSS] (MB): peak = 4877.277; parent = 3877.328; children = 999.949
---------------------------------------------------------------------------------
---------------------------------------------------------------------------------
Start Renaming Generated Ports
---------------------------------------------------------------------------------
---------------------------------------------------------------------------------
Finished Renaming Generated Ports : Time (s): cpu = 00:00:56 ; elapsed = 00:01:02 . Memory (MB): peak = 3877.324 ; gain = 837.871 ; free physical = 108311 ; free virtual = 234103
Synthesis current peak Physical Memory [PSS] (MB): peak = 3077.848; parent = 2927.577; children = 150.280
Synthesis current peak Virtual Memory [VSS] (MB): peak = 4877.277; parent = 3877.328; children = 999.949
---------------------------------------------------------------------------------
---------------------------------------------------------------------------------
Start Handling Custom Attributes
---------------------------------------------------------------------------------
---------------------------------------------------------------------------------
Finished Handling Custom Attributes : Time (s): cpu = 00:00:56 ; elapsed = 00:01:02 . Memory (MB): peak = 3877.324 ; gain = 837.871 ; free physical = 108311 ; free virtual = 234103
Synthesis current peak Physical Memory [PSS] (MB): peak = 3077.848; parent = 2927.577; children = 150.280
Synthesis current peak Virtual Memory [VSS] (MB): peak = 4877.277; parent = 3877.328; children = 999.949
---------------------------------------------------------------------------------
---------------------------------------------------------------------------------
Start Renaming Generated Nets
---------------------------------------------------------------------------------
---------------------------------------------------------------------------------
Finished Renaming Generated Nets : Time (s): cpu = 00:00:56 ; elapsed = 00:01:02 . Memory (MB): peak = 3877.324 ; gain = 837.871 ; free physical = 108312 ; free virtual = 234105
Synthesis current peak Physical Memory [PSS] (MB): peak = 3077.848; parent = 2927.577; children = 150.280
Synthesis current peak Virtual Memory [VSS] (MB): peak = 4877.277; parent = 3877.328; children = 999.949
---------------------------------------------------------------------------------
---------------------------------------------------------------------------------
Start Writing Synthesis Report
---------------------------------------------------------------------------------

Report BlackBoxes: 
+-+--------------+----------+
| |BlackBox name |Instances |
+-+--------------+----------+
+-+--------------+----------+

Report Cell Usage: 
+-+-----+------+
| |Cell |Count |
+-+-----+------+
+-+-----+------+
---------------------------------------------------------------------------------
Finished Writing Synthesis Report : Time (s): cpu = 00:00:56 ; elapsed = 00:01:02 . Memory (MB): peak = 3877.324 ; gain = 837.871 ; free physical = 108335 ; free virtual = 234127
Synthesis current peak Physical Memory [PSS] (MB): peak = 3077.848; parent = 2927.577; children = 150.280
Synthesis current peak Virtual Memory [VSS] (MB): peak = 4877.277; parent = 3877.328; children = 999.949
---------------------------------------------------------------------------------
Synthesis finished with 0 errors, 0 critical warnings and 131 warnings.
Synthesis Optimization Runtime : Time (s): cpu = 00:00:45 ; elapsed = 00:00:51 . Memory (MB): peak = 3877.324 ; gain = 732.211 ; free physical = 108374 ; free virtual = 234167
Synthesis Optimization Complete : Time (s): cpu = 00:00:56 ; elapsed = 00:01:02 . Memory (MB): peak = 3877.332 ; gain = 837.871 ; free physical = 108375 ; free virtual = 234168
INFO: [Project 1-571] Translating synthesized netlist
Netlist sorting complete. Time (s): cpu = 00:00:00.15 ; elapsed = 00:00:00.15 . Memory (MB): peak = 3877.332 ; gain = 0.000 ; free physical = 108444 ; free virtual = 234237
INFO: [Project 1-570] Preparing netlist for logic optimization
INFO: [Opt 31-138] Pushed 0 inverter(s) to 0 load pin(s).
Netlist sorting complete. Time (s): cpu = 00:00:00.01 ; elapsed = 00:00:00 . Memory (MB): peak = 3946.824 ; gain = 0.000 ; free physical = 108409 ; free virtual = 234202
INFO: [Project 1-111] Unisim Transformation Summary:
No Unisim elements were transformed.

Synth Design complete, checksum: 84e3401
INFO: [Common 17-83] Releasing license: Synthesis
178 Infos, 147 Warnings, 0 Critical Warnings and 0 Errors encountered.
synth_design completed successfully
synth_design: Time (s): cpu = 00:01:14 ; elapsed = 00:01:17 . Memory (MB): peak = 3958.793 ; gain = 2022.105 ; free physical = 108535 ; free virtual = 234408
INFO: [Common 17-600] The following parameters have non-default value.
general.maxThreads
INFO: [Common 17-1381] The checkpoint '/home/uni/project/smartssd/add_two_numbers/_x/link/vivado/vpl/prj/prj.runs/ulp_ii_level0_wire_0_synth_1/ulp_ii_level0_wire_0.dcp' has been generated.
INFO: [Coretcl 2-1648] Added synthesis output to IP cache for IP ulp_ii_level0_wire_0, cache-ID = 36fded36a1134100
INFO: [Coretcl 2-1174] Renamed 45 cell refs.
INFO: [Common 17-1381] The checkpoint '/home/uni/project/smartssd/add_two_numbers/_x/link/vivado/vpl/prj/prj.runs/ulp_ii_level0_wire_0_synth_1/ulp_ii_level0_wire_0.dcp' has been generated.
INFO: [runtcl-4] Executing : report_utilization -file ulp_ii_level0_wire_0_utilization_synth.rpt -pb ulp_ii_level0_wire_0_utilization_synth.pb
INFO: [Common 17-206] Exiting Vivado at Tue Aug 18 01:14:39 2026...
