
*** Running vivado
    with args -log bd_0349_xsdbm_0.vds -m64 -product Vivado -mode batch -messageDb vivado.pb -notrace -source bd_0349_xsdbm_0.tcl


****** Vivado v2022.2.2 (64-bit)
  **** SW Build 3788238 on Tue Feb 21 19:59:23 MST 2023
  **** IP Build 3783773 on Tue Feb 21 23:41:56 MST 2023
    ** Copyright 1986-2023 Xilinx, Inc. All Rights Reserved.

source bd_0349_xsdbm_0.tcl -notrace
INFO: Dispatch client connection id - 42595
create_project: Time (s): cpu = 00:00:08 ; elapsed = 00:00:08 . Memory (MB): peak = 1831.023 ; gain = 88.961 ; free physical = 103073 ; free virtual = 228966
INFO: [IP_Flow 19-234] Refreshing IP repositories
WARNING: [IP_Flow 19-1694] Ignoring duplicate Bus Definition IP file 'xilinx.com:display_pcie4:pcie4_gt_if:1.0' found within IP repository '/home/uni/project/smartssd/host_file_sum64/_x/link/vivado/vpl/.local/hw_platform/iprepo'.
File in use: /home/uni/project/smartssd/host_file_sum64/_x/link/vivado/vpl/.local/hw_platform/iprepo/ipdefs/other_ipdefs/xdma_v4_1/interfaces/pcie4_gt_if.xml
File ignored: /home/uni/project/smartssd/host_file_sum64/_x/link/vivado/vpl/.local/hw_platform/iprepo/ipdefs/other_ipdefs/pcie4_uscale_plus_v1_3/interfaces/pcie4_gt_if.xml
WARNING: [IP_Flow 19-1694] Ignoring duplicate Bus Definition IP file 'xilinx.com:display_pcie4_uscaleplus:ext_gtcom:1.0' found within IP repository '/home/uni/project/smartssd/host_file_sum64/_x/link/vivado/vpl/.local/hw_platform/iprepo'.
File in use: /home/uni/project/smartssd/host_file_sum64/_x/link/vivado/vpl/.local/hw_platform/iprepo/ipdefs/other_ipdefs/xdma_v4_1/interfaces/pcie4_usp_ext_gtcom.xml
File ignored: /home/uni/project/smartssd/host_file_sum64/_x/link/vivado/vpl/.local/hw_platform/iprepo/ipdefs/other_ipdefs/pcie4_uscale_plus_v1_3/interfaces/pcie4_usp_ext_gtcom.xml
WARNING: [IP_Flow 19-1694] Ignoring duplicate Bus Abstraction IP file 'xilinx.com:display_pcie4:pcie4_gt_if_rtl:1.0' found within IP repository '/home/uni/project/smartssd/host_file_sum64/_x/link/vivado/vpl/.local/hw_platform/iprepo'.
File in use: /home/uni/project/smartssd/host_file_sum64/_x/link/vivado/vpl/.local/hw_platform/iprepo/ipdefs/other_ipdefs/xdma_v4_1/interfaces/pcie4_gt_if_rtl.xml
File ignored: /home/uni/project/smartssd/host_file_sum64/_x/link/vivado/vpl/.local/hw_platform/iprepo/ipdefs/other_ipdefs/pcie4_uscale_plus_v1_3/interfaces/pcie4_gt_if_rtl.xml
WARNING: [IP_Flow 19-1694] Ignoring duplicate Bus Abstraction IP file 'xilinx.com:display_pcie4_uscaleplus:int_gtcom_rtl:1.0' found within IP repository '/home/uni/project/smartssd/host_file_sum64/_x/link/vivado/vpl/.local/hw_platform/iprepo'.
File in use: /home/uni/project/smartssd/host_file_sum64/_x/link/vivado/vpl/.local/hw_platform/iprepo/ipdefs/other_ipdefs/xdma_v4_1/interfaces/pcie4_usp_int_gtcom_rtl.xml
File ignored: /home/uni/project/smartssd/host_file_sum64/_x/link/vivado/vpl/.local/hw_platform/iprepo/ipdefs/other_ipdefs/pcie4_uscale_plus_v1_3/interfaces/pcie4_usp_int_gtcom_rtl.xml
WARNING: [IP_Flow 19-1694] Ignoring duplicate Bus Abstraction IP file 'xilinx.com:display_pcie4_uscaleplus:ext_gtcom_rtl:1.0' found within IP repository '/home/uni/project/smartssd/host_file_sum64/_x/link/vivado/vpl/.local/hw_platform/iprepo'.
File in use: /home/uni/project/smartssd/host_file_sum64/_x/link/vivado/vpl/.local/hw_platform/iprepo/ipdefs/other_ipdefs/xdma_v4_1/interfaces/pcie4_usp_ext_gtcom_rtl.xml
File ignored: /home/uni/project/smartssd/host_file_sum64/_x/link/vivado/vpl/.local/hw_platform/iprepo/ipdefs/other_ipdefs/pcie4_uscale_plus_v1_3/interfaces/pcie4_usp_ext_gtcom_rtl.xml
WARNING: [IP_Flow 19-1694] Ignoring duplicate Bus Definition IP file 'xilinx.com:display_pcie4_uscaleplus:int_gtcom:1.0' found within IP repository '/home/uni/project/smartssd/host_file_sum64/_x/link/vivado/vpl/.local/hw_platform/iprepo'.
File in use: /home/uni/project/smartssd/host_file_sum64/_x/link/vivado/vpl/.local/hw_platform/iprepo/ipdefs/other_ipdefs/xdma_v4_1/interfaces/pcie4_usp_int_gtcom.xml
File ignored: /home/uni/project/smartssd/host_file_sum64/_x/link/vivado/vpl/.local/hw_platform/iprepo/ipdefs/other_ipdefs/pcie4_uscale_plus_v1_3/interfaces/pcie4_usp_int_gtcom.xml
INFO: [IP_Flow 19-1700] Loaded user IP repository '/home/uni/project/smartssd/host_file_sum64/_x/link/vivado/vpl/.local/hw_platform/iprepo'.
INFO: [IP_Flow 19-1700] Loaded user IP repository '/home/uni/project/smartssd/host_file_sum64/_x/link/int/xo/ip_repo/xilinx_com_hls_file_sum64_1_0'.
WARNING: [IP_Flow 19-2207] Repository '/home/uni/project/smartssd/host_file_sum64/_x/link/vivado/vpl/.local/hw_platform/iprepo' already exists; ignoring attempt to add it again.
INFO: [IP_Flow 19-1700] Loaded user IP repository '/home/uni/project/smartssd/host_file_sum64/_x/link/vivado/vpl/.local/hw_platform/iprepo'.
INFO: [IP_Flow 19-1700] Loaded user IP repository '/home/uni/project/smartssd/host_file_sum64/_x/link/vivado/vpl/.local/hw_platform/ipcache'.
INFO: [IP_Flow 19-1700] Loaded user IP repository '/home/dess/workspace/Xilinx/Vitis/2022.2/data/ip'.
INFO: [IP_Flow 19-2313] Loaded Vivado IP repository '/home/dess/workspace/Xilinx/Vivado/2022.2/data/ip'.
WARNING: [IP_Flow 19-1663] Duplicate IP found for 'xilinx.com:ip:icap_arb:1.0'. The one found in IP location '/home/uni/project/smartssd/host_file_sum64/_x/link/vivado/vpl/.local/hw_platform/iprepo/ipdefs/other_ipdefs/icap_arb_v1_0' will take precedence over the same IP in the Xilinx installed IP.
WARNING: [IP_Flow 19-1663] Duplicate IP found for 'xilinx.com:ip:axi_clk_metadata_adapter:1.0'. The one found in IP location '/home/uni/project/smartssd/host_file_sum64/_x/link/vivado/vpl/.local/hw_platform/iprepo/ipdefs/other_ipdefs/axi_clk_metadata_adapter_v1_0' will take precedence over the same IP in location /home/uni/project/smartssd/host_file_sum64/_x/link/vivado/vpl/.local/hw_platform/iprepo/ipdefs/ii_infra_ipdefs/axi_clk_metadata_adapter_v1_0
WARNING: [IP_Flow 19-1663] Duplicate IP found for 'xilinx.com:ip:axis_clk_metadata_adapter:1.0'. The one found in IP location '/home/uni/project/smartssd/host_file_sum64/_x/link/vivado/vpl/.local/hw_platform/iprepo/ipdefs/other_ipdefs/axis_clk_metadata_adapter_v1_0' will take precedence over the same IP in location /home/uni/project/smartssd/host_file_sum64/_x/link/vivado/vpl/.local/hw_platform/iprepo/ipdefs/ii_infra_ipdefs/axis_clk_metadata_adapter_v1_0
WARNING: [IP_Flow 19-1663] Duplicate IP found for 'xilinx.com:ip:hbm_memory_subsystem:2.0'. The one found in IP location '/home/uni/project/smartssd/host_file_sum64/_x/link/vivado/vpl/.local/hw_platform/iprepo/ipdefs/other_ipdefs/hbm_memory_subsystem_v2_0' will take precedence over the same IP in the Xilinx installed IP.
WARNING: [IP_Flow 19-1663] Duplicate IP found for 'xilinx.com:ip:shell_utils_build_info:1.0'. The one found in IP location '/home/uni/project/smartssd/host_file_sum64/_x/link/vivado/vpl/.local/hw_platform/iprepo/ipdefs/other_ipdefs/shell_utils_build_info_v1_0' will take precedence over the same IP in the Xilinx installed IP.
WARNING: [IP_Flow 19-1663] Duplicate IP found for 'xilinx.com:ip:xdma:4.1'. The one found in IP location '/home/uni/project/smartssd/host_file_sum64/_x/link/vivado/vpl/.local/hw_platform/iprepo/ipdefs/other_ipdefs/xdma_v4_1' will take precedence over the same IP in the Xilinx installed IP.
WARNING: [IP_Flow 19-1663] Duplicate IP found for 'xilinx.com:ip:shell_utils_msp432_bsl_crc_gen:1.0'. The one found in IP location '/home/uni/project/smartssd/host_file_sum64/_x/link/vivado/vpl/.local/hw_platform/iprepo/ipdefs/other_ipdefs/shell_utils_msp432_bsl_crc_gen_v1_0' will take precedence over the same IP in the Xilinx installed IP.
WARNING: [IP_Flow 19-1663] Duplicate IP found for 'xilinx.com:ip:axi_hwicap:3.0'. The one found in IP location '/home/uni/project/smartssd/host_file_sum64/_x/link/vivado/vpl/.local/hw_platform/iprepo/ipdefs/other_ipdefs/axi_hwicap_v3_0' will take precedence over the same IP in the Xilinx installed IP.
WARNING: [IP_Flow 19-1663] Duplicate IP found for 'xilinx.com:ip:pcie4_uscale_plus:1.3'. The one found in IP location '/home/uni/project/smartssd/host_file_sum64/_x/link/vivado/vpl/.local/hw_platform/iprepo/ipdefs/other_ipdefs/pcie4_uscale_plus_v1_3' will take precedence over the same IP in the Xilinx installed IP.
WARNING: [IP_Flow 19-1663] Duplicate IP found for 'xilinx.com:ip:mailbox:2.1'. The one found in IP location '/home/uni/project/smartssd/host_file_sum64/_x/link/vivado/vpl/.local/hw_platform/iprepo/ipdefs/other_ipdefs/mailbox_v2_1' will take precedence over the same IP in the Xilinx installed IP.
WARNING: [IP_Flow 19-1663] Duplicate IP found for 'xilinx.com:ip:clk_metadata_adapter:1.0'. The one found in IP location '/home/uni/project/smartssd/host_file_sum64/_x/link/vivado/vpl/.local/hw_platform/iprepo/ipdefs/other_ipdefs/clk_metadata_adapter_v1_0' will take precedence over the same IP in location /home/uni/project/smartssd/host_file_sum64/_x/link/vivado/vpl/.local/hw_platform/iprepo/ipdefs/ii_infra_ipdefs/clk_metadata_adapter_v1_0
WARNING: [IP_Flow 19-1663] Duplicate IP found for 'xilinx.com:ip:pipeline_reg:1.0'. The one found in IP location '/home/uni/project/smartssd/host_file_sum64/_x/link/vivado/vpl/.local/hw_platform/iprepo/ipdefs/other_ipdefs/pipeline_reg_v1_0' will take precedence over the same IP in location /home/uni/project/smartssd/host_file_sum64/_x/link/vivado/vpl/.local/hw_platform/iprepo/ipdefs/ii_infra_ipdefs/pipeline_reg_v1_0
WARNING: [IP_Flow 19-4830] Duplicate Interface found for 'xilinx.com:display_pcie3_ultrascale:pcie3_us_gt_if:1.0'. The one found in location '/home/uni/project/smartssd/host_file_sum64/_x/link/vivado/vpl/.local/hw_platform/iprepo/ipdefs/other_ipdefs/xdma_v4_1/interfaces/pcie3_us_gt_if.xml' will take precedence over the same Interface in location '/home/dess/workspace/Xilinx/Vivado/2022.2/data/ip/xilinx/pcie3_ultrascale_v4_4/interfaces/pcie3_us_gt_if.xml'
WARNING: [IP_Flow 19-4830] Duplicate Interface found for 'xilinx.com:display_pcie4:pcie4_gt_if:1.0'. The one found in location '/home/uni/project/smartssd/host_file_sum64/_x/link/vivado/vpl/.local/hw_platform/iprepo/ipdefs/other_ipdefs/xdma_v4_1/interfaces/pcie4_gt_if.xml' will take precedence over the same Interface in location '/home/dess/workspace/Xilinx/Vivado/2022.2/data/ip/xilinx/pcie4_uscale_plus_v1_3/interfaces/pcie4_gt_if.xml'
WARNING: [IP_Flow 19-4830] Duplicate Interface found for 'xilinx.com:display_xdma:pcie3_7x_transceiver_debug:1.0'. The one found in location '/home/uni/project/smartssd/host_file_sum64/_x/link/vivado/vpl/.local/hw_platform/iprepo/ipdefs/other_ipdefs/xdma_v4_1/interfaces/pcie3_7x_transceiver_debug.xml' will take precedence over the same Interface in location '/home/dess/workspace/Xilinx/Vivado/2022.2/data/ip/xilinx/qdma_v5_0/interfaces/pcie3_7x_transceiver_debug.xml'
WARNING: [IP_Flow 19-4830] Duplicate Interface found for 'xilinx.com:display_xdma:int_shared_logic:1.0'. The one found in location '/home/uni/project/smartssd/host_file_sum64/_x/link/vivado/vpl/.local/hw_platform/iprepo/ipdefs/other_ipdefs/xdma_v4_1/interfaces/pcie3_us_int_shared_logic.xml' will take precedence over the same Interface in location '/home/dess/workspace/Xilinx/Vivado/2022.2/data/ip/xilinx/qdma_v5_0/interfaces/pcie3_us_int_shared_logic.xml'
WARNING: [IP_Flow 19-4830] Duplicate Interface found for 'xilinx.com:display_pcie4_uscaleplus:ext_gtcom:1.0'. The one found in location '/home/uni/project/smartssd/host_file_sum64/_x/link/vivado/vpl/.local/hw_platform/iprepo/ipdefs/other_ipdefs/xdma_v4_1/interfaces/pcie4_usp_ext_gtcom.xml' will take precedence over the same Interface in location '/home/dess/workspace/Xilinx/Vivado/2022.2/data/ip/xilinx/pcie4_uscale_plus_v1_3/interfaces/pcie4_usp_ext_gtcom.xml'
WARNING: [IP_Flow 19-4830] Duplicate Interface found for 'xilinx.com:display_xdma:pcie_cfg_external_msix:1.0'. The one found in location '/home/uni/project/smartssd/host_file_sum64/_x/link/vivado/vpl/.local/hw_platform/iprepo/ipdefs/other_ipdefs/xdma_v4_1/interfaces/pcie_cfg_ext_msix.xml' will take precedence over the same Interface in location '/home/dess/workspace/Xilinx/Vivado/2022.2/data/ip/xilinx/xdma_v4_1/interfaces/pcie_cfg_ext_msix.xml'
WARNING: [IP_Flow 19-4830] Duplicate Interface found for 'xilinx.com:display_xdma:pcie3_us_transceiver_debug:1.0'. The one found in location '/home/uni/project/smartssd/host_file_sum64/_x/link/vivado/vpl/.local/hw_platform/iprepo/ipdefs/other_ipdefs/xdma_v4_1/interfaces/pcie3_us_transceiver_debug.xml' will take precedence over the same Interface in location '/home/dess/workspace/Xilinx/Vivado/2022.2/data/ip/xilinx/qdma_v5_0/interfaces/pcie3_us_transceiver_debug.xml'
WARNING: [IP_Flow 19-4830] Duplicate Interface found for 'xilinx.com:display_xdma:xdma_debug_ports:1.0'. The one found in location '/home/uni/project/smartssd/host_file_sum64/_x/link/vivado/vpl/.local/hw_platform/iprepo/ipdefs/other_ipdefs/xdma_v4_1/interfaces/xdma_debug_ports.xml' will take precedence over the same Interface in location '/home/dess/workspace/Xilinx/Vivado/2022.2/data/ip/xilinx/qdma_v5_0/interfaces/xdma_debug_ports.xml'
WARNING: [IP_Flow 19-4830] Duplicate Interface found for 'xilinx.com:display_xdma:pcie4_us_plus_transceiver_debug:1.0'. The one found in location '/home/uni/project/smartssd/host_file_sum64/_x/link/vivado/vpl/.local/hw_platform/iprepo/ipdefs/other_ipdefs/xdma_v4_1/interfaces/pcie4_us_plus_transceiver_debug.xml' will take precedence over the same Interface in location '/home/dess/workspace/Xilinx/Vivado/2022.2/data/ip/xilinx/qdma_v5_0/interfaces/pcie4_us_plus_transceiver_debug.xml'
WARNING: [IP_Flow 19-4830] Duplicate Interface found for 'xilinx.com:display_xdma:pcie_debug:1.0'. The one found in location '/home/uni/project/smartssd/host_file_sum64/_x/link/vivado/vpl/.local/hw_platform/iprepo/ipdefs/other_ipdefs/xdma_v4_1/interfaces/pcie_debug.xml' will take precedence over the same Interface in location '/home/dess/workspace/Xilinx/Vivado/2022.2/data/ip/xilinx/qdma_v5_0/interfaces/pcie_debug.xml'
WARNING: [IP_Flow 19-4830] Duplicate Interface found for 'xilinx.com:display_xdma:xdma_status_ports:1.0'. The one found in location '/home/uni/project/smartssd/host_file_sum64/_x/link/vivado/vpl/.local/hw_platform/iprepo/ipdefs/other_ipdefs/xdma_v4_1/interfaces/xdma_status_ports.xml' will take precedence over the same Interface in location '/home/dess/workspace/Xilinx/Vivado/2022.2/data/ip/xilinx/qdma_v5_0/interfaces/xdma_status_ports.xml'
WARNING: [IP_Flow 19-4830] Duplicate Interface found for 'xilinx.com:display_xdma:ext_shared_logic:1.0'. The one found in location '/home/uni/project/smartssd/host_file_sum64/_x/link/vivado/vpl/.local/hw_platform/iprepo/ipdefs/other_ipdefs/xdma_v4_1/interfaces/pcie3_us_ext_shared_logic.xml' will take precedence over the same Interface in location '/home/dess/workspace/Xilinx/Vivado/2022.2/data/ip/xilinx/xdma_v4_1/interfaces/pcie3_us_ext_shared_logic.xml'
WARNING: [IP_Flow 19-4830] Duplicate Interface found for 'xilinx.com:display_qdma:usr_flr:1.0'. The one found in location '/home/uni/project/smartssd/host_file_sum64/_x/link/vivado/vpl/.local/hw_platform/iprepo/ipdefs/other_ipdefs/xdma_v4_1/interfaces/usr_flr.xml' will take precedence over the same Interface in location '/home/dess/workspace/Xilinx/Vivado/2022.2/data/ip/xilinx/xdma_v4_1/interfaces/usr_flr.xml'
WARNING: [IP_Flow 19-4830] Duplicate Interface found for 'xilinx.com:display_pcie4_uscaleplus:int_gtcom:1.0'. The one found in location '/home/uni/project/smartssd/host_file_sum64/_x/link/vivado/vpl/.local/hw_platform/iprepo/ipdefs/other_ipdefs/xdma_v4_1/interfaces/pcie4_usp_int_gtcom.xml' will take precedence over the same Interface in location '/home/dess/workspace/Xilinx/Vivado/2022.2/data/ip/xilinx/pcie4_uscale_plus_v1_3/interfaces/pcie4_usp_int_gtcom.xml'
WARNING: [IP_Flow 19-4830] Duplicate Interface found for 'xilinx.com:display_xdma:dsc_bypass:1.0'. The one found in location '/home/uni/project/smartssd/host_file_sum64/_x/link/vivado/vpl/.local/hw_platform/iprepo/ipdefs/other_ipdefs/xdma_v4_1/interfaces/dsc_bypass.xml' will take precedence over the same Interface in location '/home/dess/workspace/Xilinx/Vivado/2022.2/data/ip/xilinx/xdma_v4_1/interfaces/dsc_bypass.xml'
WARNING: [IP_Flow 19-4830] Duplicate Interface found for 'xilinx.com:display_pcie4_uscaleplus:transceiver_debug:1.0'. The one found in location '/home/uni/project/smartssd/host_file_sum64/_x/link/vivado/vpl/.local/hw_platform/iprepo/ipdefs/other_ipdefs/pcie4_uscale_plus_v1_3/interfaces/transceiver_debug.xml' will take precedence over the same Interface in location '/home/dess/workspace/Xilinx/Vivado/2022.2/data/ip/xilinx/pcie4_uscale_plus_v1_3/interfaces/transceiver_debug.xml'
WARNING: [IP_Flow 19-4830] Duplicate Interface found for 'xilinx.com:display_pcie4:pcie4_cfg_external_msix:1.0'. The one found in location '/home/uni/project/smartssd/host_file_sum64/_x/link/vivado/vpl/.local/hw_platform/iprepo/ipdefs/other_ipdefs/pcie4_uscale_plus_v1_3/interfaces/pcie4_cfg_ext_msix.xml' will take precedence over the same Interface in location '/home/dess/workspace/Xilinx/Vivado/2022.2/data/ip/xilinx/pcie4_uscale_plus_v1_3/interfaces/pcie4_cfg_ext_msix.xml'
WARNING: [IP_Flow 19-4830] Duplicate Interface found for 'xilinx.com:display_pcie4:pcie4_cfg_msix_internal:1.0'. The one found in location '/home/uni/project/smartssd/host_file_sum64/_x/link/vivado/vpl/.local/hw_platform/iprepo/ipdefs/other_ipdefs/pcie4_uscale_plus_v1_3/interfaces/pcie4_cfg_msix_int.xml' will take precedence over the same Interface in location '/home/dess/workspace/Xilinx/Vivado/2022.2/data/ip/xilinx/pcie4_uscale_plus_v1_3/interfaces/pcie4_cfg_msix_int.xml'
WARNING: [IP_Flow 19-4830] Duplicate Interface found for 'xilinx.com:display_pcie4:pcie4_rbar:1.0'. The one found in location '/home/uni/project/smartssd/host_file_sum64/_x/link/vivado/vpl/.local/hw_platform/iprepo/ipdefs/other_ipdefs/pcie4_uscale_plus_v1_3/interfaces/pcie4_rbar.xml' will take precedence over the same Interface in location '/home/dess/workspace/Xilinx/Vivado/2022.2/data/ip/xilinx/pcie4_uscale_plus_v1_3/interfaces/pcie4_rbar.xml'
WARNING: [IP_Flow 19-4830] Duplicate Interface found for 'xilinx.com:display_pcie4:pcie4_cfg_control:1.0'. The one found in location '/home/uni/project/smartssd/host_file_sum64/_x/link/vivado/vpl/.local/hw_platform/iprepo/ipdefs/other_ipdefs/pcie4_uscale_plus_v1_3/interfaces/pcie4_cfg_control.xml' will take precedence over the same Interface in location '/home/dess/workspace/Xilinx/Vivado/2022.2/data/ip/xilinx/pcie4_uscale_plus_v1_3/interfaces/pcie4_cfg_control.xml'
WARNING: [IP_Flow 19-4830] Duplicate Interface found for 'xilinx.com:display_pcie4:pcie4_cfg_mgmt:1.0'. The one found in location '/home/uni/project/smartssd/host_file_sum64/_x/link/vivado/vpl/.local/hw_platform/iprepo/ipdefs/other_ipdefs/pcie4_uscale_plus_v1_3/interfaces/pcie4_cfg_mgmt.xml' will take precedence over the same Interface in location '/home/dess/workspace/Xilinx/Vivado/2022.2/data/ip/xilinx/pcie4_uscale_plus_v1_3/interfaces/pcie4_cfg_mgmt.xml'
WARNING: [IP_Flow 19-4830] Duplicate Interface found for 'xilinx.com:display_pcie4:pcie4_pl:1.0'. The one found in location '/home/uni/project/smartssd/host_file_sum64/_x/link/vivado/vpl/.local/hw_platform/iprepo/ipdefs/other_ipdefs/pcie4_uscale_plus_v1_3/interfaces/pcie4_pl.xml' will take precedence over the same Interface in location '/home/dess/workspace/Xilinx/Vivado/2022.2/data/ip/xilinx/pcie4_uscale_plus_v1_3/interfaces/pcie4_pl.xml'
WARNING: [IP_Flow 19-4830] Duplicate Interface found for 'xilinx.com:display_pcie4:pcie4_cfg_status:1.0'. The one found in location '/home/uni/project/smartssd/host_file_sum64/_x/link/vivado/vpl/.local/hw_platform/iprepo/ipdefs/other_ipdefs/pcie4_uscale_plus_v1_3/interfaces/pcie4_cfg_status.xml' will take precedence over the same Interface in location '/home/dess/workspace/Xilinx/Vivado/2022.2/data/ip/xilinx/pcie4_uscale_plus_v1_3/interfaces/pcie4_cfg_status.xml'
WARNING: [IP_Flow 19-4830] Duplicate Interface found for 'xilinx.com:display_pcie4:pcie4_pcie_id:1.0'. The one found in location '/home/uni/project/smartssd/host_file_sum64/_x/link/vivado/vpl/.local/hw_platform/iprepo/ipdefs/other_ipdefs/pcie4_uscale_plus_v1_3/interfaces/pcie4_pcie_id.xml' will take precedence over the same Interface in location '/home/dess/workspace/Xilinx/Vivado/2022.2/data/ip/xilinx/pcie4_uscale_plus_v1_3/interfaces/pcie4_pcie_id.xml'
WARNING: [IP_Flow 19-4830] Duplicate Interface found for 'xilinx.com:display_pcie4:pcie4_cfg_msix_external:1.0'. The one found in location '/home/uni/project/smartssd/host_file_sum64/_x/link/vivado/vpl/.local/hw_platform/iprepo/ipdefs/other_ipdefs/pcie4_uscale_plus_v1_3/interfaces/pcie4_cfg_msix.xml' will take precedence over the same Interface in location '/home/dess/workspace/Xilinx/Vivado/2022.2/data/ip/xilinx/pcie4_uscale_plus_v1_3/interfaces/pcie4_cfg_msix.xml'
WARNING: [IP_Flow 19-4830] Duplicate Interface found for 'xilinx.com:display_pcie4:pcie4_cfg_pm:1.0'. The one found in location '/home/uni/project/smartssd/host_file_sum64/_x/link/vivado/vpl/.local/hw_platform/iprepo/ipdefs/other_ipdefs/pcie4_uscale_plus_v1_3/interfaces/pcie4_cfg_pm.xml' will take precedence over the same Interface in location '/home/dess/workspace/Xilinx/Vivado/2022.2/data/ip/xilinx/pcie4_uscale_plus_v1_3/interfaces/pcie4_cfg_pm.xml'
WARNING: [IP_Flow 19-4830] Duplicate Interface found for 'xilinx.com:display_pcie4:pcie4_drp:1.0'. The one found in location '/home/uni/project/smartssd/host_file_sum64/_x/link/vivado/vpl/.local/hw_platform/iprepo/ipdefs/other_ipdefs/pcie4_uscale_plus_v1_3/interfaces/pcie4_drp.xml' will take precedence over the same Interface in location '/home/dess/workspace/Xilinx/Vivado/2022.2/data/ip/xilinx/pcie4_uscale_plus_v1_3/interfaces/pcie4_drp.xml'
INFO: [IP_Flow 19-6924] IPCACHE: Running cache check for IP inst: bd_0349_xsdbm_0
Command: synth_design -top bd_0349_xsdbm_0 -part xcku15p-ffva1156-2LV-e -incremental_mode off -mode out_of_context
Starting synth_design
Attempting to get a license for feature 'Synthesis' and/or device 'xcku15p'
INFO: [Common 17-349] Got license for feature 'Synthesis' and/or device 'xcku15p'
INFO: [Device 21-403] Loading part xcku15p-ffva1156-2LV-e
INFO: [Synth 8-7079] Multithreading enabled for synth_design using a maximum of 1 processes.
INFO: [Synth 8-7078] Launching helper process for spawning children vivado processes
INFO: [Synth 8-7075] Helper process launched with PID 2247051
INFO: [Synth 8-11241] undeclared symbol 'REGCCE', assumed default net type 'wire' [/home/dess/workspace/Xilinx/Vivado/2022.2/data/verilog/src/unimacro/BRAM_SINGLE_MACRO.v:2170]
INFO: [Synth 8-11241] undeclared symbol 'rddata_rst_i', assumed default net type 'wire' [/home/uni/project/smartssd/host_file_sum64/_x/link/vivado/vpl/prj/prj.gen/my_rm/bd/ulp/ipshared/b205/hdl/xsdbm_v3_0_vl_rfs.v:2188]
INFO: [Synth 8-11241] undeclared symbol 'datard_overflow', assumed default net type 'wire' [/home/uni/project/smartssd/host_file_sum64/_x/link/vivado/vpl/prj/prj.gen/my_rm/bd/ulp/ipshared/b205/hdl/xsdbm_v3_0_vl_rfs.v:2235]
INFO: [Synth 8-11241] undeclared symbol 'datard_underflow', assumed default net type 'wire' [/home/uni/project/smartssd/host_file_sum64/_x/link/vivado/vpl/prj/prj.gen/my_rm/bd/ulp/ipshared/b205/hdl/xsdbm_v3_0_vl_rfs.v:2236]
INFO: [Synth 8-11241] undeclared symbol 'tms_int', assumed default net type 'wire' [/home/uni/project/smartssd/host_file_sum64/_x/link/vivado/vpl/prj/prj.gen/my_rm/bd/ulp/ipshared/b205/hdl/xsdbm_v3_0_vl_rfs.v:6379]
INFO: [Synth 8-11241] undeclared symbol 'runtest_int', assumed default net type 'wire' [/home/uni/project/smartssd/host_file_sum64/_x/link/vivado/vpl/prj/prj.gen/my_rm/bd/ulp/ipshared/b205/hdl/xsdbm_v3_0_vl_rfs.v:6381]
INFO: [Synth 8-11241] undeclared symbol 'tms_int', assumed default net type 'wire' [/home/uni/project/smartssd/host_file_sum64/_x/link/vivado/vpl/prj/prj.gen/my_rm/bd/ulp/ipshared/b205/hdl/xsdbm_v3_0_vl_rfs.v:6412]
INFO: [Synth 8-11241] undeclared symbol 'runtest_int', assumed default net type 'wire' [/home/uni/project/smartssd/host_file_sum64/_x/link/vivado/vpl/prj/prj.gen/my_rm/bd/ulp/ipshared/b205/hdl/xsdbm_v3_0_vl_rfs.v:6414]
INFO: [Synth 8-11241] undeclared symbol 'tms_int', assumed default net type 'wire' [/home/uni/project/smartssd/host_file_sum64/_x/link/vivado/vpl/prj/prj.gen/my_rm/bd/ulp/ipshared/b205/hdl/xsdbm_v3_0_vl_rfs.v:6447]
INFO: [Synth 8-11241] undeclared symbol 'runtest_int', assumed default net type 'wire' [/home/uni/project/smartssd/host_file_sum64/_x/link/vivado/vpl/prj/prj.gen/my_rm/bd/ulp/ipshared/b205/hdl/xsdbm_v3_0_vl_rfs.v:6449]
INFO: [Synth 8-11241] undeclared symbol 'tms_int', assumed default net type 'wire' [/home/uni/project/smartssd/host_file_sum64/_x/link/vivado/vpl/prj/prj.gen/my_rm/bd/ulp/ipshared/b205/hdl/verilog/xsdbm_v3_0_0_bs_core_ext.vh:30]
INFO: [Synth 8-11241] undeclared symbol 'runtest_int', assumed default net type 'wire' [/home/uni/project/smartssd/host_file_sum64/_x/link/vivado/vpl/prj/prj.gen/my_rm/bd/ulp/ipshared/b205/hdl/verilog/xsdbm_v3_0_0_bs_core_ext.vh:32]
INFO: [Synth 8-11241] undeclared symbol 'tms_int', assumed default net type 'wire' [/home/uni/project/smartssd/host_file_sum64/_x/link/vivado/vpl/prj/prj.gen/my_rm/bd/ulp/ipshared/b205/hdl/verilog/xsdbm_v3_0_0_bs_core_ext.vh:69]
INFO: [Synth 8-11241] undeclared symbol 'runtest_int', assumed default net type 'wire' [/home/uni/project/smartssd/host_file_sum64/_x/link/vivado/vpl/prj/prj.gen/my_rm/bd/ulp/ipshared/b205/hdl/verilog/xsdbm_v3_0_0_bs_core_ext.vh:71]
INFO: [Synth 8-11241] undeclared symbol 'tms_int', assumed default net type 'wire' [/home/uni/project/smartssd/host_file_sum64/_x/link/vivado/vpl/prj/prj.gen/my_rm/bd/ulp/ipshared/b205/hdl/verilog/xsdbm_v3_0_0_bs_core_ext.vh:109]
INFO: [Synth 8-11241] undeclared symbol 'runtest_int', assumed default net type 'wire' [/home/uni/project/smartssd/host_file_sum64/_x/link/vivado/vpl/prj/prj.gen/my_rm/bd/ulp/ipshared/b205/hdl/verilog/xsdbm_v3_0_0_bs_core_ext.vh:111]
INFO: [Synth 8-11241] undeclared symbol 'tms_int', assumed default net type 'wire' [/home/uni/project/smartssd/host_file_sum64/_x/link/vivado/vpl/prj/prj.gen/my_rm/bd/ulp/ipshared/b205/hdl/verilog/xsdbm_v3_0_0_bs_core_ext.vh:150]
INFO: [Synth 8-11241] undeclared symbol 'runtest_int', assumed default net type 'wire' [/home/uni/project/smartssd/host_file_sum64/_x/link/vivado/vpl/prj/prj.gen/my_rm/bd/ulp/ipshared/b205/hdl/verilog/xsdbm_v3_0_0_bs_core_ext.vh:152]
INFO: [Synth 8-11241] undeclared symbol 'tms_int', assumed default net type 'wire' [/home/uni/project/smartssd/host_file_sum64/_x/link/vivado/vpl/prj/prj.gen/my_rm/bd/ulp/ipshared/b205/hdl/verilog/xsdbm_v3_0_0_bs_core_ext.vh:192]
INFO: [Synth 8-11241] undeclared symbol 'runtest_int', assumed default net type 'wire' [/home/uni/project/smartssd/host_file_sum64/_x/link/vivado/vpl/prj/prj.gen/my_rm/bd/ulp/ipshared/b205/hdl/verilog/xsdbm_v3_0_0_bs_core_ext.vh:194]
INFO: [Synth 8-11241] undeclared symbol 'tms_int', assumed default net type 'wire' [/home/uni/project/smartssd/host_file_sum64/_x/link/vivado/vpl/prj/prj.gen/my_rm/bd/ulp/ipshared/b205/hdl/verilog/xsdbm_v3_0_0_bs_core_ext.vh:235]
INFO: [Synth 8-11241] undeclared symbol 'runtest_int', assumed default net type 'wire' [/home/uni/project/smartssd/host_file_sum64/_x/link/vivado/vpl/prj/prj.gen/my_rm/bd/ulp/ipshared/b205/hdl/verilog/xsdbm_v3_0_0_bs_core_ext.vh:237]
INFO: [Synth 8-11241] undeclared symbol 'tms_int', assumed default net type 'wire' [/home/uni/project/smartssd/host_file_sum64/_x/link/vivado/vpl/prj/prj.gen/my_rm/bd/ulp/ipshared/b205/hdl/verilog/xsdbm_v3_0_0_bs_core_ext.vh:279]
INFO: [Synth 8-11241] undeclared symbol 'runtest_int', assumed default net type 'wire' [/home/uni/project/smartssd/host_file_sum64/_x/link/vivado/vpl/prj/prj.gen/my_rm/bd/ulp/ipshared/b205/hdl/verilog/xsdbm_v3_0_0_bs_core_ext.vh:281]
INFO: [Synth 8-11241] undeclared symbol 'tms_int', assumed default net type 'wire' [/home/uni/project/smartssd/host_file_sum64/_x/link/vivado/vpl/prj/prj.gen/my_rm/bd/ulp/ipshared/b205/hdl/verilog/xsdbm_v3_0_0_bs_core_ext.vh:324]
INFO: [Synth 8-11241] undeclared symbol 'runtest_int', assumed default net type 'wire' [/home/uni/project/smartssd/host_file_sum64/_x/link/vivado/vpl/prj/prj.gen/my_rm/bd/ulp/ipshared/b205/hdl/verilog/xsdbm_v3_0_0_bs_core_ext.vh:326]
INFO: [Synth 8-11241] undeclared symbol 'tms_int', assumed default net type 'wire' [/home/uni/project/smartssd/host_file_sum64/_x/link/vivado/vpl/prj/prj.gen/my_rm/bd/ulp/ipshared/b205/hdl/verilog/xsdbm_v3_0_0_bs_core_ext.vh:370]
INFO: [Synth 8-11241] undeclared symbol 'runtest_int', assumed default net type 'wire' [/home/uni/project/smartssd/host_file_sum64/_x/link/vivado/vpl/prj/prj.gen/my_rm/bd/ulp/ipshared/b205/hdl/verilog/xsdbm_v3_0_0_bs_core_ext.vh:372]
INFO: [Synth 8-11241] undeclared symbol 'tms_int', assumed default net type 'wire' [/home/uni/project/smartssd/host_file_sum64/_x/link/vivado/vpl/prj/prj.gen/my_rm/bd/ulp/ipshared/b205/hdl/verilog/xsdbm_v3_0_0_bs_core_ext.vh:417]
INFO: [Synth 8-11241] undeclared symbol 'runtest_int', assumed default net type 'wire' [/home/uni/project/smartssd/host_file_sum64/_x/link/vivado/vpl/prj/prj.gen/my_rm/bd/ulp/ipshared/b205/hdl/verilog/xsdbm_v3_0_0_bs_core_ext.vh:419]
INFO: [Synth 8-11241] undeclared symbol 'tms_int', assumed default net type 'wire' [/home/uni/project/smartssd/host_file_sum64/_x/link/vivado/vpl/prj/prj.gen/my_rm/bd/ulp/ipshared/b205/hdl/verilog/xsdbm_v3_0_0_bs_core_ext.vh:465]
INFO: [Synth 8-11241] undeclared symbol 'runtest_int', assumed default net type 'wire' [/home/uni/project/smartssd/host_file_sum64/_x/link/vivado/vpl/prj/prj.gen/my_rm/bd/ulp/ipshared/b205/hdl/verilog/xsdbm_v3_0_0_bs_core_ext.vh:467]
INFO: [Synth 8-11241] undeclared symbol 'tms_int', assumed default net type 'wire' [/home/uni/project/smartssd/host_file_sum64/_x/link/vivado/vpl/prj/prj.gen/my_rm/bd/ulp/ipshared/b205/hdl/verilog/xsdbm_v3_0_0_bs_core_ext.vh:514]
INFO: [Synth 8-11241] undeclared symbol 'runtest_int', assumed default net type 'wire' [/home/uni/project/smartssd/host_file_sum64/_x/link/vivado/vpl/prj/prj.gen/my_rm/bd/ulp/ipshared/b205/hdl/verilog/xsdbm_v3_0_0_bs_core_ext.vh:516]
INFO: [Synth 8-11241] undeclared symbol 'tms_int', assumed default net type 'wire' [/home/uni/project/smartssd/host_file_sum64/_x/link/vivado/vpl/prj/prj.gen/my_rm/bd/ulp/ipshared/b205/hdl/verilog/xsdbm_v3_0_0_bs_core_ext.vh:564]
INFO: [Synth 8-11241] undeclared symbol 'runtest_int', assumed default net type 'wire' [/home/uni/project/smartssd/host_file_sum64/_x/link/vivado/vpl/prj/prj.gen/my_rm/bd/ulp/ipshared/b205/hdl/verilog/xsdbm_v3_0_0_bs_core_ext.vh:566]
INFO: [Synth 8-11241] undeclared symbol 'tms_int', assumed default net type 'wire' [/home/uni/project/smartssd/host_file_sum64/_x/link/vivado/vpl/prj/prj.gen/my_rm/bd/ulp/ipshared/b205/hdl/verilog/xsdbm_v3_0_0_bs_core_ext.vh:615]
INFO: [Synth 8-11241] undeclared symbol 'runtest_int', assumed default net type 'wire' [/home/uni/project/smartssd/host_file_sum64/_x/link/vivado/vpl/prj/prj.gen/my_rm/bd/ulp/ipshared/b205/hdl/verilog/xsdbm_v3_0_0_bs_core_ext.vh:617]
INFO: [Synth 8-11241] undeclared symbol 'tms_int', assumed default net type 'wire' [/home/uni/project/smartssd/host_file_sum64/_x/link/vivado/vpl/prj/prj.gen/my_rm/bd/ulp/ipshared/b205/hdl/xsdbm_v3_0_vl_rfs.v:6554]
INFO: [Synth 8-11241] undeclared symbol 'runtest_int', assumed default net type 'wire' [/home/uni/project/smartssd/host_file_sum64/_x/link/vivado/vpl/prj/prj.gen/my_rm/bd/ulp/ipshared/b205/hdl/xsdbm_v3_0_vl_rfs.v:6556]
INFO: [Synth 8-11241] undeclared symbol 'tms_int', assumed default net type 'wire' [/home/uni/project/smartssd/host_file_sum64/_x/link/vivado/vpl/prj/prj.gen/my_rm/bd/ulp/ipshared/b205/hdl/xsdbm_v3_0_vl_rfs.v:6589]
INFO: [Synth 8-11241] undeclared symbol 'runtest_int', assumed default net type 'wire' [/home/uni/project/smartssd/host_file_sum64/_x/link/vivado/vpl/prj/prj.gen/my_rm/bd/ulp/ipshared/b205/hdl/xsdbm_v3_0_vl_rfs.v:6591]
INFO: [Synth 8-11241] undeclared symbol 'tms_int', assumed default net type 'wire' [/home/uni/project/smartssd/host_file_sum64/_x/link/vivado/vpl/prj/prj.gen/my_rm/bd/ulp/ipshared/b205/hdl/verilog/xsdbm_v3_0_0_bs_core.vh:30]
INFO: [Synth 8-11241] undeclared symbol 'runtest_int', assumed default net type 'wire' [/home/uni/project/smartssd/host_file_sum64/_x/link/vivado/vpl/prj/prj.gen/my_rm/bd/ulp/ipshared/b205/hdl/verilog/xsdbm_v3_0_0_bs_core.vh:32]
INFO: [Synth 8-11241] undeclared symbol 'tms_int', assumed default net type 'wire' [/home/uni/project/smartssd/host_file_sum64/_x/link/vivado/vpl/prj/prj.gen/my_rm/bd/ulp/ipshared/b205/hdl/verilog/xsdbm_v3_0_0_bs_core.vh:69]
INFO: [Synth 8-11241] undeclared symbol 'runtest_int', assumed default net type 'wire' [/home/uni/project/smartssd/host_file_sum64/_x/link/vivado/vpl/prj/prj.gen/my_rm/bd/ulp/ipshared/b205/hdl/verilog/xsdbm_v3_0_0_bs_core.vh:71]
INFO: [Synth 8-11241] undeclared symbol 'tms_int', assumed default net type 'wire' [/home/uni/project/smartssd/host_file_sum64/_x/link/vivado/vpl/prj/prj.gen/my_rm/bd/ulp/ipshared/b205/hdl/verilog/xsdbm_v3_0_0_bs_core.vh:109]
INFO: [Synth 8-11241] undeclared symbol 'runtest_int', assumed default net type 'wire' [/home/uni/project/smartssd/host_file_sum64/_x/link/vivado/vpl/prj/prj.gen/my_rm/bd/ulp/ipshared/b205/hdl/verilog/xsdbm_v3_0_0_bs_core.vh:111]
INFO: [Synth 8-11241] undeclared symbol 'tms_int', assumed default net type 'wire' [/home/uni/project/smartssd/host_file_sum64/_x/link/vivado/vpl/prj/prj.gen/my_rm/bd/ulp/ipshared/b205/hdl/verilog/xsdbm_v3_0_0_bs_core.vh:150]
INFO: [Synth 8-11241] undeclared symbol 'runtest_int', assumed default net type 'wire' [/home/uni/project/smartssd/host_file_sum64/_x/link/vivado/vpl/prj/prj.gen/my_rm/bd/ulp/ipshared/b205/hdl/verilog/xsdbm_v3_0_0_bs_core.vh:152]
INFO: [Synth 8-11241] undeclared symbol 'tms_int', assumed default net type 'wire' [/home/uni/project/smartssd/host_file_sum64/_x/link/vivado/vpl/prj/prj.gen/my_rm/bd/ulp/ipshared/b205/hdl/verilog/xsdbm_v3_0_0_bs_core.vh:192]
INFO: [Synth 8-11241] undeclared symbol 'runtest_int', assumed default net type 'wire' [/home/uni/project/smartssd/host_file_sum64/_x/link/vivado/vpl/prj/prj.gen/my_rm/bd/ulp/ipshared/b205/hdl/verilog/xsdbm_v3_0_0_bs_core.vh:194]
INFO: [Synth 8-11241] undeclared symbol 'tms_int', assumed default net type 'wire' [/home/uni/project/smartssd/host_file_sum64/_x/link/vivado/vpl/prj/prj.gen/my_rm/bd/ulp/ipshared/b205/hdl/verilog/xsdbm_v3_0_0_bs_core.vh:235]
INFO: [Synth 8-11241] undeclared symbol 'runtest_int', assumed default net type 'wire' [/home/uni/project/smartssd/host_file_sum64/_x/link/vivado/vpl/prj/prj.gen/my_rm/bd/ulp/ipshared/b205/hdl/verilog/xsdbm_v3_0_0_bs_core.vh:237]
INFO: [Synth 8-11241] undeclared symbol 'tms_int', assumed default net type 'wire' [/home/uni/project/smartssd/host_file_sum64/_x/link/vivado/vpl/prj/prj.gen/my_rm/bd/ulp/ipshared/b205/hdl/verilog/xsdbm_v3_0_0_bs_core.vh:279]
INFO: [Synth 8-11241] undeclared symbol 'runtest_int', assumed default net type 'wire' [/home/uni/project/smartssd/host_file_sum64/_x/link/vivado/vpl/prj/prj.gen/my_rm/bd/ulp/ipshared/b205/hdl/verilog/xsdbm_v3_0_0_bs_core.vh:281]
INFO: [Synth 8-11241] undeclared symbol 'tms_int', assumed default net type 'wire' [/home/uni/project/smartssd/host_file_sum64/_x/link/vivado/vpl/prj/prj.gen/my_rm/bd/ulp/ipshared/b205/hdl/verilog/xsdbm_v3_0_0_bs_core.vh:324]
INFO: [Synth 8-11241] undeclared symbol 'runtest_int', assumed default net type 'wire' [/home/uni/project/smartssd/host_file_sum64/_x/link/vivado/vpl/prj/prj.gen/my_rm/bd/ulp/ipshared/b205/hdl/verilog/xsdbm_v3_0_0_bs_core.vh:326]
INFO: [Synth 8-11241] undeclared symbol 'tms_int', assumed default net type 'wire' [/home/uni/project/smartssd/host_file_sum64/_x/link/vivado/vpl/prj/prj.gen/my_rm/bd/ulp/ipshared/b205/hdl/verilog/xsdbm_v3_0_0_bs_core.vh:370]
INFO: [Synth 8-11241] undeclared symbol 'runtest_int', assumed default net type 'wire' [/home/uni/project/smartssd/host_file_sum64/_x/link/vivado/vpl/prj/prj.gen/my_rm/bd/ulp/ipshared/b205/hdl/verilog/xsdbm_v3_0_0_bs_core.vh:372]
INFO: [Synth 8-11241] undeclared symbol 'tms_int', assumed default net type 'wire' [/home/uni/project/smartssd/host_file_sum64/_x/link/vivado/vpl/prj/prj.gen/my_rm/bd/ulp/ipshared/b205/hdl/verilog/xsdbm_v3_0_0_bs_core.vh:417]
INFO: [Synth 8-11241] undeclared symbol 'runtest_int', assumed default net type 'wire' [/home/uni/project/smartssd/host_file_sum64/_x/link/vivado/vpl/prj/prj.gen/my_rm/bd/ulp/ipshared/b205/hdl/verilog/xsdbm_v3_0_0_bs_core.vh:419]
INFO: [Synth 8-11241] undeclared symbol 'tms_int', assumed default net type 'wire' [/home/uni/project/smartssd/host_file_sum64/_x/link/vivado/vpl/prj/prj.gen/my_rm/bd/ulp/ipshared/b205/hdl/verilog/xsdbm_v3_0_0_bs_core.vh:465]
INFO: [Synth 8-11241] undeclared symbol 'runtest_int', assumed default net type 'wire' [/home/uni/project/smartssd/host_file_sum64/_x/link/vivado/vpl/prj/prj.gen/my_rm/bd/ulp/ipshared/b205/hdl/verilog/xsdbm_v3_0_0_bs_core.vh:467]
INFO: [Synth 8-11241] undeclared symbol 'tms_int', assumed default net type 'wire' [/home/uni/project/smartssd/host_file_sum64/_x/link/vivado/vpl/prj/prj.gen/my_rm/bd/ulp/ipshared/b205/hdl/verilog/xsdbm_v3_0_0_bs_core.vh:514]
INFO: [Synth 8-11241] undeclared symbol 'runtest_int', assumed default net type 'wire' [/home/uni/project/smartssd/host_file_sum64/_x/link/vivado/vpl/prj/prj.gen/my_rm/bd/ulp/ipshared/b205/hdl/verilog/xsdbm_v3_0_0_bs_core.vh:516]
INFO: [Synth 8-11241] undeclared symbol 'tms_int', assumed default net type 'wire' [/home/uni/project/smartssd/host_file_sum64/_x/link/vivado/vpl/prj/prj.gen/my_rm/bd/ulp/ipshared/b205/hdl/verilog/xsdbm_v3_0_0_bs_core.vh:564]
INFO: [Synth 8-11241] undeclared symbol 'runtest_int', assumed default net type 'wire' [/home/uni/project/smartssd/host_file_sum64/_x/link/vivado/vpl/prj/prj.gen/my_rm/bd/ulp/ipshared/b205/hdl/verilog/xsdbm_v3_0_0_bs_core.vh:566]
INFO: [Synth 8-11241] undeclared symbol 'tms_int', assumed default net type 'wire' [/home/uni/project/smartssd/host_file_sum64/_x/link/vivado/vpl/prj/prj.gen/my_rm/bd/ulp/ipshared/b205/hdl/verilog/xsdbm_v3_0_0_bs_core.vh:615]
INFO: [Synth 8-11241] undeclared symbol 'runtest_int', assumed default net type 'wire' [/home/uni/project/smartssd/host_file_sum64/_x/link/vivado/vpl/prj/prj.gen/my_rm/bd/ulp/ipshared/b205/hdl/verilog/xsdbm_v3_0_0_bs_core.vh:617]
INFO: [Synth 8-11241] undeclared symbol 'tms_int', assumed default net type 'wire' [/home/uni/project/smartssd/host_file_sum64/_x/link/vivado/vpl/prj/prj.gen/my_rm/bd/ulp/ipshared/b205/hdl/xsdbm_v3_0_vl_rfs.v:10347]
INFO: [Synth 8-11241] undeclared symbol 'runtest_int', assumed default net type 'wire' [/home/uni/project/smartssd/host_file_sum64/_x/link/vivado/vpl/prj/prj.gen/my_rm/bd/ulp/ipshared/b205/hdl/xsdbm_v3_0_vl_rfs.v:10349]
INFO: [Synth 8-11241] undeclared symbol 'tms_int', assumed default net type 'wire' [/home/uni/project/smartssd/host_file_sum64/_x/link/vivado/vpl/prj/prj.gen/my_rm/bd/ulp/ipshared/b205/hdl/xsdbm_v3_0_vl_rfs.v:10380]
INFO: [Synth 8-11241] undeclared symbol 'runtest_int', assumed default net type 'wire' [/home/uni/project/smartssd/host_file_sum64/_x/link/vivado/vpl/prj/prj.gen/my_rm/bd/ulp/ipshared/b205/hdl/xsdbm_v3_0_vl_rfs.v:10382]
INFO: [Synth 8-11241] undeclared symbol 'tms_int', assumed default net type 'wire' [/home/uni/project/smartssd/host_file_sum64/_x/link/vivado/vpl/prj/prj.gen/my_rm/bd/ulp/ipshared/b205/hdl/xsdbm_v3_0_vl_rfs.v:10413]
INFO: [Synth 8-11241] undeclared symbol 'runtest_int', assumed default net type 'wire' [/home/uni/project/smartssd/host_file_sum64/_x/link/vivado/vpl/prj/prj.gen/my_rm/bd/ulp/ipshared/b205/hdl/xsdbm_v3_0_vl_rfs.v:10415]
INFO: [Synth 8-11241] undeclared symbol 'tms_int', assumed default net type 'wire' [/home/uni/project/smartssd/host_file_sum64/_x/link/vivado/vpl/prj/prj.gen/my_rm/bd/ulp/ipshared/b205/hdl/verilog/xsdbm_v3_0_0_bs_core_vec.vh:30]
INFO: [Synth 8-11241] undeclared symbol 'runtest_int', assumed default net type 'wire' [/home/uni/project/smartssd/host_file_sum64/_x/link/vivado/vpl/prj/prj.gen/my_rm/bd/ulp/ipshared/b205/hdl/verilog/xsdbm_v3_0_0_bs_core_vec.vh:32]
INFO: [Synth 8-11241] undeclared symbol 'tms_int', assumed default net type 'wire' [/home/uni/project/smartssd/host_file_sum64/_x/link/vivado/vpl/prj/prj.gen/my_rm/bd/ulp/ipshared/b205/hdl/verilog/xsdbm_v3_0_0_bs_core_vec.vh:65]
INFO: [Synth 8-11241] undeclared symbol 'runtest_int', assumed default net type 'wire' [/home/uni/project/smartssd/host_file_sum64/_x/link/vivado/vpl/prj/prj.gen/my_rm/bd/ulp/ipshared/b205/hdl/verilog/xsdbm_v3_0_0_bs_core_vec.vh:67]
INFO: [Synth 8-11241] undeclared symbol 'tms_int', assumed default net type 'wire' [/home/uni/project/smartssd/host_file_sum64/_x/link/vivado/vpl/prj/prj.gen/my_rm/bd/ulp/ipshared/b205/hdl/verilog/xsdbm_v3_0_0_bs_core_vec.vh:100]
INFO: [Synth 8-11241] undeclared symbol 'runtest_int', assumed default net type 'wire' [/home/uni/project/smartssd/host_file_sum64/_x/link/vivado/vpl/prj/prj.gen/my_rm/bd/ulp/ipshared/b205/hdl/verilog/xsdbm_v3_0_0_bs_core_vec.vh:102]
INFO: [Synth 8-11241] undeclared symbol 'tms_int', assumed default net type 'wire' [/home/uni/project/smartssd/host_file_sum64/_x/link/vivado/vpl/prj/prj.gen/my_rm/bd/ulp/ipshared/b205/hdl/verilog/xsdbm_v3_0_0_bs_core_vec.vh:135]
INFO: [Synth 8-11241] undeclared symbol 'runtest_int', assumed default net type 'wire' [/home/uni/project/smartssd/host_file_sum64/_x/link/vivado/vpl/prj/prj.gen/my_rm/bd/ulp/ipshared/b205/hdl/verilog/xsdbm_v3_0_0_bs_core_vec.vh:137]
INFO: [Synth 8-11241] undeclared symbol 'tms_int', assumed default net type 'wire' [/home/uni/project/smartssd/host_file_sum64/_x/link/vivado/vpl/prj/prj.gen/my_rm/bd/ulp/ipshared/b205/hdl/verilog/xsdbm_v3_0_0_bs_core_vec.vh:170]
INFO: [Synth 8-11241] undeclared symbol 'runtest_int', assumed default net type 'wire' [/home/uni/project/smartssd/host_file_sum64/_x/link/vivado/vpl/prj/prj.gen/my_rm/bd/ulp/ipshared/b205/hdl/verilog/xsdbm_v3_0_0_bs_core_vec.vh:172]
INFO: [Synth 8-11241] undeclared symbol 'tms_int', assumed default net type 'wire' [/home/uni/project/smartssd/host_file_sum64/_x/link/vivado/vpl/prj/prj.gen/my_rm/bd/ulp/ipshared/b205/hdl/verilog/xsdbm_v3_0_0_bs_core_vec.vh:205]
INFO: [Synth 8-11241] undeclared symbol 'runtest_int', assumed default net type 'wire' [/home/uni/project/smartssd/host_file_sum64/_x/link/vivado/vpl/prj/prj.gen/my_rm/bd/ulp/ipshared/b205/hdl/verilog/xsdbm_v3_0_0_bs_core_vec.vh:207]
INFO: [Synth 8-11241] undeclared symbol 'tms_int', assumed default net type 'wire' [/home/uni/project/smartssd/host_file_sum64/_x/link/vivado/vpl/prj/prj.gen/my_rm/bd/ulp/ipshared/b205/hdl/verilog/xsdbm_v3_0_0_bs_core_vec.vh:240]
INFO: [Synth 8-11241] undeclared symbol 'runtest_int', assumed default net type 'wire' [/home/uni/project/smartssd/host_file_sum64/_x/link/vivado/vpl/prj/prj.gen/my_rm/bd/ulp/ipshared/b205/hdl/verilog/xsdbm_v3_0_0_bs_core_vec.vh:242]
INFO: [Synth 8-11241] undeclared symbol 'tms_int', assumed default net type 'wire' [/home/uni/project/smartssd/host_file_sum64/_x/link/vivado/vpl/prj/prj.gen/my_rm/bd/ulp/ipshared/b205/hdl/verilog/xsdbm_v3_0_0_bs_core_vec.vh:275]
INFO: [Synth 8-11241] undeclared symbol 'runtest_int', assumed default net type 'wire' [/home/uni/project/smartssd/host_file_sum64/_x/link/vivado/vpl/prj/prj.gen/my_rm/bd/ulp/ipshared/b205/hdl/verilog/xsdbm_v3_0_0_bs_core_vec.vh:277]
INFO: [Synth 8-11241] undeclared symbol 'tms_int', assumed default net type 'wire' [/home/uni/project/smartssd/host_file_sum64/_x/link/vivado/vpl/prj/prj.gen/my_rm/bd/ulp/ipshared/b205/hdl/verilog/xsdbm_v3_0_0_bs_core_vec.vh:310]
INFO: [Synth 8-11241] undeclared symbol 'runtest_int', assumed default net type 'wire' [/home/uni/project/smartssd/host_file_sum64/_x/link/vivado/vpl/prj/prj.gen/my_rm/bd/ulp/ipshared/b205/hdl/verilog/xsdbm_v3_0_0_bs_core_vec.vh:312]
INFO: [Synth 8-11241] undeclared symbol 'tms_int', assumed default net type 'wire' [/home/uni/project/smartssd/host_file_sum64/_x/link/vivado/vpl/prj/prj.gen/my_rm/bd/ulp/ipshared/b205/hdl/verilog/xsdbm_v3_0_0_bs_core_vec.vh:345]
INFO: [Synth 8-11241] undeclared symbol 'runtest_int', assumed default net type 'wire' [/home/uni/project/smartssd/host_file_sum64/_x/link/vivado/vpl/prj/prj.gen/my_rm/bd/ulp/ipshared/b205/hdl/verilog/xsdbm_v3_0_0_bs_core_vec.vh:347]
INFO: [Synth 8-11241] undeclared symbol 'tms_int', assumed default net type 'wire' [/home/uni/project/smartssd/host_file_sum64/_x/link/vivado/vpl/prj/prj.gen/my_rm/bd/ulp/ipshared/b205/hdl/verilog/xsdbm_v3_0_0_bs_core_vec.vh:380]
INFO: [Synth 8-11241] undeclared symbol 'runtest_int', assumed default net type 'wire' [/home/uni/project/smartssd/host_file_sum64/_x/link/vivado/vpl/prj/prj.gen/my_rm/bd/ulp/ipshared/b205/hdl/verilog/xsdbm_v3_0_0_bs_core_vec.vh:382]
INFO: [Synth 8-11241] undeclared symbol 'tms_int', assumed default net type 'wire' [/home/uni/project/smartssd/host_file_sum64/_x/link/vivado/vpl/prj/prj.gen/my_rm/bd/ulp/ipshared/b205/hdl/verilog/xsdbm_v3_0_0_bs_core_vec.vh:415]
INFO: [Synth 8-11241] undeclared symbol 'runtest_int', assumed default net type 'wire' [/home/uni/project/smartssd/host_file_sum64/_x/link/vivado/vpl/prj/prj.gen/my_rm/bd/ulp/ipshared/b205/hdl/verilog/xsdbm_v3_0_0_bs_core_vec.vh:417]
INFO: [Common 17-14] Message 'Synth 8-11241' appears 100 times and further instances of the messages will be disabled. Use the Tcl command set_msg_config to change the current settings.
---------------------------------------------------------------------------------
Starting RTL Elaboration : Time (s): cpu = 00:00:08 ; elapsed = 00:00:09 . Memory (MB): peak = 3307.102 ; gain = 279.797 ; free physical = 99370 ; free virtual = 225301
Synthesis current peak Physical Memory [PSS] (MB): peak = 2523.136; parent = 2391.897; children = 131.238
Synthesis current peak Virtual Memory [VSS] (MB): peak = 4317.961; parent = 3318.012; children = 999.949
---------------------------------------------------------------------------------
INFO: [Synth 8-6157] synthesizing module 'bd_0349_xsdbm_0' [/home/uni/project/smartssd/host_file_sum64/_x/link/vivado/vpl/prj/prj.gen/my_rm/bd/ulp/ip/ulp_debug_bridge_xsdbm_0/bd_0/ip/ip_0/synth/bd_0349_xsdbm_0.v:53]
INFO: [Synth 8-6157] synthesizing module 'FDRE' [/home/dess/workspace/Xilinx/Vivado/2022.2/scripts/rt/data/unisim_comp.v:38708]
INFO: [Synth 8-6155] done synthesizing module 'FDRE' (0#1) [/home/dess/workspace/Xilinx/Vivado/2022.2/scripts/rt/data/unisim_comp.v:38708]
INFO: [Synth 8-6155] done synthesizing module 'bd_0349_xsdbm_0' (0#1) [/home/uni/project/smartssd/host_file_sum64/_x/link/vivado/vpl/prj/prj.gen/my_rm/bd/ulp/ip/ulp_debug_bridge_xsdbm_0/bd_0/ip/ip_0/synth/bd_0349_xsdbm_0.v:53]
WARNING: [Synth 8-3848] Net update_0 in module/entity xsdbm_v3_0_0_xsdbm_id does not have driver. [/home/uni/project/smartssd/host_file_sum64/_x/link/vivado/vpl/prj/prj.gen/my_rm/bd/ulp/ipshared/b205/hdl/verilog/xsdbm_v3_0_0_bs_ports.vh:1]
WARNING: [Synth 8-3848] Net capture_0 in module/entity xsdbm_v3_0_0_xsdbm_id does not have driver. [/home/uni/project/smartssd/host_file_sum64/_x/link/vivado/vpl/prj/prj.gen/my_rm/bd/ulp/ipshared/b205/hdl/verilog/xsdbm_v3_0_0_bs_ports.vh:2]
WARNING: [Synth 8-3848] Net reset_0 in module/entity xsdbm_v3_0_0_xsdbm_id does not have driver. [/home/uni/project/smartssd/host_file_sum64/_x/link/vivado/vpl/prj/prj.gen/my_rm/bd/ulp/ipshared/b205/hdl/verilog/xsdbm_v3_0_0_bs_ports.vh:3]
WARNING: [Synth 8-3848] Net runtest_0 in module/entity xsdbm_v3_0_0_xsdbm_id does not have driver. [/home/uni/project/smartssd/host_file_sum64/_x/link/vivado/vpl/prj/prj.gen/my_rm/bd/ulp/ipshared/b205/hdl/verilog/xsdbm_v3_0_0_bs_ports.vh:4]
WARNING: [Synth 8-3848] Net tms_0 in module/entity xsdbm_v3_0_0_xsdbm_id does not have driver. [/home/uni/project/smartssd/host_file_sum64/_x/link/vivado/vpl/prj/prj.gen/my_rm/bd/ulp/ipshared/b205/hdl/verilog/xsdbm_v3_0_0_bs_ports.vh:5]
WARNING: [Synth 8-3848] Net tck_0 in module/entity xsdbm_v3_0_0_xsdbm_id does not have driver. [/home/uni/project/smartssd/host_file_sum64/_x/link/vivado/vpl/prj/prj.gen/my_rm/bd/ulp/ipshared/b205/hdl/verilog/xsdbm_v3_0_0_bs_ports.vh:6]
WARNING: [Synth 8-3848] Net tdi_0 in module/entity xsdbm_v3_0_0_xsdbm_id does not have driver. [/home/uni/project/smartssd/host_file_sum64/_x/link/vivado/vpl/prj/prj.gen/my_rm/bd/ulp/ipshared/b205/hdl/verilog/xsdbm_v3_0_0_bs_ports.vh:7]
WARNING: [Synth 8-3848] Net sel_0 in module/entity xsdbm_v3_0_0_xsdbm_id does not have driver. [/home/uni/project/smartssd/host_file_sum64/_x/link/vivado/vpl/prj/prj.gen/my_rm/bd/ulp/ipshared/b205/hdl/verilog/xsdbm_v3_0_0_bs_ports.vh:8]
WARNING: [Synth 8-3848] Net shift_0 in module/entity xsdbm_v3_0_0_xsdbm_id does not have driver. [/home/uni/project/smartssd/host_file_sum64/_x/link/vivado/vpl/prj/prj.gen/my_rm/bd/ulp/ipshared/b205/hdl/verilog/xsdbm_v3_0_0_bs_ports.vh:9]
WARNING: [Synth 8-3848] Net drck_0 in module/entity xsdbm_v3_0_0_xsdbm_id does not have driver. [/home/uni/project/smartssd/host_file_sum64/_x/link/vivado/vpl/prj/prj.gen/my_rm/bd/ulp/ipshared/b205/hdl/verilog/xsdbm_v3_0_0_bs_ports.vh:10]
WARNING: [Synth 8-3848] Net update_1 in module/entity xsdbm_v3_0_0_xsdbm_id does not have driver. [/home/uni/project/smartssd/host_file_sum64/_x/link/vivado/vpl/prj/prj.gen/my_rm/bd/ulp/ipshared/b205/hdl/verilog/xsdbm_v3_0_0_bs_ports.vh:12]
WARNING: [Synth 8-3848] Net capture_1 in module/entity xsdbm_v3_0_0_xsdbm_id does not have driver. [/home/uni/project/smartssd/host_file_sum64/_x/link/vivado/vpl/prj/prj.gen/my_rm/bd/ulp/ipshared/b205/hdl/verilog/xsdbm_v3_0_0_bs_ports.vh:13]
WARNING: [Synth 8-3848] Net reset_1 in module/entity xsdbm_v3_0_0_xsdbm_id does not have driver. [/home/uni/project/smartssd/host_file_sum64/_x/link/vivado/vpl/prj/prj.gen/my_rm/bd/ulp/ipshared/b205/hdl/verilog/xsdbm_v3_0_0_bs_ports.vh:14]
WARNING: [Synth 8-3848] Net runtest_1 in module/entity xsdbm_v3_0_0_xsdbm_id does not have driver. [/home/uni/project/smartssd/host_file_sum64/_x/link/vivado/vpl/prj/prj.gen/my_rm/bd/ulp/ipshared/b205/hdl/verilog/xsdbm_v3_0_0_bs_ports.vh:15]
WARNING: [Synth 8-3848] Net tms_1 in module/entity xsdbm_v3_0_0_xsdbm_id does not have driver. [/home/uni/project/smartssd/host_file_sum64/_x/link/vivado/vpl/prj/prj.gen/my_rm/bd/ulp/ipshared/b205/hdl/verilog/xsdbm_v3_0_0_bs_ports.vh:16]
WARNING: [Synth 8-3848] Net tck_1 in module/entity xsdbm_v3_0_0_xsdbm_id does not have driver. [/home/uni/project/smartssd/host_file_sum64/_x/link/vivado/vpl/prj/prj.gen/my_rm/bd/ulp/ipshared/b205/hdl/verilog/xsdbm_v3_0_0_bs_ports.vh:17]
WARNING: [Synth 8-3848] Net tdi_1 in module/entity xsdbm_v3_0_0_xsdbm_id does not have driver. [/home/uni/project/smartssd/host_file_sum64/_x/link/vivado/vpl/prj/prj.gen/my_rm/bd/ulp/ipshared/b205/hdl/verilog/xsdbm_v3_0_0_bs_ports.vh:18]
WARNING: [Synth 8-3848] Net sel_1 in module/entity xsdbm_v3_0_0_xsdbm_id does not have driver. [/home/uni/project/smartssd/host_file_sum64/_x/link/vivado/vpl/prj/prj.gen/my_rm/bd/ulp/ipshared/b205/hdl/verilog/xsdbm_v3_0_0_bs_ports.vh:19]
WARNING: [Synth 8-3848] Net shift_1 in module/entity xsdbm_v3_0_0_xsdbm_id does not have driver. [/home/uni/project/smartssd/host_file_sum64/_x/link/vivado/vpl/prj/prj.gen/my_rm/bd/ulp/ipshared/b205/hdl/verilog/xsdbm_v3_0_0_bs_ports.vh:20]
WARNING: [Synth 8-3848] Net drck_1 in module/entity xsdbm_v3_0_0_xsdbm_id does not have driver. [/home/uni/project/smartssd/host_file_sum64/_x/link/vivado/vpl/prj/prj.gen/my_rm/bd/ulp/ipshared/b205/hdl/verilog/xsdbm_v3_0_0_bs_ports.vh:21]
WARNING: [Synth 8-3848] Net update_2 in module/entity xsdbm_v3_0_0_xsdbm_id does not have driver. [/home/uni/project/smartssd/host_file_sum64/_x/link/vivado/vpl/prj/prj.gen/my_rm/bd/ulp/ipshared/b205/hdl/verilog/xsdbm_v3_0_0_bs_ports.vh:23]
WARNING: [Synth 8-3848] Net capture_2 in module/entity xsdbm_v3_0_0_xsdbm_id does not have driver. [/home/uni/project/smartssd/host_file_sum64/_x/link/vivado/vpl/prj/prj.gen/my_rm/bd/ulp/ipshared/b205/hdl/verilog/xsdbm_v3_0_0_bs_ports.vh:24]
WARNING: [Synth 8-3848] Net reset_2 in module/entity xsdbm_v3_0_0_xsdbm_id does not have driver. [/home/uni/project/smartssd/host_file_sum64/_x/link/vivado/vpl/prj/prj.gen/my_rm/bd/ulp/ipshared/b205/hdl/verilog/xsdbm_v3_0_0_bs_ports.vh:25]
WARNING: [Synth 8-3848] Net runtest_2 in module/entity xsdbm_v3_0_0_xsdbm_id does not have driver. [/home/uni/project/smartssd/host_file_sum64/_x/link/vivado/vpl/prj/prj.gen/my_rm/bd/ulp/ipshared/b205/hdl/verilog/xsdbm_v3_0_0_bs_ports.vh:26]
WARNING: [Synth 8-3848] Net tms_2 in module/entity xsdbm_v3_0_0_xsdbm_id does not have driver. [/home/uni/project/smartssd/host_file_sum64/_x/link/vivado/vpl/prj/prj.gen/my_rm/bd/ulp/ipshared/b205/hdl/verilog/xsdbm_v3_0_0_bs_ports.vh:27]
WARNING: [Synth 8-3848] Net tck_2 in module/entity xsdbm_v3_0_0_xsdbm_id does not have driver. [/home/uni/project/smartssd/host_file_sum64/_x/link/vivado/vpl/prj/prj.gen/my_rm/bd/ulp/ipshared/b205/hdl/verilog/xsdbm_v3_0_0_bs_ports.vh:28]
WARNING: [Synth 8-3848] Net tdi_2 in module/entity xsdbm_v3_0_0_xsdbm_id does not have driver. [/home/uni/project/smartssd/host_file_sum64/_x/link/vivado/vpl/prj/prj.gen/my_rm/bd/ulp/ipshared/b205/hdl/verilog/xsdbm_v3_0_0_bs_ports.vh:29]
WARNING: [Synth 8-3848] Net sel_2 in module/entity xsdbm_v3_0_0_xsdbm_id does not have driver. [/home/uni/project/smartssd/host_file_sum64/_x/link/vivado/vpl/prj/prj.gen/my_rm/bd/ulp/ipshared/b205/hdl/verilog/xsdbm_v3_0_0_bs_ports.vh:30]
WARNING: [Synth 8-3848] Net shift_2 in module/entity xsdbm_v3_0_0_xsdbm_id does not have driver. [/home/uni/project/smartssd/host_file_sum64/_x/link/vivado/vpl/prj/prj.gen/my_rm/bd/ulp/ipshared/b205/hdl/verilog/xsdbm_v3_0_0_bs_ports.vh:31]
WARNING: [Synth 8-3848] Net drck_2 in module/entity xsdbm_v3_0_0_xsdbm_id does not have driver. [/home/uni/project/smartssd/host_file_sum64/_x/link/vivado/vpl/prj/prj.gen/my_rm/bd/ulp/ipshared/b205/hdl/verilog/xsdbm_v3_0_0_bs_ports.vh:32]
WARNING: [Synth 8-3848] Net update_3 in module/entity xsdbm_v3_0_0_xsdbm_id does not have driver. [/home/uni/project/smartssd/host_file_sum64/_x/link/vivado/vpl/prj/prj.gen/my_rm/bd/ulp/ipshared/b205/hdl/verilog/xsdbm_v3_0_0_bs_ports.vh:34]
WARNING: [Synth 8-3848] Net capture_3 in module/entity xsdbm_v3_0_0_xsdbm_id does not have driver. [/home/uni/project/smartssd/host_file_sum64/_x/link/vivado/vpl/prj/prj.gen/my_rm/bd/ulp/ipshared/b205/hdl/verilog/xsdbm_v3_0_0_bs_ports.vh:35]
WARNING: [Synth 8-3848] Net reset_3 in module/entity xsdbm_v3_0_0_xsdbm_id does not have driver. [/home/uni/project/smartssd/host_file_sum64/_x/link/vivado/vpl/prj/prj.gen/my_rm/bd/ulp/ipshared/b205/hdl/verilog/xsdbm_v3_0_0_bs_ports.vh:36]
WARNING: [Synth 8-3848] Net runtest_3 in module/entity xsdbm_v3_0_0_xsdbm_id does not have driver. [/home/uni/project/smartssd/host_file_sum64/_x/link/vivado/vpl/prj/prj.gen/my_rm/bd/ulp/ipshared/b205/hdl/verilog/xsdbm_v3_0_0_bs_ports.vh:37]
WARNING: [Synth 8-3848] Net tms_3 in module/entity xsdbm_v3_0_0_xsdbm_id does not have driver. [/home/uni/project/smartssd/host_file_sum64/_x/link/vivado/vpl/prj/prj.gen/my_rm/bd/ulp/ipshared/b205/hdl/verilog/xsdbm_v3_0_0_bs_ports.vh:38]
WARNING: [Synth 8-3848] Net tck_3 in module/entity xsdbm_v3_0_0_xsdbm_id does not have driver. [/home/uni/project/smartssd/host_file_sum64/_x/link/vivado/vpl/prj/prj.gen/my_rm/bd/ulp/ipshared/b205/hdl/verilog/xsdbm_v3_0_0_bs_ports.vh:39]
WARNING: [Synth 8-3848] Net tdi_3 in module/entity xsdbm_v3_0_0_xsdbm_id does not have driver. [/home/uni/project/smartssd/host_file_sum64/_x/link/vivado/vpl/prj/prj.gen/my_rm/bd/ulp/ipshared/b205/hdl/verilog/xsdbm_v3_0_0_bs_ports.vh:40]
WARNING: [Synth 8-3848] Net sel_3 in module/entity xsdbm_v3_0_0_xsdbm_id does not have driver. [/home/uni/project/smartssd/host_file_sum64/_x/link/vivado/vpl/prj/prj.gen/my_rm/bd/ulp/ipshared/b205/hdl/verilog/xsdbm_v3_0_0_bs_ports.vh:41]
WARNING: [Synth 8-3848] Net shift_3 in module/entity xsdbm_v3_0_0_xsdbm_id does not have driver. [/home/uni/project/smartssd/host_file_sum64/_x/link/vivado/vpl/prj/prj.gen/my_rm/bd/ulp/ipshared/b205/hdl/verilog/xsdbm_v3_0_0_bs_ports.vh:42]
WARNING: [Synth 8-3848] Net drck_3 in module/entity xsdbm_v3_0_0_xsdbm_id does not have driver. [/home/uni/project/smartssd/host_file_sum64/_x/link/vivado/vpl/prj/prj.gen/my_rm/bd/ulp/ipshared/b205/hdl/verilog/xsdbm_v3_0_0_bs_ports.vh:43]
WARNING: [Synth 8-3848] Net update_4 in module/entity xsdbm_v3_0_0_xsdbm_id does not have driver. [/home/uni/project/smartssd/host_file_sum64/_x/link/vivado/vpl/prj/prj.gen/my_rm/bd/ulp/ipshared/b205/hdl/verilog/xsdbm_v3_0_0_bs_ports.vh:45]
WARNING: [Synth 8-3848] Net capture_4 in module/entity xsdbm_v3_0_0_xsdbm_id does not have driver. [/home/uni/project/smartssd/host_file_sum64/_x/link/vivado/vpl/prj/prj.gen/my_rm/bd/ulp/ipshared/b205/hdl/verilog/xsdbm_v3_0_0_bs_ports.vh:46]
WARNING: [Synth 8-3848] Net reset_4 in module/entity xsdbm_v3_0_0_xsdbm_id does not have driver. [/home/uni/project/smartssd/host_file_sum64/_x/link/vivado/vpl/prj/prj.gen/my_rm/bd/ulp/ipshared/b205/hdl/verilog/xsdbm_v3_0_0_bs_ports.vh:47]
WARNING: [Synth 8-3848] Net runtest_4 in module/entity xsdbm_v3_0_0_xsdbm_id does not have driver. [/home/uni/project/smartssd/host_file_sum64/_x/link/vivado/vpl/prj/prj.gen/my_rm/bd/ulp/ipshared/b205/hdl/verilog/xsdbm_v3_0_0_bs_ports.vh:48]
WARNING: [Synth 8-3848] Net tms_4 in module/entity xsdbm_v3_0_0_xsdbm_id does not have driver. [/home/uni/project/smartssd/host_file_sum64/_x/link/vivado/vpl/prj/prj.gen/my_rm/bd/ulp/ipshared/b205/hdl/verilog/xsdbm_v3_0_0_bs_ports.vh:49]
WARNING: [Synth 8-3848] Net tck_4 in module/entity xsdbm_v3_0_0_xsdbm_id does not have driver. [/home/uni/project/smartssd/host_file_sum64/_x/link/vivado/vpl/prj/prj.gen/my_rm/bd/ulp/ipshared/b205/hdl/verilog/xsdbm_v3_0_0_bs_ports.vh:50]
WARNING: [Synth 8-3848] Net tdi_4 in module/entity xsdbm_v3_0_0_xsdbm_id does not have driver. [/home/uni/project/smartssd/host_file_sum64/_x/link/vivado/vpl/prj/prj.gen/my_rm/bd/ulp/ipshared/b205/hdl/verilog/xsdbm_v3_0_0_bs_ports.vh:51]
WARNING: [Synth 8-3848] Net sel_4 in module/entity xsdbm_v3_0_0_xsdbm_id does not have driver. [/home/uni/project/smartssd/host_file_sum64/_x/link/vivado/vpl/prj/prj.gen/my_rm/bd/ulp/ipshared/b205/hdl/verilog/xsdbm_v3_0_0_bs_ports.vh:52]
WARNING: [Synth 8-3848] Net shift_4 in module/entity xsdbm_v3_0_0_xsdbm_id does not have driver. [/home/uni/project/smartssd/host_file_sum64/_x/link/vivado/vpl/prj/prj.gen/my_rm/bd/ulp/ipshared/b205/hdl/verilog/xsdbm_v3_0_0_bs_ports.vh:53]
WARNING: [Synth 8-3848] Net drck_4 in module/entity xsdbm_v3_0_0_xsdbm_id does not have driver. [/home/uni/project/smartssd/host_file_sum64/_x/link/vivado/vpl/prj/prj.gen/my_rm/bd/ulp/ipshared/b205/hdl/verilog/xsdbm_v3_0_0_bs_ports.vh:54]
WARNING: [Synth 8-3848] Net update_5 in module/entity xsdbm_v3_0_0_xsdbm_id does not have driver. [/home/uni/project/smartssd/host_file_sum64/_x/link/vivado/vpl/prj/prj.gen/my_rm/bd/ulp/ipshared/b205/hdl/verilog/xsdbm_v3_0_0_bs_ports.vh:56]
WARNING: [Synth 8-3848] Net capture_5 in module/entity xsdbm_v3_0_0_xsdbm_id does not have driver. [/home/uni/project/smartssd/host_file_sum64/_x/link/vivado/vpl/prj/prj.gen/my_rm/bd/ulp/ipshared/b205/hdl/verilog/xsdbm_v3_0_0_bs_ports.vh:57]
WARNING: [Synth 8-3848] Net reset_5 in module/entity xsdbm_v3_0_0_xsdbm_id does not have driver. [/home/uni/project/smartssd/host_file_sum64/_x/link/vivado/vpl/prj/prj.gen/my_rm/bd/ulp/ipshared/b205/hdl/verilog/xsdbm_v3_0_0_bs_ports.vh:58]
WARNING: [Synth 8-3848] Net runtest_5 in module/entity xsdbm_v3_0_0_xsdbm_id does not have driver. [/home/uni/project/smartssd/host_file_sum64/_x/link/vivado/vpl/prj/prj.gen/my_rm/bd/ulp/ipshared/b205/hdl/verilog/xsdbm_v3_0_0_bs_ports.vh:59]
WARNING: [Synth 8-3848] Net tms_5 in module/entity xsdbm_v3_0_0_xsdbm_id does not have driver. [/home/uni/project/smartssd/host_file_sum64/_x/link/vivado/vpl/prj/prj.gen/my_rm/bd/ulp/ipshared/b205/hdl/verilog/xsdbm_v3_0_0_bs_ports.vh:60]
WARNING: [Synth 8-3848] Net tck_5 in module/entity xsdbm_v3_0_0_xsdbm_id does not have driver. [/home/uni/project/smartssd/host_file_sum64/_x/link/vivado/vpl/prj/prj.gen/my_rm/bd/ulp/ipshared/b205/hdl/verilog/xsdbm_v3_0_0_bs_ports.vh:61]
WARNING: [Synth 8-3848] Net tdi_5 in module/entity xsdbm_v3_0_0_xsdbm_id does not have driver. [/home/uni/project/smartssd/host_file_sum64/_x/link/vivado/vpl/prj/prj.gen/my_rm/bd/ulp/ipshared/b205/hdl/verilog/xsdbm_v3_0_0_bs_ports.vh:62]
WARNING: [Synth 8-3848] Net sel_5 in module/entity xsdbm_v3_0_0_xsdbm_id does not have driver. [/home/uni/project/smartssd/host_file_sum64/_x/link/vivado/vpl/prj/prj.gen/my_rm/bd/ulp/ipshared/b205/hdl/verilog/xsdbm_v3_0_0_bs_ports.vh:63]
WARNING: [Synth 8-3848] Net shift_5 in module/entity xsdbm_v3_0_0_xsdbm_id does not have driver. [/home/uni/project/smartssd/host_file_sum64/_x/link/vivado/vpl/prj/prj.gen/my_rm/bd/ulp/ipshared/b205/hdl/verilog/xsdbm_v3_0_0_bs_ports.vh:64]
WARNING: [Synth 8-3848] Net drck_5 in module/entity xsdbm_v3_0_0_xsdbm_id does not have driver. [/home/uni/project/smartssd/host_file_sum64/_x/link/vivado/vpl/prj/prj.gen/my_rm/bd/ulp/ipshared/b205/hdl/verilog/xsdbm_v3_0_0_bs_ports.vh:65]
WARNING: [Synth 8-3848] Net update_6 in module/entity xsdbm_v3_0_0_xsdbm_id does not have driver. [/home/uni/project/smartssd/host_file_sum64/_x/link/vivado/vpl/prj/prj.gen/my_rm/bd/ulp/ipshared/b205/hdl/verilog/xsdbm_v3_0_0_bs_ports.vh:67]
WARNING: [Synth 8-3848] Net capture_6 in module/entity xsdbm_v3_0_0_xsdbm_id does not have driver. [/home/uni/project/smartssd/host_file_sum64/_x/link/vivado/vpl/prj/prj.gen/my_rm/bd/ulp/ipshared/b205/hdl/verilog/xsdbm_v3_0_0_bs_ports.vh:68]
WARNING: [Synth 8-3848] Net reset_6 in module/entity xsdbm_v3_0_0_xsdbm_id does not have driver. [/home/uni/project/smartssd/host_file_sum64/_x/link/vivado/vpl/prj/prj.gen/my_rm/bd/ulp/ipshared/b205/hdl/verilog/xsdbm_v3_0_0_bs_ports.vh:69]
WARNING: [Synth 8-3848] Net runtest_6 in module/entity xsdbm_v3_0_0_xsdbm_id does not have driver. [/home/uni/project/smartssd/host_file_sum64/_x/link/vivado/vpl/prj/prj.gen/my_rm/bd/ulp/ipshared/b205/hdl/verilog/xsdbm_v3_0_0_bs_ports.vh:70]
WARNING: [Synth 8-3848] Net tms_6 in module/entity xsdbm_v3_0_0_xsdbm_id does not have driver. [/home/uni/project/smartssd/host_file_sum64/_x/link/vivado/vpl/prj/prj.gen/my_rm/bd/ulp/ipshared/b205/hdl/verilog/xsdbm_v3_0_0_bs_ports.vh:71]
WARNING: [Synth 8-3848] Net tck_6 in module/entity xsdbm_v3_0_0_xsdbm_id does not have driver. [/home/uni/project/smartssd/host_file_sum64/_x/link/vivado/vpl/prj/prj.gen/my_rm/bd/ulp/ipshared/b205/hdl/verilog/xsdbm_v3_0_0_bs_ports.vh:72]
WARNING: [Synth 8-3848] Net tdi_6 in module/entity xsdbm_v3_0_0_xsdbm_id does not have driver. [/home/uni/project/smartssd/host_file_sum64/_x/link/vivado/vpl/prj/prj.gen/my_rm/bd/ulp/ipshared/b205/hdl/verilog/xsdbm_v3_0_0_bs_ports.vh:73]
WARNING: [Synth 8-3848] Net sel_6 in module/entity xsdbm_v3_0_0_xsdbm_id does not have driver. [/home/uni/project/smartssd/host_file_sum64/_x/link/vivado/vpl/prj/prj.gen/my_rm/bd/ulp/ipshared/b205/hdl/verilog/xsdbm_v3_0_0_bs_ports.vh:74]
WARNING: [Synth 8-3848] Net shift_6 in module/entity xsdbm_v3_0_0_xsdbm_id does not have driver. [/home/uni/project/smartssd/host_file_sum64/_x/link/vivado/vpl/prj/prj.gen/my_rm/bd/ulp/ipshared/b205/hdl/verilog/xsdbm_v3_0_0_bs_ports.vh:75]
WARNING: [Synth 8-3848] Net drck_6 in module/entity xsdbm_v3_0_0_xsdbm_id does not have driver. [/home/uni/project/smartssd/host_file_sum64/_x/link/vivado/vpl/prj/prj.gen/my_rm/bd/ulp/ipshared/b205/hdl/verilog/xsdbm_v3_0_0_bs_ports.vh:76]
WARNING: [Synth 8-3848] Net update_7 in module/entity xsdbm_v3_0_0_xsdbm_id does not have driver. [/home/uni/project/smartssd/host_file_sum64/_x/link/vivado/vpl/prj/prj.gen/my_rm/bd/ulp/ipshared/b205/hdl/verilog/xsdbm_v3_0_0_bs_ports.vh:78]
WARNING: [Synth 8-3848] Net capture_7 in module/entity xsdbm_v3_0_0_xsdbm_id does not have driver. [/home/uni/project/smartssd/host_file_sum64/_x/link/vivado/vpl/prj/prj.gen/my_rm/bd/ulp/ipshared/b205/hdl/verilog/xsdbm_v3_0_0_bs_ports.vh:79]
WARNING: [Synth 8-3848] Net reset_7 in module/entity xsdbm_v3_0_0_xsdbm_id does not have driver. [/home/uni/project/smartssd/host_file_sum64/_x/link/vivado/vpl/prj/prj.gen/my_rm/bd/ulp/ipshared/b205/hdl/verilog/xsdbm_v3_0_0_bs_ports.vh:80]
WARNING: [Synth 8-3848] Net runtest_7 in module/entity xsdbm_v3_0_0_xsdbm_id does not have driver. [/home/uni/project/smartssd/host_file_sum64/_x/link/vivado/vpl/prj/prj.gen/my_rm/bd/ulp/ipshared/b205/hdl/verilog/xsdbm_v3_0_0_bs_ports.vh:81]
WARNING: [Synth 8-3848] Net tms_7 in module/entity xsdbm_v3_0_0_xsdbm_id does not have driver. [/home/uni/project/smartssd/host_file_sum64/_x/link/vivado/vpl/prj/prj.gen/my_rm/bd/ulp/ipshared/b205/hdl/verilog/xsdbm_v3_0_0_bs_ports.vh:82]
WARNING: [Synth 8-3848] Net tck_7 in module/entity xsdbm_v3_0_0_xsdbm_id does not have driver. [/home/uni/project/smartssd/host_file_sum64/_x/link/vivado/vpl/prj/prj.gen/my_rm/bd/ulp/ipshared/b205/hdl/verilog/xsdbm_v3_0_0_bs_ports.vh:83]
WARNING: [Synth 8-3848] Net tdi_7 in module/entity xsdbm_v3_0_0_xsdbm_id does not have driver. [/home/uni/project/smartssd/host_file_sum64/_x/link/vivado/vpl/prj/prj.gen/my_rm/bd/ulp/ipshared/b205/hdl/verilog/xsdbm_v3_0_0_bs_ports.vh:84]
WARNING: [Synth 8-3848] Net sel_7 in module/entity xsdbm_v3_0_0_xsdbm_id does not have driver. [/home/uni/project/smartssd/host_file_sum64/_x/link/vivado/vpl/prj/prj.gen/my_rm/bd/ulp/ipshared/b205/hdl/verilog/xsdbm_v3_0_0_bs_ports.vh:85]
WARNING: [Synth 8-3848] Net shift_7 in module/entity xsdbm_v3_0_0_xsdbm_id does not have driver. [/home/uni/project/smartssd/host_file_sum64/_x/link/vivado/vpl/prj/prj.gen/my_rm/bd/ulp/ipshared/b205/hdl/verilog/xsdbm_v3_0_0_bs_ports.vh:86]
WARNING: [Synth 8-3848] Net drck_7 in module/entity xsdbm_v3_0_0_xsdbm_id does not have driver. [/home/uni/project/smartssd/host_file_sum64/_x/link/vivado/vpl/prj/prj.gen/my_rm/bd/ulp/ipshared/b205/hdl/verilog/xsdbm_v3_0_0_bs_ports.vh:87]
WARNING: [Synth 8-3848] Net update_8 in module/entity xsdbm_v3_0_0_xsdbm_id does not have driver. [/home/uni/project/smartssd/host_file_sum64/_x/link/vivado/vpl/prj/prj.gen/my_rm/bd/ulp/ipshared/b205/hdl/verilog/xsdbm_v3_0_0_bs_ports.vh:89]
WARNING: [Synth 8-3848] Net capture_8 in module/entity xsdbm_v3_0_0_xsdbm_id does not have driver. [/home/uni/project/smartssd/host_file_sum64/_x/link/vivado/vpl/prj/prj.gen/my_rm/bd/ulp/ipshared/b205/hdl/verilog/xsdbm_v3_0_0_bs_ports.vh:90]
WARNING: [Synth 8-3848] Net reset_8 in module/entity xsdbm_v3_0_0_xsdbm_id does not have driver. [/home/uni/project/smartssd/host_file_sum64/_x/link/vivado/vpl/prj/prj.gen/my_rm/bd/ulp/ipshared/b205/hdl/verilog/xsdbm_v3_0_0_bs_ports.vh:91]
WARNING: [Synth 8-3848] Net runtest_8 in module/entity xsdbm_v3_0_0_xsdbm_id does not have driver. [/home/uni/project/smartssd/host_file_sum64/_x/link/vivado/vpl/prj/prj.gen/my_rm/bd/ulp/ipshared/b205/hdl/verilog/xsdbm_v3_0_0_bs_ports.vh:92]
WARNING: [Synth 8-3848] Net tms_8 in module/entity xsdbm_v3_0_0_xsdbm_id does not have driver. [/home/uni/project/smartssd/host_file_sum64/_x/link/vivado/vpl/prj/prj.gen/my_rm/bd/ulp/ipshared/b205/hdl/verilog/xsdbm_v3_0_0_bs_ports.vh:93]
WARNING: [Synth 8-3848] Net tck_8 in module/entity xsdbm_v3_0_0_xsdbm_id does not have driver. [/home/uni/project/smartssd/host_file_sum64/_x/link/vivado/vpl/prj/prj.gen/my_rm/bd/ulp/ipshared/b205/hdl/verilog/xsdbm_v3_0_0_bs_ports.vh:94]
WARNING: [Synth 8-3848] Net tdi_8 in module/entity xsdbm_v3_0_0_xsdbm_id does not have driver. [/home/uni/project/smartssd/host_file_sum64/_x/link/vivado/vpl/prj/prj.gen/my_rm/bd/ulp/ipshared/b205/hdl/verilog/xsdbm_v3_0_0_bs_ports.vh:95]
WARNING: [Synth 8-3848] Net sel_8 in module/entity xsdbm_v3_0_0_xsdbm_id does not have driver. [/home/uni/project/smartssd/host_file_sum64/_x/link/vivado/vpl/prj/prj.gen/my_rm/bd/ulp/ipshared/b205/hdl/verilog/xsdbm_v3_0_0_bs_ports.vh:96]
WARNING: [Synth 8-3848] Net shift_8 in module/entity xsdbm_v3_0_0_xsdbm_id does not have driver. [/home/uni/project/smartssd/host_file_sum64/_x/link/vivado/vpl/prj/prj.gen/my_rm/bd/ulp/ipshared/b205/hdl/verilog/xsdbm_v3_0_0_bs_ports.vh:97]
WARNING: [Synth 8-3848] Net drck_8 in module/entity xsdbm_v3_0_0_xsdbm_id does not have driver. [/home/uni/project/smartssd/host_file_sum64/_x/link/vivado/vpl/prj/prj.gen/my_rm/bd/ulp/ipshared/b205/hdl/verilog/xsdbm_v3_0_0_bs_ports.vh:98]
WARNING: [Synth 8-3848] Net update_9 in module/entity xsdbm_v3_0_0_xsdbm_id does not have driver. [/home/uni/project/smartssd/host_file_sum64/_x/link/vivado/vpl/prj/prj.gen/my_rm/bd/ulp/ipshared/b205/hdl/verilog/xsdbm_v3_0_0_bs_ports.vh:100]
WARNING: [Synth 8-3848] Net capture_9 in module/entity xsdbm_v3_0_0_xsdbm_id does not have driver. [/home/uni/project/smartssd/host_file_sum64/_x/link/vivado/vpl/prj/prj.gen/my_rm/bd/ulp/ipshared/b205/hdl/verilog/xsdbm_v3_0_0_bs_ports.vh:101]
WARNING: [Synth 8-3848] Net reset_9 in module/entity xsdbm_v3_0_0_xsdbm_id does not have driver. [/home/uni/project/smartssd/host_file_sum64/_x/link/vivado/vpl/prj/prj.gen/my_rm/bd/ulp/ipshared/b205/hdl/verilog/xsdbm_v3_0_0_bs_ports.vh:102]
WARNING: [Synth 8-3848] Net runtest_9 in module/entity xsdbm_v3_0_0_xsdbm_id does not have driver. [/home/uni/project/smartssd/host_file_sum64/_x/link/vivado/vpl/prj/prj.gen/my_rm/bd/ulp/ipshared/b205/hdl/verilog/xsdbm_v3_0_0_bs_ports.vh:103]
WARNING: [Synth 8-3848] Net tms_9 in module/entity xsdbm_v3_0_0_xsdbm_id does not have driver. [/home/uni/project/smartssd/host_file_sum64/_x/link/vivado/vpl/prj/prj.gen/my_rm/bd/ulp/ipshared/b205/hdl/verilog/xsdbm_v3_0_0_bs_ports.vh:104]
WARNING: [Synth 8-3848] Net tck_9 in module/entity xsdbm_v3_0_0_xsdbm_id does not have driver. [/home/uni/project/smartssd/host_file_sum64/_x/link/vivado/vpl/prj/prj.gen/my_rm/bd/ulp/ipshared/b205/hdl/verilog/xsdbm_v3_0_0_bs_ports.vh:105]
WARNING: [Synth 8-3848] Net tdi_9 in module/entity xsdbm_v3_0_0_xsdbm_id does not have driver. [/home/uni/project/smartssd/host_file_sum64/_x/link/vivado/vpl/prj/prj.gen/my_rm/bd/ulp/ipshared/b205/hdl/verilog/xsdbm_v3_0_0_bs_ports.vh:106]
WARNING: [Synth 8-3848] Net sel_9 in module/entity xsdbm_v3_0_0_xsdbm_id does not have driver. [/home/uni/project/smartssd/host_file_sum64/_x/link/vivado/vpl/prj/prj.gen/my_rm/bd/ulp/ipshared/b205/hdl/verilog/xsdbm_v3_0_0_bs_ports.vh:107]
WARNING: [Synth 8-3848] Net shift_9 in module/entity xsdbm_v3_0_0_xsdbm_id does not have driver. [/home/uni/project/smartssd/host_file_sum64/_x/link/vivado/vpl/prj/prj.gen/my_rm/bd/ulp/ipshared/b205/hdl/verilog/xsdbm_v3_0_0_bs_ports.vh:108]
WARNING: [Synth 8-3848] Net drck_9 in module/entity xsdbm_v3_0_0_xsdbm_id does not have driver. [/home/uni/project/smartssd/host_file_sum64/_x/link/vivado/vpl/prj/prj.gen/my_rm/bd/ulp/ipshared/b205/hdl/verilog/xsdbm_v3_0_0_bs_ports.vh:109]
INFO: [Common 17-14] Message 'Synth 8-3848' appears 100 times and further instances of the messages will be disabled. Use the Tcl command set_msg_config to change the current settings.
WARNING: [Synth 8-7129] Port update_0 in module xsdbm_v3_0_0_xsdbm_id is either unconnected or has no load
WARNING: [Synth 8-7129] Port capture_0 in module xsdbm_v3_0_0_xsdbm_id is either unconnected or has no load
WARNING: [Synth 8-7129] Port reset_0 in module xsdbm_v3_0_0_xsdbm_id is either unconnected or has no load
WARNING: [Synth 8-7129] Port runtest_0 in module xsdbm_v3_0_0_xsdbm_id is either unconnected or has no load
WARNING: [Synth 8-7129] Port tms_0 in module xsdbm_v3_0_0_xsdbm_id is either unconnected or has no load
WARNING: [Synth 8-7129] Port tck_0 in module xsdbm_v3_0_0_xsdbm_id is either unconnected or has no load
WARNING: [Synth 8-7129] Port tdi_0 in module xsdbm_v3_0_0_xsdbm_id is either unconnected or has no load
WARNING: [Synth 8-7129] Port sel_0 in module xsdbm_v3_0_0_xsdbm_id is either unconnected or has no load
WARNING: [Synth 8-7129] Port shift_0 in module xsdbm_v3_0_0_xsdbm_id is either unconnected or has no load
WARNING: [Synth 8-7129] Port drck_0 in module xsdbm_v3_0_0_xsdbm_id is either unconnected or has no load
WARNING: [Synth 8-7129] Port update_1 in module xsdbm_v3_0_0_xsdbm_id is either unconnected or has no load
WARNING: [Synth 8-7129] Port capture_1 in module xsdbm_v3_0_0_xsdbm_id is either unconnected or has no load
WARNING: [Synth 8-7129] Port reset_1 in module xsdbm_v3_0_0_xsdbm_id is either unconnected or has no load
WARNING: [Synth 8-7129] Port runtest_1 in module xsdbm_v3_0_0_xsdbm_id is either unconnected or has no load
WARNING: [Synth 8-7129] Port tms_1 in module xsdbm_v3_0_0_xsdbm_id is either unconnected or has no load
WARNING: [Synth 8-7129] Port tck_1 in module xsdbm_v3_0_0_xsdbm_id is either unconnected or has no load
WARNING: [Synth 8-7129] Port tdi_1 in module xsdbm_v3_0_0_xsdbm_id is either unconnected or has no load
WARNING: [Synth 8-7129] Port sel_1 in module xsdbm_v3_0_0_xsdbm_id is either unconnected or has no load
WARNING: [Synth 8-7129] Port shift_1 in module xsdbm_v3_0_0_xsdbm_id is either unconnected or has no load
WARNING: [Synth 8-7129] Port drck_1 in module xsdbm_v3_0_0_xsdbm_id is either unconnected or has no load
WARNING: [Synth 8-7129] Port update_2 in module xsdbm_v3_0_0_xsdbm_id is either unconnected or has no load
WARNING: [Synth 8-7129] Port capture_2 in module xsdbm_v3_0_0_xsdbm_id is either unconnected or has no load
WARNING: [Synth 8-7129] Port reset_2 in module xsdbm_v3_0_0_xsdbm_id is either unconnected or has no load
WARNING: [Synth 8-7129] Port runtest_2 in module xsdbm_v3_0_0_xsdbm_id is either unconnected or has no load
WARNING: [Synth 8-7129] Port tms_2 in module xsdbm_v3_0_0_xsdbm_id is either unconnected or has no load
WARNING: [Synth 8-7129] Port tck_2 in module xsdbm_v3_0_0_xsdbm_id is either unconnected or has no load
WARNING: [Synth 8-7129] Port tdi_2 in module xsdbm_v3_0_0_xsdbm_id is either unconnected or has no load
WARNING: [Synth 8-7129] Port sel_2 in module xsdbm_v3_0_0_xsdbm_id is either unconnected or has no load
WARNING: [Synth 8-7129] Port shift_2 in module xsdbm_v3_0_0_xsdbm_id is either unconnected or has no load
WARNING: [Synth 8-7129] Port drck_2 in module xsdbm_v3_0_0_xsdbm_id is either unconnected or has no load
WARNING: [Synth 8-7129] Port update_3 in module xsdbm_v3_0_0_xsdbm_id is either unconnected or has no load
WARNING: [Synth 8-7129] Port capture_3 in module xsdbm_v3_0_0_xsdbm_id is either unconnected or has no load
WARNING: [Synth 8-7129] Port reset_3 in module xsdbm_v3_0_0_xsdbm_id is either unconnected or has no load
WARNING: [Synth 8-7129] Port runtest_3 in module xsdbm_v3_0_0_xsdbm_id is either unconnected or has no load
WARNING: [Synth 8-7129] Port tms_3 in module xsdbm_v3_0_0_xsdbm_id is either unconnected or has no load
WARNING: [Synth 8-7129] Port tck_3 in module xsdbm_v3_0_0_xsdbm_id is either unconnected or has no load
WARNING: [Synth 8-7129] Port tdi_3 in module xsdbm_v3_0_0_xsdbm_id is either unconnected or has no load
WARNING: [Synth 8-7129] Port sel_3 in module xsdbm_v3_0_0_xsdbm_id is either unconnected or has no load
WARNING: [Synth 8-7129] Port shift_3 in module xsdbm_v3_0_0_xsdbm_id is either unconnected or has no load
WARNING: [Synth 8-7129] Port drck_3 in module xsdbm_v3_0_0_xsdbm_id is either unconnected or has no load
WARNING: [Synth 8-7129] Port update_4 in module xsdbm_v3_0_0_xsdbm_id is either unconnected or has no load
WARNING: [Synth 8-7129] Port capture_4 in module xsdbm_v3_0_0_xsdbm_id is either unconnected or has no load
WARNING: [Synth 8-7129] Port reset_4 in module xsdbm_v3_0_0_xsdbm_id is either unconnected or has no load
WARNING: [Synth 8-7129] Port runtest_4 in module xsdbm_v3_0_0_xsdbm_id is either unconnected or has no load
WARNING: [Synth 8-7129] Port tms_4 in module xsdbm_v3_0_0_xsdbm_id is either unconnected or has no load
WARNING: [Synth 8-7129] Port tck_4 in module xsdbm_v3_0_0_xsdbm_id is either unconnected or has no load
WARNING: [Synth 8-7129] Port tdi_4 in module xsdbm_v3_0_0_xsdbm_id is either unconnected or has no load
WARNING: [Synth 8-7129] Port sel_4 in module xsdbm_v3_0_0_xsdbm_id is either unconnected or has no load
WARNING: [Synth 8-7129] Port shift_4 in module xsdbm_v3_0_0_xsdbm_id is either unconnected or has no load
WARNING: [Synth 8-7129] Port drck_4 in module xsdbm_v3_0_0_xsdbm_id is either unconnected or has no load
WARNING: [Synth 8-7129] Port update_5 in module xsdbm_v3_0_0_xsdbm_id is either unconnected or has no load
WARNING: [Synth 8-7129] Port capture_5 in module xsdbm_v3_0_0_xsdbm_id is either unconnected or has no load
WARNING: [Synth 8-7129] Port reset_5 in module xsdbm_v3_0_0_xsdbm_id is either unconnected or has no load
WARNING: [Synth 8-7129] Port runtest_5 in module xsdbm_v3_0_0_xsdbm_id is either unconnected or has no load
WARNING: [Synth 8-7129] Port tms_5 in module xsdbm_v3_0_0_xsdbm_id is either unconnected or has no load
WARNING: [Synth 8-7129] Port tck_5 in module xsdbm_v3_0_0_xsdbm_id is either unconnected or has no load
WARNING: [Synth 8-7129] Port tdi_5 in module xsdbm_v3_0_0_xsdbm_id is either unconnected or has no load
WARNING: [Synth 8-7129] Port sel_5 in module xsdbm_v3_0_0_xsdbm_id is either unconnected or has no load
WARNING: [Synth 8-7129] Port shift_5 in module xsdbm_v3_0_0_xsdbm_id is either unconnected or has no load
WARNING: [Synth 8-7129] Port drck_5 in module xsdbm_v3_0_0_xsdbm_id is either unconnected or has no load
WARNING: [Synth 8-7129] Port update_6 in module xsdbm_v3_0_0_xsdbm_id is either unconnected or has no load
WARNING: [Synth 8-7129] Port capture_6 in module xsdbm_v3_0_0_xsdbm_id is either unconnected or has no load
WARNING: [Synth 8-7129] Port reset_6 in module xsdbm_v3_0_0_xsdbm_id is either unconnected or has no load
WARNING: [Synth 8-7129] Port runtest_6 in module xsdbm_v3_0_0_xsdbm_id is either unconnected or has no load
WARNING: [Synth 8-7129] Port tms_6 in module xsdbm_v3_0_0_xsdbm_id is either unconnected or has no load
WARNING: [Synth 8-7129] Port tck_6 in module xsdbm_v3_0_0_xsdbm_id is either unconnected or has no load
WARNING: [Synth 8-7129] Port tdi_6 in module xsdbm_v3_0_0_xsdbm_id is either unconnected or has no load
WARNING: [Synth 8-7129] Port sel_6 in module xsdbm_v3_0_0_xsdbm_id is either unconnected or has no load
WARNING: [Synth 8-7129] Port shift_6 in module xsdbm_v3_0_0_xsdbm_id is either unconnected or has no load
WARNING: [Synth 8-7129] Port drck_6 in module xsdbm_v3_0_0_xsdbm_id is either unconnected or has no load
WARNING: [Synth 8-7129] Port update_7 in module xsdbm_v3_0_0_xsdbm_id is either unconnected or has no load
WARNING: [Synth 8-7129] Port capture_7 in module xsdbm_v3_0_0_xsdbm_id is either unconnected or has no load
WARNING: [Synth 8-7129] Port reset_7 in module xsdbm_v3_0_0_xsdbm_id is either unconnected or has no load
WARNING: [Synth 8-7129] Port runtest_7 in module xsdbm_v3_0_0_xsdbm_id is either unconnected or has no load
WARNING: [Synth 8-7129] Port tms_7 in module xsdbm_v3_0_0_xsdbm_id is either unconnected or has no load
WARNING: [Synth 8-7129] Port tck_7 in module xsdbm_v3_0_0_xsdbm_id is either unconnected or has no load
WARNING: [Synth 8-7129] Port tdi_7 in module xsdbm_v3_0_0_xsdbm_id is either unconnected or has no load
WARNING: [Synth 8-7129] Port sel_7 in module xsdbm_v3_0_0_xsdbm_id is either unconnected or has no load
WARNING: [Synth 8-7129] Port shift_7 in module xsdbm_v3_0_0_xsdbm_id is either unconnected or has no load
WARNING: [Synth 8-7129] Port drck_7 in module xsdbm_v3_0_0_xsdbm_id is either unconnected or has no load
WARNING: [Synth 8-7129] Port update_8 in module xsdbm_v3_0_0_xsdbm_id is either unconnected or has no load
WARNING: [Synth 8-7129] Port capture_8 in module xsdbm_v3_0_0_xsdbm_id is either unconnected or has no load
WARNING: [Synth 8-7129] Port reset_8 in module xsdbm_v3_0_0_xsdbm_id is either unconnected or has no load
WARNING: [Synth 8-7129] Port runtest_8 in module xsdbm_v3_0_0_xsdbm_id is either unconnected or has no load
WARNING: [Synth 8-7129] Port tms_8 in module xsdbm_v3_0_0_xsdbm_id is either unconnected or has no load
WARNING: [Synth 8-7129] Port tck_8 in module xsdbm_v3_0_0_xsdbm_id is either unconnected or has no load
WARNING: [Synth 8-7129] Port tdi_8 in module xsdbm_v3_0_0_xsdbm_id is either unconnected or has no load
WARNING: [Synth 8-7129] Port sel_8 in module xsdbm_v3_0_0_xsdbm_id is either unconnected or has no load
WARNING: [Synth 8-7129] Port shift_8 in module xsdbm_v3_0_0_xsdbm_id is either unconnected or has no load
WARNING: [Synth 8-7129] Port drck_8 in module xsdbm_v3_0_0_xsdbm_id is either unconnected or has no load
WARNING: [Synth 8-7129] Port update_9 in module xsdbm_v3_0_0_xsdbm_id is either unconnected or has no load
WARNING: [Synth 8-7129] Port capture_9 in module xsdbm_v3_0_0_xsdbm_id is either unconnected or has no load
WARNING: [Synth 8-7129] Port reset_9 in module xsdbm_v3_0_0_xsdbm_id is either unconnected or has no load
WARNING: [Synth 8-7129] Port runtest_9 in module xsdbm_v3_0_0_xsdbm_id is either unconnected or has no load
WARNING: [Synth 8-7129] Port tms_9 in module xsdbm_v3_0_0_xsdbm_id is either unconnected or has no load
WARNING: [Synth 8-7129] Port tck_9 in module xsdbm_v3_0_0_xsdbm_id is either unconnected or has no load
WARNING: [Synth 8-7129] Port tdi_9 in module xsdbm_v3_0_0_xsdbm_id is either unconnected or has no load
WARNING: [Synth 8-7129] Port sel_9 in module xsdbm_v3_0_0_xsdbm_id is either unconnected or has no load
WARNING: [Synth 8-7129] Port shift_9 in module xsdbm_v3_0_0_xsdbm_id is either unconnected or has no load
WARNING: [Synth 8-7129] Port drck_9 in module xsdbm_v3_0_0_xsdbm_id is either unconnected or has no load
INFO: [Common 17-14] Message 'Synth 8-7129' appears 100 times and further instances of the messages will be disabled. Use the Tcl command set_msg_config to change the current settings.
---------------------------------------------------------------------------------
Finished RTL Elaboration : Time (s): cpu = 00:00:15 ; elapsed = 00:00:17 . Memory (MB): peak = 3487.977 ; gain = 460.672 ; free physical = 98551 ; free virtual = 224489
Synthesis current peak Physical Memory [PSS] (MB): peak = 2545.474; parent = 2414.235; children = 131.238
Synthesis current peak Virtual Memory [VSS] (MB): peak = 4487.930; parent = 3487.980; children = 999.949
---------------------------------------------------------------------------------
---------------------------------------------------------------------------------
Start Handling Custom Attributes
---------------------------------------------------------------------------------
---------------------------------------------------------------------------------
Finished Handling Custom Attributes : Time (s): cpu = 00:00:16 ; elapsed = 00:00:18 . Memory (MB): peak = 3502.820 ; gain = 475.516 ; free physical = 98495 ; free virtual = 224433
Synthesis current peak Physical Memory [PSS] (MB): peak = 2545.474; parent = 2414.235; children = 131.238
Synthesis current peak Virtual Memory [VSS] (MB): peak = 4502.773; parent = 3502.824; children = 999.949
---------------------------------------------------------------------------------
---------------------------------------------------------------------------------
Finished RTL Optimization Phase 1 : Time (s): cpu = 00:00:16 ; elapsed = 00:00:18 . Memory (MB): peak = 3502.820 ; gain = 475.516 ; free physical = 98478 ; free virtual = 224415
Synthesis current peak Physical Memory [PSS] (MB): peak = 2545.474; parent = 2414.235; children = 131.238
Synthesis current peak Virtual Memory [VSS] (MB): peak = 4502.773; parent = 3502.824; children = 999.949
---------------------------------------------------------------------------------
Netlist sorting complete. Time (s): cpu = 00:00:00.01 ; elapsed = 00:00:00.01 . Memory (MB): peak = 3513.789 ; gain = 0.000 ; free physical = 98409 ; free virtual = 224346
INFO: [Project 1-570] Preparing netlist for logic optimization

Processing XDC Constraints
Initializing timing engine
Parsing XDC File [/home/uni/project/smartssd/host_file_sum64/_x/link/vivado/vpl/prj/prj.gen/my_rm/bd/ulp/ip/ulp_debug_bridge_xsdbm_0/bd_0/ip/ip_0/bd_0349_xsdbm_0_ooc.xdc] for cell 'inst'
create_clock: Time (s): cpu = 00:00:06 ; elapsed = 00:00:06 . Memory (MB): peak = 3559.543 ; gain = 0.000 ; free physical = 97757 ; free virtual = 223699
Finished Parsing XDC File [/home/uni/project/smartssd/host_file_sum64/_x/link/vivado/vpl/prj/prj.gen/my_rm/bd/ulp/ip/ulp_debug_bridge_xsdbm_0/bd_0/ip/ip_0/bd_0349_xsdbm_0_ooc.xdc] for cell 'inst'
Parsing XDC File [/home/uni/project/smartssd/host_file_sum64/_x/link/vivado/vpl/prj/prj.gen/my_rm/bd/ulp/ip/ulp_debug_bridge_xsdbm_0/bd_0/ip/ip_0/constraints/xsdbm_cc_early.xdc] for cell 'inst'
Finished Parsing XDC File [/home/uni/project/smartssd/host_file_sum64/_x/link/vivado/vpl/prj/prj.gen/my_rm/bd/ulp/ip/ulp_debug_bridge_xsdbm_0/bd_0/ip/ip_0/constraints/xsdbm_cc_early.xdc] for cell 'inst'
Parsing XDC File [/home/uni/project/smartssd/host_file_sum64/_x/link/vivado/vpl/prj/prj.runs/bd_0349_xsdbm_0_synth_1/dont_touch.xdc]
Finished Parsing XDC File [/home/uni/project/smartssd/host_file_sum64/_x/link/vivado/vpl/prj/prj.runs/bd_0349_xsdbm_0_synth_1/dont_touch.xdc]
Parsing XDC File [/home/uni/project/smartssd/host_file_sum64/_x/link/vivado/vpl/prj/prj.gen/my_rm/bd/ulp/ip/ulp_debug_bridge_xsdbm_0/bd_0/ip/ip_0/constraints/xsdbm_cc_late.xdc] for cell 'inst'
Finished Parsing XDC File [/home/uni/project/smartssd/host_file_sum64/_x/link/vivado/vpl/prj/prj.gen/my_rm/bd/ulp/ip/ulp_debug_bridge_xsdbm_0/bd_0/ip/ip_0/constraints/xsdbm_cc_late.xdc] for cell 'inst'
Parsing XDC File [/home/uni/project/smartssd/host_file_sum64/_x/link/vivado/vpl/prj/prj.gen/my_rm/bd/ulp/ip/ulp_debug_bridge_xsdbm_0/bd_0/ip/ip_0/constraints/xsdbm_gc_late.xdc] for cell 'inst'
Finished Parsing XDC File [/home/uni/project/smartssd/host_file_sum64/_x/link/vivado/vpl/prj/prj.gen/my_rm/bd/ulp/ip/ulp_debug_bridge_xsdbm_0/bd_0/ip/ip_0/constraints/xsdbm_gc_late.xdc] for cell 'inst'
Completed Processing XDC Constraints

Netlist sorting complete. Time (s): cpu = 00:00:00 ; elapsed = 00:00:00 . Memory (MB): peak = 3559.543 ; gain = 0.000 ; free physical = 97756 ; free virtual = 223698
INFO: [Project 1-111] Unisim Transformation Summary:
No Unisim elements were transformed.

Constraint Validation Runtime : Time (s): cpu = 00:00:00.01 ; elapsed = 00:00:00.02 . Memory (MB): peak = 3559.543 ; gain = 0.000 ; free physical = 97754 ; free virtual = 223696
INFO: [Designutils 20-5008] Incremental synthesis strategy off
---------------------------------------------------------------------------------
Finished Constraint Validation : Time (s): cpu = 00:00:31 ; elapsed = 00:00:34 . Memory (MB): peak = 3559.543 ; gain = 532.238 ; free physical = 100746 ; free virtual = 226679
Synthesis current peak Physical Memory [PSS] (MB): peak = 2545.474; parent = 2414.235; children = 135.353
Synthesis current peak Virtual Memory [VSS] (MB): peak = 4559.496; parent = 3559.547; children = 999.949
---------------------------------------------------------------------------------
---------------------------------------------------------------------------------
Start Loading Part and Timing Information
---------------------------------------------------------------------------------
Loading part: xcku15p-ffva1156-2LV-e
INFO: [Synth 8-6742] Reading net delay rules and data
---------------------------------------------------------------------------------
Finished Loading Part and Timing Information : Time (s): cpu = 00:00:31 ; elapsed = 00:00:34 . Memory (MB): peak = 3559.543 ; gain = 532.238 ; free physical = 100820 ; free virtual = 226753
Synthesis current peak Physical Memory [PSS] (MB): peak = 2545.474; parent = 2414.235; children = 135.353
Synthesis current peak Virtual Memory [VSS] (MB): peak = 4559.496; parent = 3559.547; children = 999.949
---------------------------------------------------------------------------------
---------------------------------------------------------------------------------
Start Applying 'set_property' XDC Constraints
---------------------------------------------------------------------------------
Applied set_property KEEP_HIERARCHY = SOFT for inst. (constraint file  /home/uni/project/smartssd/host_file_sum64/_x/link/vivado/vpl/prj/prj.runs/bd_0349_xsdbm_0_synth_1/dont_touch.xdc, line 6).
---------------------------------------------------------------------------------
Finished applying 'set_property' XDC Constraints : Time (s): cpu = 00:00:31 ; elapsed = 00:00:34 . Memory (MB): peak = 3559.543 ; gain = 532.238 ; free physical = 100958 ; free virtual = 226891
Synthesis current peak Physical Memory [PSS] (MB): peak = 2545.474; parent = 2414.235; children = 135.353
Synthesis current peak Virtual Memory [VSS] (MB): peak = 4559.496; parent = 3559.547; children = 999.949
---------------------------------------------------------------------------------
---------------------------------------------------------------------------------
Finished RTL Optimization Phase 2 : Time (s): cpu = 00:00:32 ; elapsed = 00:00:35 . Memory (MB): peak = 3559.543 ; gain = 532.238 ; free physical = 102737 ; free virtual = 228670
Synthesis current peak Physical Memory [PSS] (MB): peak = 2545.474; parent = 2414.235; children = 136.679
Synthesis current peak Virtual Memory [VSS] (MB): peak = 4559.496; parent = 3559.547; children = 999.949
---------------------------------------------------------------------------------
---------------------------------------------------------------------------------
Start RTL Component Statistics 
---------------------------------------------------------------------------------
Detailed RTL Component Info : 
+---Registers : 
	                1 Bit    Registers := 10    
---------------------------------------------------------------------------------
Finished RTL Component Statistics 
---------------------------------------------------------------------------------
---------------------------------------------------------------------------------
Start Part Resource Summary
---------------------------------------------------------------------------------
Part Resources:
DSPs: 1968 (col length:264)
BRAMs: 1968 (col length: RAMB18 264 RAMB36 132)
---------------------------------------------------------------------------------
Finished Part Resource Summary
---------------------------------------------------------------------------------
---------------------------------------------------------------------------------
Start Cross Boundary and Area Optimization
---------------------------------------------------------------------------------
WARNING: [Synth 8-7080] Parallel synthesis criteria is not met
---------------------------------------------------------------------------------
Finished Cross Boundary and Area Optimization : Time (s): cpu = 00:00:34 ; elapsed = 00:00:37 . Memory (MB): peak = 3559.543 ; gain = 532.238 ; free physical = 102658 ; free virtual = 228596
Synthesis current peak Physical Memory [PSS] (MB): peak = 2545.474; parent = 2414.235; children = 136.679
Synthesis current peak Virtual Memory [VSS] (MB): peak = 4559.496; parent = 3559.547; children = 999.949
---------------------------------------------------------------------------------
---------------------------------------------------------------------------------
Start Applying XDC Timing Constraints
---------------------------------------------------------------------------------
---------------------------------------------------------------------------------
Finished Applying XDC Timing Constraints : Time (s): cpu = 00:00:48 ; elapsed = 00:00:54 . Memory (MB): peak = 3825.457 ; gain = 798.152 ; free physical = 107935 ; free virtual = 233865
Synthesis current peak Physical Memory [PSS] (MB): peak = 3012.301; parent = 2867.866; children = 144.435
Synthesis current peak Virtual Memory [VSS] (MB): peak = 4825.410; parent = 3825.461; children = 999.949
---------------------------------------------------------------------------------
---------------------------------------------------------------------------------
Start Timing Optimization
---------------------------------------------------------------------------------
---------------------------------------------------------------------------------
Finished Timing Optimization : Time (s): cpu = 00:00:48 ; elapsed = 00:00:54 . Memory (MB): peak = 3825.457 ; gain = 798.152 ; free physical = 107933 ; free virtual = 233863
Synthesis current peak Physical Memory [PSS] (MB): peak = 3012.311; parent = 2867.884; children = 144.435
Synthesis current peak Virtual Memory [VSS] (MB): peak = 4825.410; parent = 3825.461; children = 999.949
---------------------------------------------------------------------------------
---------------------------------------------------------------------------------
Start Technology Mapping
---------------------------------------------------------------------------------
---------------------------------------------------------------------------------
Finished Technology Mapping : Time (s): cpu = 00:00:49 ; elapsed = 00:00:54 . Memory (MB): peak = 3845.496 ; gain = 818.191 ; free physical = 107782 ; free virtual = 233712
Synthesis current peak Physical Memory [PSS] (MB): peak = 3013.100; parent = 2868.676; children = 144.435
Synthesis current peak Virtual Memory [VSS] (MB): peak = 4845.449; parent = 3845.500; children = 999.949
---------------------------------------------------------------------------------
---------------------------------------------------------------------------------
Start IO Insertion
---------------------------------------------------------------------------------
---------------------------------------------------------------------------------
Start Flattening Before IO Insertion
---------------------------------------------------------------------------------
---------------------------------------------------------------------------------
Finished Flattening Before IO Insertion
---------------------------------------------------------------------------------
---------------------------------------------------------------------------------
Start Final Netlist Cleanup
---------------------------------------------------------------------------------
---------------------------------------------------------------------------------
Finished Final Netlist Cleanup
---------------------------------------------------------------------------------
INFO: [Synth 8-3295] tying undriven pin CAPTURE_inferred:in0 to constant 0
INFO: [Synth 8-3295] tying undriven pin UPDATE_temp_inferred:in0 to constant 0
INFO: [Synth 8-3295] tying undriven pin UPDATE_temp_i_inferred:in0 to constant 0
INFO: [Synth 8-3295] tying undriven pin UPDATE_inferred:in0 to constant 0
INFO: [Synth 8-3295] tying undriven pin SHIFT_inferred:in0 to constant 0
INFO: [Synth 8-3295] tying undriven pin RESET_inferred:in0 to constant 0
INFO: [Synth 8-3295] tying undriven pin TDI_inferred:in0 to constant 0
INFO: [Synth 8-3295] tying undriven pin SEL_inferred:in0 to constant 0
INFO: [Synth 8-3295] tying undriven pin DRCK_inferred:in0 to constant 0
INFO: [Synth 8-3295] tying undriven pin TDO_inferred:in0 to constant 0
INFO: [Synth 8-3295] tying undriven pin RUNTEST_inferred:in0 to constant 0
INFO: [Synth 8-3295] tying undriven pin TCK_inferred:in0 to constant 0
INFO: [Synth 8-3295] tying undriven pin TMS_inferred:in0 to constant 0
INFO: [Synth 8-3295] tying undriven pin bscanid_inferred:in0[31] to constant 0
INFO: [Synth 8-3295] tying undriven pin bscanid_inferred:in0[30] to constant 0
INFO: [Synth 8-3295] tying undriven pin bscanid_inferred:in0[29] to constant 0
INFO: [Synth 8-3295] tying undriven pin bscanid_inferred:in0[28] to constant 0
INFO: [Synth 8-3295] tying undriven pin bscanid_inferred:in0[27] to constant 0
INFO: [Synth 8-3295] tying undriven pin bscanid_inferred:in0[26] to constant 0
INFO: [Synth 8-3295] tying undriven pin bscanid_inferred:in0[25] to constant 0
INFO: [Synth 8-3295] tying undriven pin bscanid_inferred:in0[24] to constant 0
INFO: [Synth 8-3295] tying undriven pin bscanid_inferred:in0[23] to constant 0
INFO: [Synth 8-3295] tying undriven pin bscanid_inferred:in0[22] to constant 0
INFO: [Synth 8-3295] tying undriven pin bscanid_inferred:in0[21] to constant 0
INFO: [Synth 8-3295] tying undriven pin bscanid_inferred:in0[20] to constant 0
INFO: [Synth 8-3295] tying undriven pin bscanid_inferred:in0[19] to constant 0
INFO: [Synth 8-3295] tying undriven pin bscanid_inferred:in0[18] to constant 0
INFO: [Synth 8-3295] tying undriven pin bscanid_inferred:in0[17] to constant 0
INFO: [Synth 8-3295] tying undriven pin bscanid_inferred:in0[16] to constant 0
INFO: [Synth 8-3295] tying undriven pin bscanid_inferred:in0[15] to constant 0
INFO: [Synth 8-3295] tying undriven pin bscanid_inferred:in0[14] to constant 0
INFO: [Synth 8-3295] tying undriven pin bscanid_inferred:in0[13] to constant 0
INFO: [Synth 8-3295] tying undriven pin bscanid_inferred:in0[12] to constant 0
INFO: [Synth 8-3295] tying undriven pin bscanid_inferred:in0[11] to constant 0
INFO: [Synth 8-3295] tying undriven pin bscanid_inferred:in0[10] to constant 0
INFO: [Synth 8-3295] tying undriven pin bscanid_inferred:in0[9] to constant 0
INFO: [Synth 8-3295] tying undriven pin bscanid_inferred:in0[8] to constant 0
INFO: [Synth 8-3295] tying undriven pin bscanid_inferred:in0[7] to constant 0
INFO: [Synth 8-3295] tying undriven pin bscanid_inferred:in0[6] to constant 0
INFO: [Synth 8-3295] tying undriven pin bscanid_inferred:in0[5] to constant 0
INFO: [Synth 8-3295] tying undriven pin bscanid_inferred:in0[4] to constant 0
INFO: [Synth 8-3295] tying undriven pin bscanid_inferred:in0[3] to constant 0
INFO: [Synth 8-3295] tying undriven pin bscanid_inferred:in0[2] to constant 0
INFO: [Synth 8-3295] tying undriven pin bscanid_inferred:in0[1] to constant 0
INFO: [Synth 8-3295] tying undriven pin bscanid_inferred:in0[0] to constant 0
INFO: [Synth 8-3295] tying undriven pin id_state_inferred:in0[1] to constant 0
INFO: [Synth 8-3295] tying undriven pin id_state_inferred:in0[0] to constant 0
---------------------------------------------------------------------------------
Finished IO Insertion : Time (s): cpu = 00:00:55 ; elapsed = 00:01:01 . Memory (MB): peak = 3851.434 ; gain = 824.129 ; free physical = 107420 ; free virtual = 233346
Synthesis current peak Physical Memory [PSS] (MB): peak = 3017.981; parent = 2873.987; children = 144.435
Synthesis current peak Virtual Memory [VSS] (MB): peak = 4851.387; parent = 3851.438; children = 999.949
---------------------------------------------------------------------------------
---------------------------------------------------------------------------------
Start Renaming Generated Instances
---------------------------------------------------------------------------------
---------------------------------------------------------------------------------
Finished Renaming Generated Instances : Time (s): cpu = 00:00:55 ; elapsed = 00:01:01 . Memory (MB): peak = 3851.434 ; gain = 824.129 ; free physical = 107362 ; free virtual = 233288
Synthesis current peak Physical Memory [PSS] (MB): peak = 3017.981; parent = 2873.987; children = 144.435
Synthesis current peak Virtual Memory [VSS] (MB): peak = 4851.387; parent = 3851.438; children = 999.949
---------------------------------------------------------------------------------
---------------------------------------------------------------------------------
Start Rebuilding User Hierarchy
---------------------------------------------------------------------------------
---------------------------------------------------------------------------------
Finished Rebuilding User Hierarchy : Time (s): cpu = 00:00:55 ; elapsed = 00:01:01 . Memory (MB): peak = 3851.434 ; gain = 824.129 ; free physical = 107311 ; free virtual = 233237
Synthesis current peak Physical Memory [PSS] (MB): peak = 3018.071; parent = 2874.077; children = 144.435
Synthesis current peak Virtual Memory [VSS] (MB): peak = 4851.387; parent = 3851.438; children = 999.949
---------------------------------------------------------------------------------
---------------------------------------------------------------------------------
Start Renaming Generated Ports
---------------------------------------------------------------------------------
---------------------------------------------------------------------------------
Finished Renaming Generated Ports : Time (s): cpu = 00:00:55 ; elapsed = 00:01:01 . Memory (MB): peak = 3851.434 ; gain = 824.129 ; free physical = 107279 ; free virtual = 233205
Synthesis current peak Physical Memory [PSS] (MB): peak = 3018.082; parent = 2874.088; children = 144.435
Synthesis current peak Virtual Memory [VSS] (MB): peak = 4851.387; parent = 3851.438; children = 999.949
---------------------------------------------------------------------------------
---------------------------------------------------------------------------------
Start Handling Custom Attributes
---------------------------------------------------------------------------------
---------------------------------------------------------------------------------
Finished Handling Custom Attributes : Time (s): cpu = 00:00:55 ; elapsed = 00:01:01 . Memory (MB): peak = 3851.434 ; gain = 824.129 ; free physical = 107232 ; free virtual = 233158
Synthesis current peak Physical Memory [PSS] (MB): peak = 3018.082; parent = 2874.088; children = 144.435
Synthesis current peak Virtual Memory [VSS] (MB): peak = 4851.387; parent = 3851.438; children = 999.949
---------------------------------------------------------------------------------
---------------------------------------------------------------------------------
Start Renaming Generated Nets
---------------------------------------------------------------------------------
---------------------------------------------------------------------------------
Finished Renaming Generated Nets : Time (s): cpu = 00:00:55 ; elapsed = 00:01:02 . Memory (MB): peak = 3851.434 ; gain = 824.129 ; free physical = 107188 ; free virtual = 233114
Synthesis current peak Physical Memory [PSS] (MB): peak = 3018.082; parent = 2874.088; children = 144.435
Synthesis current peak Virtual Memory [VSS] (MB): peak = 4851.387; parent = 3851.438; children = 999.949
---------------------------------------------------------------------------------
---------------------------------------------------------------------------------
Start Writing Synthesis Report
---------------------------------------------------------------------------------

Report BlackBoxes: 
+-+--------------+----------+
| |BlackBox name |Instances |
+-+--------------+----------+
+-+--------------+----------+

Report Cell Usage: 
+------+-----+------+
|      |Cell |Count |
+------+-----+------+
|1     |LUT1 |    47|
|2     |FDRE |    11|
+------+-----+------+
---------------------------------------------------------------------------------
Finished Writing Synthesis Report : Time (s): cpu = 00:00:55 ; elapsed = 00:01:02 . Memory (MB): peak = 3851.434 ; gain = 824.129 ; free physical = 107145 ; free virtual = 233070
Synthesis current peak Physical Memory [PSS] (MB): peak = 3018.082; parent = 2874.088; children = 144.435
Synthesis current peak Virtual Memory [VSS] (MB): peak = 4851.387; parent = 3851.438; children = 999.949
---------------------------------------------------------------------------------
Synthesis finished with 0 errors, 0 critical warnings and 994 warnings.
Synthesis Optimization Runtime : Time (s): cpu = 00:00:47 ; elapsed = 00:00:53 . Memory (MB): peak = 3851.434 ; gain = 767.406 ; free physical = 107101 ; free virtual = 233027
Synthesis Optimization Complete : Time (s): cpu = 00:00:55 ; elapsed = 00:01:02 . Memory (MB): peak = 3851.441 ; gain = 824.129 ; free physical = 107011 ; free virtual = 232937
INFO: [Project 1-571] Translating synthesized netlist
Netlist sorting complete. Time (s): cpu = 00:00:00.01 ; elapsed = 00:00:00.01 . Memory (MB): peak = 3851.441 ; gain = 0.000 ; free physical = 106960 ; free virtual = 232886
INFO: [Project 1-570] Preparing netlist for logic optimization
INFO: [Opt 31-138] Pushed 0 inverter(s) to 0 load pin(s).
Netlist sorting complete. Time (s): cpu = 00:00:00 ; elapsed = 00:00:00 . Memory (MB): peak = 3898.027 ; gain = 0.000 ; free physical = 107018 ; free virtual = 232944
INFO: [Project 1-111] Unisim Transformation Summary:
No Unisim elements were transformed.

Synth Design complete, checksum: 65f36e90
INFO: [Common 17-83] Releasing license: Synthesis
176 Infos, 247 Warnings, 0 Critical Warnings and 0 Errors encountered.
synth_design completed successfully
synth_design: Time (s): cpu = 00:01:11 ; elapsed = 00:01:14 . Memory (MB): peak = 3898.027 ; gain = 1958.434 ; free physical = 107162 ; free virtual = 233088
INFO: [Common 17-600] The following parameters have non-default value.
general.maxThreads
INFO: [Common 17-1381] The checkpoint '/home/uni/project/smartssd/host_file_sum64/_x/link/vivado/vpl/prj/prj.runs/bd_0349_xsdbm_0_synth_1/bd_0349_xsdbm_0.dcp' has been generated.
INFO: [Coretcl 2-1648] Added synthesis output to IP cache for IP bd_0349_xsdbm_0, cache-ID = 30ec94cd6989d61c
INFO: [Coretcl 2-1174] Renamed 2 cell refs.
INFO: [Common 17-1381] The checkpoint '/home/uni/project/smartssd/host_file_sum64/_x/link/vivado/vpl/prj/prj.runs/bd_0349_xsdbm_0_synth_1/bd_0349_xsdbm_0.dcp' has been generated.
INFO: [runtcl-4] Executing : report_utilization -file bd_0349_xsdbm_0_utilization_synth.rpt -pb bd_0349_xsdbm_0_utilization_synth.pb
INFO: [Common 17-206] Exiting Vivado at Tue Aug 18 04:01:39 2026...
