
*** Running vivado
    with args -log ulp_file_sum64_1_0.vds -m64 -product Vivado -mode batch -messageDb vivado.pb -notrace -source ulp_file_sum64_1_0.tcl


****** Vivado v2022.2.2 (64-bit)
  **** SW Build 3788238 on Tue Feb 21 19:59:23 MST 2023
  **** IP Build 3783773 on Tue Feb 21 23:41:56 MST 2023
    ** Copyright 1986-2023 Xilinx, Inc. All Rights Reserved.

source ulp_file_sum64_1_0.tcl -notrace
INFO: Dispatch client connection id - 42595
create_project: Time (s): cpu = 00:00:08 ; elapsed = 00:00:08 . Memory (MB): peak = 1831.523 ; gain = 88.992 ; free physical = 107876 ; free virtual = 233739
INFO: [IP_Flow 19-234] Refreshing IP repositories
WARNING: [IP_Flow 19-1694] Ignoring duplicate Bus Definition IP file 'xilinx.com:display_pcie4:pcie4_gt_if:1.0' found within IP repository '/home/uni/project/smartssd/host_file_sum64/_x/link/vivado/vpl/.local/hw_platform/iprepo'.
File in use: /home/uni/project/smartssd/host_file_sum64/_x/link/vivado/vpl/.local/hw_platform/iprepo/ipdefs/other_ipdefs/xdma_v4_1/interfaces/pcie4_gt_if.xml
File ignored: /home/uni/project/smartssd/host_file_sum64/_x/link/vivado/vpl/.local/hw_platform/iprepo/ipdefs/other_ipdefs/pcie4_uscale_plus_v1_3/interfaces/pcie4_gt_if.xml
WARNING: [IP_Flow 19-1694] Ignoring duplicate Bus Definition IP file 'xilinx.com:display_pcie4_uscaleplus:ext_gtcom:1.0' found within IP repository '/home/uni/project/smartssd/host_file_sum64/_x/link/vivado/vpl/.local/hw_platform/iprepo'.
File in use: /home/uni/project/smartssd/host_file_sum64/_x/link/vivado/vpl/.local/hw_platform/iprepo/ipdefs/other_ipdefs/xdma_v4_1/interfaces/pcie4_usp_ext_gtcom.xml
File ignored: /home/uni/project/smartssd/host_file_sum64/_x/link/vivado/vpl/.local/hw_platform/iprepo/ipdefs/other_ipdefs/pcie4_uscale_plus_v1_3/interfaces/pcie4_usp_ext_gtcom.xml
WARNING: [IP_Flow 19-1694] Ignoring duplicate Bus Abstraction IP file 'xilinx.com:display_pcie4:pcie4_gt_if_rtl:1.0' found within IP repository '/home/uni/project/smartssd/host_file_sum64/_x/link/vivado/vpl/.local/hw_platform/iprepo'.
File in use: /home/uni/project/smartssd/host_file_sum64/_x/link/vivado/vpl/.local/hw_platform/iprepo/ipdefs/other_ipdefs/xdma_v4_1/interfaces/pcie4_gt_if_rtl.xml
File ignored: /home/uni/project/smartssd/host_file_sum64/_x/link/vivado/vpl/.local/hw_platform/iprepo/ipdefs/other_ipdefs/pcie4_uscale_plus_v1_3/interfaces/pcie4_gt_if_rtl.xml
WARNING: [IP_Flow 19-1694] Ignoring duplicate Bus Abstraction IP file 'xilinx.com:display_pcie4_uscaleplus:int_gtcom_rtl:1.0' found within IP repository '/home/uni/project/smartssd/host_file_sum64/_x/link/vivado/vpl/.local/hw_platform/iprepo'.
File in use: /home/uni/project/smartssd/host_file_sum64/_x/link/vivado/vpl/.local/hw_platform/iprepo/ipdefs/other_ipdefs/xdma_v4_1/interfaces/pcie4_usp_int_gtcom_rtl.xml
File ignored: /home/uni/project/smartssd/host_file_sum64/_x/link/vivado/vpl/.local/hw_platform/iprepo/ipdefs/other_ipdefs/pcie4_uscale_plus_v1_3/interfaces/pcie4_usp_int_gtcom_rtl.xml
WARNING: [IP_Flow 19-1694] Ignoring duplicate Bus Abstraction IP file 'xilinx.com:display_pcie4_uscaleplus:ext_gtcom_rtl:1.0' found within IP repository '/home/uni/project/smartssd/host_file_sum64/_x/link/vivado/vpl/.local/hw_platform/iprepo'.
File in use: /home/uni/project/smartssd/host_file_sum64/_x/link/vivado/vpl/.local/hw_platform/iprepo/ipdefs/other_ipdefs/xdma_v4_1/interfaces/pcie4_usp_ext_gtcom_rtl.xml
File ignored: /home/uni/project/smartssd/host_file_sum64/_x/link/vivado/vpl/.local/hw_platform/iprepo/ipdefs/other_ipdefs/pcie4_uscale_plus_v1_3/interfaces/pcie4_usp_ext_gtcom_rtl.xml
WARNING: [IP_Flow 19-1694] Ignoring duplicate Bus Definition IP file 'xilinx.com:display_pcie4_uscaleplus:int_gtcom:1.0' found within IP repository '/home/uni/project/smartssd/host_file_sum64/_x/link/vivado/vpl/.local/hw_platform/iprepo'.
File in use: /home/uni/project/smartssd/host_file_sum64/_x/link/vivado/vpl/.local/hw_platform/iprepo/ipdefs/other_ipdefs/xdma_v4_1/interfaces/pcie4_usp_int_gtcom.xml
File ignored: /home/uni/project/smartssd/host_file_sum64/_x/link/vivado/vpl/.local/hw_platform/iprepo/ipdefs/other_ipdefs/pcie4_uscale_plus_v1_3/interfaces/pcie4_usp_int_gtcom.xml
INFO: [IP_Flow 19-1700] Loaded user IP repository '/home/uni/project/smartssd/host_file_sum64/_x/link/vivado/vpl/.local/hw_platform/iprepo'.
INFO: [IP_Flow 19-1700] Loaded user IP repository '/home/uni/project/smartssd/host_file_sum64/_x/link/int/xo/ip_repo/xilinx_com_hls_file_sum64_1_0'.
WARNING: [IP_Flow 19-2207] Repository '/home/uni/project/smartssd/host_file_sum64/_x/link/vivado/vpl/.local/hw_platform/iprepo' already exists; ignoring attempt to add it again.
INFO: [IP_Flow 19-1700] Loaded user IP repository '/home/uni/project/smartssd/host_file_sum64/_x/link/vivado/vpl/.local/hw_platform/iprepo'.
INFO: [IP_Flow 19-1700] Loaded user IP repository '/home/uni/project/smartssd/host_file_sum64/_x/link/vivado/vpl/.local/hw_platform/ipcache'.
INFO: [IP_Flow 19-1700] Loaded user IP repository '/home/dess/workspace/Xilinx/Vitis/2022.2/data/ip'.
INFO: [IP_Flow 19-2313] Loaded Vivado IP repository '/home/dess/workspace/Xilinx/Vivado/2022.2/data/ip'.
WARNING: [IP_Flow 19-1663] Duplicate IP found for 'xilinx.com:ip:icap_arb:1.0'. The one found in IP location '/home/uni/project/smartssd/host_file_sum64/_x/link/vivado/vpl/.local/hw_platform/iprepo/ipdefs/other_ipdefs/icap_arb_v1_0' will take precedence over the same IP in the Xilinx installed IP.
WARNING: [IP_Flow 19-1663] Duplicate IP found for 'xilinx.com:ip:axi_clk_metadata_adapter:1.0'. The one found in IP location '/home/uni/project/smartssd/host_file_sum64/_x/link/vivado/vpl/.local/hw_platform/iprepo/ipdefs/other_ipdefs/axi_clk_metadata_adapter_v1_0' will take precedence over the same IP in location /home/uni/project/smartssd/host_file_sum64/_x/link/vivado/vpl/.local/hw_platform/iprepo/ipdefs/ii_infra_ipdefs/axi_clk_metadata_adapter_v1_0
WARNING: [IP_Flow 19-1663] Duplicate IP found for 'xilinx.com:ip:axis_clk_metadata_adapter:1.0'. The one found in IP location '/home/uni/project/smartssd/host_file_sum64/_x/link/vivado/vpl/.local/hw_platform/iprepo/ipdefs/other_ipdefs/axis_clk_metadata_adapter_v1_0' will take precedence over the same IP in location /home/uni/project/smartssd/host_file_sum64/_x/link/vivado/vpl/.local/hw_platform/iprepo/ipdefs/ii_infra_ipdefs/axis_clk_metadata_adapter_v1_0
WARNING: [IP_Flow 19-1663] Duplicate IP found for 'xilinx.com:ip:hbm_memory_subsystem:2.0'. The one found in IP location '/home/uni/project/smartssd/host_file_sum64/_x/link/vivado/vpl/.local/hw_platform/iprepo/ipdefs/other_ipdefs/hbm_memory_subsystem_v2_0' will take precedence over the same IP in the Xilinx installed IP.
WARNING: [IP_Flow 19-1663] Duplicate IP found for 'xilinx.com:ip:shell_utils_build_info:1.0'. The one found in IP location '/home/uni/project/smartssd/host_file_sum64/_x/link/vivado/vpl/.local/hw_platform/iprepo/ipdefs/other_ipdefs/shell_utils_build_info_v1_0' will take precedence over the same IP in the Xilinx installed IP.
WARNING: [IP_Flow 19-1663] Duplicate IP found for 'xilinx.com:ip:xdma:4.1'. The one found in IP location '/home/uni/project/smartssd/host_file_sum64/_x/link/vivado/vpl/.local/hw_platform/iprepo/ipdefs/other_ipdefs/xdma_v4_1' will take precedence over the same IP in the Xilinx installed IP.
WARNING: [IP_Flow 19-1663] Duplicate IP found for 'xilinx.com:ip:shell_utils_msp432_bsl_crc_gen:1.0'. The one found in IP location '/home/uni/project/smartssd/host_file_sum64/_x/link/vivado/vpl/.local/hw_platform/iprepo/ipdefs/other_ipdefs/shell_utils_msp432_bsl_crc_gen_v1_0' will take precedence over the same IP in the Xilinx installed IP.
WARNING: [IP_Flow 19-1663] Duplicate IP found for 'xilinx.com:ip:axi_hwicap:3.0'. The one found in IP location '/home/uni/project/smartssd/host_file_sum64/_x/link/vivado/vpl/.local/hw_platform/iprepo/ipdefs/other_ipdefs/axi_hwicap_v3_0' will take precedence over the same IP in the Xilinx installed IP.
WARNING: [IP_Flow 19-1663] Duplicate IP found for 'xilinx.com:ip:pcie4_uscale_plus:1.3'. The one found in IP location '/home/uni/project/smartssd/host_file_sum64/_x/link/vivado/vpl/.local/hw_platform/iprepo/ipdefs/other_ipdefs/pcie4_uscale_plus_v1_3' will take precedence over the same IP in the Xilinx installed IP.
WARNING: [IP_Flow 19-1663] Duplicate IP found for 'xilinx.com:ip:mailbox:2.1'. The one found in IP location '/home/uni/project/smartssd/host_file_sum64/_x/link/vivado/vpl/.local/hw_platform/iprepo/ipdefs/other_ipdefs/mailbox_v2_1' will take precedence over the same IP in the Xilinx installed IP.
WARNING: [IP_Flow 19-1663] Duplicate IP found for 'xilinx.com:ip:clk_metadata_adapter:1.0'. The one found in IP location '/home/uni/project/smartssd/host_file_sum64/_x/link/vivado/vpl/.local/hw_platform/iprepo/ipdefs/other_ipdefs/clk_metadata_adapter_v1_0' will take precedence over the same IP in location /home/uni/project/smartssd/host_file_sum64/_x/link/vivado/vpl/.local/hw_platform/iprepo/ipdefs/ii_infra_ipdefs/clk_metadata_adapter_v1_0
WARNING: [IP_Flow 19-1663] Duplicate IP found for 'xilinx.com:ip:pipeline_reg:1.0'. The one found in IP location '/home/uni/project/smartssd/host_file_sum64/_x/link/vivado/vpl/.local/hw_platform/iprepo/ipdefs/other_ipdefs/pipeline_reg_v1_0' will take precedence over the same IP in location /home/uni/project/smartssd/host_file_sum64/_x/link/vivado/vpl/.local/hw_platform/iprepo/ipdefs/ii_infra_ipdefs/pipeline_reg_v1_0
WARNING: [IP_Flow 19-4830] Duplicate Interface found for 'xilinx.com:display_pcie3_ultrascale:pcie3_us_gt_if:1.0'. The one found in location '/home/uni/project/smartssd/host_file_sum64/_x/link/vivado/vpl/.local/hw_platform/iprepo/ipdefs/other_ipdefs/xdma_v4_1/interfaces/pcie3_us_gt_if.xml' will take precedence over the same Interface in location '/home/dess/workspace/Xilinx/Vivado/2022.2/data/ip/xilinx/pcie3_ultrascale_v4_4/interfaces/pcie3_us_gt_if.xml'
WARNING: [IP_Flow 19-4830] Duplicate Interface found for 'xilinx.com:display_pcie4:pcie4_gt_if:1.0'. The one found in location '/home/uni/project/smartssd/host_file_sum64/_x/link/vivado/vpl/.local/hw_platform/iprepo/ipdefs/other_ipdefs/xdma_v4_1/interfaces/pcie4_gt_if.xml' will take precedence over the same Interface in location '/home/dess/workspace/Xilinx/Vivado/2022.2/data/ip/xilinx/pcie4_uscale_plus_v1_3/interfaces/pcie4_gt_if.xml'
WARNING: [IP_Flow 19-4830] Duplicate Interface found for 'xilinx.com:display_xdma:pcie3_7x_transceiver_debug:1.0'. The one found in location '/home/uni/project/smartssd/host_file_sum64/_x/link/vivado/vpl/.local/hw_platform/iprepo/ipdefs/other_ipdefs/xdma_v4_1/interfaces/pcie3_7x_transceiver_debug.xml' will take precedence over the same Interface in location '/home/dess/workspace/Xilinx/Vivado/2022.2/data/ip/xilinx/qdma_v5_0/interfaces/pcie3_7x_transceiver_debug.xml'
WARNING: [IP_Flow 19-4830] Duplicate Interface found for 'xilinx.com:display_xdma:int_shared_logic:1.0'. The one found in location '/home/uni/project/smartssd/host_file_sum64/_x/link/vivado/vpl/.local/hw_platform/iprepo/ipdefs/other_ipdefs/xdma_v4_1/interfaces/pcie3_us_int_shared_logic.xml' will take precedence over the same Interface in location '/home/dess/workspace/Xilinx/Vivado/2022.2/data/ip/xilinx/qdma_v5_0/interfaces/pcie3_us_int_shared_logic.xml'
WARNING: [IP_Flow 19-4830] Duplicate Interface found for 'xilinx.com:display_pcie4_uscaleplus:ext_gtcom:1.0'. The one found in location '/home/uni/project/smartssd/host_file_sum64/_x/link/vivado/vpl/.local/hw_platform/iprepo/ipdefs/other_ipdefs/xdma_v4_1/interfaces/pcie4_usp_ext_gtcom.xml' will take precedence over the same Interface in location '/home/dess/workspace/Xilinx/Vivado/2022.2/data/ip/xilinx/pcie4_uscale_plus_v1_3/interfaces/pcie4_usp_ext_gtcom.xml'
WARNING: [IP_Flow 19-4830] Duplicate Interface found for 'xilinx.com:display_xdma:pcie_cfg_external_msix:1.0'. The one found in location '/home/uni/project/smartssd/host_file_sum64/_x/link/vivado/vpl/.local/hw_platform/iprepo/ipdefs/other_ipdefs/xdma_v4_1/interfaces/pcie_cfg_ext_msix.xml' will take precedence over the same Interface in location '/home/dess/workspace/Xilinx/Vivado/2022.2/data/ip/xilinx/xdma_v4_1/interfaces/pcie_cfg_ext_msix.xml'
WARNING: [IP_Flow 19-4830] Duplicate Interface found for 'xilinx.com:display_xdma:pcie3_us_transceiver_debug:1.0'. The one found in location '/home/uni/project/smartssd/host_file_sum64/_x/link/vivado/vpl/.local/hw_platform/iprepo/ipdefs/other_ipdefs/xdma_v4_1/interfaces/pcie3_us_transceiver_debug.xml' will take precedence over the same Interface in location '/home/dess/workspace/Xilinx/Vivado/2022.2/data/ip/xilinx/qdma_v5_0/interfaces/pcie3_us_transceiver_debug.xml'
WARNING: [IP_Flow 19-4830] Duplicate Interface found for 'xilinx.com:display_xdma:xdma_debug_ports:1.0'. The one found in location '/home/uni/project/smartssd/host_file_sum64/_x/link/vivado/vpl/.local/hw_platform/iprepo/ipdefs/other_ipdefs/xdma_v4_1/interfaces/xdma_debug_ports.xml' will take precedence over the same Interface in location '/home/dess/workspace/Xilinx/Vivado/2022.2/data/ip/xilinx/qdma_v5_0/interfaces/xdma_debug_ports.xml'
WARNING: [IP_Flow 19-4830] Duplicate Interface found for 'xilinx.com:display_xdma:pcie4_us_plus_transceiver_debug:1.0'. The one found in location '/home/uni/project/smartssd/host_file_sum64/_x/link/vivado/vpl/.local/hw_platform/iprepo/ipdefs/other_ipdefs/xdma_v4_1/interfaces/pcie4_us_plus_transceiver_debug.xml' will take precedence over the same Interface in location '/home/dess/workspace/Xilinx/Vivado/2022.2/data/ip/xilinx/qdma_v5_0/interfaces/pcie4_us_plus_transceiver_debug.xml'
WARNING: [IP_Flow 19-4830] Duplicate Interface found for 'xilinx.com:display_xdma:pcie_debug:1.0'. The one found in location '/home/uni/project/smartssd/host_file_sum64/_x/link/vivado/vpl/.local/hw_platform/iprepo/ipdefs/other_ipdefs/xdma_v4_1/interfaces/pcie_debug.xml' will take precedence over the same Interface in location '/home/dess/workspace/Xilinx/Vivado/2022.2/data/ip/xilinx/qdma_v5_0/interfaces/pcie_debug.xml'
WARNING: [IP_Flow 19-4830] Duplicate Interface found for 'xilinx.com:display_xdma:xdma_status_ports:1.0'. The one found in location '/home/uni/project/smartssd/host_file_sum64/_x/link/vivado/vpl/.local/hw_platform/iprepo/ipdefs/other_ipdefs/xdma_v4_1/interfaces/xdma_status_ports.xml' will take precedence over the same Interface in location '/home/dess/workspace/Xilinx/Vivado/2022.2/data/ip/xilinx/qdma_v5_0/interfaces/xdma_status_ports.xml'
WARNING: [IP_Flow 19-4830] Duplicate Interface found for 'xilinx.com:display_xdma:ext_shared_logic:1.0'. The one found in location '/home/uni/project/smartssd/host_file_sum64/_x/link/vivado/vpl/.local/hw_platform/iprepo/ipdefs/other_ipdefs/xdma_v4_1/interfaces/pcie3_us_ext_shared_logic.xml' will take precedence over the same Interface in location '/home/dess/workspace/Xilinx/Vivado/2022.2/data/ip/xilinx/xdma_v4_1/interfaces/pcie3_us_ext_shared_logic.xml'
WARNING: [IP_Flow 19-4830] Duplicate Interface found for 'xilinx.com:display_qdma:usr_flr:1.0'. The one found in location '/home/uni/project/smartssd/host_file_sum64/_x/link/vivado/vpl/.local/hw_platform/iprepo/ipdefs/other_ipdefs/xdma_v4_1/interfaces/usr_flr.xml' will take precedence over the same Interface in location '/home/dess/workspace/Xilinx/Vivado/2022.2/data/ip/xilinx/xdma_v4_1/interfaces/usr_flr.xml'
WARNING: [IP_Flow 19-4830] Duplicate Interface found for 'xilinx.com:display_pcie4_uscaleplus:int_gtcom:1.0'. The one found in location '/home/uni/project/smartssd/host_file_sum64/_x/link/vivado/vpl/.local/hw_platform/iprepo/ipdefs/other_ipdefs/xdma_v4_1/interfaces/pcie4_usp_int_gtcom.xml' will take precedence over the same Interface in location '/home/dess/workspace/Xilinx/Vivado/2022.2/data/ip/xilinx/pcie4_uscale_plus_v1_3/interfaces/pcie4_usp_int_gtcom.xml'
WARNING: [IP_Flow 19-4830] Duplicate Interface found for 'xilinx.com:display_xdma:dsc_bypass:1.0'. The one found in location '/home/uni/project/smartssd/host_file_sum64/_x/link/vivado/vpl/.local/hw_platform/iprepo/ipdefs/other_ipdefs/xdma_v4_1/interfaces/dsc_bypass.xml' will take precedence over the same Interface in location '/home/dess/workspace/Xilinx/Vivado/2022.2/data/ip/xilinx/xdma_v4_1/interfaces/dsc_bypass.xml'
WARNING: [IP_Flow 19-4830] Duplicate Interface found for 'xilinx.com:display_pcie4_uscaleplus:transceiver_debug:1.0'. The one found in location '/home/uni/project/smartssd/host_file_sum64/_x/link/vivado/vpl/.local/hw_platform/iprepo/ipdefs/other_ipdefs/pcie4_uscale_plus_v1_3/interfaces/transceiver_debug.xml' will take precedence over the same Interface in location '/home/dess/workspace/Xilinx/Vivado/2022.2/data/ip/xilinx/pcie4_uscale_plus_v1_3/interfaces/transceiver_debug.xml'
WARNING: [IP_Flow 19-4830] Duplicate Interface found for 'xilinx.com:display_pcie4:pcie4_cfg_external_msix:1.0'. The one found in location '/home/uni/project/smartssd/host_file_sum64/_x/link/vivado/vpl/.local/hw_platform/iprepo/ipdefs/other_ipdefs/pcie4_uscale_plus_v1_3/interfaces/pcie4_cfg_ext_msix.xml' will take precedence over the same Interface in location '/home/dess/workspace/Xilinx/Vivado/2022.2/data/ip/xilinx/pcie4_uscale_plus_v1_3/interfaces/pcie4_cfg_ext_msix.xml'
WARNING: [IP_Flow 19-4830] Duplicate Interface found for 'xilinx.com:display_pcie4:pcie4_cfg_msix_internal:1.0'. The one found in location '/home/uni/project/smartssd/host_file_sum64/_x/link/vivado/vpl/.local/hw_platform/iprepo/ipdefs/other_ipdefs/pcie4_uscale_plus_v1_3/interfaces/pcie4_cfg_msix_int.xml' will take precedence over the same Interface in location '/home/dess/workspace/Xilinx/Vivado/2022.2/data/ip/xilinx/pcie4_uscale_plus_v1_3/interfaces/pcie4_cfg_msix_int.xml'
WARNING: [IP_Flow 19-4830] Duplicate Interface found for 'xilinx.com:display_pcie4:pcie4_rbar:1.0'. The one found in location '/home/uni/project/smartssd/host_file_sum64/_x/link/vivado/vpl/.local/hw_platform/iprepo/ipdefs/other_ipdefs/pcie4_uscale_plus_v1_3/interfaces/pcie4_rbar.xml' will take precedence over the same Interface in location '/home/dess/workspace/Xilinx/Vivado/2022.2/data/ip/xilinx/pcie4_uscale_plus_v1_3/interfaces/pcie4_rbar.xml'
WARNING: [IP_Flow 19-4830] Duplicate Interface found for 'xilinx.com:display_pcie4:pcie4_cfg_control:1.0'. The one found in location '/home/uni/project/smartssd/host_file_sum64/_x/link/vivado/vpl/.local/hw_platform/iprepo/ipdefs/other_ipdefs/pcie4_uscale_plus_v1_3/interfaces/pcie4_cfg_control.xml' will take precedence over the same Interface in location '/home/dess/workspace/Xilinx/Vivado/2022.2/data/ip/xilinx/pcie4_uscale_plus_v1_3/interfaces/pcie4_cfg_control.xml'
WARNING: [IP_Flow 19-4830] Duplicate Interface found for 'xilinx.com:display_pcie4:pcie4_cfg_mgmt:1.0'. The one found in location '/home/uni/project/smartssd/host_file_sum64/_x/link/vivado/vpl/.local/hw_platform/iprepo/ipdefs/other_ipdefs/pcie4_uscale_plus_v1_3/interfaces/pcie4_cfg_mgmt.xml' will take precedence over the same Interface in location '/home/dess/workspace/Xilinx/Vivado/2022.2/data/ip/xilinx/pcie4_uscale_plus_v1_3/interfaces/pcie4_cfg_mgmt.xml'
WARNING: [IP_Flow 19-4830] Duplicate Interface found for 'xilinx.com:display_pcie4:pcie4_pl:1.0'. The one found in location '/home/uni/project/smartssd/host_file_sum64/_x/link/vivado/vpl/.local/hw_platform/iprepo/ipdefs/other_ipdefs/pcie4_uscale_plus_v1_3/interfaces/pcie4_pl.xml' will take precedence over the same Interface in location '/home/dess/workspace/Xilinx/Vivado/2022.2/data/ip/xilinx/pcie4_uscale_plus_v1_3/interfaces/pcie4_pl.xml'
WARNING: [IP_Flow 19-4830] Duplicate Interface found for 'xilinx.com:display_pcie4:pcie4_cfg_status:1.0'. The one found in location '/home/uni/project/smartssd/host_file_sum64/_x/link/vivado/vpl/.local/hw_platform/iprepo/ipdefs/other_ipdefs/pcie4_uscale_plus_v1_3/interfaces/pcie4_cfg_status.xml' will take precedence over the same Interface in location '/home/dess/workspace/Xilinx/Vivado/2022.2/data/ip/xilinx/pcie4_uscale_plus_v1_3/interfaces/pcie4_cfg_status.xml'
WARNING: [IP_Flow 19-4830] Duplicate Interface found for 'xilinx.com:display_pcie4:pcie4_pcie_id:1.0'. The one found in location '/home/uni/project/smartssd/host_file_sum64/_x/link/vivado/vpl/.local/hw_platform/iprepo/ipdefs/other_ipdefs/pcie4_uscale_plus_v1_3/interfaces/pcie4_pcie_id.xml' will take precedence over the same Interface in location '/home/dess/workspace/Xilinx/Vivado/2022.2/data/ip/xilinx/pcie4_uscale_plus_v1_3/interfaces/pcie4_pcie_id.xml'
WARNING: [IP_Flow 19-4830] Duplicate Interface found for 'xilinx.com:display_pcie4:pcie4_cfg_msix_external:1.0'. The one found in location '/home/uni/project/smartssd/host_file_sum64/_x/link/vivado/vpl/.local/hw_platform/iprepo/ipdefs/other_ipdefs/pcie4_uscale_plus_v1_3/interfaces/pcie4_cfg_msix.xml' will take precedence over the same Interface in location '/home/dess/workspace/Xilinx/Vivado/2022.2/data/ip/xilinx/pcie4_uscale_plus_v1_3/interfaces/pcie4_cfg_msix.xml'
WARNING: [IP_Flow 19-4830] Duplicate Interface found for 'xilinx.com:display_pcie4:pcie4_cfg_pm:1.0'. The one found in location '/home/uni/project/smartssd/host_file_sum64/_x/link/vivado/vpl/.local/hw_platform/iprepo/ipdefs/other_ipdefs/pcie4_uscale_plus_v1_3/interfaces/pcie4_cfg_pm.xml' will take precedence over the same Interface in location '/home/dess/workspace/Xilinx/Vivado/2022.2/data/ip/xilinx/pcie4_uscale_plus_v1_3/interfaces/pcie4_cfg_pm.xml'
WARNING: [IP_Flow 19-4830] Duplicate Interface found for 'xilinx.com:display_pcie4:pcie4_drp:1.0'. The one found in location '/home/uni/project/smartssd/host_file_sum64/_x/link/vivado/vpl/.local/hw_platform/iprepo/ipdefs/other_ipdefs/pcie4_uscale_plus_v1_3/interfaces/pcie4_drp.xml' will take precedence over the same Interface in location '/home/dess/workspace/Xilinx/Vivado/2022.2/data/ip/xilinx/pcie4_uscale_plus_v1_3/interfaces/pcie4_drp.xml'
INFO: [IP_Flow 19-6924] IPCACHE: Running cache check for IP inst: ulp_file_sum64_1_0
Command: synth_design -top ulp_file_sum64_1_0 -part xcku15p-ffva1156-2LV-e -directive sdx_optimization_effort_high -incremental_mode off -mode out_of_context
Starting synth_design
Attempting to get a license for feature 'Synthesis' and/or device 'xcku15p'
INFO: [Common 17-349] Got license for feature 'Synthesis' and/or device 'xcku15p'
INFO: [Device 21-403] Loading part xcku15p-ffva1156-2LV-e
INFO: [Synth 8-7079] Multithreading enabled for synth_design using a maximum of 1 processes.
INFO: [Synth 8-7078] Launching helper process for spawning children vivado processes
INFO: [Synth 8-7075] Helper process launched with PID 2244876
INFO: [Synth 8-11241] undeclared symbol 'REGCCE', assumed default net type 'wire' [/home/dess/workspace/Xilinx/Vivado/2022.2/data/verilog/src/unimacro/BRAM_SINGLE_MACRO.v:2170]
---------------------------------------------------------------------------------
Starting RTL Elaboration : Time (s): cpu = 00:00:06 ; elapsed = 00:00:07 . Memory (MB): peak = 3303.609 ; gain = 279.797 ; free physical = 100044 ; free virtual = 225909
Synthesis current peak Physical Memory [PSS] (MB): peak = 2516.673; parent = 2384.111; children = 132.562
Synthesis current peak Virtual Memory [VSS] (MB): peak = 4310.496; parent = 3310.551; children = 999.945
---------------------------------------------------------------------------------
INFO: [Synth 8-6157] synthesizing module 'ulp_file_sum64_1_0' [/home/uni/project/smartssd/host_file_sum64/_x/link/vivado/vpl/prj/prj.gen/my_rm/bd/ulp/ip/ulp_file_sum64_1_0/synth/ulp_file_sum64_1_0.v:53]
INFO: [Synth 8-6157] synthesizing module 'file_sum64' [/home/uni/project/smartssd/host_file_sum64/_x/link/vivado/vpl/prj/prj.gen/my_rm/bd/ulp/ipshared/63bf/hdl/verilog/file_sum64.v:10]
INFO: [Synth 8-6157] synthesizing module 'file_sum64_file_sum64_Pipeline_sum_loop' [/home/uni/project/smartssd/host_file_sum64/_x/link/vivado/vpl/prj/prj.gen/my_rm/bd/ulp/ipshared/63bf/hdl/verilog/file_sum64_file_sum64_Pipeline_sum_loop.v:10]
INFO: [Synth 8-6157] synthesizing module 'file_sum64_flow_control_loop_pipe_sequential_init' [/home/uni/project/smartssd/host_file_sum64/_x/link/vivado/vpl/prj/prj.gen/my_rm/bd/ulp/ipshared/63bf/hdl/verilog/file_sum64_flow_control_loop_pipe_sequential_init.v:9]
INFO: [Synth 8-6155] done synthesizing module 'file_sum64_flow_control_loop_pipe_sequential_init' (0#1) [/home/uni/project/smartssd/host_file_sum64/_x/link/vivado/vpl/prj/prj.gen/my_rm/bd/ulp/ipshared/63bf/hdl/verilog/file_sum64_flow_control_loop_pipe_sequential_init.v:9]
INFO: [Synth 8-6155] done synthesizing module 'file_sum64_file_sum64_Pipeline_sum_loop' (0#1) [/home/uni/project/smartssd/host_file_sum64/_x/link/vivado/vpl/prj/prj.gen/my_rm/bd/ulp/ipshared/63bf/hdl/verilog/file_sum64_file_sum64_Pipeline_sum_loop.v:10]
INFO: [Synth 8-6157] synthesizing module 'file_sum64_control_s_axi' [/home/uni/project/smartssd/host_file_sum64/_x/link/vivado/vpl/prj/prj.gen/my_rm/bd/ulp/ipshared/63bf/hdl/verilog/file_sum64_control_s_axi.v:7]
INFO: [Synth 8-155] case statement is not full and has no default [/home/uni/project/smartssd/host_file_sum64/_x/link/vivado/vpl/prj/prj.gen/my_rm/bd/ulp/ipshared/63bf/hdl/verilog/file_sum64_control_s_axi.v:223]
INFO: [Synth 8-6155] done synthesizing module 'file_sum64_control_s_axi' (0#1) [/home/uni/project/smartssd/host_file_sum64/_x/link/vivado/vpl/prj/prj.gen/my_rm/bd/ulp/ipshared/63bf/hdl/verilog/file_sum64_control_s_axi.v:7]
INFO: [Synth 8-6157] synthesizing module 'file_sum64_gmem0_m_axi' [/home/uni/project/smartssd/host_file_sum64/_x/link/vivado/vpl/prj/prj.gen/my_rm/bd/ulp/ipshared/63bf/hdl/verilog/file_sum64_gmem0_m_axi.v:11]
INFO: [Synth 8-6157] synthesizing module 'file_sum64_gmem0_m_axi_store' [/home/uni/project/smartssd/host_file_sum64/_x/link/vivado/vpl/prj/prj.gen/my_rm/bd/ulp/ipshared/63bf/hdl/verilog/file_sum64_gmem0_m_axi.v:781]
INFO: [Synth 8-6157] synthesizing module 'file_sum64_gmem0_m_axi_fifo' [/home/uni/project/smartssd/host_file_sum64/_x/link/vivado/vpl/prj/prj.gen/my_rm/bd/ulp/ipshared/63bf/hdl/verilog/file_sum64_gmem0_m_axi.v:2551]
INFO: [Synth 8-6157] synthesizing module 'file_sum64_gmem0_m_axi_srl' [/home/uni/project/smartssd/host_file_sum64/_x/link/vivado/vpl/prj/prj.gen/my_rm/bd/ulp/ipshared/63bf/hdl/verilog/file_sum64_gmem0_m_axi.v:2729]
INFO: [Synth 8-6155] done synthesizing module 'file_sum64_gmem0_m_axi_srl' (0#1) [/home/uni/project/smartssd/host_file_sum64/_x/link/vivado/vpl/prj/prj.gen/my_rm/bd/ulp/ipshared/63bf/hdl/verilog/file_sum64_gmem0_m_axi.v:2729]
INFO: [Synth 8-6155] done synthesizing module 'file_sum64_gmem0_m_axi_fifo' (0#1) [/home/uni/project/smartssd/host_file_sum64/_x/link/vivado/vpl/prj/prj.gen/my_rm/bd/ulp/ipshared/63bf/hdl/verilog/file_sum64_gmem0_m_axi.v:2551]
INFO: [Synth 8-6157] synthesizing module 'file_sum64_gmem0_m_axi_fifo__parameterized0' [/home/uni/project/smartssd/host_file_sum64/_x/link/vivado/vpl/prj/prj.gen/my_rm/bd/ulp/ipshared/63bf/hdl/verilog/file_sum64_gmem0_m_axi.v:2551]
INFO: [Synth 8-6157] synthesizing module 'file_sum64_gmem0_m_axi_mem' [/home/uni/project/smartssd/host_file_sum64/_x/link/vivado/vpl/prj/prj.gen/my_rm/bd/ulp/ipshared/63bf/hdl/verilog/file_sum64_gmem0_m_axi.v:2783]
INFO: [Synth 8-6155] done synthesizing module 'file_sum64_gmem0_m_axi_mem' (0#1) [/home/uni/project/smartssd/host_file_sum64/_x/link/vivado/vpl/prj/prj.gen/my_rm/bd/ulp/ipshared/63bf/hdl/verilog/file_sum64_gmem0_m_axi.v:2783]
INFO: [Synth 8-6155] done synthesizing module 'file_sum64_gmem0_m_axi_fifo__parameterized0' (0#1) [/home/uni/project/smartssd/host_file_sum64/_x/link/vivado/vpl/prj/prj.gen/my_rm/bd/ulp/ipshared/63bf/hdl/verilog/file_sum64_gmem0_m_axi.v:2551]
INFO: [Synth 8-6157] synthesizing module 'file_sum64_gmem0_m_axi_fifo__parameterized1' [/home/uni/project/smartssd/host_file_sum64/_x/link/vivado/vpl/prj/prj.gen/my_rm/bd/ulp/ipshared/63bf/hdl/verilog/file_sum64_gmem0_m_axi.v:2551]
INFO: [Synth 8-6157] synthesizing module 'file_sum64_gmem0_m_axi_srl__parameterized0' [/home/uni/project/smartssd/host_file_sum64/_x/link/vivado/vpl/prj/prj.gen/my_rm/bd/ulp/ipshared/63bf/hdl/verilog/file_sum64_gmem0_m_axi.v:2729]
INFO: [Synth 8-6155] done synthesizing module 'file_sum64_gmem0_m_axi_srl__parameterized0' (0#1) [/home/uni/project/smartssd/host_file_sum64/_x/link/vivado/vpl/prj/prj.gen/my_rm/bd/ulp/ipshared/63bf/hdl/verilog/file_sum64_gmem0_m_axi.v:2729]
INFO: [Synth 8-6155] done synthesizing module 'file_sum64_gmem0_m_axi_fifo__parameterized1' (0#1) [/home/uni/project/smartssd/host_file_sum64/_x/link/vivado/vpl/prj/prj.gen/my_rm/bd/ulp/ipshared/63bf/hdl/verilog/file_sum64_gmem0_m_axi.v:2551]
INFO: [Synth 8-6157] synthesizing module 'file_sum64_gmem0_m_axi_fifo__parameterized2' [/home/uni/project/smartssd/host_file_sum64/_x/link/vivado/vpl/prj/prj.gen/my_rm/bd/ulp/ipshared/63bf/hdl/verilog/file_sum64_gmem0_m_axi.v:2551]
INFO: [Synth 8-6157] synthesizing module 'file_sum64_gmem0_m_axi_srl__parameterized1' [/home/uni/project/smartssd/host_file_sum64/_x/link/vivado/vpl/prj/prj.gen/my_rm/bd/ulp/ipshared/63bf/hdl/verilog/file_sum64_gmem0_m_axi.v:2729]
INFO: [Synth 8-6155] done synthesizing module 'file_sum64_gmem0_m_axi_srl__parameterized1' (0#1) [/home/uni/project/smartssd/host_file_sum64/_x/link/vivado/vpl/prj/prj.gen/my_rm/bd/ulp/ipshared/63bf/hdl/verilog/file_sum64_gmem0_m_axi.v:2729]
INFO: [Synth 8-6155] done synthesizing module 'file_sum64_gmem0_m_axi_fifo__parameterized2' (0#1) [/home/uni/project/smartssd/host_file_sum64/_x/link/vivado/vpl/prj/prj.gen/my_rm/bd/ulp/ipshared/63bf/hdl/verilog/file_sum64_gmem0_m_axi.v:2551]
INFO: [Synth 8-6155] done synthesizing module 'file_sum64_gmem0_m_axi_store' (0#1) [/home/uni/project/smartssd/host_file_sum64/_x/link/vivado/vpl/prj/prj.gen/my_rm/bd/ulp/ipshared/63bf/hdl/verilog/file_sum64_gmem0_m_axi.v:781]
INFO: [Synth 8-6157] synthesizing module 'file_sum64_gmem0_m_axi_load' [/home/uni/project/smartssd/host_file_sum64/_x/link/vivado/vpl/prj/prj.gen/my_rm/bd/ulp/ipshared/63bf/hdl/verilog/file_sum64_gmem0_m_axi.v:325]
INFO: [Synth 8-6157] synthesizing module 'file_sum64_gmem0_m_axi_fifo__parameterized3' [/home/uni/project/smartssd/host_file_sum64/_x/link/vivado/vpl/prj/prj.gen/my_rm/bd/ulp/ipshared/63bf/hdl/verilog/file_sum64_gmem0_m_axi.v:2551]
INFO: [Synth 8-6157] synthesizing module 'file_sum64_gmem0_m_axi_mem__parameterized0' [/home/uni/project/smartssd/host_file_sum64/_x/link/vivado/vpl/prj/prj.gen/my_rm/bd/ulp/ipshared/63bf/hdl/verilog/file_sum64_gmem0_m_axi.v:2783]
INFO: [Synth 8-6155] done synthesizing module 'file_sum64_gmem0_m_axi_mem__parameterized0' (0#1) [/home/uni/project/smartssd/host_file_sum64/_x/link/vivado/vpl/prj/prj.gen/my_rm/bd/ulp/ipshared/63bf/hdl/verilog/file_sum64_gmem0_m_axi.v:2783]
INFO: [Synth 8-6155] done synthesizing module 'file_sum64_gmem0_m_axi_fifo__parameterized3' (0#1) [/home/uni/project/smartssd/host_file_sum64/_x/link/vivado/vpl/prj/prj.gen/my_rm/bd/ulp/ipshared/63bf/hdl/verilog/file_sum64_gmem0_m_axi.v:2551]
INFO: [Synth 8-6155] done synthesizing module 'file_sum64_gmem0_m_axi_load' (0#1) [/home/uni/project/smartssd/host_file_sum64/_x/link/vivado/vpl/prj/prj.gen/my_rm/bd/ulp/ipshared/63bf/hdl/verilog/file_sum64_gmem0_m_axi.v:325]
INFO: [Synth 8-6157] synthesizing module 'file_sum64_gmem0_m_axi_write' [/home/uni/project/smartssd/host_file_sum64/_x/link/vivado/vpl/prj/prj.gen/my_rm/bd/ulp/ipshared/63bf/hdl/verilog/file_sum64_gmem0_m_axi.v:1716]
INFO: [Synth 8-6157] synthesizing module 'file_sum64_gmem0_m_axi_reg_slice' [/home/uni/project/smartssd/host_file_sum64/_x/link/vivado/vpl/prj/prj.gen/my_rm/bd/ulp/ipshared/63bf/hdl/verilog/file_sum64_gmem0_m_axi.v:2449]
INFO: [Synth 8-6155] done synthesizing module 'file_sum64_gmem0_m_axi_reg_slice' (0#1) [/home/uni/project/smartssd/host_file_sum64/_x/link/vivado/vpl/prj/prj.gen/my_rm/bd/ulp/ipshared/63bf/hdl/verilog/file_sum64_gmem0_m_axi.v:2449]
INFO: [Synth 8-6157] synthesizing module 'file_sum64_gmem0_m_axi_fifo__parameterized4' [/home/uni/project/smartssd/host_file_sum64/_x/link/vivado/vpl/prj/prj.gen/my_rm/bd/ulp/ipshared/63bf/hdl/verilog/file_sum64_gmem0_m_axi.v:2551]
INFO: [Synth 8-6157] synthesizing module 'file_sum64_gmem0_m_axi_srl__parameterized2' [/home/uni/project/smartssd/host_file_sum64/_x/link/vivado/vpl/prj/prj.gen/my_rm/bd/ulp/ipshared/63bf/hdl/verilog/file_sum64_gmem0_m_axi.v:2729]
INFO: [Synth 8-6155] done synthesizing module 'file_sum64_gmem0_m_axi_srl__parameterized2' (0#1) [/home/uni/project/smartssd/host_file_sum64/_x/link/vivado/vpl/prj/prj.gen/my_rm/bd/ulp/ipshared/63bf/hdl/verilog/file_sum64_gmem0_m_axi.v:2729]
INFO: [Synth 8-6155] done synthesizing module 'file_sum64_gmem0_m_axi_fifo__parameterized4' (0#1) [/home/uni/project/smartssd/host_file_sum64/_x/link/vivado/vpl/prj/prj.gen/my_rm/bd/ulp/ipshared/63bf/hdl/verilog/file_sum64_gmem0_m_axi.v:2551]
INFO: [Synth 8-6157] synthesizing module 'file_sum64_gmem0_m_axi_throttle' [/home/uni/project/smartssd/host_file_sum64/_x/link/vivado/vpl/prj/prj.gen/my_rm/bd/ulp/ipshared/63bf/hdl/verilog/file_sum64_gmem0_m_axi.v:2224]
INFO: [Synth 8-6157] synthesizing module 'file_sum64_gmem0_m_axi_reg_slice__parameterized0' [/home/uni/project/smartssd/host_file_sum64/_x/link/vivado/vpl/prj/prj.gen/my_rm/bd/ulp/ipshared/63bf/hdl/verilog/file_sum64_gmem0_m_axi.v:2449]
INFO: [Synth 8-6155] done synthesizing module 'file_sum64_gmem0_m_axi_reg_slice__parameterized0' (0#1) [/home/uni/project/smartssd/host_file_sum64/_x/link/vivado/vpl/prj/prj.gen/my_rm/bd/ulp/ipshared/63bf/hdl/verilog/file_sum64_gmem0_m_axi.v:2449]
INFO: [Synth 8-6157] synthesizing module 'file_sum64_gmem0_m_axi_fifo__parameterized5' [/home/uni/project/smartssd/host_file_sum64/_x/link/vivado/vpl/prj/prj.gen/my_rm/bd/ulp/ipshared/63bf/hdl/verilog/file_sum64_gmem0_m_axi.v:2551]
INFO: [Synth 8-6157] synthesizing module 'file_sum64_gmem0_m_axi_srl__parameterized3' [/home/uni/project/smartssd/host_file_sum64/_x/link/vivado/vpl/prj/prj.gen/my_rm/bd/ulp/ipshared/63bf/hdl/verilog/file_sum64_gmem0_m_axi.v:2729]
INFO: [Synth 8-6155] done synthesizing module 'file_sum64_gmem0_m_axi_srl__parameterized3' (0#1) [/home/uni/project/smartssd/host_file_sum64/_x/link/vivado/vpl/prj/prj.gen/my_rm/bd/ulp/ipshared/63bf/hdl/verilog/file_sum64_gmem0_m_axi.v:2729]
INFO: [Synth 8-6155] done synthesizing module 'file_sum64_gmem0_m_axi_fifo__parameterized5' (0#1) [/home/uni/project/smartssd/host_file_sum64/_x/link/vivado/vpl/prj/prj.gen/my_rm/bd/ulp/ipshared/63bf/hdl/verilog/file_sum64_gmem0_m_axi.v:2551]
INFO: [Synth 8-6157] synthesizing module 'file_sum64_gmem0_m_axi_fifo__parameterized6' [/home/uni/project/smartssd/host_file_sum64/_x/link/vivado/vpl/prj/prj.gen/my_rm/bd/ulp/ipshared/63bf/hdl/verilog/file_sum64_gmem0_m_axi.v:2551]
INFO: [Synth 8-6157] synthesizing module 'file_sum64_gmem0_m_axi_srl__parameterized4' [/home/uni/project/smartssd/host_file_sum64/_x/link/vivado/vpl/prj/prj.gen/my_rm/bd/ulp/ipshared/63bf/hdl/verilog/file_sum64_gmem0_m_axi.v:2729]
INFO: [Synth 8-6155] done synthesizing module 'file_sum64_gmem0_m_axi_srl__parameterized4' (0#1) [/home/uni/project/smartssd/host_file_sum64/_x/link/vivado/vpl/prj/prj.gen/my_rm/bd/ulp/ipshared/63bf/hdl/verilog/file_sum64_gmem0_m_axi.v:2729]
INFO: [Synth 8-6155] done synthesizing module 'file_sum64_gmem0_m_axi_fifo__parameterized6' (0#1) [/home/uni/project/smartssd/host_file_sum64/_x/link/vivado/vpl/prj/prj.gen/my_rm/bd/ulp/ipshared/63bf/hdl/verilog/file_sum64_gmem0_m_axi.v:2551]
INFO: [Synth 8-6155] done synthesizing module 'file_sum64_gmem0_m_axi_throttle' (0#1) [/home/uni/project/smartssd/host_file_sum64/_x/link/vivado/vpl/prj/prj.gen/my_rm/bd/ulp/ipshared/63bf/hdl/verilog/file_sum64_gmem0_m_axi.v:2224]
INFO: [Synth 8-6157] synthesizing module 'file_sum64_gmem0_m_axi_reg_slice__parameterized1' [/home/uni/project/smartssd/host_file_sum64/_x/link/vivado/vpl/prj/prj.gen/my_rm/bd/ulp/ipshared/63bf/hdl/verilog/file_sum64_gmem0_m_axi.v:2449]
INFO: [Synth 8-6155] done synthesizing module 'file_sum64_gmem0_m_axi_reg_slice__parameterized1' (0#1) [/home/uni/project/smartssd/host_file_sum64/_x/link/vivado/vpl/prj/prj.gen/my_rm/bd/ulp/ipshared/63bf/hdl/verilog/file_sum64_gmem0_m_axi.v:2449]
WARNING: [Synth 8-589] replacing case/wildcard equality operator === with logical equality operator == [/home/uni/project/smartssd/host_file_sum64/_x/link/vivado/vpl/prj/prj.gen/my_rm/bd/ulp/ipshared/63bf/hdl/verilog/file_sum64_gmem0_m_axi.v:2216]
WARNING: [Synth 8-589] replacing case/wildcard equality operator === with logical equality operator == [/home/uni/project/smartssd/host_file_sum64/_x/link/vivado/vpl/prj/prj.gen/my_rm/bd/ulp/ipshared/63bf/hdl/verilog/file_sum64_gmem0_m_axi.v:2219]
INFO: [Synth 8-6155] done synthesizing module 'file_sum64_gmem0_m_axi_write' (0#1) [/home/uni/project/smartssd/host_file_sum64/_x/link/vivado/vpl/prj/prj.gen/my_rm/bd/ulp/ipshared/63bf/hdl/verilog/file_sum64_gmem0_m_axi.v:1716]
INFO: [Synth 8-6157] synthesizing module 'file_sum64_gmem0_m_axi_read' [/home/uni/project/smartssd/host_file_sum64/_x/link/vivado/vpl/prj/prj.gen/my_rm/bd/ulp/ipshared/63bf/hdl/verilog/file_sum64_gmem0_m_axi.v:1332]
INFO: [Synth 8-6157] synthesizing module 'file_sum64_gmem0_m_axi_reg_slice__parameterized2' [/home/uni/project/smartssd/host_file_sum64/_x/link/vivado/vpl/prj/prj.gen/my_rm/bd/ulp/ipshared/63bf/hdl/verilog/file_sum64_gmem0_m_axi.v:2449]
INFO: [Synth 8-6155] done synthesizing module 'file_sum64_gmem0_m_axi_reg_slice__parameterized2' (0#1) [/home/uni/project/smartssd/host_file_sum64/_x/link/vivado/vpl/prj/prj.gen/my_rm/bd/ulp/ipshared/63bf/hdl/verilog/file_sum64_gmem0_m_axi.v:2449]
WARNING: [Synth 8-589] replacing case/wildcard equality operator === with logical equality operator == [/home/uni/project/smartssd/host_file_sum64/_x/link/vivado/vpl/prj/prj.gen/my_rm/bd/ulp/ipshared/63bf/hdl/verilog/file_sum64_gmem0_m_axi.v:1708]
INFO: [Synth 8-6155] done synthesizing module 'file_sum64_gmem0_m_axi_read' (0#1) [/home/uni/project/smartssd/host_file_sum64/_x/link/vivado/vpl/prj/prj.gen/my_rm/bd/ulp/ipshared/63bf/hdl/verilog/file_sum64_gmem0_m_axi.v:1332]
INFO: [Synth 8-6155] done synthesizing module 'file_sum64_gmem0_m_axi' (0#1) [/home/uni/project/smartssd/host_file_sum64/_x/link/vivado/vpl/prj/prj.gen/my_rm/bd/ulp/ipshared/63bf/hdl/verilog/file_sum64_gmem0_m_axi.v:11]
INFO: [Synth 8-6157] synthesizing module 'file_sum64_gmem1_m_axi' [/home/uni/project/smartssd/host_file_sum64/_x/link/vivado/vpl/prj/prj.gen/my_rm/bd/ulp/ipshared/63bf/hdl/verilog/file_sum64_gmem1_m_axi.v:11]
INFO: [Synth 8-6157] synthesizing module 'file_sum64_gmem1_m_axi_store' [/home/uni/project/smartssd/host_file_sum64/_x/link/vivado/vpl/prj/prj.gen/my_rm/bd/ulp/ipshared/63bf/hdl/verilog/file_sum64_gmem1_m_axi.v:781]
INFO: [Synth 8-6157] synthesizing module 'file_sum64_gmem1_m_axi_fifo' [/home/uni/project/smartssd/host_file_sum64/_x/link/vivado/vpl/prj/prj.gen/my_rm/bd/ulp/ipshared/63bf/hdl/verilog/file_sum64_gmem1_m_axi.v:2551]
INFO: [Synth 8-6157] synthesizing module 'file_sum64_gmem1_m_axi_srl' [/home/uni/project/smartssd/host_file_sum64/_x/link/vivado/vpl/prj/prj.gen/my_rm/bd/ulp/ipshared/63bf/hdl/verilog/file_sum64_gmem1_m_axi.v:2729]
INFO: [Synth 8-6155] done synthesizing module 'file_sum64_gmem1_m_axi_srl' (0#1) [/home/uni/project/smartssd/host_file_sum64/_x/link/vivado/vpl/prj/prj.gen/my_rm/bd/ulp/ipshared/63bf/hdl/verilog/file_sum64_gmem1_m_axi.v:2729]
INFO: [Synth 8-6155] done synthesizing module 'file_sum64_gmem1_m_axi_fifo' (0#1) [/home/uni/project/smartssd/host_file_sum64/_x/link/vivado/vpl/prj/prj.gen/my_rm/bd/ulp/ipshared/63bf/hdl/verilog/file_sum64_gmem1_m_axi.v:2551]
INFO: [Synth 8-6157] synthesizing module 'file_sum64_gmem1_m_axi_fifo__parameterized0' [/home/uni/project/smartssd/host_file_sum64/_x/link/vivado/vpl/prj/prj.gen/my_rm/bd/ulp/ipshared/63bf/hdl/verilog/file_sum64_gmem1_m_axi.v:2551]
INFO: [Synth 8-6157] synthesizing module 'file_sum64_gmem1_m_axi_mem' [/home/uni/project/smartssd/host_file_sum64/_x/link/vivado/vpl/prj/prj.gen/my_rm/bd/ulp/ipshared/63bf/hdl/verilog/file_sum64_gmem1_m_axi.v:2783]
INFO: [Synth 8-6155] done synthesizing module 'file_sum64_gmem1_m_axi_mem' (0#1) [/home/uni/project/smartssd/host_file_sum64/_x/link/vivado/vpl/prj/prj.gen/my_rm/bd/ulp/ipshared/63bf/hdl/verilog/file_sum64_gmem1_m_axi.v:2783]
INFO: [Synth 8-6155] done synthesizing module 'file_sum64_gmem1_m_axi_fifo__parameterized0' (0#1) [/home/uni/project/smartssd/host_file_sum64/_x/link/vivado/vpl/prj/prj.gen/my_rm/bd/ulp/ipshared/63bf/hdl/verilog/file_sum64_gmem1_m_axi.v:2551]
INFO: [Synth 8-6157] synthesizing module 'file_sum64_gmem1_m_axi_fifo__parameterized1' [/home/uni/project/smartssd/host_file_sum64/_x/link/vivado/vpl/prj/prj.gen/my_rm/bd/ulp/ipshared/63bf/hdl/verilog/file_sum64_gmem1_m_axi.v:2551]
INFO: [Synth 8-6157] synthesizing module 'file_sum64_gmem1_m_axi_srl__parameterized0' [/home/uni/project/smartssd/host_file_sum64/_x/link/vivado/vpl/prj/prj.gen/my_rm/bd/ulp/ipshared/63bf/hdl/verilog/file_sum64_gmem1_m_axi.v:2729]
INFO: [Synth 8-6155] done synthesizing module 'file_sum64_gmem1_m_axi_srl__parameterized0' (0#1) [/home/uni/project/smartssd/host_file_sum64/_x/link/vivado/vpl/prj/prj.gen/my_rm/bd/ulp/ipshared/63bf/hdl/verilog/file_sum64_gmem1_m_axi.v:2729]
INFO: [Synth 8-6155] done synthesizing module 'file_sum64_gmem1_m_axi_fifo__parameterized1' (0#1) [/home/uni/project/smartssd/host_file_sum64/_x/link/vivado/vpl/prj/prj.gen/my_rm/bd/ulp/ipshared/63bf/hdl/verilog/file_sum64_gmem1_m_axi.v:2551]
INFO: [Synth 8-6157] synthesizing module 'file_sum64_gmem1_m_axi_fifo__parameterized2' [/home/uni/project/smartssd/host_file_sum64/_x/link/vivado/vpl/prj/prj.gen/my_rm/bd/ulp/ipshared/63bf/hdl/verilog/file_sum64_gmem1_m_axi.v:2551]
INFO: [Synth 8-6157] synthesizing module 'file_sum64_gmem1_m_axi_srl__parameterized1' [/home/uni/project/smartssd/host_file_sum64/_x/link/vivado/vpl/prj/prj.gen/my_rm/bd/ulp/ipshared/63bf/hdl/verilog/file_sum64_gmem1_m_axi.v:2729]
INFO: [Synth 8-6155] done synthesizing module 'file_sum64_gmem1_m_axi_srl__parameterized1' (0#1) [/home/uni/project/smartssd/host_file_sum64/_x/link/vivado/vpl/prj/prj.gen/my_rm/bd/ulp/ipshared/63bf/hdl/verilog/file_sum64_gmem1_m_axi.v:2729]
INFO: [Synth 8-6155] done synthesizing module 'file_sum64_gmem1_m_axi_fifo__parameterized2' (0#1) [/home/uni/project/smartssd/host_file_sum64/_x/link/vivado/vpl/prj/prj.gen/my_rm/bd/ulp/ipshared/63bf/hdl/verilog/file_sum64_gmem1_m_axi.v:2551]
INFO: [Synth 8-6155] done synthesizing module 'file_sum64_gmem1_m_axi_store' (0#1) [/home/uni/project/smartssd/host_file_sum64/_x/link/vivado/vpl/prj/prj.gen/my_rm/bd/ulp/ipshared/63bf/hdl/verilog/file_sum64_gmem1_m_axi.v:781]
INFO: [Synth 8-6157] synthesizing module 'file_sum64_gmem1_m_axi_load' [/home/uni/project/smartssd/host_file_sum64/_x/link/vivado/vpl/prj/prj.gen/my_rm/bd/ulp/ipshared/63bf/hdl/verilog/file_sum64_gmem1_m_axi.v:325]
INFO: [Synth 8-6157] synthesizing module 'file_sum64_gmem1_m_axi_fifo__parameterized3' [/home/uni/project/smartssd/host_file_sum64/_x/link/vivado/vpl/prj/prj.gen/my_rm/bd/ulp/ipshared/63bf/hdl/verilog/file_sum64_gmem1_m_axi.v:2551]
INFO: [Synth 8-6157] synthesizing module 'file_sum64_gmem1_m_axi_mem__parameterized0' [/home/uni/project/smartssd/host_file_sum64/_x/link/vivado/vpl/prj/prj.gen/my_rm/bd/ulp/ipshared/63bf/hdl/verilog/file_sum64_gmem1_m_axi.v:2783]
INFO: [Synth 8-6155] done synthesizing module 'file_sum64_gmem1_m_axi_mem__parameterized0' (0#1) [/home/uni/project/smartssd/host_file_sum64/_x/link/vivado/vpl/prj/prj.gen/my_rm/bd/ulp/ipshared/63bf/hdl/verilog/file_sum64_gmem1_m_axi.v:2783]
INFO: [Synth 8-6155] done synthesizing module 'file_sum64_gmem1_m_axi_fifo__parameterized3' (0#1) [/home/uni/project/smartssd/host_file_sum64/_x/link/vivado/vpl/prj/prj.gen/my_rm/bd/ulp/ipshared/63bf/hdl/verilog/file_sum64_gmem1_m_axi.v:2551]
INFO: [Synth 8-6155] done synthesizing module 'file_sum64_gmem1_m_axi_load' (0#1) [/home/uni/project/smartssd/host_file_sum64/_x/link/vivado/vpl/prj/prj.gen/my_rm/bd/ulp/ipshared/63bf/hdl/verilog/file_sum64_gmem1_m_axi.v:325]
INFO: [Synth 8-6157] synthesizing module 'file_sum64_gmem1_m_axi_write' [/home/uni/project/smartssd/host_file_sum64/_x/link/vivado/vpl/prj/prj.gen/my_rm/bd/ulp/ipshared/63bf/hdl/verilog/file_sum64_gmem1_m_axi.v:1716]
INFO: [Synth 8-6157] synthesizing module 'file_sum64_gmem1_m_axi_reg_slice' [/home/uni/project/smartssd/host_file_sum64/_x/link/vivado/vpl/prj/prj.gen/my_rm/bd/ulp/ipshared/63bf/hdl/verilog/file_sum64_gmem1_m_axi.v:2449]
INFO: [Synth 8-6155] done synthesizing module 'file_sum64_gmem1_m_axi_reg_slice' (0#1) [/home/uni/project/smartssd/host_file_sum64/_x/link/vivado/vpl/prj/prj.gen/my_rm/bd/ulp/ipshared/63bf/hdl/verilog/file_sum64_gmem1_m_axi.v:2449]
INFO: [Synth 8-6157] synthesizing module 'file_sum64_gmem1_m_axi_fifo__parameterized4' [/home/uni/project/smartssd/host_file_sum64/_x/link/vivado/vpl/prj/prj.gen/my_rm/bd/ulp/ipshared/63bf/hdl/verilog/file_sum64_gmem1_m_axi.v:2551]
INFO: [Synth 8-6157] synthesizing module 'file_sum64_gmem1_m_axi_srl__parameterized2' [/home/uni/project/smartssd/host_file_sum64/_x/link/vivado/vpl/prj/prj.gen/my_rm/bd/ulp/ipshared/63bf/hdl/verilog/file_sum64_gmem1_m_axi.v:2729]
INFO: [Synth 8-6155] done synthesizing module 'file_sum64_gmem1_m_axi_srl__parameterized2' (0#1) [/home/uni/project/smartssd/host_file_sum64/_x/link/vivado/vpl/prj/prj.gen/my_rm/bd/ulp/ipshared/63bf/hdl/verilog/file_sum64_gmem1_m_axi.v:2729]
INFO: [Synth 8-6155] done synthesizing module 'file_sum64_gmem1_m_axi_fifo__parameterized4' (0#1) [/home/uni/project/smartssd/host_file_sum64/_x/link/vivado/vpl/prj/prj.gen/my_rm/bd/ulp/ipshared/63bf/hdl/verilog/file_sum64_gmem1_m_axi.v:2551]
INFO: [Synth 8-6157] synthesizing module 'file_sum64_gmem1_m_axi_throttle' [/home/uni/project/smartssd/host_file_sum64/_x/link/vivado/vpl/prj/prj.gen/my_rm/bd/ulp/ipshared/63bf/hdl/verilog/file_sum64_gmem1_m_axi.v:2224]
INFO: [Synth 8-6157] synthesizing module 'file_sum64_gmem1_m_axi_reg_slice__parameterized0' [/home/uni/project/smartssd/host_file_sum64/_x/link/vivado/vpl/prj/prj.gen/my_rm/bd/ulp/ipshared/63bf/hdl/verilog/file_sum64_gmem1_m_axi.v:2449]
INFO: [Synth 8-6155] done synthesizing module 'file_sum64_gmem1_m_axi_reg_slice__parameterized0' (0#1) [/home/uni/project/smartssd/host_file_sum64/_x/link/vivado/vpl/prj/prj.gen/my_rm/bd/ulp/ipshared/63bf/hdl/verilog/file_sum64_gmem1_m_axi.v:2449]
INFO: [Synth 8-6157] synthesizing module 'file_sum64_gmem1_m_axi_fifo__parameterized5' [/home/uni/project/smartssd/host_file_sum64/_x/link/vivado/vpl/prj/prj.gen/my_rm/bd/ulp/ipshared/63bf/hdl/verilog/file_sum64_gmem1_m_axi.v:2551]
INFO: [Synth 8-6157] synthesizing module 'file_sum64_gmem1_m_axi_srl__parameterized3' [/home/uni/project/smartssd/host_file_sum64/_x/link/vivado/vpl/prj/prj.gen/my_rm/bd/ulp/ipshared/63bf/hdl/verilog/file_sum64_gmem1_m_axi.v:2729]
INFO: [Synth 8-6155] done synthesizing module 'file_sum64_gmem1_m_axi_srl__parameterized3' (0#1) [/home/uni/project/smartssd/host_file_sum64/_x/link/vivado/vpl/prj/prj.gen/my_rm/bd/ulp/ipshared/63bf/hdl/verilog/file_sum64_gmem1_m_axi.v:2729]
INFO: [Synth 8-6155] done synthesizing module 'file_sum64_gmem1_m_axi_fifo__parameterized5' (0#1) [/home/uni/project/smartssd/host_file_sum64/_x/link/vivado/vpl/prj/prj.gen/my_rm/bd/ulp/ipshared/63bf/hdl/verilog/file_sum64_gmem1_m_axi.v:2551]
INFO: [Synth 8-6157] synthesizing module 'file_sum64_gmem1_m_axi_fifo__parameterized6' [/home/uni/project/smartssd/host_file_sum64/_x/link/vivado/vpl/prj/prj.gen/my_rm/bd/ulp/ipshared/63bf/hdl/verilog/file_sum64_gmem1_m_axi.v:2551]
INFO: [Synth 8-6157] synthesizing module 'file_sum64_gmem1_m_axi_srl__parameterized4' [/home/uni/project/smartssd/host_file_sum64/_x/link/vivado/vpl/prj/prj.gen/my_rm/bd/ulp/ipshared/63bf/hdl/verilog/file_sum64_gmem1_m_axi.v:2729]
INFO: [Synth 8-6155] done synthesizing module 'file_sum64_gmem1_m_axi_srl__parameterized4' (0#1) [/home/uni/project/smartssd/host_file_sum64/_x/link/vivado/vpl/prj/prj.gen/my_rm/bd/ulp/ipshared/63bf/hdl/verilog/file_sum64_gmem1_m_axi.v:2729]
INFO: [Synth 8-6155] done synthesizing module 'file_sum64_gmem1_m_axi_fifo__parameterized6' (0#1) [/home/uni/project/smartssd/host_file_sum64/_x/link/vivado/vpl/prj/prj.gen/my_rm/bd/ulp/ipshared/63bf/hdl/verilog/file_sum64_gmem1_m_axi.v:2551]
INFO: [Synth 8-6155] done synthesizing module 'file_sum64_gmem1_m_axi_throttle' (0#1) [/home/uni/project/smartssd/host_file_sum64/_x/link/vivado/vpl/prj/prj.gen/my_rm/bd/ulp/ipshared/63bf/hdl/verilog/file_sum64_gmem1_m_axi.v:2224]
INFO: [Synth 8-6157] synthesizing module 'file_sum64_gmem1_m_axi_reg_slice__parameterized1' [/home/uni/project/smartssd/host_file_sum64/_x/link/vivado/vpl/prj/prj.gen/my_rm/bd/ulp/ipshared/63bf/hdl/verilog/file_sum64_gmem1_m_axi.v:2449]
INFO: [Synth 8-6155] done synthesizing module 'file_sum64_gmem1_m_axi_reg_slice__parameterized1' (0#1) [/home/uni/project/smartssd/host_file_sum64/_x/link/vivado/vpl/prj/prj.gen/my_rm/bd/ulp/ipshared/63bf/hdl/verilog/file_sum64_gmem1_m_axi.v:2449]
WARNING: [Synth 8-589] replacing case/wildcard equality operator === with logical equality operator == [/home/uni/project/smartssd/host_file_sum64/_x/link/vivado/vpl/prj/prj.gen/my_rm/bd/ulp/ipshared/63bf/hdl/verilog/file_sum64_gmem1_m_axi.v:2216]
WARNING: [Synth 8-589] replacing case/wildcard equality operator === with logical equality operator == [/home/uni/project/smartssd/host_file_sum64/_x/link/vivado/vpl/prj/prj.gen/my_rm/bd/ulp/ipshared/63bf/hdl/verilog/file_sum64_gmem1_m_axi.v:2219]
INFO: [Synth 8-6155] done synthesizing module 'file_sum64_gmem1_m_axi_write' (0#1) [/home/uni/project/smartssd/host_file_sum64/_x/link/vivado/vpl/prj/prj.gen/my_rm/bd/ulp/ipshared/63bf/hdl/verilog/file_sum64_gmem1_m_axi.v:1716]
INFO: [Synth 8-6157] synthesizing module 'file_sum64_gmem1_m_axi_read' [/home/uni/project/smartssd/host_file_sum64/_x/link/vivado/vpl/prj/prj.gen/my_rm/bd/ulp/ipshared/63bf/hdl/verilog/file_sum64_gmem1_m_axi.v:1332]
INFO: [Synth 8-6157] synthesizing module 'file_sum64_gmem1_m_axi_reg_slice__parameterized2' [/home/uni/project/smartssd/host_file_sum64/_x/link/vivado/vpl/prj/prj.gen/my_rm/bd/ulp/ipshared/63bf/hdl/verilog/file_sum64_gmem1_m_axi.v:2449]
INFO: [Synth 8-6155] done synthesizing module 'file_sum64_gmem1_m_axi_reg_slice__parameterized2' (0#1) [/home/uni/project/smartssd/host_file_sum64/_x/link/vivado/vpl/prj/prj.gen/my_rm/bd/ulp/ipshared/63bf/hdl/verilog/file_sum64_gmem1_m_axi.v:2449]
WARNING: [Synth 8-589] replacing case/wildcard equality operator === with logical equality operator == [/home/uni/project/smartssd/host_file_sum64/_x/link/vivado/vpl/prj/prj.gen/my_rm/bd/ulp/ipshared/63bf/hdl/verilog/file_sum64_gmem1_m_axi.v:1708]
INFO: [Synth 8-6155] done synthesizing module 'file_sum64_gmem1_m_axi_read' (0#1) [/home/uni/project/smartssd/host_file_sum64/_x/link/vivado/vpl/prj/prj.gen/my_rm/bd/ulp/ipshared/63bf/hdl/verilog/file_sum64_gmem1_m_axi.v:1332]
INFO: [Synth 8-6155] done synthesizing module 'file_sum64_gmem1_m_axi' (0#1) [/home/uni/project/smartssd/host_file_sum64/_x/link/vivado/vpl/prj/prj.gen/my_rm/bd/ulp/ipshared/63bf/hdl/verilog/file_sum64_gmem1_m_axi.v:11]
INFO: [Synth 8-6155] done synthesizing module 'file_sum64' (0#1) [/home/uni/project/smartssd/host_file_sum64/_x/link/vivado/vpl/prj/prj.gen/my_rm/bd/ulp/ipshared/63bf/hdl/verilog/file_sum64.v:10]
INFO: [Synth 8-6155] done synthesizing module 'ulp_file_sum64_1_0' (0#1) [/home/uni/project/smartssd/host_file_sum64/_x/link/vivado/vpl/prj/prj.gen/my_rm/bd/ulp/ip/ulp_file_sum64_1_0/synth/ulp_file_sum64_1_0.v:53]
WARNING: [Synth 8-6014] Unused sequential element int_ap_done_reg was removed.  [/home/uni/project/smartssd/host_file_sum64/_x/link/vivado/vpl/prj/prj.gen/my_rm/bd/ulp/ipshared/63bf/hdl/verilog/file_sum64_control_s_axi.v:299]
WARNING: [Synth 8-7129] Port in_BUS_RID[0] in module file_sum64_gmem1_m_axi_read is either unconnected or has no load
WARNING: [Synth 8-7129] Port in_BUS_RRESP[1] in module file_sum64_gmem1_m_axi_read is either unconnected or has no load
WARNING: [Synth 8-7129] Port in_BUS_RRESP[0] in module file_sum64_gmem1_m_axi_read is either unconnected or has no load
WARNING: [Synth 8-7129] Port in_BUS_RUSER[0] in module file_sum64_gmem1_m_axi_read is either unconnected or has no load
WARNING: [Synth 8-7129] Port in_BUS_BID[0] in module file_sum64_gmem1_m_axi_write is either unconnected or has no load
WARNING: [Synth 8-7129] Port in_BUS_BRESP[1] in module file_sum64_gmem1_m_axi_write is either unconnected or has no load
WARNING: [Synth 8-7129] Port in_BUS_BRESP[0] in module file_sum64_gmem1_m_axi_write is either unconnected or has no load
WARNING: [Synth 8-7129] Port in_BUS_BUSER[0] in module file_sum64_gmem1_m_axi_write is either unconnected or has no load
WARNING: [Synth 8-7129] Port in_BUS_RID[0] in module file_sum64_gmem0_m_axi_read is either unconnected or has no load
WARNING: [Synth 8-7129] Port in_BUS_RRESP[1] in module file_sum64_gmem0_m_axi_read is either unconnected or has no load
WARNING: [Synth 8-7129] Port in_BUS_RRESP[0] in module file_sum64_gmem0_m_axi_read is either unconnected or has no load
WARNING: [Synth 8-7129] Port in_BUS_RUSER[0] in module file_sum64_gmem0_m_axi_read is either unconnected or has no load
WARNING: [Synth 8-7129] Port in_BUS_BID[0] in module file_sum64_gmem0_m_axi_write is either unconnected or has no load
WARNING: [Synth 8-7129] Port in_BUS_BRESP[1] in module file_sum64_gmem0_m_axi_write is either unconnected or has no load
WARNING: [Synth 8-7129] Port in_BUS_BRESP[0] in module file_sum64_gmem0_m_axi_write is either unconnected or has no load
WARNING: [Synth 8-7129] Port in_BUS_BUSER[0] in module file_sum64_gmem0_m_axi_write is either unconnected or has no load
WARNING: [Synth 8-7129] Port m_axi_gmem0_AWREADY in module file_sum64_file_sum64_Pipeline_sum_loop is either unconnected or has no load
WARNING: [Synth 8-7129] Port m_axi_gmem0_WREADY in module file_sum64_file_sum64_Pipeline_sum_loop is either unconnected or has no load
WARNING: [Synth 8-7129] Port m_axi_gmem0_ARREADY in module file_sum64_file_sum64_Pipeline_sum_loop is either unconnected or has no load
WARNING: [Synth 8-7129] Port m_axi_gmem0_RLAST in module file_sum64_file_sum64_Pipeline_sum_loop is either unconnected or has no load
WARNING: [Synth 8-7129] Port m_axi_gmem0_RID[0] in module file_sum64_file_sum64_Pipeline_sum_loop is either unconnected or has no load
WARNING: [Synth 8-7129] Port m_axi_gmem0_RFIFONUM[8] in module file_sum64_file_sum64_Pipeline_sum_loop is either unconnected or has no load
WARNING: [Synth 8-7129] Port m_axi_gmem0_RFIFONUM[7] in module file_sum64_file_sum64_Pipeline_sum_loop is either unconnected or has no load
WARNING: [Synth 8-7129] Port m_axi_gmem0_RFIFONUM[6] in module file_sum64_file_sum64_Pipeline_sum_loop is either unconnected or has no load
WARNING: [Synth 8-7129] Port m_axi_gmem0_RFIFONUM[5] in module file_sum64_file_sum64_Pipeline_sum_loop is either unconnected or has no load
WARNING: [Synth 8-7129] Port m_axi_gmem0_RFIFONUM[4] in module file_sum64_file_sum64_Pipeline_sum_loop is either unconnected or has no load
WARNING: [Synth 8-7129] Port m_axi_gmem0_RFIFONUM[3] in module file_sum64_file_sum64_Pipeline_sum_loop is either unconnected or has no load
WARNING: [Synth 8-7129] Port m_axi_gmem0_RFIFONUM[2] in module file_sum64_file_sum64_Pipeline_sum_loop is either unconnected or has no load
WARNING: [Synth 8-7129] Port m_axi_gmem0_RFIFONUM[1] in module file_sum64_file_sum64_Pipeline_sum_loop is either unconnected or has no load
WARNING: [Synth 8-7129] Port m_axi_gmem0_RFIFONUM[0] in module file_sum64_file_sum64_Pipeline_sum_loop is either unconnected or has no load
WARNING: [Synth 8-7129] Port m_axi_gmem0_RUSER[0] in module file_sum64_file_sum64_Pipeline_sum_loop is either unconnected or has no load
WARNING: [Synth 8-7129] Port m_axi_gmem0_RRESP[1] in module file_sum64_file_sum64_Pipeline_sum_loop is either unconnected or has no load
WARNING: [Synth 8-7129] Port m_axi_gmem0_RRESP[0] in module file_sum64_file_sum64_Pipeline_sum_loop is either unconnected or has no load
WARNING: [Synth 8-7129] Port m_axi_gmem0_BVALID in module file_sum64_file_sum64_Pipeline_sum_loop is either unconnected or has no load
WARNING: [Synth 8-7129] Port m_axi_gmem0_BRESP[1] in module file_sum64_file_sum64_Pipeline_sum_loop is either unconnected or has no load
WARNING: [Synth 8-7129] Port m_axi_gmem0_BRESP[0] in module file_sum64_file_sum64_Pipeline_sum_loop is either unconnected or has no load
WARNING: [Synth 8-7129] Port m_axi_gmem0_BID[0] in module file_sum64_file_sum64_Pipeline_sum_loop is either unconnected or has no load
WARNING: [Synth 8-7129] Port m_axi_gmem0_BUSER[0] in module file_sum64_file_sum64_Pipeline_sum_loop is either unconnected or has no load
WARNING: [Synth 8-7129] Port sext_ln17[60] in module file_sum64_file_sum64_Pipeline_sum_loop is either unconnected or has no load
WARNING: [Synth 8-7129] Port sext_ln17[59] in module file_sum64_file_sum64_Pipeline_sum_loop is either unconnected or has no load
WARNING: [Synth 8-7129] Port sext_ln17[58] in module file_sum64_file_sum64_Pipeline_sum_loop is either unconnected or has no load
WARNING: [Synth 8-7129] Port sext_ln17[57] in module file_sum64_file_sum64_Pipeline_sum_loop is either unconnected or has no load
WARNING: [Synth 8-7129] Port sext_ln17[56] in module file_sum64_file_sum64_Pipeline_sum_loop is either unconnected or has no load
WARNING: [Synth 8-7129] Port sext_ln17[55] in module file_sum64_file_sum64_Pipeline_sum_loop is either unconnected or has no load
WARNING: [Synth 8-7129] Port sext_ln17[54] in module file_sum64_file_sum64_Pipeline_sum_loop is either unconnected or has no load
WARNING: [Synth 8-7129] Port sext_ln17[53] in module file_sum64_file_sum64_Pipeline_sum_loop is either unconnected or has no load
WARNING: [Synth 8-7129] Port sext_ln17[52] in module file_sum64_file_sum64_Pipeline_sum_loop is either unconnected or has no load
WARNING: [Synth 8-7129] Port sext_ln17[51] in module file_sum64_file_sum64_Pipeline_sum_loop is either unconnected or has no load
WARNING: [Synth 8-7129] Port sext_ln17[50] in module file_sum64_file_sum64_Pipeline_sum_loop is either unconnected or has no load
WARNING: [Synth 8-7129] Port sext_ln17[49] in module file_sum64_file_sum64_Pipeline_sum_loop is either unconnected or has no load
WARNING: [Synth 8-7129] Port sext_ln17[48] in module file_sum64_file_sum64_Pipeline_sum_loop is either unconnected or has no load
WARNING: [Synth 8-7129] Port sext_ln17[47] in module file_sum64_file_sum64_Pipeline_sum_loop is either unconnected or has no load
WARNING: [Synth 8-7129] Port sext_ln17[46] in module file_sum64_file_sum64_Pipeline_sum_loop is either unconnected or has no load
WARNING: [Synth 8-7129] Port sext_ln17[45] in module file_sum64_file_sum64_Pipeline_sum_loop is either unconnected or has no load
WARNING: [Synth 8-7129] Port sext_ln17[44] in module file_sum64_file_sum64_Pipeline_sum_loop is either unconnected or has no load
WARNING: [Synth 8-7129] Port sext_ln17[43] in module file_sum64_file_sum64_Pipeline_sum_loop is either unconnected or has no load
WARNING: [Synth 8-7129] Port sext_ln17[42] in module file_sum64_file_sum64_Pipeline_sum_loop is either unconnected or has no load
WARNING: [Synth 8-7129] Port sext_ln17[41] in module file_sum64_file_sum64_Pipeline_sum_loop is either unconnected or has no load
WARNING: [Synth 8-7129] Port sext_ln17[40] in module file_sum64_file_sum64_Pipeline_sum_loop is either unconnected or has no load
WARNING: [Synth 8-7129] Port sext_ln17[39] in module file_sum64_file_sum64_Pipeline_sum_loop is either unconnected or has no load
WARNING: [Synth 8-7129] Port sext_ln17[38] in module file_sum64_file_sum64_Pipeline_sum_loop is either unconnected or has no load
WARNING: [Synth 8-7129] Port sext_ln17[37] in module file_sum64_file_sum64_Pipeline_sum_loop is either unconnected or has no load
WARNING: [Synth 8-7129] Port sext_ln17[36] in module file_sum64_file_sum64_Pipeline_sum_loop is either unconnected or has no load
WARNING: [Synth 8-7129] Port sext_ln17[35] in module file_sum64_file_sum64_Pipeline_sum_loop is either unconnected or has no load
WARNING: [Synth 8-7129] Port sext_ln17[34] in module file_sum64_file_sum64_Pipeline_sum_loop is either unconnected or has no load
WARNING: [Synth 8-7129] Port sext_ln17[33] in module file_sum64_file_sum64_Pipeline_sum_loop is either unconnected or has no load
WARNING: [Synth 8-7129] Port sext_ln17[32] in module file_sum64_file_sum64_Pipeline_sum_loop is either unconnected or has no load
WARNING: [Synth 8-7129] Port sext_ln17[31] in module file_sum64_file_sum64_Pipeline_sum_loop is either unconnected or has no load
WARNING: [Synth 8-7129] Port sext_ln17[30] in module file_sum64_file_sum64_Pipeline_sum_loop is either unconnected or has no load
WARNING: [Synth 8-7129] Port sext_ln17[29] in module file_sum64_file_sum64_Pipeline_sum_loop is either unconnected or has no load
WARNING: [Synth 8-7129] Port sext_ln17[28] in module file_sum64_file_sum64_Pipeline_sum_loop is either unconnected or has no load
WARNING: [Synth 8-7129] Port sext_ln17[27] in module file_sum64_file_sum64_Pipeline_sum_loop is either unconnected or has no load
WARNING: [Synth 8-7129] Port sext_ln17[26] in module file_sum64_file_sum64_Pipeline_sum_loop is either unconnected or has no load
WARNING: [Synth 8-7129] Port sext_ln17[25] in module file_sum64_file_sum64_Pipeline_sum_loop is either unconnected or has no load
WARNING: [Synth 8-7129] Port sext_ln17[24] in module file_sum64_file_sum64_Pipeline_sum_loop is either unconnected or has no load
WARNING: [Synth 8-7129] Port sext_ln17[23] in module file_sum64_file_sum64_Pipeline_sum_loop is either unconnected or has no load
WARNING: [Synth 8-7129] Port sext_ln17[22] in module file_sum64_file_sum64_Pipeline_sum_loop is either unconnected or has no load
WARNING: [Synth 8-7129] Port sext_ln17[21] in module file_sum64_file_sum64_Pipeline_sum_loop is either unconnected or has no load
WARNING: [Synth 8-7129] Port sext_ln17[20] in module file_sum64_file_sum64_Pipeline_sum_loop is either unconnected or has no load
WARNING: [Synth 8-7129] Port sext_ln17[19] in module file_sum64_file_sum64_Pipeline_sum_loop is either unconnected or has no load
WARNING: [Synth 8-7129] Port sext_ln17[18] in module file_sum64_file_sum64_Pipeline_sum_loop is either unconnected or has no load
WARNING: [Synth 8-7129] Port sext_ln17[17] in module file_sum64_file_sum64_Pipeline_sum_loop is either unconnected or has no load
WARNING: [Synth 8-7129] Port sext_ln17[16] in module file_sum64_file_sum64_Pipeline_sum_loop is either unconnected or has no load
WARNING: [Synth 8-7129] Port sext_ln17[15] in module file_sum64_file_sum64_Pipeline_sum_loop is either unconnected or has no load
WARNING: [Synth 8-7129] Port sext_ln17[14] in module file_sum64_file_sum64_Pipeline_sum_loop is either unconnected or has no load
WARNING: [Synth 8-7129] Port sext_ln17[13] in module file_sum64_file_sum64_Pipeline_sum_loop is either unconnected or has no load
WARNING: [Synth 8-7129] Port sext_ln17[12] in module file_sum64_file_sum64_Pipeline_sum_loop is either unconnected or has no load
WARNING: [Synth 8-7129] Port sext_ln17[11] in module file_sum64_file_sum64_Pipeline_sum_loop is either unconnected or has no load
WARNING: [Synth 8-7129] Port sext_ln17[10] in module file_sum64_file_sum64_Pipeline_sum_loop is either unconnected or has no load
WARNING: [Synth 8-7129] Port sext_ln17[9] in module file_sum64_file_sum64_Pipeline_sum_loop is either unconnected or has no load
WARNING: [Synth 8-7129] Port sext_ln17[8] in module file_sum64_file_sum64_Pipeline_sum_loop is either unconnected or has no load
WARNING: [Synth 8-7129] Port sext_ln17[7] in module file_sum64_file_sum64_Pipeline_sum_loop is either unconnected or has no load
WARNING: [Synth 8-7129] Port sext_ln17[6] in module file_sum64_file_sum64_Pipeline_sum_loop is either unconnected or has no load
WARNING: [Synth 8-7129] Port sext_ln17[5] in module file_sum64_file_sum64_Pipeline_sum_loop is either unconnected or has no load
WARNING: [Synth 8-7129] Port sext_ln17[4] in module file_sum64_file_sum64_Pipeline_sum_loop is either unconnected or has no load
WARNING: [Synth 8-7129] Port sext_ln17[3] in module file_sum64_file_sum64_Pipeline_sum_loop is either unconnected or has no load
WARNING: [Synth 8-7129] Port sext_ln17[2] in module file_sum64_file_sum64_Pipeline_sum_loop is either unconnected or has no load
WARNING: [Synth 8-7129] Port sext_ln17[1] in module file_sum64_file_sum64_Pipeline_sum_loop is either unconnected or has no load
WARNING: [Synth 8-7129] Port sext_ln17[0] in module file_sum64_file_sum64_Pipeline_sum_loop is either unconnected or has no load
---------------------------------------------------------------------------------
Finished RTL Elaboration : Time (s): cpu = 00:00:10 ; elapsed = 00:00:11 . Memory (MB): peak = 3423.516 ; gain = 399.703 ; free physical = 99459 ; free virtual = 225325
Synthesis current peak Physical Memory [PSS] (MB): peak = 2648.025; parent = 2515.482; children = 132.562
Synthesis current peak Virtual Memory [VSS] (MB): peak = 4423.465; parent = 3423.520; children = 999.945
---------------------------------------------------------------------------------
---------------------------------------------------------------------------------
Start Handling Custom Attributes
---------------------------------------------------------------------------------
---------------------------------------------------------------------------------
Finished Handling Custom Attributes : Time (s): cpu = 00:00:11 ; elapsed = 00:00:11 . Memory (MB): peak = 3441.328 ; gain = 417.516 ; free physical = 99336 ; free virtual = 225202
Synthesis current peak Physical Memory [PSS] (MB): peak = 2648.025; parent = 2515.482; children = 132.562
Synthesis current peak Virtual Memory [VSS] (MB): peak = 4441.277; parent = 3441.332; children = 999.945
---------------------------------------------------------------------------------
---------------------------------------------------------------------------------
Finished RTL Optimization Phase 1 : Time (s): cpu = 00:00:11 ; elapsed = 00:00:12 . Memory (MB): peak = 3441.328 ; gain = 417.516 ; free physical = 99349 ; free virtual = 225216
Synthesis current peak Physical Memory [PSS] (MB): peak = 2648.025; parent = 2515.482; children = 132.562
Synthesis current peak Virtual Memory [VSS] (MB): peak = 4441.277; parent = 3441.332; children = 999.945
---------------------------------------------------------------------------------
Netlist sorting complete. Time (s): cpu = 00:00:00.45 ; elapsed = 00:00:00.45 . Memory (MB): peak = 3441.328 ; gain = 0.000 ; free physical = 98997 ; free virtual = 224866
INFO: [Project 1-570] Preparing netlist for logic optimization

Processing XDC Constraints
Initializing timing engine
Parsing XDC File [/home/uni/project/smartssd/host_file_sum64/_x/link/vivado/vpl/prj/prj.gen/my_rm/bd/ulp/ip/ulp_file_sum64_1_0/constraints/file_sum64_ooc.xdc] for cell 'inst'
create_clock: Time (s): cpu = 00:00:06 ; elapsed = 00:00:06 . Memory (MB): peak = 3559.988 ; gain = 2.969 ; free physical = 101686 ; free virtual = 227567
Finished Parsing XDC File [/home/uni/project/smartssd/host_file_sum64/_x/link/vivado/vpl/prj/prj.gen/my_rm/bd/ulp/ip/ulp_file_sum64_1_0/constraints/file_sum64_ooc.xdc] for cell 'inst'
Parsing XDC File [/home/uni/project/smartssd/host_file_sum64/_x/link/vivado/vpl/prj/prj.runs/ulp_file_sum64_1_0_synth_1/dont_touch.xdc]
Finished Parsing XDC File [/home/uni/project/smartssd/host_file_sum64/_x/link/vivado/vpl/prj/prj.runs/ulp_file_sum64_1_0_synth_1/dont_touch.xdc]
Completed Processing XDC Constraints

Netlist sorting complete. Time (s): cpu = 00:00:00.01 ; elapsed = 00:00:00.01 . Memory (MB): peak = 3559.988 ; gain = 0.000 ; free physical = 101678 ; free virtual = 227559
INFO: [Project 1-111] Unisim Transformation Summary:
No Unisim elements were transformed.

Constraint Validation Runtime : Time (s): cpu = 00:00:00.8 ; elapsed = 00:00:00.83 . Memory (MB): peak = 3559.988 ; gain = 0.000 ; free physical = 101663 ; free virtual = 227546
INFO: [Designutils 20-5008] Incremental synthesis strategy off
INFO: [Synth 8-11241] undeclared symbol 'REGCCE', assumed default net type 'wire' [/home/dess/workspace/Xilinx/Vivado/2022.2/data/verilog/src/unimacro/BRAM_SINGLE_MACRO.v:2170]
---------------------------------------------------------------------------------
Finished Constraint Validation : Time (s): cpu = 00:00:32 ; elapsed = 00:00:34 . Memory (MB): peak = 3559.988 ; gain = 536.176 ; free physical = 103282 ; free virtual = 229156
Synthesis current peak Physical Memory [PSS] (MB): peak = 2651.222; parent = 2516.890; children = 134.637
Synthesis current peak Virtual Memory [VSS] (MB): peak = 4559.938; parent = 3559.992; children = 999.945
---------------------------------------------------------------------------------
---------------------------------------------------------------------------------
Start Loading Part and Timing Information
---------------------------------------------------------------------------------
Loading part: xcku15p-ffva1156-2LV-e
INFO: [Synth 8-6742] Reading net delay rules and data
---------------------------------------------------------------------------------
Finished Loading Part and Timing Information : Time (s): cpu = 00:00:32 ; elapsed = 00:00:34 . Memory (MB): peak = 3559.988 ; gain = 536.176 ; free physical = 103285 ; free virtual = 229159
Synthesis current peak Physical Memory [PSS] (MB): peak = 2651.222; parent = 2516.890; children = 134.637
Synthesis current peak Virtual Memory [VSS] (MB): peak = 4559.938; parent = 3559.992; children = 999.945
---------------------------------------------------------------------------------
---------------------------------------------------------------------------------
Start Applying 'set_property' XDC Constraints
---------------------------------------------------------------------------------
Applied set_property KEEP_HIERARCHY = SOFT for inst. (constraint file  /home/uni/project/smartssd/host_file_sum64/_x/link/vivado/vpl/prj/prj.runs/ulp_file_sum64_1_0_synth_1/dont_touch.xdc, line 9).
---------------------------------------------------------------------------------
Finished applying 'set_property' XDC Constraints : Time (s): cpu = 00:00:32 ; elapsed = 00:00:34 . Memory (MB): peak = 3559.988 ; gain = 536.176 ; free physical = 103219 ; free virtual = 229093
Synthesis current peak Physical Memory [PSS] (MB): peak = 2651.222; parent = 2516.890; children = 134.637
Synthesis current peak Virtual Memory [VSS] (MB): peak = 4559.938; parent = 3559.992; children = 999.945
---------------------------------------------------------------------------------
INFO: [Synth 8-802] inferred FSM for state register 'wstate_reg' in module 'file_sum64_control_s_axi'
INFO: [Synth 8-802] inferred FSM for state register 'rstate_reg' in module 'file_sum64_control_s_axi'
INFO: [Synth 8-802] inferred FSM for state register 'state_reg' in module 'file_sum64_gmem0_m_axi_reg_slice'
INFO: [Synth 8-802] inferred FSM for state register 'state_reg' in module 'file_sum64_gmem0_m_axi_reg_slice__parameterized0'
INFO: [Synth 8-802] inferred FSM for state register 'state_reg' in module 'file_sum64_gmem0_m_axi_reg_slice__parameterized1'
INFO: [Synth 8-802] inferred FSM for state register 'state_reg' in module 'file_sum64_gmem0_m_axi_reg_slice__parameterized2'
INFO: [Synth 8-802] inferred FSM for state register 'state_reg' in module 'file_sum64_gmem1_m_axi_reg_slice'
INFO: [Synth 8-802] inferred FSM for state register 'state_reg' in module 'file_sum64_gmem1_m_axi_reg_slice__parameterized0'
INFO: [Synth 8-802] inferred FSM for state register 'state_reg' in module 'file_sum64_gmem1_m_axi_reg_slice__parameterized1'
INFO: [Synth 8-802] inferred FSM for state register 'state_reg' in module 'file_sum64_gmem1_m_axi_reg_slice__parameterized2'
INFO: [Synth 8-4490] FSM extraction disabled for register 'ap_CS_fsm_reg' through user attribute
---------------------------------------------------------------------------------------------------
                   State |                     New Encoding |                Previous Encoding 
---------------------------------------------------------------------------------------------------
                  iSTATE |                             0001 |                               11
*
                  WRIDLE |                             0010 |                               00
                  WRDATA |                             0100 |                               01
                  WRRESP |                             1000 |                               10
---------------------------------------------------------------------------------------------------
INFO: [Synth 8-3354] encoded FSM with state register 'wstate_reg' using encoding 'one-hot' in module 'file_sum64_control_s_axi'
---------------------------------------------------------------------------------------------------
                   State |                     New Encoding |                Previous Encoding 
---------------------------------------------------------------------------------------------------
                  iSTATE |                              001 |                               10
*
                  RDIDLE |                              010 |                               00
                  RDDATA |                              100 |                               01
---------------------------------------------------------------------------------------------------
INFO: [Synth 8-3354] encoded FSM with state register 'rstate_reg' using encoding 'one-hot' in module 'file_sum64_control_s_axi'
---------------------------------------------------------------------------------------------------
                   State |                     New Encoding |                Previous Encoding 
---------------------------------------------------------------------------------------------------
                    ZERO |                               00 |                               10
                     ONE |                               10 |                               11
                     TWO |                               01 |                               01
---------------------------------------------------------------------------------------------------
INFO: [Synth 8-3354] encoded FSM with state register 'state_reg' using encoding 'sequential' in module 'file_sum64_gmem0_m_axi_reg_slice'
---------------------------------------------------------------------------------------------------
                   State |                     New Encoding |                Previous Encoding 
---------------------------------------------------------------------------------------------------
                    ZERO |                               00 |                               10
                     ONE |                               10 |                               11
                     TWO |                               01 |                               01
---------------------------------------------------------------------------------------------------
INFO: [Synth 8-3354] encoded FSM with state register 'state_reg' using encoding 'sequential' in module 'file_sum64_gmem0_m_axi_reg_slice__parameterized0'
---------------------------------------------------------------------------------------------------
                   State |                     New Encoding |                Previous Encoding 
---------------------------------------------------------------------------------------------------
                    ZERO |                               00 |                               10
                     ONE |                               10 |                               11
                     TWO |                               01 |                               01
---------------------------------------------------------------------------------------------------
INFO: [Synth 8-3354] encoded FSM with state register 'state_reg' using encoding 'sequential' in module 'file_sum64_gmem0_m_axi_reg_slice__parameterized1'
---------------------------------------------------------------------------------------------------
                   State |                     New Encoding |                Previous Encoding 
---------------------------------------------------------------------------------------------------
                    ZERO |                               00 |                               10
                     ONE |                               10 |                               11
                     TWO |                               01 |                               01
---------------------------------------------------------------------------------------------------
INFO: [Synth 8-3354] encoded FSM with state register 'state_reg' using encoding 'sequential' in module 'file_sum64_gmem0_m_axi_reg_slice__parameterized2'
---------------------------------------------------------------------------------------------------
                   State |                     New Encoding |                Previous Encoding 
---------------------------------------------------------------------------------------------------
                    ZERO |                               00 |                               10
                     ONE |                               10 |                               11
                     TWO |                               01 |                               01
---------------------------------------------------------------------------------------------------
INFO: [Synth 8-3354] encoded FSM with state register 'state_reg' using encoding 'sequential' in module 'file_sum64_gmem1_m_axi_reg_slice'
---------------------------------------------------------------------------------------------------
                   State |                     New Encoding |                Previous Encoding 
---------------------------------------------------------------------------------------------------
                    ZERO |                               00 |                               10
                     ONE |                               10 |                               11
                     TWO |                               01 |                               01
---------------------------------------------------------------------------------------------------
INFO: [Synth 8-3354] encoded FSM with state register 'state_reg' using encoding 'sequential' in module 'file_sum64_gmem1_m_axi_reg_slice__parameterized0'
---------------------------------------------------------------------------------------------------
                   State |                     New Encoding |                Previous Encoding 
---------------------------------------------------------------------------------------------------
                    ZERO |                               00 |                               10
                     ONE |                               10 |                               11
                     TWO |                               01 |                               01
---------------------------------------------------------------------------------------------------
INFO: [Synth 8-3354] encoded FSM with state register 'state_reg' using encoding 'sequential' in module 'file_sum64_gmem1_m_axi_reg_slice__parameterized1'
---------------------------------------------------------------------------------------------------
                   State |                     New Encoding |                Previous Encoding 
---------------------------------------------------------------------------------------------------
                    ZERO |                               00 |                               10
                     ONE |                               10 |                               11
                     TWO |                               01 |                               01
---------------------------------------------------------------------------------------------------
INFO: [Synth 8-3354] encoded FSM with state register 'state_reg' using encoding 'sequential' in module 'file_sum64_gmem1_m_axi_reg_slice__parameterized2'
---------------------------------------------------------------------------------
Finished RTL Optimization Phase 2 : Time (s): cpu = 00:00:36 ; elapsed = 00:00:39 . Memory (MB): peak = 3559.988 ; gain = 536.176 ; free physical = 102580 ; free virtual = 228467
Synthesis current peak Physical Memory [PSS] (MB): peak = 2651.222; parent = 2516.890; children = 134.637
Synthesis current peak Virtual Memory [VSS] (MB): peak = 4559.938; parent = 3559.992; children = 999.945
---------------------------------------------------------------------------------
---------------------------------------------------------------------------------
Start RTL Component Statistics 
---------------------------------------------------------------------------------
Detailed RTL Component Info : 
+---Adders : 
	   2 Input   64 Bit       Adders := 8     
	   2 Input   52 Bit       Adders := 4     
	   2 Input   32 Bit       Adders := 5     
	   2 Input   12 Bit       Adders := 4     
	   2 Input    9 Bit       Adders := 8     
	   2 Input    8 Bit       Adders := 18    
	   2 Input    7 Bit       Adders := 6     
	   2 Input    5 Bit       Adders := 38    
	   2 Input    4 Bit       Adders := 18    
+---XORs : 
	   2 Input      1 Bit         XORs := 2     
+---Registers : 
	              142 Bit    Registers := 1     
	               96 Bit    Registers := 12    
	               73 Bit    Registers := 2     
	               72 Bit    Registers := 8     
	               66 Bit    Registers := 2     
	               65 Bit    Registers := 4     
	               64 Bit    Registers := 23    
	               61 Bit    Registers := 2     
	               52 Bit    Registers := 4     
	               32 Bit    Registers := 11    
	                9 Bit    Registers := 10    
	                8 Bit    Registers := 20    
	                7 Bit    Registers := 6     
	                6 Bit    Registers := 1     
	                5 Bit    Registers := 22    
	                4 Bit    Registers := 18    
	                2 Bit    Registers := 11    
	                1 Bit    Registers := 149   
+---RAMs : 
	              16K Bit	(255 X 66 bit)          RAMs := 2     
	               1K Bit	(15 X 72 bit)          RAMs := 2     
+---Muxes : 
	   2 Input  142 Bit        Muxes := 1     
	 143 Input  142 Bit        Muxes := 1     
	   2 Input   96 Bit        Muxes := 4     
	   2 Input   75 Bit        Muxes := 1     
	   2 Input   74 Bit        Muxes := 1     
	   2 Input   72 Bit        Muxes := 2     
	   2 Input   65 Bit        Muxes := 2     
	   2 Input   64 Bit        Muxes := 17    
	   2 Input   52 Bit        Muxes := 4     
	  10 Input   32 Bit        Muxes := 1     
	   2 Input   32 Bit        Muxes := 1     
	   4 Input   12 Bit        Muxes := 4     
	   2 Input    9 Bit        Muxes := 12    
	   2 Input    8 Bit        Muxes := 28    
	   4 Input    8 Bit        Muxes := 4     
	   2 Input    5 Bit        Muxes := 34    
	   4 Input    4 Bit        Muxes := 1     
	   2 Input    4 Bit        Muxes := 13    
	   3 Input    3 Bit        Muxes := 1     
	   2 Input    3 Bit        Muxes := 11    
	   2 Input    2 Bit        Muxes := 123   
	   3 Input    2 Bit        Muxes := 30    
	   4 Input    2 Bit        Muxes := 10    
	   2 Input    1 Bit        Muxes := 176   
---------------------------------------------------------------------------------
Finished RTL Component Statistics 
---------------------------------------------------------------------------------
---------------------------------------------------------------------------------
Start Part Resource Summary
---------------------------------------------------------------------------------
Part Resources:
DSPs: 1968 (col length:264)
BRAMs: 1968 (col length: RAMB18 264 RAMB36 132)
---------------------------------------------------------------------------------
Finished Part Resource Summary
---------------------------------------------------------------------------------
---------------------------------------------------------------------------------
Start Cross Boundary and Area Optimization
---------------------------------------------------------------------------------
WARNING: [Synth 8-7080] Parallel synthesis criteria is not met
WARNING: [Synth 8-7129] Port in_BUS_RID[0] in module file_sum64_gmem1_m_axi_read is either unconnected or has no load
INFO: [Common 17-14] Message 'Synth 8-7129' appears 100 times and further instances of the messages will be disabled. Use the Tcl command set_msg_config to change the current settings.
INFO: [Synth 8-5784] Optimized 72 bits of RAM "store_unit/buff_wdata/U_fifo_mem/mem_reg" due to constant propagation. Old ram width 72 bits, new ram width 0 bits.
WARNING: [Synth 8-5785] Removed RAM "store_unit/buff_wdata/U_fifo_mem/mem_reg" due to constant propagation. Write data stuck at zero 
WARNING: [Synth 8-3332] Sequential element (control_s_axi_U/FSM_onehot_wstate_reg[0]) is unused and will be removed from module file_sum64.
WARNING: [Synth 8-3332] Sequential element (control_s_axi_U/FSM_onehot_rstate_reg[0]) is unused and will be removed from module file_sum64.
WARNING: [Synth 8-3332] Sequential element (bus_write/rs_wreq/FSM_sequential_state_reg[1]) is unused and will be removed from module file_sum64_gmem0_m_axi.
WARNING: [Synth 8-3332] Sequential element (bus_write/rs_wreq/FSM_sequential_state_reg[0]) is unused and will be removed from module file_sum64_gmem0_m_axi.
WARNING: [Synth 8-3332] Sequential element (bus_write/wreq_throttle/rs_req/FSM_sequential_state_reg[1]) is unused and will be removed from module file_sum64_gmem0_m_axi.
WARNING: [Synth 8-3332] Sequential element (bus_write/wreq_throttle/rs_req/FSM_sequential_state_reg[0]) is unused and will be removed from module file_sum64_gmem0_m_axi.
WARNING: [Synth 8-3332] Sequential element (bus_read/rs_rreq/FSM_sequential_state_reg[1]) is unused and will be removed from module file_sum64_gmem1_m_axi.
WARNING: [Synth 8-3332] Sequential element (bus_read/rs_rreq/FSM_sequential_state_reg[0]) is unused and will be removed from module file_sum64_gmem1_m_axi.
---------------------------------------------------------------------------------
Finished Cross Boundary and Area Optimization : Time (s): cpu = 00:00:56 ; elapsed = 00:00:59 . Memory (MB): peak = 3559.988 ; gain = 536.176 ; free physical = 101134 ; free virtual = 227035
Synthesis current peak Physical Memory [PSS] (MB): peak = 2651.222; parent = 2516.890; children = 135.139
Synthesis current peak Virtual Memory [VSS] (MB): peak = 4559.938; parent = 3559.992; children = 999.945
---------------------------------------------------------------------------------
---------------------------------------------------------------------------------
Start ROM, RAM, DSP, Shift Register and Retiming Reporting
---------------------------------------------------------------------------------

Block RAM: Preliminary Mapping Report (see note below)
+-------------------+------------------------------------------+------------------------+---+---+------------------------+---+---+------------------+--------+--------+-----------------+
|Module Name        | RTL Object                               | PORT A (Depth x Width) | W | R | PORT B (Depth x Width) | W | R | Ports driving FF | RAMB18 | RAMB36 | Cascade Heights | 
+-------------------+------------------------------------------+------------------------+---+---+------------------------+---+---+------------------+--------+--------+-----------------+
|inst/gmem0_m_axi_U | load_unit/buff_rdata/U_fifo_mem/mem_reg  | 255 x 66(READ_FIRST)   | W |   | 255 x 66(WRITE_FIRST)  |   | R | Port A and B     | 0      | 1      |                 | 
|inst/gmem1_m_axi_U | store_unit/buff_wdata/U_fifo_mem/mem_reg | 15 x 72(READ_FIRST)    | W |   | 15 x 72(WRITE_FIRST)   |   | R | Port A and B     | 0      | 1      |                 | 
+-------------------+------------------------------------------+------------------------+---+---+------------------------+---+---+------------------+--------+--------+-----------------+

Note: The table above is a preliminary report that shows the Block RAMs at the current stage of the synthesis flow. Some Block RAMs may be reimplemented as non Block RAM primitives later in the synthesis flow. Multiple instantiated Block RAMs are reported only once. 
---------------------------------------------------------------------------------
Finished ROM, RAM, DSP, Shift Register and Retiming Reporting
---------------------------------------------------------------------------------
---------------------------------------------------------------------------------
Start Applying XDC Timing Constraints
---------------------------------------------------------------------------------
---------------------------------------------------------------------------------
Finished Applying XDC Timing Constraints : Time (s): cpu = 00:01:11 ; elapsed = 00:01:16 . Memory (MB): peak = 3860.777 ; gain = 836.965 ; free physical = 101444 ; free virtual = 227341
Synthesis current peak Physical Memory [PSS] (MB): peak = 3023.128; parent = 2886.213; children = 136.915
Synthesis current peak Virtual Memory [VSS] (MB): peak = 4860.727; parent = 3860.781; children = 999.945
---------------------------------------------------------------------------------
---------------------------------------------------------------------------------
Start Timing Optimization
---------------------------------------------------------------------------------
---------------------------------------------------------------------------------
Finished Timing Optimization : Time (s): cpu = 00:01:17 ; elapsed = 00:01:23 . Memory (MB): peak = 3935.832 ; gain = 912.020 ; free physical = 107192 ; free virtual = 233090
Synthesis current peak Physical Memory [PSS] (MB): peak = 3090.096; parent = 2950.062; children = 140.033
Synthesis current peak Virtual Memory [VSS] (MB): peak = 4935.781; parent = 3935.836; children = 999.945
---------------------------------------------------------------------------------
---------------------------------------------------------------------------------
Start ROM, RAM, DSP, Shift Register and Retiming Reporting
---------------------------------------------------------------------------------

Block RAM: Final Mapping Report
+-------------------+------------------------------------------+------------------------+---+---+------------------------+---+---+------------------+--------+--------+-----------------+
|Module Name        | RTL Object                               | PORT A (Depth x Width) | W | R | PORT B (Depth x Width) | W | R | Ports driving FF | RAMB18 | RAMB36 | Cascade Heights | 
+-------------------+------------------------------------------+------------------------+---+---+------------------------+---+---+------------------+--------+--------+-----------------+
|inst/gmem0_m_axi_U | load_unit/buff_rdata/U_fifo_mem/mem_reg  | 255 x 66(READ_FIRST)   | W |   | 255 x 66(WRITE_FIRST)  |   | R | Port A and B     | 0      | 1      |                 | 
|inst/gmem1_m_axi_U | store_unit/buff_wdata/U_fifo_mem/mem_reg | 15 x 72(READ_FIRST)    | W |   | 15 x 72(WRITE_FIRST)   |   | R | Port A and B     | 0      | 1      |                 | 
+-------------------+------------------------------------------+------------------------+---+---+------------------------+---+---+------------------+--------+--------+-----------------+

---------------------------------------------------------------------------------
Finished ROM, RAM, DSP, Shift Register and Retiming Reporting
---------------------------------------------------------------------------------
---------------------------------------------------------------------------------
Start Technology Mapping
---------------------------------------------------------------------------------
INFO: [Synth 8-7052] The timing for the instance inst/gmem0_m_axi_U/load_unit/buff_rdata/U_fifo_mem/mem_reg (implemented as a Block RAM) might be sub-optimal as no optional output register could be merged into the ram block. Providing additional output register may help in improving timing.
---------------------------------------------------------------------------------
Finished Technology Mapping : Time (s): cpu = 00:01:20 ; elapsed = 00:01:26 . Memory (MB): peak = 3943.840 ; gain = 920.027 ; free physical = 106133 ; free virtual = 232035
Synthesis current peak Physical Memory [PSS] (MB): peak = 3092.435; parent = 2952.392; children = 140.043
Synthesis current peak Virtual Memory [VSS] (MB): peak = 4943.789; parent = 3943.844; children = 999.945
---------------------------------------------------------------------------------
---------------------------------------------------------------------------------
Start IO Insertion
---------------------------------------------------------------------------------
---------------------------------------------------------------------------------
Start Flattening Before IO Insertion
---------------------------------------------------------------------------------
---------------------------------------------------------------------------------
Finished Flattening Before IO Insertion
---------------------------------------------------------------------------------
---------------------------------------------------------------------------------
Start Final Netlist Cleanup
---------------------------------------------------------------------------------
---------------------------------------------------------------------------------
Finished Final Netlist Cleanup
---------------------------------------------------------------------------------
---------------------------------------------------------------------------------
Finished IO Insertion : Time (s): cpu = 00:01:27 ; elapsed = 00:01:33 . Memory (MB): peak = 3947.809 ; gain = 923.996 ; free physical = 104007 ; free virtual = 229916
Synthesis current peak Physical Memory [PSS] (MB): peak = 3092.435; parent = 2952.392; children = 140.043
Synthesis current peak Virtual Memory [VSS] (MB): peak = 4947.758; parent = 3947.812; children = 999.945
---------------------------------------------------------------------------------
---------------------------------------------------------------------------------
Start Renaming Generated Instances
---------------------------------------------------------------------------------
---------------------------------------------------------------------------------
Finished Renaming Generated Instances : Time (s): cpu = 00:01:27 ; elapsed = 00:01:33 . Memory (MB): peak = 3947.809 ; gain = 923.996 ; free physical = 103980 ; free virtual = 229889
Synthesis current peak Physical Memory [PSS] (MB): peak = 3092.435; parent = 2952.392; children = 140.043
Synthesis current peak Virtual Memory [VSS] (MB): peak = 4947.758; parent = 3947.812; children = 999.945
---------------------------------------------------------------------------------
---------------------------------------------------------------------------------
Start Rebuilding User Hierarchy
---------------------------------------------------------------------------------
---------------------------------------------------------------------------------
Finished Rebuilding User Hierarchy : Time (s): cpu = 00:01:28 ; elapsed = 00:01:34 . Memory (MB): peak = 3947.809 ; gain = 923.996 ; free physical = 103746 ; free virtual = 229657
Synthesis current peak Physical Memory [PSS] (MB): peak = 3092.435; parent = 2952.392; children = 140.043
Synthesis current peak Virtual Memory [VSS] (MB): peak = 4947.758; parent = 3947.812; children = 999.945
---------------------------------------------------------------------------------
---------------------------------------------------------------------------------
Start Renaming Generated Ports
---------------------------------------------------------------------------------
---------------------------------------------------------------------------------
Finished Renaming Generated Ports : Time (s): cpu = 00:01:28 ; elapsed = 00:01:34 . Memory (MB): peak = 3947.809 ; gain = 923.996 ; free physical = 103660 ; free virtual = 229571
Synthesis current peak Physical Memory [PSS] (MB): peak = 3092.435; parent = 2952.392; children = 140.043
Synthesis current peak Virtual Memory [VSS] (MB): peak = 4947.758; parent = 3947.812; children = 999.945
---------------------------------------------------------------------------------
---------------------------------------------------------------------------------
Start Handling Custom Attributes
---------------------------------------------------------------------------------
---------------------------------------------------------------------------------
Finished Handling Custom Attributes : Time (s): cpu = 00:01:28 ; elapsed = 00:01:34 . Memory (MB): peak = 3947.809 ; gain = 923.996 ; free physical = 104000 ; free virtual = 229900
Synthesis current peak Physical Memory [PSS] (MB): peak = 3092.435; parent = 2952.392; children = 140.043
Synthesis current peak Virtual Memory [VSS] (MB): peak = 4947.758; parent = 3947.812; children = 999.945
---------------------------------------------------------------------------------
---------------------------------------------------------------------------------
Start Renaming Generated Nets
---------------------------------------------------------------------------------
---------------------------------------------------------------------------------
Finished Renaming Generated Nets : Time (s): cpu = 00:01:28 ; elapsed = 00:01:34 . Memory (MB): peak = 3947.809 ; gain = 923.996 ; free physical = 104047 ; free virtual = 229947
Synthesis current peak Physical Memory [PSS] (MB): peak = 3092.435; parent = 2952.392; children = 140.043
Synthesis current peak Virtual Memory [VSS] (MB): peak = 4947.758; parent = 3947.812; children = 999.945
---------------------------------------------------------------------------------
---------------------------------------------------------------------------------
Start ROM, RAM, DSP, Shift Register and Retiming Reporting
---------------------------------------------------------------------------------

Dynamic Shift Register Report:
+------------+-------------+--------+------------+--------+---------+--------+--------+--------+
|Module Name | RTL Name    | Length | Data Width | SRL16E | SRLC32E | Mux F7 | Mux F8 | Mux F9 | 
+------------+-------------+--------+------------+--------+---------+--------+--------+--------+
|dsrl        | mem_reg[67] | 96     | 96         | 0      | 288     | 192    | 96     | 0      | 
|dsrl__1     | mem_reg[14] | 1      | 1          | 1      | 0       | 0      | 0      | 0      | 
|dsrl__2     | mem_reg[67] | 1      | 1          | 0      | 3       | 2      | 1      | 0      | 
|dsrl__3     | mem_reg[14] | 8      | 8          | 8      | 0       | 0      | 0      | 0      | 
|dsrl__4     | mem_reg[14] | 72     | 72         | 72     | 0       | 0      | 0      | 0      | 
|dsrl__5     | mem_reg[14] | 73     | 73         | 73     | 0       | 0      | 0      | 0      | 
|dsrl__6     | mem_reg[67] | 96     | 96         | 0      | 288     | 192    | 96     | 0      | 
|dsrl__7     | mem_reg[14] | 1      | 1          | 1      | 0       | 0      | 0      | 0      | 
|dsrl__8     | mem_reg[67] | 1      | 1          | 0      | 3       | 2      | 1      | 0      | 
|dsrl__9     | mem_reg[14] | 8      | 8          | 8      | 0       | 0      | 0      | 0      | 
|dsrl__10    | mem_reg[14] | 72     | 72         | 72     | 0       | 0      | 0      | 0      | 
|dsrl__11    | mem_reg[14] | 73     | 73         | 73     | 0       | 0      | 0      | 0      | 
+------------+-------------+--------+------------+--------+---------+--------+--------+--------+

---------------------------------------------------------------------------------
Finished ROM, RAM, DSP, Shift Register and Retiming Reporting
---------------------------------------------------------------------------------
---------------------------------------------------------------------------------
Start Writing Synthesis Report
---------------------------------------------------------------------------------

Report BlackBoxes: 
+-+--------------+----------+
| |BlackBox name |Instances |
+-+--------------+----------+
+-+--------------+----------+

Report Cell Usage: 
+------+---------+------+
|      |Cell     |Count |
+------+---------+------+
|1     |CARRY8   |    79|
|2     |LUT1     |    58|
|3     |LUT2     |   194|
|4     |LUT3     |   600|
|5     |LUT4     |   547|
|6     |LUT5     |   276|
|7     |LUT6     |   282|
|8     |MUXF7    |   155|
|9     |RAMB36E2 |     2|
|11    |SRL16E   |   145|
|12    |SRLC32E  |   465|
|13    |FDRE     |  2561|
|14    |FDSE     |     7|
+------+---------+------+
---------------------------------------------------------------------------------
Finished Writing Synthesis Report : Time (s): cpu = 00:01:28 ; elapsed = 00:01:35 . Memory (MB): peak = 3947.809 ; gain = 923.996 ; free physical = 104057 ; free virtual = 229958
Synthesis current peak Physical Memory [PSS] (MB): peak = 3092.435; parent = 2952.392; children = 140.043
Synthesis current peak Virtual Memory [VSS] (MB): peak = 4947.758; parent = 3947.812; children = 999.945
---------------------------------------------------------------------------------
Synthesis finished with 0 errors, 0 critical warnings and 26 warnings.
Synthesis Optimization Runtime : Time (s): cpu = 00:01:14 ; elapsed = 00:01:21 . Memory (MB): peak = 3947.809 ; gain = 805.336 ; free physical = 104198 ; free virtual = 230098
Synthesis Optimization Complete : Time (s): cpu = 00:01:28 ; elapsed = 00:01:35 . Memory (MB): peak = 3947.816 ; gain = 923.996 ; free physical = 104259 ; free virtual = 230159
INFO: [Project 1-571] Translating synthesized netlist
Netlist sorting complete. Time (s): cpu = 00:00:00.09 ; elapsed = 00:00:00.09 . Memory (MB): peak = 3961.746 ; gain = 0.000 ; free physical = 105479 ; free virtual = 231380
INFO: [Netlist 29-17] Analyzing 234 Unisim elements for replacement
INFO: [Netlist 29-28] Unisim Transformation completed in 0 CPU seconds
INFO: [Project 1-570] Preparing netlist for logic optimization
INFO: [Opt 31-138] Pushed 0 inverter(s) to 0 load pin(s).
Netlist sorting complete. Time (s): cpu = 00:00:00 ; elapsed = 00:00:00 . Memory (MB): peak = 3986.527 ; gain = 0.000 ; free physical = 106050 ; free virtual = 231951
INFO: [Project 1-111] Unisim Transformation Summary:
No Unisim elements were transformed.

Synth Design complete, checksum: 37b7ab80
INFO: [Common 17-83] Releasing license: Synthesis
165 Infos, 163 Warnings, 0 Critical Warnings and 0 Errors encountered.
synth_design completed successfully
synth_design: Time (s): cpu = 00:01:46 ; elapsed = 00:01:49 . Memory (MB): peak = 3986.527 ; gain = 2047.371 ; free physical = 106174 ; free virtual = 232081
INFO: [Common 17-600] The following parameters have non-default value.
general.maxThreads
INFO: [Common 17-1381] The checkpoint '/home/uni/project/smartssd/host_file_sum64/_x/link/vivado/vpl/prj/prj.runs/ulp_file_sum64_1_0_synth_1/ulp_file_sum64_1_0.dcp' has been generated.
INFO: [Coretcl 2-1648] Added synthesis output to IP cache for IP ulp_file_sum64_1_0, cache-ID = 04f1c22c60dbcf3f
INFO: [Coretcl 2-1174] Renamed 44 cell refs.
INFO: [Common 17-1381] The checkpoint '/home/uni/project/smartssd/host_file_sum64/_x/link/vivado/vpl/prj/prj.runs/ulp_file_sum64_1_0_synth_1/ulp_file_sum64_1_0.dcp' has been generated.
INFO: [runtcl-4] Executing : report_utilization -file ulp_file_sum64_1_0_utilization_synth.rpt -pb ulp_file_sum64_1_0_utilization_synth.pb
INFO: [Common 17-206] Exiting Vivado at Tue Aug 18 03:59:50 2026...
