
*** Running vivado
    with args -log ulp_xbar_2.vds -m64 -product Vivado -mode batch -messageDb vivado.pb -notrace -source ulp_xbar_2.tcl


****** Vivado v2022.2.2 (64-bit)
  **** SW Build 3788238 on Tue Feb 21 19:59:23 MST 2023
  **** IP Build 3783773 on Tue Feb 21 23:41:56 MST 2023
    ** Copyright 1986-2023 Xilinx, Inc. All Rights Reserved.

source ulp_xbar_2.tcl -notrace
INFO: Dispatch client connection id - 42595
create_project: Time (s): cpu = 00:00:08 ; elapsed = 00:00:08 . Memory (MB): peak = 1831.027 ; gain = 88.961 ; free physical = 106394 ; free virtual = 232293
INFO: [IP_Flow 19-234] Refreshing IP repositories
WARNING: [IP_Flow 19-1694] Ignoring duplicate Bus Definition IP file 'xilinx.com:display_pcie4:pcie4_gt_if:1.0' found within IP repository '/home/uni/project/smartssd/host_file_sum64/_x/link/vivado/vpl/.local/hw_platform/iprepo'.
File in use: /home/uni/project/smartssd/host_file_sum64/_x/link/vivado/vpl/.local/hw_platform/iprepo/ipdefs/other_ipdefs/xdma_v4_1/interfaces/pcie4_gt_if.xml
File ignored: /home/uni/project/smartssd/host_file_sum64/_x/link/vivado/vpl/.local/hw_platform/iprepo/ipdefs/other_ipdefs/pcie4_uscale_plus_v1_3/interfaces/pcie4_gt_if.xml
WARNING: [IP_Flow 19-1694] Ignoring duplicate Bus Definition IP file 'xilinx.com:display_pcie4_uscaleplus:ext_gtcom:1.0' found within IP repository '/home/uni/project/smartssd/host_file_sum64/_x/link/vivado/vpl/.local/hw_platform/iprepo'.
File in use: /home/uni/project/smartssd/host_file_sum64/_x/link/vivado/vpl/.local/hw_platform/iprepo/ipdefs/other_ipdefs/xdma_v4_1/interfaces/pcie4_usp_ext_gtcom.xml
File ignored: /home/uni/project/smartssd/host_file_sum64/_x/link/vivado/vpl/.local/hw_platform/iprepo/ipdefs/other_ipdefs/pcie4_uscale_plus_v1_3/interfaces/pcie4_usp_ext_gtcom.xml
WARNING: [IP_Flow 19-1694] Ignoring duplicate Bus Abstraction IP file 'xilinx.com:display_pcie4:pcie4_gt_if_rtl:1.0' found within IP repository '/home/uni/project/smartssd/host_file_sum64/_x/link/vivado/vpl/.local/hw_platform/iprepo'.
File in use: /home/uni/project/smartssd/host_file_sum64/_x/link/vivado/vpl/.local/hw_platform/iprepo/ipdefs/other_ipdefs/xdma_v4_1/interfaces/pcie4_gt_if_rtl.xml
File ignored: /home/uni/project/smartssd/host_file_sum64/_x/link/vivado/vpl/.local/hw_platform/iprepo/ipdefs/other_ipdefs/pcie4_uscale_plus_v1_3/interfaces/pcie4_gt_if_rtl.xml
WARNING: [IP_Flow 19-1694] Ignoring duplicate Bus Abstraction IP file 'xilinx.com:display_pcie4_uscaleplus:int_gtcom_rtl:1.0' found within IP repository '/home/uni/project/smartssd/host_file_sum64/_x/link/vivado/vpl/.local/hw_platform/iprepo'.
File in use: /home/uni/project/smartssd/host_file_sum64/_x/link/vivado/vpl/.local/hw_platform/iprepo/ipdefs/other_ipdefs/xdma_v4_1/interfaces/pcie4_usp_int_gtcom_rtl.xml
File ignored: /home/uni/project/smartssd/host_file_sum64/_x/link/vivado/vpl/.local/hw_platform/iprepo/ipdefs/other_ipdefs/pcie4_uscale_plus_v1_3/interfaces/pcie4_usp_int_gtcom_rtl.xml
WARNING: [IP_Flow 19-1694] Ignoring duplicate Bus Abstraction IP file 'xilinx.com:display_pcie4_uscaleplus:ext_gtcom_rtl:1.0' found within IP repository '/home/uni/project/smartssd/host_file_sum64/_x/link/vivado/vpl/.local/hw_platform/iprepo'.
File in use: /home/uni/project/smartssd/host_file_sum64/_x/link/vivado/vpl/.local/hw_platform/iprepo/ipdefs/other_ipdefs/xdma_v4_1/interfaces/pcie4_usp_ext_gtcom_rtl.xml
File ignored: /home/uni/project/smartssd/host_file_sum64/_x/link/vivado/vpl/.local/hw_platform/iprepo/ipdefs/other_ipdefs/pcie4_uscale_plus_v1_3/interfaces/pcie4_usp_ext_gtcom_rtl.xml
WARNING: [IP_Flow 19-1694] Ignoring duplicate Bus Definition IP file 'xilinx.com:display_pcie4_uscaleplus:int_gtcom:1.0' found within IP repository '/home/uni/project/smartssd/host_file_sum64/_x/link/vivado/vpl/.local/hw_platform/iprepo'.
File in use: /home/uni/project/smartssd/host_file_sum64/_x/link/vivado/vpl/.local/hw_platform/iprepo/ipdefs/other_ipdefs/xdma_v4_1/interfaces/pcie4_usp_int_gtcom.xml
File ignored: /home/uni/project/smartssd/host_file_sum64/_x/link/vivado/vpl/.local/hw_platform/iprepo/ipdefs/other_ipdefs/pcie4_uscale_plus_v1_3/interfaces/pcie4_usp_int_gtcom.xml
INFO: [IP_Flow 19-1700] Loaded user IP repository '/home/uni/project/smartssd/host_file_sum64/_x/link/vivado/vpl/.local/hw_platform/iprepo'.
INFO: [IP_Flow 19-1700] Loaded user IP repository '/home/uni/project/smartssd/host_file_sum64/_x/link/int/xo/ip_repo/xilinx_com_hls_file_sum64_1_0'.
WARNING: [IP_Flow 19-2207] Repository '/home/uni/project/smartssd/host_file_sum64/_x/link/vivado/vpl/.local/hw_platform/iprepo' already exists; ignoring attempt to add it again.
INFO: [IP_Flow 19-1700] Loaded user IP repository '/home/uni/project/smartssd/host_file_sum64/_x/link/vivado/vpl/.local/hw_platform/iprepo'.
INFO: [IP_Flow 19-1700] Loaded user IP repository '/home/uni/project/smartssd/host_file_sum64/_x/link/vivado/vpl/.local/hw_platform/ipcache'.
INFO: [IP_Flow 19-1700] Loaded user IP repository '/home/dess/workspace/Xilinx/Vitis/2022.2/data/ip'.
INFO: [IP_Flow 19-2313] Loaded Vivado IP repository '/home/dess/workspace/Xilinx/Vivado/2022.2/data/ip'.
WARNING: [IP_Flow 19-1663] Duplicate IP found for 'xilinx.com:ip:icap_arb:1.0'. The one found in IP location '/home/uni/project/smartssd/host_file_sum64/_x/link/vivado/vpl/.local/hw_platform/iprepo/ipdefs/other_ipdefs/icap_arb_v1_0' will take precedence over the same IP in the Xilinx installed IP.
WARNING: [IP_Flow 19-1663] Duplicate IP found for 'xilinx.com:ip:axi_clk_metadata_adapter:1.0'. The one found in IP location '/home/uni/project/smartssd/host_file_sum64/_x/link/vivado/vpl/.local/hw_platform/iprepo/ipdefs/other_ipdefs/axi_clk_metadata_adapter_v1_0' will take precedence over the same IP in location /home/uni/project/smartssd/host_file_sum64/_x/link/vivado/vpl/.local/hw_platform/iprepo/ipdefs/ii_infra_ipdefs/axi_clk_metadata_adapter_v1_0
WARNING: [IP_Flow 19-1663] Duplicate IP found for 'xilinx.com:ip:axis_clk_metadata_adapter:1.0'. The one found in IP location '/home/uni/project/smartssd/host_file_sum64/_x/link/vivado/vpl/.local/hw_platform/iprepo/ipdefs/other_ipdefs/axis_clk_metadata_adapter_v1_0' will take precedence over the same IP in location /home/uni/project/smartssd/host_file_sum64/_x/link/vivado/vpl/.local/hw_platform/iprepo/ipdefs/ii_infra_ipdefs/axis_clk_metadata_adapter_v1_0
WARNING: [IP_Flow 19-1663] Duplicate IP found for 'xilinx.com:ip:hbm_memory_subsystem:2.0'. The one found in IP location '/home/uni/project/smartssd/host_file_sum64/_x/link/vivado/vpl/.local/hw_platform/iprepo/ipdefs/other_ipdefs/hbm_memory_subsystem_v2_0' will take precedence over the same IP in the Xilinx installed IP.
WARNING: [IP_Flow 19-1663] Duplicate IP found for 'xilinx.com:ip:shell_utils_build_info:1.0'. The one found in IP location '/home/uni/project/smartssd/host_file_sum64/_x/link/vivado/vpl/.local/hw_platform/iprepo/ipdefs/other_ipdefs/shell_utils_build_info_v1_0' will take precedence over the same IP in the Xilinx installed IP.
WARNING: [IP_Flow 19-1663] Duplicate IP found for 'xilinx.com:ip:xdma:4.1'. The one found in IP location '/home/uni/project/smartssd/host_file_sum64/_x/link/vivado/vpl/.local/hw_platform/iprepo/ipdefs/other_ipdefs/xdma_v4_1' will take precedence over the same IP in the Xilinx installed IP.
WARNING: [IP_Flow 19-1663] Duplicate IP found for 'xilinx.com:ip:shell_utils_msp432_bsl_crc_gen:1.0'. The one found in IP location '/home/uni/project/smartssd/host_file_sum64/_x/link/vivado/vpl/.local/hw_platform/iprepo/ipdefs/other_ipdefs/shell_utils_msp432_bsl_crc_gen_v1_0' will take precedence over the same IP in the Xilinx installed IP.
WARNING: [IP_Flow 19-1663] Duplicate IP found for 'xilinx.com:ip:axi_hwicap:3.0'. The one found in IP location '/home/uni/project/smartssd/host_file_sum64/_x/link/vivado/vpl/.local/hw_platform/iprepo/ipdefs/other_ipdefs/axi_hwicap_v3_0' will take precedence over the same IP in the Xilinx installed IP.
WARNING: [IP_Flow 19-1663] Duplicate IP found for 'xilinx.com:ip:pcie4_uscale_plus:1.3'. The one found in IP location '/home/uni/project/smartssd/host_file_sum64/_x/link/vivado/vpl/.local/hw_platform/iprepo/ipdefs/other_ipdefs/pcie4_uscale_plus_v1_3' will take precedence over the same IP in the Xilinx installed IP.
WARNING: [IP_Flow 19-1663] Duplicate IP found for 'xilinx.com:ip:mailbox:2.1'. The one found in IP location '/home/uni/project/smartssd/host_file_sum64/_x/link/vivado/vpl/.local/hw_platform/iprepo/ipdefs/other_ipdefs/mailbox_v2_1' will take precedence over the same IP in the Xilinx installed IP.
WARNING: [IP_Flow 19-1663] Duplicate IP found for 'xilinx.com:ip:clk_metadata_adapter:1.0'. The one found in IP location '/home/uni/project/smartssd/host_file_sum64/_x/link/vivado/vpl/.local/hw_platform/iprepo/ipdefs/other_ipdefs/clk_metadata_adapter_v1_0' will take precedence over the same IP in location /home/uni/project/smartssd/host_file_sum64/_x/link/vivado/vpl/.local/hw_platform/iprepo/ipdefs/ii_infra_ipdefs/clk_metadata_adapter_v1_0
WARNING: [IP_Flow 19-1663] Duplicate IP found for 'xilinx.com:ip:pipeline_reg:1.0'. The one found in IP location '/home/uni/project/smartssd/host_file_sum64/_x/link/vivado/vpl/.local/hw_platform/iprepo/ipdefs/other_ipdefs/pipeline_reg_v1_0' will take precedence over the same IP in location /home/uni/project/smartssd/host_file_sum64/_x/link/vivado/vpl/.local/hw_platform/iprepo/ipdefs/ii_infra_ipdefs/pipeline_reg_v1_0
WARNING: [IP_Flow 19-4830] Duplicate Interface found for 'xilinx.com:display_pcie3_ultrascale:pcie3_us_gt_if:1.0'. The one found in location '/home/uni/project/smartssd/host_file_sum64/_x/link/vivado/vpl/.local/hw_platform/iprepo/ipdefs/other_ipdefs/xdma_v4_1/interfaces/pcie3_us_gt_if.xml' will take precedence over the same Interface in location '/home/dess/workspace/Xilinx/Vivado/2022.2/data/ip/xilinx/pcie3_ultrascale_v4_4/interfaces/pcie3_us_gt_if.xml'
WARNING: [IP_Flow 19-4830] Duplicate Interface found for 'xilinx.com:display_pcie4:pcie4_gt_if:1.0'. The one found in location '/home/uni/project/smartssd/host_file_sum64/_x/link/vivado/vpl/.local/hw_platform/iprepo/ipdefs/other_ipdefs/xdma_v4_1/interfaces/pcie4_gt_if.xml' will take precedence over the same Interface in location '/home/dess/workspace/Xilinx/Vivado/2022.2/data/ip/xilinx/pcie4_uscale_plus_v1_3/interfaces/pcie4_gt_if.xml'
WARNING: [IP_Flow 19-4830] Duplicate Interface found for 'xilinx.com:display_xdma:pcie3_7x_transceiver_debug:1.0'. The one found in location '/home/uni/project/smartssd/host_file_sum64/_x/link/vivado/vpl/.local/hw_platform/iprepo/ipdefs/other_ipdefs/xdma_v4_1/interfaces/pcie3_7x_transceiver_debug.xml' will take precedence over the same Interface in location '/home/dess/workspace/Xilinx/Vivado/2022.2/data/ip/xilinx/qdma_v5_0/interfaces/pcie3_7x_transceiver_debug.xml'
WARNING: [IP_Flow 19-4830] Duplicate Interface found for 'xilinx.com:display_xdma:int_shared_logic:1.0'. The one found in location '/home/uni/project/smartssd/host_file_sum64/_x/link/vivado/vpl/.local/hw_platform/iprepo/ipdefs/other_ipdefs/xdma_v4_1/interfaces/pcie3_us_int_shared_logic.xml' will take precedence over the same Interface in location '/home/dess/workspace/Xilinx/Vivado/2022.2/data/ip/xilinx/qdma_v5_0/interfaces/pcie3_us_int_shared_logic.xml'
WARNING: [IP_Flow 19-4830] Duplicate Interface found for 'xilinx.com:display_pcie4_uscaleplus:ext_gtcom:1.0'. The one found in location '/home/uni/project/smartssd/host_file_sum64/_x/link/vivado/vpl/.local/hw_platform/iprepo/ipdefs/other_ipdefs/xdma_v4_1/interfaces/pcie4_usp_ext_gtcom.xml' will take precedence over the same Interface in location '/home/dess/workspace/Xilinx/Vivado/2022.2/data/ip/xilinx/pcie4_uscale_plus_v1_3/interfaces/pcie4_usp_ext_gtcom.xml'
WARNING: [IP_Flow 19-4830] Duplicate Interface found for 'xilinx.com:display_xdma:pcie_cfg_external_msix:1.0'. The one found in location '/home/uni/project/smartssd/host_file_sum64/_x/link/vivado/vpl/.local/hw_platform/iprepo/ipdefs/other_ipdefs/xdma_v4_1/interfaces/pcie_cfg_ext_msix.xml' will take precedence over the same Interface in location '/home/dess/workspace/Xilinx/Vivado/2022.2/data/ip/xilinx/xdma_v4_1/interfaces/pcie_cfg_ext_msix.xml'
WARNING: [IP_Flow 19-4830] Duplicate Interface found for 'xilinx.com:display_xdma:pcie3_us_transceiver_debug:1.0'. The one found in location '/home/uni/project/smartssd/host_file_sum64/_x/link/vivado/vpl/.local/hw_platform/iprepo/ipdefs/other_ipdefs/xdma_v4_1/interfaces/pcie3_us_transceiver_debug.xml' will take precedence over the same Interface in location '/home/dess/workspace/Xilinx/Vivado/2022.2/data/ip/xilinx/qdma_v5_0/interfaces/pcie3_us_transceiver_debug.xml'
WARNING: [IP_Flow 19-4830] Duplicate Interface found for 'xilinx.com:display_xdma:xdma_debug_ports:1.0'. The one found in location '/home/uni/project/smartssd/host_file_sum64/_x/link/vivado/vpl/.local/hw_platform/iprepo/ipdefs/other_ipdefs/xdma_v4_1/interfaces/xdma_debug_ports.xml' will take precedence over the same Interface in location '/home/dess/workspace/Xilinx/Vivado/2022.2/data/ip/xilinx/qdma_v5_0/interfaces/xdma_debug_ports.xml'
WARNING: [IP_Flow 19-4830] Duplicate Interface found for 'xilinx.com:display_xdma:pcie4_us_plus_transceiver_debug:1.0'. The one found in location '/home/uni/project/smartssd/host_file_sum64/_x/link/vivado/vpl/.local/hw_platform/iprepo/ipdefs/other_ipdefs/xdma_v4_1/interfaces/pcie4_us_plus_transceiver_debug.xml' will take precedence over the same Interface in location '/home/dess/workspace/Xilinx/Vivado/2022.2/data/ip/xilinx/qdma_v5_0/interfaces/pcie4_us_plus_transceiver_debug.xml'
WARNING: [IP_Flow 19-4830] Duplicate Interface found for 'xilinx.com:display_xdma:pcie_debug:1.0'. The one found in location '/home/uni/project/smartssd/host_file_sum64/_x/link/vivado/vpl/.local/hw_platform/iprepo/ipdefs/other_ipdefs/xdma_v4_1/interfaces/pcie_debug.xml' will take precedence over the same Interface in location '/home/dess/workspace/Xilinx/Vivado/2022.2/data/ip/xilinx/qdma_v5_0/interfaces/pcie_debug.xml'
WARNING: [IP_Flow 19-4830] Duplicate Interface found for 'xilinx.com:display_xdma:xdma_status_ports:1.0'. The one found in location '/home/uni/project/smartssd/host_file_sum64/_x/link/vivado/vpl/.local/hw_platform/iprepo/ipdefs/other_ipdefs/xdma_v4_1/interfaces/xdma_status_ports.xml' will take precedence over the same Interface in location '/home/dess/workspace/Xilinx/Vivado/2022.2/data/ip/xilinx/qdma_v5_0/interfaces/xdma_status_ports.xml'
WARNING: [IP_Flow 19-4830] Duplicate Interface found for 'xilinx.com:display_xdma:ext_shared_logic:1.0'. The one found in location '/home/uni/project/smartssd/host_file_sum64/_x/link/vivado/vpl/.local/hw_platform/iprepo/ipdefs/other_ipdefs/xdma_v4_1/interfaces/pcie3_us_ext_shared_logic.xml' will take precedence over the same Interface in location '/home/dess/workspace/Xilinx/Vivado/2022.2/data/ip/xilinx/xdma_v4_1/interfaces/pcie3_us_ext_shared_logic.xml'
WARNING: [IP_Flow 19-4830] Duplicate Interface found for 'xilinx.com:display_qdma:usr_flr:1.0'. The one found in location '/home/uni/project/smartssd/host_file_sum64/_x/link/vivado/vpl/.local/hw_platform/iprepo/ipdefs/other_ipdefs/xdma_v4_1/interfaces/usr_flr.xml' will take precedence over the same Interface in location '/home/dess/workspace/Xilinx/Vivado/2022.2/data/ip/xilinx/xdma_v4_1/interfaces/usr_flr.xml'
WARNING: [IP_Flow 19-4830] Duplicate Interface found for 'xilinx.com:display_pcie4_uscaleplus:int_gtcom:1.0'. The one found in location '/home/uni/project/smartssd/host_file_sum64/_x/link/vivado/vpl/.local/hw_platform/iprepo/ipdefs/other_ipdefs/xdma_v4_1/interfaces/pcie4_usp_int_gtcom.xml' will take precedence over the same Interface in location '/home/dess/workspace/Xilinx/Vivado/2022.2/data/ip/xilinx/pcie4_uscale_plus_v1_3/interfaces/pcie4_usp_int_gtcom.xml'
WARNING: [IP_Flow 19-4830] Duplicate Interface found for 'xilinx.com:display_xdma:dsc_bypass:1.0'. The one found in location '/home/uni/project/smartssd/host_file_sum64/_x/link/vivado/vpl/.local/hw_platform/iprepo/ipdefs/other_ipdefs/xdma_v4_1/interfaces/dsc_bypass.xml' will take precedence over the same Interface in location '/home/dess/workspace/Xilinx/Vivado/2022.2/data/ip/xilinx/xdma_v4_1/interfaces/dsc_bypass.xml'
WARNING: [IP_Flow 19-4830] Duplicate Interface found for 'xilinx.com:display_pcie4_uscaleplus:transceiver_debug:1.0'. The one found in location '/home/uni/project/smartssd/host_file_sum64/_x/link/vivado/vpl/.local/hw_platform/iprepo/ipdefs/other_ipdefs/pcie4_uscale_plus_v1_3/interfaces/transceiver_debug.xml' will take precedence over the same Interface in location '/home/dess/workspace/Xilinx/Vivado/2022.2/data/ip/xilinx/pcie4_uscale_plus_v1_3/interfaces/transceiver_debug.xml'
WARNING: [IP_Flow 19-4830] Duplicate Interface found for 'xilinx.com:display_pcie4:pcie4_cfg_external_msix:1.0'. The one found in location '/home/uni/project/smartssd/host_file_sum64/_x/link/vivado/vpl/.local/hw_platform/iprepo/ipdefs/other_ipdefs/pcie4_uscale_plus_v1_3/interfaces/pcie4_cfg_ext_msix.xml' will take precedence over the same Interface in location '/home/dess/workspace/Xilinx/Vivado/2022.2/data/ip/xilinx/pcie4_uscale_plus_v1_3/interfaces/pcie4_cfg_ext_msix.xml'
WARNING: [IP_Flow 19-4830] Duplicate Interface found for 'xilinx.com:display_pcie4:pcie4_cfg_msix_internal:1.0'. The one found in location '/home/uni/project/smartssd/host_file_sum64/_x/link/vivado/vpl/.local/hw_platform/iprepo/ipdefs/other_ipdefs/pcie4_uscale_plus_v1_3/interfaces/pcie4_cfg_msix_int.xml' will take precedence over the same Interface in location '/home/dess/workspace/Xilinx/Vivado/2022.2/data/ip/xilinx/pcie4_uscale_plus_v1_3/interfaces/pcie4_cfg_msix_int.xml'
WARNING: [IP_Flow 19-4830] Duplicate Interface found for 'xilinx.com:display_pcie4:pcie4_rbar:1.0'. The one found in location '/home/uni/project/smartssd/host_file_sum64/_x/link/vivado/vpl/.local/hw_platform/iprepo/ipdefs/other_ipdefs/pcie4_uscale_plus_v1_3/interfaces/pcie4_rbar.xml' will take precedence over the same Interface in location '/home/dess/workspace/Xilinx/Vivado/2022.2/data/ip/xilinx/pcie4_uscale_plus_v1_3/interfaces/pcie4_rbar.xml'
WARNING: [IP_Flow 19-4830] Duplicate Interface found for 'xilinx.com:display_pcie4:pcie4_cfg_control:1.0'. The one found in location '/home/uni/project/smartssd/host_file_sum64/_x/link/vivado/vpl/.local/hw_platform/iprepo/ipdefs/other_ipdefs/pcie4_uscale_plus_v1_3/interfaces/pcie4_cfg_control.xml' will take precedence over the same Interface in location '/home/dess/workspace/Xilinx/Vivado/2022.2/data/ip/xilinx/pcie4_uscale_plus_v1_3/interfaces/pcie4_cfg_control.xml'
WARNING: [IP_Flow 19-4830] Duplicate Interface found for 'xilinx.com:display_pcie4:pcie4_cfg_mgmt:1.0'. The one found in location '/home/uni/project/smartssd/host_file_sum64/_x/link/vivado/vpl/.local/hw_platform/iprepo/ipdefs/other_ipdefs/pcie4_uscale_plus_v1_3/interfaces/pcie4_cfg_mgmt.xml' will take precedence over the same Interface in location '/home/dess/workspace/Xilinx/Vivado/2022.2/data/ip/xilinx/pcie4_uscale_plus_v1_3/interfaces/pcie4_cfg_mgmt.xml'
WARNING: [IP_Flow 19-4830] Duplicate Interface found for 'xilinx.com:display_pcie4:pcie4_pl:1.0'. The one found in location '/home/uni/project/smartssd/host_file_sum64/_x/link/vivado/vpl/.local/hw_platform/iprepo/ipdefs/other_ipdefs/pcie4_uscale_plus_v1_3/interfaces/pcie4_pl.xml' will take precedence over the same Interface in location '/home/dess/workspace/Xilinx/Vivado/2022.2/data/ip/xilinx/pcie4_uscale_plus_v1_3/interfaces/pcie4_pl.xml'
WARNING: [IP_Flow 19-4830] Duplicate Interface found for 'xilinx.com:display_pcie4:pcie4_cfg_status:1.0'. The one found in location '/home/uni/project/smartssd/host_file_sum64/_x/link/vivado/vpl/.local/hw_platform/iprepo/ipdefs/other_ipdefs/pcie4_uscale_plus_v1_3/interfaces/pcie4_cfg_status.xml' will take precedence over the same Interface in location '/home/dess/workspace/Xilinx/Vivado/2022.2/data/ip/xilinx/pcie4_uscale_plus_v1_3/interfaces/pcie4_cfg_status.xml'
WARNING: [IP_Flow 19-4830] Duplicate Interface found for 'xilinx.com:display_pcie4:pcie4_pcie_id:1.0'. The one found in location '/home/uni/project/smartssd/host_file_sum64/_x/link/vivado/vpl/.local/hw_platform/iprepo/ipdefs/other_ipdefs/pcie4_uscale_plus_v1_3/interfaces/pcie4_pcie_id.xml' will take precedence over the same Interface in location '/home/dess/workspace/Xilinx/Vivado/2022.2/data/ip/xilinx/pcie4_uscale_plus_v1_3/interfaces/pcie4_pcie_id.xml'
WARNING: [IP_Flow 19-4830] Duplicate Interface found for 'xilinx.com:display_pcie4:pcie4_cfg_msix_external:1.0'. The one found in location '/home/uni/project/smartssd/host_file_sum64/_x/link/vivado/vpl/.local/hw_platform/iprepo/ipdefs/other_ipdefs/pcie4_uscale_plus_v1_3/interfaces/pcie4_cfg_msix.xml' will take precedence over the same Interface in location '/home/dess/workspace/Xilinx/Vivado/2022.2/data/ip/xilinx/pcie4_uscale_plus_v1_3/interfaces/pcie4_cfg_msix.xml'
WARNING: [IP_Flow 19-4830] Duplicate Interface found for 'xilinx.com:display_pcie4:pcie4_cfg_pm:1.0'. The one found in location '/home/uni/project/smartssd/host_file_sum64/_x/link/vivado/vpl/.local/hw_platform/iprepo/ipdefs/other_ipdefs/pcie4_uscale_plus_v1_3/interfaces/pcie4_cfg_pm.xml' will take precedence over the same Interface in location '/home/dess/workspace/Xilinx/Vivado/2022.2/data/ip/xilinx/pcie4_uscale_plus_v1_3/interfaces/pcie4_cfg_pm.xml'
WARNING: [IP_Flow 19-4830] Duplicate Interface found for 'xilinx.com:display_pcie4:pcie4_drp:1.0'. The one found in location '/home/uni/project/smartssd/host_file_sum64/_x/link/vivado/vpl/.local/hw_platform/iprepo/ipdefs/other_ipdefs/pcie4_uscale_plus_v1_3/interfaces/pcie4_drp.xml' will take precedence over the same Interface in location '/home/dess/workspace/Xilinx/Vivado/2022.2/data/ip/xilinx/pcie4_uscale_plus_v1_3/interfaces/pcie4_drp.xml'
INFO: [IP_Flow 19-6924] IPCACHE: Running cache check for IP inst: ulp_xbar_2
Command: synth_design -top ulp_xbar_2 -part xcku15p-ffva1156-2LV-e -incremental_mode off -mode out_of_context
Starting synth_design
Attempting to get a license for feature 'Synthesis' and/or device 'xcku15p'
INFO: [Common 17-349] Got license for feature 'Synthesis' and/or device 'xcku15p'
INFO: [Device 21-403] Loading part xcku15p-ffva1156-2LV-e
INFO: [Synth 8-7079] Multithreading enabled for synth_design using a maximum of 1 processes.
INFO: [Synth 8-7078] Launching helper process for spawning children vivado processes
INFO: [Synth 8-7075] Helper process launched with PID 2246296
INFO: [Synth 8-11241] undeclared symbol 'REGCCE', assumed default net type 'wire' [/home/dess/workspace/Xilinx/Vivado/2022.2/data/verilog/src/unimacro/BRAM_SINGLE_MACRO.v:2170]
---------------------------------------------------------------------------------
Starting RTL Elaboration : Time (s): cpu = 00:00:08 ; elapsed = 00:00:09 . Memory (MB): peak = 3311.082 ; gain = 278.797 ; free physical = 104531 ; free virtual = 230428
Synthesis current peak Physical Memory [PSS] (MB): peak = 2551.181; parent = 2408.420; children = 142.761
Synthesis current peak Virtual Memory [VSS] (MB): peak = 4318.969; parent = 3319.023; children = 999.945
---------------------------------------------------------------------------------
INFO: [Synth 8-6157] synthesizing module 'ulp_xbar_2' [/home/uni/project/smartssd/host_file_sum64/_x/link/vivado/vpl/prj/prj.gen/my_rm/bd/ulp/ip/ulp_xbar_2/synth/ulp_xbar_2.v:53]
INFO: [Synth 8-6157] synthesizing module 'axi_crossbar_v2_1_28_axi_crossbar' [/home/uni/project/smartssd/host_file_sum64/_x/link/vivado/vpl/prj/prj.gen/my_rm/bd/ulp/ipshared/c40e/hdl/axi_crossbar_v2_1_vl_rfs.v:4883]
INFO: [Synth 8-6157] synthesizing module 'axi_crossbar_v2_1_28_crossbar' [/home/uni/project/smartssd/host_file_sum64/_x/link/vivado/vpl/prj/prj.gen/my_rm/bd/ulp/ipshared/c40e/hdl/axi_crossbar_v2_1_vl_rfs.v:2238]
INFO: [Synth 8-6157] synthesizing module 'axi_crossbar_v2_1_28_si_transactor' [/home/uni/project/smartssd/host_file_sum64/_x/link/vivado/vpl/prj/prj.gen/my_rm/bd/ulp/ipshared/c40e/hdl/axi_crossbar_v2_1_vl_rfs.v:3799]
INFO: [Synth 8-6157] synthesizing module 'axi_crossbar_v2_1_28_addr_decoder' [/home/uni/project/smartssd/host_file_sum64/_x/link/vivado/vpl/prj/prj.gen/my_rm/bd/ulp/ipshared/c40e/hdl/axi_crossbar_v2_1_vl_rfs.v:793]
INFO: [Synth 8-6157] synthesizing module 'generic_baseblocks_v2_1_0_comparator_static' [/home/uni/project/smartssd/host_file_sum64/_x/link/vivado/vpl/prj/prj.gen/my_rm/bd/ulp/ipshared/b752/hdl/generic_baseblocks_v2_1_vl_rfs.v:2132]
INFO: [Synth 8-6157] synthesizing module 'generic_baseblocks_v2_1_0_carry_and' [/home/uni/project/smartssd/host_file_sum64/_x/link/vivado/vpl/prj/prj.gen/my_rm/bd/ulp/ipshared/b752/hdl/generic_baseblocks_v2_1_vl_rfs.v:61]
INFO: [Synth 8-6155] done synthesizing module 'generic_baseblocks_v2_1_0_carry_and' (0#1) [/home/uni/project/smartssd/host_file_sum64/_x/link/vivado/vpl/prj/prj.gen/my_rm/bd/ulp/ipshared/b752/hdl/generic_baseblocks_v2_1_vl_rfs.v:61]
INFO: [Synth 8-6155] done synthesizing module 'generic_baseblocks_v2_1_0_comparator_static' (0#1) [/home/uni/project/smartssd/host_file_sum64/_x/link/vivado/vpl/prj/prj.gen/my_rm/bd/ulp/ipshared/b752/hdl/generic_baseblocks_v2_1_vl_rfs.v:2132]
INFO: [Synth 8-6157] synthesizing module 'generic_baseblocks_v2_1_0_comparator_static__parameterized0' [/home/uni/project/smartssd/host_file_sum64/_x/link/vivado/vpl/prj/prj.gen/my_rm/bd/ulp/ipshared/b752/hdl/generic_baseblocks_v2_1_vl_rfs.v:2132]
INFO: [Synth 8-6155] done synthesizing module 'generic_baseblocks_v2_1_0_comparator_static__parameterized0' (0#1) [/home/uni/project/smartssd/host_file_sum64/_x/link/vivado/vpl/prj/prj.gen/my_rm/bd/ulp/ipshared/b752/hdl/generic_baseblocks_v2_1_vl_rfs.v:2132]
INFO: [Synth 8-6155] done synthesizing module 'axi_crossbar_v2_1_28_addr_decoder' (0#1) [/home/uni/project/smartssd/host_file_sum64/_x/link/vivado/vpl/prj/prj.gen/my_rm/bd/ulp/ipshared/c40e/hdl/axi_crossbar_v2_1_vl_rfs.v:793]
INFO: [Synth 8-6157] synthesizing module 'axi_data_fifo_v2_1_26_axic_srl_fifo' [/home/uni/project/smartssd/host_file_sum64/_x/link/vivado/vpl/prj/prj.gen/my_rm/bd/ulp/ipshared/3111/hdl/axi_data_fifo_v2_1_vl_rfs.v:697]
INFO: [Synth 8-6157] synthesizing module 'axi_data_fifo_v2_1_26_ndeep_srl' [/home/uni/project/smartssd/host_file_sum64/_x/link/vivado/vpl/prj/prj.gen/my_rm/bd/ulp/ipshared/3111/hdl/axi_data_fifo_v2_1_vl_rfs.v:1134]
INFO: [Synth 8-6155] done synthesizing module 'axi_data_fifo_v2_1_26_ndeep_srl' (0#1) [/home/uni/project/smartssd/host_file_sum64/_x/link/vivado/vpl/prj/prj.gen/my_rm/bd/ulp/ipshared/3111/hdl/axi_data_fifo_v2_1_vl_rfs.v:1134]
INFO: [Synth 8-6155] done synthesizing module 'axi_data_fifo_v2_1_26_axic_srl_fifo' (0#1) [/home/uni/project/smartssd/host_file_sum64/_x/link/vivado/vpl/prj/prj.gen/my_rm/bd/ulp/ipshared/3111/hdl/axi_data_fifo_v2_1_vl_rfs.v:697]
INFO: [Synth 8-6157] synthesizing module 'axi_crossbar_v2_1_28_arbiter_resp' [/home/uni/project/smartssd/host_file_sum64/_x/link/vivado/vpl/prj/prj.gen/my_rm/bd/ulp/ipshared/c40e/hdl/axi_crossbar_v2_1_vl_rfs.v:1024]
INFO: [Synth 8-6155] done synthesizing module 'axi_crossbar_v2_1_28_arbiter_resp' (0#1) [/home/uni/project/smartssd/host_file_sum64/_x/link/vivado/vpl/prj/prj.gen/my_rm/bd/ulp/ipshared/c40e/hdl/axi_crossbar_v2_1_vl_rfs.v:1024]
INFO: [Synth 8-6157] synthesizing module 'generic_baseblocks_v2_1_0_mux_enc' [/home/uni/project/smartssd/host_file_sum64/_x/link/vivado/vpl/prj/prj.gen/my_rm/bd/ulp/ipshared/b752/hdl/generic_baseblocks_v2_1_vl_rfs.v:2451]
INFO: [Synth 8-6155] done synthesizing module 'generic_baseblocks_v2_1_0_mux_enc' (0#1) [/home/uni/project/smartssd/host_file_sum64/_x/link/vivado/vpl/prj/prj.gen/my_rm/bd/ulp/ipshared/b752/hdl/generic_baseblocks_v2_1_vl_rfs.v:2451]
INFO: [Synth 8-6155] done synthesizing module 'axi_crossbar_v2_1_28_si_transactor' (0#1) [/home/uni/project/smartssd/host_file_sum64/_x/link/vivado/vpl/prj/prj.gen/my_rm/bd/ulp/ipshared/c40e/hdl/axi_crossbar_v2_1_vl_rfs.v:3799]
INFO: [Synth 8-6157] synthesizing module 'axi_crossbar_v2_1_28_si_transactor__parameterized0' [/home/uni/project/smartssd/host_file_sum64/_x/link/vivado/vpl/prj/prj.gen/my_rm/bd/ulp/ipshared/c40e/hdl/axi_crossbar_v2_1_vl_rfs.v:3799]
INFO: [Synth 8-6157] synthesizing module 'generic_baseblocks_v2_1_0_mux_enc__parameterized0' [/home/uni/project/smartssd/host_file_sum64/_x/link/vivado/vpl/prj/prj.gen/my_rm/bd/ulp/ipshared/b752/hdl/generic_baseblocks_v2_1_vl_rfs.v:2451]
INFO: [Synth 8-6155] done synthesizing module 'generic_baseblocks_v2_1_0_mux_enc__parameterized0' (0#1) [/home/uni/project/smartssd/host_file_sum64/_x/link/vivado/vpl/prj/prj.gen/my_rm/bd/ulp/ipshared/b752/hdl/generic_baseblocks_v2_1_vl_rfs.v:2451]
INFO: [Synth 8-6155] done synthesizing module 'axi_crossbar_v2_1_28_si_transactor__parameterized0' (0#1) [/home/uni/project/smartssd/host_file_sum64/_x/link/vivado/vpl/prj/prj.gen/my_rm/bd/ulp/ipshared/c40e/hdl/axi_crossbar_v2_1_vl_rfs.v:3799]
INFO: [Synth 8-6157] synthesizing module 'axi_crossbar_v2_1_28_splitter' [/home/uni/project/smartssd/host_file_sum64/_x/link/vivado/vpl/prj/prj.gen/my_rm/bd/ulp/ipshared/c40e/hdl/axi_crossbar_v2_1_vl_rfs.v:4460]
INFO: [Synth 8-6155] done synthesizing module 'axi_crossbar_v2_1_28_splitter' (0#1) [/home/uni/project/smartssd/host_file_sum64/_x/link/vivado/vpl/prj/prj.gen/my_rm/bd/ulp/ipshared/c40e/hdl/axi_crossbar_v2_1_vl_rfs.v:4460]
INFO: [Synth 8-6157] synthesizing module 'axi_crossbar_v2_1_28_wdata_router' [/home/uni/project/smartssd/host_file_sum64/_x/link/vivado/vpl/prj/prj.gen/my_rm/bd/ulp/ipshared/c40e/hdl/axi_crossbar_v2_1_vl_rfs.v:4735]
INFO: [Synth 8-6157] synthesizing module 'axi_data_fifo_v2_1_26_axic_reg_srl_fifo' [/home/uni/project/smartssd/host_file_sum64/_x/link/vivado/vpl/prj/prj.gen/my_rm/bd/ulp/ipshared/3111/hdl/axi_data_fifo_v2_1_vl_rfs.v:888]
INFO: [Synth 8-6157] synthesizing module 'axi_data_fifo_v2_1_26_ndeep_srl__parameterized0' [/home/uni/project/smartssd/host_file_sum64/_x/link/vivado/vpl/prj/prj.gen/my_rm/bd/ulp/ipshared/3111/hdl/axi_data_fifo_v2_1_vl_rfs.v:1134]
INFO: [Synth 8-6155] done synthesizing module 'axi_data_fifo_v2_1_26_ndeep_srl__parameterized0' (0#1) [/home/uni/project/smartssd/host_file_sum64/_x/link/vivado/vpl/prj/prj.gen/my_rm/bd/ulp/ipshared/3111/hdl/axi_data_fifo_v2_1_vl_rfs.v:1134]
INFO: [Synth 8-155] case statement is not full and has no default [/home/uni/project/smartssd/host_file_sum64/_x/link/vivado/vpl/prj/prj.gen/my_rm/bd/ulp/ipshared/3111/hdl/axi_data_fifo_v2_1_vl_rfs.v:986]
INFO: [Synth 8-6155] done synthesizing module 'axi_data_fifo_v2_1_26_axic_reg_srl_fifo' (0#1) [/home/uni/project/smartssd/host_file_sum64/_x/link/vivado/vpl/prj/prj.gen/my_rm/bd/ulp/ipshared/3111/hdl/axi_data_fifo_v2_1_vl_rfs.v:888]
INFO: [Synth 8-6155] done synthesizing module 'axi_crossbar_v2_1_28_wdata_router' (0#1) [/home/uni/project/smartssd/host_file_sum64/_x/link/vivado/vpl/prj/prj.gen/my_rm/bd/ulp/ipshared/c40e/hdl/axi_crossbar_v2_1_vl_rfs.v:4735]
INFO: [Synth 8-6157] synthesizing module 'axi_crossbar_v2_1_28_si_transactor__parameterized1' [/home/uni/project/smartssd/host_file_sum64/_x/link/vivado/vpl/prj/prj.gen/my_rm/bd/ulp/ipshared/c40e/hdl/axi_crossbar_v2_1_vl_rfs.v:3799]
INFO: [Synth 8-6155] done synthesizing module 'axi_crossbar_v2_1_28_si_transactor__parameterized1' (0#1) [/home/uni/project/smartssd/host_file_sum64/_x/link/vivado/vpl/prj/prj.gen/my_rm/bd/ulp/ipshared/c40e/hdl/axi_crossbar_v2_1_vl_rfs.v:3799]
INFO: [Synth 8-6157] synthesizing module 'axi_crossbar_v2_1_28_si_transactor__parameterized2' [/home/uni/project/smartssd/host_file_sum64/_x/link/vivado/vpl/prj/prj.gen/my_rm/bd/ulp/ipshared/c40e/hdl/axi_crossbar_v2_1_vl_rfs.v:3799]
INFO: [Synth 8-6155] done synthesizing module 'axi_crossbar_v2_1_28_si_transactor__parameterized2' (0#1) [/home/uni/project/smartssd/host_file_sum64/_x/link/vivado/vpl/prj/prj.gen/my_rm/bd/ulp/ipshared/c40e/hdl/axi_crossbar_v2_1_vl_rfs.v:3799]
INFO: [Synth 8-6157] synthesizing module 'axi_crossbar_v2_1_28_si_transactor__parameterized3' [/home/uni/project/smartssd/host_file_sum64/_x/link/vivado/vpl/prj/prj.gen/my_rm/bd/ulp/ipshared/c40e/hdl/axi_crossbar_v2_1_vl_rfs.v:3799]
INFO: [Synth 8-6157] synthesizing module 'axi_data_fifo_v2_1_26_axic_srl_fifo__parameterized0' [/home/uni/project/smartssd/host_file_sum64/_x/link/vivado/vpl/prj/prj.gen/my_rm/bd/ulp/ipshared/3111/hdl/axi_data_fifo_v2_1_vl_rfs.v:697]
INFO: [Synth 8-6157] synthesizing module 'axi_data_fifo_v2_1_26_ndeep_srl__parameterized1' [/home/uni/project/smartssd/host_file_sum64/_x/link/vivado/vpl/prj/prj.gen/my_rm/bd/ulp/ipshared/3111/hdl/axi_data_fifo_v2_1_vl_rfs.v:1134]
INFO: [Synth 8-6155] done synthesizing module 'axi_data_fifo_v2_1_26_ndeep_srl__parameterized1' (0#1) [/home/uni/project/smartssd/host_file_sum64/_x/link/vivado/vpl/prj/prj.gen/my_rm/bd/ulp/ipshared/3111/hdl/axi_data_fifo_v2_1_vl_rfs.v:1134]
INFO: [Synth 8-6155] done synthesizing module 'axi_data_fifo_v2_1_26_axic_srl_fifo__parameterized0' (0#1) [/home/uni/project/smartssd/host_file_sum64/_x/link/vivado/vpl/prj/prj.gen/my_rm/bd/ulp/ipshared/3111/hdl/axi_data_fifo_v2_1_vl_rfs.v:697]
INFO: [Synth 8-6155] done synthesizing module 'axi_crossbar_v2_1_28_si_transactor__parameterized3' (0#1) [/home/uni/project/smartssd/host_file_sum64/_x/link/vivado/vpl/prj/prj.gen/my_rm/bd/ulp/ipshared/c40e/hdl/axi_crossbar_v2_1_vl_rfs.v:3799]
INFO: [Synth 8-6157] synthesizing module 'axi_crossbar_v2_1_28_si_transactor__parameterized4' [/home/uni/project/smartssd/host_file_sum64/_x/link/vivado/vpl/prj/prj.gen/my_rm/bd/ulp/ipshared/c40e/hdl/axi_crossbar_v2_1_vl_rfs.v:3799]
INFO: [Synth 8-6155] done synthesizing module 'axi_crossbar_v2_1_28_si_transactor__parameterized4' (0#1) [/home/uni/project/smartssd/host_file_sum64/_x/link/vivado/vpl/prj/prj.gen/my_rm/bd/ulp/ipshared/c40e/hdl/axi_crossbar_v2_1_vl_rfs.v:3799]
INFO: [Synth 8-6157] synthesizing module 'axi_crossbar_v2_1_28_wdata_router__parameterized0' [/home/uni/project/smartssd/host_file_sum64/_x/link/vivado/vpl/prj/prj.gen/my_rm/bd/ulp/ipshared/c40e/hdl/axi_crossbar_v2_1_vl_rfs.v:4735]
INFO: [Synth 8-6157] synthesizing module 'axi_data_fifo_v2_1_26_axic_reg_srl_fifo__parameterized0' [/home/uni/project/smartssd/host_file_sum64/_x/link/vivado/vpl/prj/prj.gen/my_rm/bd/ulp/ipshared/3111/hdl/axi_data_fifo_v2_1_vl_rfs.v:888]
INFO: [Synth 8-155] case statement is not full and has no default [/home/uni/project/smartssd/host_file_sum64/_x/link/vivado/vpl/prj/prj.gen/my_rm/bd/ulp/ipshared/3111/hdl/axi_data_fifo_v2_1_vl_rfs.v:986]
INFO: [Synth 8-6155] done synthesizing module 'axi_data_fifo_v2_1_26_axic_reg_srl_fifo__parameterized0' (0#1) [/home/uni/project/smartssd/host_file_sum64/_x/link/vivado/vpl/prj/prj.gen/my_rm/bd/ulp/ipshared/3111/hdl/axi_data_fifo_v2_1_vl_rfs.v:888]
INFO: [Synth 8-6155] done synthesizing module 'axi_crossbar_v2_1_28_wdata_router__parameterized0' (0#1) [/home/uni/project/smartssd/host_file_sum64/_x/link/vivado/vpl/prj/prj.gen/my_rm/bd/ulp/ipshared/c40e/hdl/axi_crossbar_v2_1_vl_rfs.v:4735]
INFO: [Synth 8-6157] synthesizing module 'axi_crossbar_v2_1_28_si_transactor__parameterized5' [/home/uni/project/smartssd/host_file_sum64/_x/link/vivado/vpl/prj/prj.gen/my_rm/bd/ulp/ipshared/c40e/hdl/axi_crossbar_v2_1_vl_rfs.v:3799]
INFO: [Synth 8-6157] synthesizing module 'axi_crossbar_v2_1_28_addr_decoder__parameterized0' [/home/uni/project/smartssd/host_file_sum64/_x/link/vivado/vpl/prj/prj.gen/my_rm/bd/ulp/ipshared/c40e/hdl/axi_crossbar_v2_1_vl_rfs.v:793]
INFO: [Synth 8-6155] done synthesizing module 'axi_crossbar_v2_1_28_addr_decoder__parameterized0' (0#1) [/home/uni/project/smartssd/host_file_sum64/_x/link/vivado/vpl/prj/prj.gen/my_rm/bd/ulp/ipshared/c40e/hdl/axi_crossbar_v2_1_vl_rfs.v:793]
INFO: [Synth 8-6155] done synthesizing module 'axi_crossbar_v2_1_28_si_transactor__parameterized5' (0#1) [/home/uni/project/smartssd/host_file_sum64/_x/link/vivado/vpl/prj/prj.gen/my_rm/bd/ulp/ipshared/c40e/hdl/axi_crossbar_v2_1_vl_rfs.v:3799]
INFO: [Synth 8-6157] synthesizing module 'axi_crossbar_v2_1_28_si_transactor__parameterized6' [/home/uni/project/smartssd/host_file_sum64/_x/link/vivado/vpl/prj/prj.gen/my_rm/bd/ulp/ipshared/c40e/hdl/axi_crossbar_v2_1_vl_rfs.v:3799]
INFO: [Synth 8-6155] done synthesizing module 'axi_crossbar_v2_1_28_si_transactor__parameterized6' (0#1) [/home/uni/project/smartssd/host_file_sum64/_x/link/vivado/vpl/prj/prj.gen/my_rm/bd/ulp/ipshared/c40e/hdl/axi_crossbar_v2_1_vl_rfs.v:3799]
INFO: [Synth 8-6157] synthesizing module 'axi_crossbar_v2_1_28_addr_decoder__parameterized1' [/home/uni/project/smartssd/host_file_sum64/_x/link/vivado/vpl/prj/prj.gen/my_rm/bd/ulp/ipshared/c40e/hdl/axi_crossbar_v2_1_vl_rfs.v:793]
INFO: [Synth 8-6155] done synthesizing module 'axi_crossbar_v2_1_28_addr_decoder__parameterized1' (0#1) [/home/uni/project/smartssd/host_file_sum64/_x/link/vivado/vpl/prj/prj.gen/my_rm/bd/ulp/ipshared/c40e/hdl/axi_crossbar_v2_1_vl_rfs.v:793]
INFO: [Synth 8-6157] synthesizing module 'axi_data_fifo_v2_1_26_axic_srl_fifo__parameterized1' [/home/uni/project/smartssd/host_file_sum64/_x/link/vivado/vpl/prj/prj.gen/my_rm/bd/ulp/ipshared/3111/hdl/axi_data_fifo_v2_1_vl_rfs.v:697]
INFO: [Synth 8-6155] done synthesizing module 'axi_data_fifo_v2_1_26_axic_srl_fifo__parameterized1' (0#1) [/home/uni/project/smartssd/host_file_sum64/_x/link/vivado/vpl/prj/prj.gen/my_rm/bd/ulp/ipshared/3111/hdl/axi_data_fifo_v2_1_vl_rfs.v:697]
INFO: [Synth 8-6157] synthesizing module 'axi_crossbar_v2_1_28_wdata_mux' [/home/uni/project/smartssd/host_file_sum64/_x/link/vivado/vpl/prj/prj.gen/my_rm/bd/ulp/ipshared/c40e/hdl/axi_crossbar_v2_1_vl_rfs.v:4560]
INFO: [Synth 8-6157] synthesizing module 'axi_data_fifo_v2_1_26_axic_reg_srl_fifo__parameterized1' [/home/uni/project/smartssd/host_file_sum64/_x/link/vivado/vpl/prj/prj.gen/my_rm/bd/ulp/ipshared/3111/hdl/axi_data_fifo_v2_1_vl_rfs.v:888]
INFO: [Synth 8-155] case statement is not full and has no default [/home/uni/project/smartssd/host_file_sum64/_x/link/vivado/vpl/prj/prj.gen/my_rm/bd/ulp/ipshared/3111/hdl/axi_data_fifo_v2_1_vl_rfs.v:986]
INFO: [Synth 8-6155] done synthesizing module 'axi_data_fifo_v2_1_26_axic_reg_srl_fifo__parameterized1' (0#1) [/home/uni/project/smartssd/host_file_sum64/_x/link/vivado/vpl/prj/prj.gen/my_rm/bd/ulp/ipshared/3111/hdl/axi_data_fifo_v2_1_vl_rfs.v:888]
INFO: [Synth 8-6157] synthesizing module 'generic_baseblocks_v2_1_0_mux_enc__parameterized1' [/home/uni/project/smartssd/host_file_sum64/_x/link/vivado/vpl/prj/prj.gen/my_rm/bd/ulp/ipshared/b752/hdl/generic_baseblocks_v2_1_vl_rfs.v:2451]
INFO: [Synth 8-6155] done synthesizing module 'generic_baseblocks_v2_1_0_mux_enc__parameterized1' (0#1) [/home/uni/project/smartssd/host_file_sum64/_x/link/vivado/vpl/prj/prj.gen/my_rm/bd/ulp/ipshared/b752/hdl/generic_baseblocks_v2_1_vl_rfs.v:2451]
INFO: [Synth 8-6155] done synthesizing module 'axi_crossbar_v2_1_28_wdata_mux' (0#1) [/home/uni/project/smartssd/host_file_sum64/_x/link/vivado/vpl/prj/prj.gen/my_rm/bd/ulp/ipshared/c40e/hdl/axi_crossbar_v2_1_vl_rfs.v:4560]
INFO: [Synth 8-6157] synthesizing module 'axi_register_slice_v2_1_27_axi_register_slice' [/home/uni/project/smartssd/host_file_sum64/_x/link/vivado/vpl/prj/prj.gen/my_rm/bd/ulp/ipshared/f0b4/hdl/axi_register_slice_v2_1_vl_rfs.v:3725]
INFO: [Synth 8-6157] synthesizing module 'axi_infrastructure_v1_1_0_axi2vector' [/home/uni/project/smartssd/host_file_sum64/_x/link/vivado/vpl/prj/prj.gen/my_rm/bd/ulp/ipshared/ec67/hdl/axi_infrastructure_v1_1_vl_rfs.v:59]
INFO: [Synth 8-6155] done synthesizing module 'axi_infrastructure_v1_1_0_axi2vector' (0#1) [/home/uni/project/smartssd/host_file_sum64/_x/link/vivado/vpl/prj/prj.gen/my_rm/bd/ulp/ipshared/ec67/hdl/axi_infrastructure_v1_1_vl_rfs.v:59]
INFO: [Synth 8-6157] synthesizing module 'axi_infrastructure_v1_1_0_vector2axi' [/home/uni/project/smartssd/host_file_sum64/_x/link/vivado/vpl/prj/prj.gen/my_rm/bd/ulp/ipshared/ec67/hdl/axi_infrastructure_v1_1_vl_rfs.v:473]
INFO: [Synth 8-6155] done synthesizing module 'axi_infrastructure_v1_1_0_vector2axi' (0#1) [/home/uni/project/smartssd/host_file_sum64/_x/link/vivado/vpl/prj/prj.gen/my_rm/bd/ulp/ipshared/ec67/hdl/axi_infrastructure_v1_1_vl_rfs.v:473]
INFO: [Synth 8-6157] synthesizing module 'axi_register_slice_v2_1_27_axic_register_slice' [/home/uni/project/smartssd/host_file_sum64/_x/link/vivado/vpl/prj/prj.gen/my_rm/bd/ulp/ipshared/f0b4/hdl/axi_register_slice_v2_1_vl_rfs.v:1497]
INFO: [Synth 8-6155] done synthesizing module 'axi_register_slice_v2_1_27_axic_register_slice' (0#1) [/home/uni/project/smartssd/host_file_sum64/_x/link/vivado/vpl/prj/prj.gen/my_rm/bd/ulp/ipshared/f0b4/hdl/axi_register_slice_v2_1_vl_rfs.v:1497]
INFO: [Synth 8-6157] synthesizing module 'axi_register_slice_v2_1_27_axic_register_slice__parameterized0' [/home/uni/project/smartssd/host_file_sum64/_x/link/vivado/vpl/prj/prj.gen/my_rm/bd/ulp/ipshared/f0b4/hdl/axi_register_slice_v2_1_vl_rfs.v:1497]
INFO: [Synth 8-6155] done synthesizing module 'axi_register_slice_v2_1_27_axic_register_slice__parameterized0' (0#1) [/home/uni/project/smartssd/host_file_sum64/_x/link/vivado/vpl/prj/prj.gen/my_rm/bd/ulp/ipshared/f0b4/hdl/axi_register_slice_v2_1_vl_rfs.v:1497]
INFO: [Synth 8-6157] synthesizing module 'axi_register_slice_v2_1_27_axic_register_slice__parameterized1' [/home/uni/project/smartssd/host_file_sum64/_x/link/vivado/vpl/prj/prj.gen/my_rm/bd/ulp/ipshared/f0b4/hdl/axi_register_slice_v2_1_vl_rfs.v:1497]
INFO: [Synth 8-6155] done synthesizing module 'axi_register_slice_v2_1_27_axic_register_slice__parameterized1' (0#1) [/home/uni/project/smartssd/host_file_sum64/_x/link/vivado/vpl/prj/prj.gen/my_rm/bd/ulp/ipshared/f0b4/hdl/axi_register_slice_v2_1_vl_rfs.v:1497]
INFO: [Synth 8-6157] synthesizing module 'axi_register_slice_v2_1_27_axic_register_slice__parameterized2' [/home/uni/project/smartssd/host_file_sum64/_x/link/vivado/vpl/prj/prj.gen/my_rm/bd/ulp/ipshared/f0b4/hdl/axi_register_slice_v2_1_vl_rfs.v:1497]
INFO: [Synth 8-6155] done synthesizing module 'axi_register_slice_v2_1_27_axic_register_slice__parameterized2' (0#1) [/home/uni/project/smartssd/host_file_sum64/_x/link/vivado/vpl/prj/prj.gen/my_rm/bd/ulp/ipshared/f0b4/hdl/axi_register_slice_v2_1_vl_rfs.v:1497]
INFO: [Synth 8-6155] done synthesizing module 'axi_register_slice_v2_1_27_axi_register_slice' (0#1) [/home/uni/project/smartssd/host_file_sum64/_x/link/vivado/vpl/prj/prj.gen/my_rm/bd/ulp/ipshared/f0b4/hdl/axi_register_slice_v2_1_vl_rfs.v:3725]
WARNING: [Synth 8-7071] port 'aclk2x' of module 'axi_register_slice_v2_1_27_axi_register_slice' is unconnected for instance 'reg_slice_mi' [/home/uni/project/smartssd/host_file_sum64/_x/link/vivado/vpl/prj/prj.gen/my_rm/bd/ulp/ipshared/c40e/hdl/axi_crossbar_v2_1_vl_rfs.v:3122]
WARNING: [Synth 8-7023] instance 'reg_slice_mi' of module 'axi_register_slice_v2_1_27_axi_register_slice' has 93 connections declared, but only 92 given [/home/uni/project/smartssd/host_file_sum64/_x/link/vivado/vpl/prj/prj.gen/my_rm/bd/ulp/ipshared/c40e/hdl/axi_crossbar_v2_1_vl_rfs.v:3122]
INFO: [Synth 8-6157] synthesizing module 'axi_crossbar_v2_1_28_addr_decoder__parameterized2' [/home/uni/project/smartssd/host_file_sum64/_x/link/vivado/vpl/prj/prj.gen/my_rm/bd/ulp/ipshared/c40e/hdl/axi_crossbar_v2_1_vl_rfs.v:793]
INFO: [Synth 8-6155] done synthesizing module 'axi_crossbar_v2_1_28_addr_decoder__parameterized2' (0#1) [/home/uni/project/smartssd/host_file_sum64/_x/link/vivado/vpl/prj/prj.gen/my_rm/bd/ulp/ipshared/c40e/hdl/axi_crossbar_v2_1_vl_rfs.v:793]
WARNING: [Synth 8-7071] port 'aclk2x' of module 'axi_register_slice_v2_1_27_axi_register_slice' is unconnected for instance 'reg_slice_mi' [/home/uni/project/smartssd/host_file_sum64/_x/link/vivado/vpl/prj/prj.gen/my_rm/bd/ulp/ipshared/c40e/hdl/axi_crossbar_v2_1_vl_rfs.v:3122]
WARNING: [Synth 8-7023] instance 'reg_slice_mi' of module 'axi_register_slice_v2_1_27_axi_register_slice' has 93 connections declared, but only 92 given [/home/uni/project/smartssd/host_file_sum64/_x/link/vivado/vpl/prj/prj.gen/my_rm/bd/ulp/ipshared/c40e/hdl/axi_crossbar_v2_1_vl_rfs.v:3122]
INFO: [Synth 8-6157] synthesizing module 'axi_data_fifo_v2_1_26_axic_srl_fifo__parameterized2' [/home/uni/project/smartssd/host_file_sum64/_x/link/vivado/vpl/prj/prj.gen/my_rm/bd/ulp/ipshared/3111/hdl/axi_data_fifo_v2_1_vl_rfs.v:697]
INFO: [Synth 8-6155] done synthesizing module 'axi_data_fifo_v2_1_26_axic_srl_fifo__parameterized2' (0#1) [/home/uni/project/smartssd/host_file_sum64/_x/link/vivado/vpl/prj/prj.gen/my_rm/bd/ulp/ipshared/3111/hdl/axi_data_fifo_v2_1_vl_rfs.v:697]
INFO: [Synth 8-6157] synthesizing module 'axi_crossbar_v2_1_28_wdata_mux__parameterized0' [/home/uni/project/smartssd/host_file_sum64/_x/link/vivado/vpl/prj/prj.gen/my_rm/bd/ulp/ipshared/c40e/hdl/axi_crossbar_v2_1_vl_rfs.v:4560]
INFO: [Synth 8-6157] synthesizing module 'axi_data_fifo_v2_1_26_axic_reg_srl_fifo__parameterized2' [/home/uni/project/smartssd/host_file_sum64/_x/link/vivado/vpl/prj/prj.gen/my_rm/bd/ulp/ipshared/3111/hdl/axi_data_fifo_v2_1_vl_rfs.v:888]
INFO: [Synth 8-155] case statement is not full and has no default [/home/uni/project/smartssd/host_file_sum64/_x/link/vivado/vpl/prj/prj.gen/my_rm/bd/ulp/ipshared/3111/hdl/axi_data_fifo_v2_1_vl_rfs.v:986]
INFO: [Synth 8-6155] done synthesizing module 'axi_data_fifo_v2_1_26_axic_reg_srl_fifo__parameterized2' (0#1) [/home/uni/project/smartssd/host_file_sum64/_x/link/vivado/vpl/prj/prj.gen/my_rm/bd/ulp/ipshared/3111/hdl/axi_data_fifo_v2_1_vl_rfs.v:888]
INFO: [Synth 8-6155] done synthesizing module 'axi_crossbar_v2_1_28_wdata_mux__parameterized0' (0#1) [/home/uni/project/smartssd/host_file_sum64/_x/link/vivado/vpl/prj/prj.gen/my_rm/bd/ulp/ipshared/c40e/hdl/axi_crossbar_v2_1_vl_rfs.v:4560]
WARNING: [Synth 8-7071] port 'aclk2x' of module 'axi_register_slice_v2_1_27_axi_register_slice' is unconnected for instance 'reg_slice_mi' [/home/uni/project/smartssd/host_file_sum64/_x/link/vivado/vpl/prj/prj.gen/my_rm/bd/ulp/ipshared/c40e/hdl/axi_crossbar_v2_1_vl_rfs.v:3122]
WARNING: [Synth 8-7023] instance 'reg_slice_mi' of module 'axi_register_slice_v2_1_27_axi_register_slice' has 93 connections declared, but only 92 given [/home/uni/project/smartssd/host_file_sum64/_x/link/vivado/vpl/prj/prj.gen/my_rm/bd/ulp/ipshared/c40e/hdl/axi_crossbar_v2_1_vl_rfs.v:3122]
INFO: [Synth 8-6157] synthesizing module 'axi_crossbar_v2_1_28_decerr_slave' [/home/uni/project/smartssd/host_file_sum64/_x/link/vivado/vpl/prj/prj.gen/my_rm/bd/ulp/ipshared/c40e/hdl/axi_crossbar_v2_1_vl_rfs.v:3500]
INFO: [Synth 8-155] case statement is not full and has no default [/home/uni/project/smartssd/host_file_sum64/_x/link/vivado/vpl/prj/prj.gen/my_rm/bd/ulp/ipshared/c40e/hdl/axi_crossbar_v2_1_vl_rfs.v:3633]
INFO: [Synth 8-6155] done synthesizing module 'axi_crossbar_v2_1_28_decerr_slave' (0#1) [/home/uni/project/smartssd/host_file_sum64/_x/link/vivado/vpl/prj/prj.gen/my_rm/bd/ulp/ipshared/c40e/hdl/axi_crossbar_v2_1_vl_rfs.v:3500]
INFO: [Synth 8-6157] synthesizing module 'axi_crossbar_v2_1_28_addr_arbiter' [/home/uni/project/smartssd/host_file_sum64/_x/link/vivado/vpl/prj/prj.gen/my_rm/bd/ulp/ipshared/c40e/hdl/axi_crossbar_v2_1_vl_rfs.v:422]
INFO: [Synth 8-6157] synthesizing module 'generic_baseblocks_v2_1_0_mux_enc__parameterized2' [/home/uni/project/smartssd/host_file_sum64/_x/link/vivado/vpl/prj/prj.gen/my_rm/bd/ulp/ipshared/b752/hdl/generic_baseblocks_v2_1_vl_rfs.v:2451]
INFO: [Synth 8-6155] done synthesizing module 'generic_baseblocks_v2_1_0_mux_enc__parameterized2' (0#1) [/home/uni/project/smartssd/host_file_sum64/_x/link/vivado/vpl/prj/prj.gen/my_rm/bd/ulp/ipshared/b752/hdl/generic_baseblocks_v2_1_vl_rfs.v:2451]
INFO: [Synth 8-6157] synthesizing module 'generic_baseblocks_v2_1_0_mux_enc__parameterized3' [/home/uni/project/smartssd/host_file_sum64/_x/link/vivado/vpl/prj/prj.gen/my_rm/bd/ulp/ipshared/b752/hdl/generic_baseblocks_v2_1_vl_rfs.v:2451]
INFO: [Synth 8-6155] done synthesizing module 'generic_baseblocks_v2_1_0_mux_enc__parameterized3' (0#1) [/home/uni/project/smartssd/host_file_sum64/_x/link/vivado/vpl/prj/prj.gen/my_rm/bd/ulp/ipshared/b752/hdl/generic_baseblocks_v2_1_vl_rfs.v:2451]
INFO: [Synth 8-6155] done synthesizing module 'axi_crossbar_v2_1_28_addr_arbiter' (0#1) [/home/uni/project/smartssd/host_file_sum64/_x/link/vivado/vpl/prj/prj.gen/my_rm/bd/ulp/ipshared/c40e/hdl/axi_crossbar_v2_1_vl_rfs.v:422]
INFO: [Synth 8-6155] done synthesizing module 'axi_crossbar_v2_1_28_crossbar' (0#1) [/home/uni/project/smartssd/host_file_sum64/_x/link/vivado/vpl/prj/prj.gen/my_rm/bd/ulp/ipshared/c40e/hdl/axi_crossbar_v2_1_vl_rfs.v:2238]
INFO: [Synth 8-6155] done synthesizing module 'axi_crossbar_v2_1_28_axi_crossbar' (0#1) [/home/uni/project/smartssd/host_file_sum64/_x/link/vivado/vpl/prj/prj.gen/my_rm/bd/ulp/ipshared/c40e/hdl/axi_crossbar_v2_1_vl_rfs.v:4883]
INFO: [Synth 8-6155] done synthesizing module 'ulp_xbar_2' (0#1) [/home/uni/project/smartssd/host_file_sum64/_x/link/vivado/vpl/prj/prj.gen/my_rm/bd/ulp/ip/ulp_xbar_2/synth/ulp_xbar_2.v:53]
WARNING: [Synth 8-6014] Unused sequential element areset_d1_reg was removed.  [/home/uni/project/smartssd/host_file_sum64/_x/link/vivado/vpl/prj/prj.gen/my_rm/bd/ulp/ipshared/3111/hdl/axi_data_fifo_v2_1_vl_rfs.v:750]
WARNING: [Synth 8-6014] Unused sequential element S_READY_i_reg was removed.  [/home/uni/project/smartssd/host_file_sum64/_x/link/vivado/vpl/prj/prj.gen/my_rm/bd/ulp/ipshared/3111/hdl/axi_data_fifo_v2_1_vl_rfs.v:789]
WARNING: [Synth 8-6014] Unused sequential element gen_multi_thread.gen_thread_loop[0].gen_debug_r_multi_thread.debug_r_beat_cnt_i_reg was removed.  [/home/uni/project/smartssd/host_file_sum64/_x/link/vivado/vpl/prj/prj.gen/my_rm/bd/ulp/ipshared/c40e/hdl/axi_crossbar_v2_1_vl_rfs.v:4346]
WARNING: [Synth 8-6014] Unused sequential element gen_multi_thread.gen_thread_loop[1].gen_debug_r_multi_thread.debug_r_beat_cnt_i_reg was removed.  [/home/uni/project/smartssd/host_file_sum64/_x/link/vivado/vpl/prj/prj.gen/my_rm/bd/ulp/ipshared/c40e/hdl/axi_crossbar_v2_1_vl_rfs.v:4346]
WARNING: [Synth 8-6014] Unused sequential element gen_multi_thread.gen_thread_loop[2].gen_debug_r_multi_thread.debug_r_beat_cnt_i_reg was removed.  [/home/uni/project/smartssd/host_file_sum64/_x/link/vivado/vpl/prj/prj.gen/my_rm/bd/ulp/ipshared/c40e/hdl/axi_crossbar_v2_1_vl_rfs.v:4346]
WARNING: [Synth 8-6014] Unused sequential element gen_multi_thread.gen_thread_loop[3].gen_debug_r_multi_thread.debug_r_beat_cnt_i_reg was removed.  [/home/uni/project/smartssd/host_file_sum64/_x/link/vivado/vpl/prj/prj.gen/my_rm/bd/ulp/ipshared/c40e/hdl/axi_crossbar_v2_1_vl_rfs.v:4346]
WARNING: [Synth 8-6014] Unused sequential element gen_multi_thread.gen_thread_loop[0].gen_debug_r_multi_thread.debug_r_beat_cnt_i_reg was removed.  [/home/uni/project/smartssd/host_file_sum64/_x/link/vivado/vpl/prj/prj.gen/my_rm/bd/ulp/ipshared/c40e/hdl/axi_crossbar_v2_1_vl_rfs.v:4346]
WARNING: [Synth 8-6014] Unused sequential element gen_multi_thread.gen_thread_loop[1].gen_debug_r_multi_thread.debug_r_beat_cnt_i_reg was removed.  [/home/uni/project/smartssd/host_file_sum64/_x/link/vivado/vpl/prj/prj.gen/my_rm/bd/ulp/ipshared/c40e/hdl/axi_crossbar_v2_1_vl_rfs.v:4346]
WARNING: [Synth 8-6014] Unused sequential element gen_multi_thread.gen_thread_loop[2].gen_debug_r_multi_thread.debug_r_beat_cnt_i_reg was removed.  [/home/uni/project/smartssd/host_file_sum64/_x/link/vivado/vpl/prj/prj.gen/my_rm/bd/ulp/ipshared/c40e/hdl/axi_crossbar_v2_1_vl_rfs.v:4346]
WARNING: [Synth 8-6014] Unused sequential element gen_multi_thread.gen_thread_loop[3].gen_debug_r_multi_thread.debug_r_beat_cnt_i_reg was removed.  [/home/uni/project/smartssd/host_file_sum64/_x/link/vivado/vpl/prj/prj.gen/my_rm/bd/ulp/ipshared/c40e/hdl/axi_crossbar_v2_1_vl_rfs.v:4346]
WARNING: [Synth 8-6014] Unused sequential element gen_multi_thread.gen_thread_loop[0].gen_debug_r_multi_thread.debug_r_beat_cnt_i_reg was removed.  [/home/uni/project/smartssd/host_file_sum64/_x/link/vivado/vpl/prj/prj.gen/my_rm/bd/ulp/ipshared/c40e/hdl/axi_crossbar_v2_1_vl_rfs.v:4346]
WARNING: [Synth 8-6014] Unused sequential element gen_multi_thread.gen_thread_loop[1].gen_debug_r_multi_thread.debug_r_beat_cnt_i_reg was removed.  [/home/uni/project/smartssd/host_file_sum64/_x/link/vivado/vpl/prj/prj.gen/my_rm/bd/ulp/ipshared/c40e/hdl/axi_crossbar_v2_1_vl_rfs.v:4346]
WARNING: [Synth 8-6014] Unused sequential element gen_multi_thread.gen_thread_loop[2].gen_debug_r_multi_thread.debug_r_beat_cnt_i_reg was removed.  [/home/uni/project/smartssd/host_file_sum64/_x/link/vivado/vpl/prj/prj.gen/my_rm/bd/ulp/ipshared/c40e/hdl/axi_crossbar_v2_1_vl_rfs.v:4346]
WARNING: [Synth 8-6014] Unused sequential element gen_multi_thread.gen_thread_loop[3].gen_debug_r_multi_thread.debug_r_beat_cnt_i_reg was removed.  [/home/uni/project/smartssd/host_file_sum64/_x/link/vivado/vpl/prj/prj.gen/my_rm/bd/ulp/ipshared/c40e/hdl/axi_crossbar_v2_1_vl_rfs.v:4346]
WARNING: [Synth 8-6014] Unused sequential element gen_multi_thread.gen_thread_loop[4].gen_debug_r_multi_thread.debug_r_beat_cnt_i_reg was removed.  [/home/uni/project/smartssd/host_file_sum64/_x/link/vivado/vpl/prj/prj.gen/my_rm/bd/ulp/ipshared/c40e/hdl/axi_crossbar_v2_1_vl_rfs.v:4346]
WARNING: [Synth 8-6014] Unused sequential element gen_multi_thread.gen_thread_loop[5].gen_debug_r_multi_thread.debug_r_beat_cnt_i_reg was removed.  [/home/uni/project/smartssd/host_file_sum64/_x/link/vivado/vpl/prj/prj.gen/my_rm/bd/ulp/ipshared/c40e/hdl/axi_crossbar_v2_1_vl_rfs.v:4346]
WARNING: [Synth 8-6014] Unused sequential element gen_multi_thread.gen_thread_loop[6].gen_debug_r_multi_thread.debug_r_beat_cnt_i_reg was removed.  [/home/uni/project/smartssd/host_file_sum64/_x/link/vivado/vpl/prj/prj.gen/my_rm/bd/ulp/ipshared/c40e/hdl/axi_crossbar_v2_1_vl_rfs.v:4346]
WARNING: [Synth 8-6014] Unused sequential element gen_multi_thread.gen_thread_loop[7].gen_debug_r_multi_thread.debug_r_beat_cnt_i_reg was removed.  [/home/uni/project/smartssd/host_file_sum64/_x/link/vivado/vpl/prj/prj.gen/my_rm/bd/ulp/ipshared/c40e/hdl/axi_crossbar_v2_1_vl_rfs.v:4346]
WARNING: [Synth 8-6014] Unused sequential element gen_multi_thread.gen_thread_loop[8].gen_debug_r_multi_thread.debug_r_beat_cnt_i_reg was removed.  [/home/uni/project/smartssd/host_file_sum64/_x/link/vivado/vpl/prj/prj.gen/my_rm/bd/ulp/ipshared/c40e/hdl/axi_crossbar_v2_1_vl_rfs.v:4346]
WARNING: [Synth 8-6014] Unused sequential element gen_multi_thread.gen_thread_loop[9].gen_debug_r_multi_thread.debug_r_beat_cnt_i_reg was removed.  [/home/uni/project/smartssd/host_file_sum64/_x/link/vivado/vpl/prj/prj.gen/my_rm/bd/ulp/ipshared/c40e/hdl/axi_crossbar_v2_1_vl_rfs.v:4346]
WARNING: [Synth 8-6014] Unused sequential element gen_multi_thread.gen_thread_loop[10].gen_debug_r_multi_thread.debug_r_beat_cnt_i_reg was removed.  [/home/uni/project/smartssd/host_file_sum64/_x/link/vivado/vpl/prj/prj.gen/my_rm/bd/ulp/ipshared/c40e/hdl/axi_crossbar_v2_1_vl_rfs.v:4346]
WARNING: [Synth 8-6014] Unused sequential element gen_multi_thread.gen_thread_loop[11].gen_debug_r_multi_thread.debug_r_beat_cnt_i_reg was removed.  [/home/uni/project/smartssd/host_file_sum64/_x/link/vivado/vpl/prj/prj.gen/my_rm/bd/ulp/ipshared/c40e/hdl/axi_crossbar_v2_1_vl_rfs.v:4346]
WARNING: [Synth 8-6014] Unused sequential element gen_multi_thread.gen_thread_loop[12].gen_debug_r_multi_thread.debug_r_beat_cnt_i_reg was removed.  [/home/uni/project/smartssd/host_file_sum64/_x/link/vivado/vpl/prj/prj.gen/my_rm/bd/ulp/ipshared/c40e/hdl/axi_crossbar_v2_1_vl_rfs.v:4346]
WARNING: [Synth 8-6014] Unused sequential element gen_multi_thread.gen_thread_loop[13].gen_debug_r_multi_thread.debug_r_beat_cnt_i_reg was removed.  [/home/uni/project/smartssd/host_file_sum64/_x/link/vivado/vpl/prj/prj.gen/my_rm/bd/ulp/ipshared/c40e/hdl/axi_crossbar_v2_1_vl_rfs.v:4346]
WARNING: [Synth 8-6014] Unused sequential element gen_multi_thread.gen_thread_loop[14].gen_debug_r_multi_thread.debug_r_beat_cnt_i_reg was removed.  [/home/uni/project/smartssd/host_file_sum64/_x/link/vivado/vpl/prj/prj.gen/my_rm/bd/ulp/ipshared/c40e/hdl/axi_crossbar_v2_1_vl_rfs.v:4346]
WARNING: [Synth 8-6014] Unused sequential element gen_multi_thread.gen_thread_loop[15].gen_debug_r_multi_thread.debug_r_beat_cnt_i_reg was removed.  [/home/uni/project/smartssd/host_file_sum64/_x/link/vivado/vpl/prj/prj.gen/my_rm/bd/ulp/ipshared/c40e/hdl/axi_crossbar_v2_1_vl_rfs.v:4346]
WARNING: [Synth 8-6014] Unused sequential element gen_multi_thread.gen_thread_loop[0].gen_debug_r_multi_thread.debug_r_beat_cnt_i_reg was removed.  [/home/uni/project/smartssd/host_file_sum64/_x/link/vivado/vpl/prj/prj.gen/my_rm/bd/ulp/ipshared/c40e/hdl/axi_crossbar_v2_1_vl_rfs.v:4346]
WARNING: [Synth 8-6014] Unused sequential element gen_multi_thread.gen_thread_loop[1].gen_debug_r_multi_thread.debug_r_beat_cnt_i_reg was removed.  [/home/uni/project/smartssd/host_file_sum64/_x/link/vivado/vpl/prj/prj.gen/my_rm/bd/ulp/ipshared/c40e/hdl/axi_crossbar_v2_1_vl_rfs.v:4346]
WARNING: [Synth 8-6014] Unused sequential element gen_multi_thread.gen_thread_loop[2].gen_debug_r_multi_thread.debug_r_beat_cnt_i_reg was removed.  [/home/uni/project/smartssd/host_file_sum64/_x/link/vivado/vpl/prj/prj.gen/my_rm/bd/ulp/ipshared/c40e/hdl/axi_crossbar_v2_1_vl_rfs.v:4346]
WARNING: [Synth 8-6014] Unused sequential element gen_multi_thread.gen_thread_loop[3].gen_debug_r_multi_thread.debug_r_beat_cnt_i_reg was removed.  [/home/uni/project/smartssd/host_file_sum64/_x/link/vivado/vpl/prj/prj.gen/my_rm/bd/ulp/ipshared/c40e/hdl/axi_crossbar_v2_1_vl_rfs.v:4346]
WARNING: [Synth 8-6014] Unused sequential element gen_multi_thread.gen_thread_loop[4].gen_debug_r_multi_thread.debug_r_beat_cnt_i_reg was removed.  [/home/uni/project/smartssd/host_file_sum64/_x/link/vivado/vpl/prj/prj.gen/my_rm/bd/ulp/ipshared/c40e/hdl/axi_crossbar_v2_1_vl_rfs.v:4346]
WARNING: [Synth 8-6014] Unused sequential element gen_multi_thread.gen_thread_loop[5].gen_debug_r_multi_thread.debug_r_beat_cnt_i_reg was removed.  [/home/uni/project/smartssd/host_file_sum64/_x/link/vivado/vpl/prj/prj.gen/my_rm/bd/ulp/ipshared/c40e/hdl/axi_crossbar_v2_1_vl_rfs.v:4346]
WARNING: [Synth 8-6014] Unused sequential element gen_multi_thread.gen_thread_loop[6].gen_debug_r_multi_thread.debug_r_beat_cnt_i_reg was removed.  [/home/uni/project/smartssd/host_file_sum64/_x/link/vivado/vpl/prj/prj.gen/my_rm/bd/ulp/ipshared/c40e/hdl/axi_crossbar_v2_1_vl_rfs.v:4346]
WARNING: [Synth 8-6014] Unused sequential element gen_multi_thread.gen_thread_loop[7].gen_debug_r_multi_thread.debug_r_beat_cnt_i_reg was removed.  [/home/uni/project/smartssd/host_file_sum64/_x/link/vivado/vpl/prj/prj.gen/my_rm/bd/ulp/ipshared/c40e/hdl/axi_crossbar_v2_1_vl_rfs.v:4346]
WARNING: [Synth 8-6014] Unused sequential element gen_multi_thread.gen_thread_loop[8].gen_debug_r_multi_thread.debug_r_beat_cnt_i_reg was removed.  [/home/uni/project/smartssd/host_file_sum64/_x/link/vivado/vpl/prj/prj.gen/my_rm/bd/ulp/ipshared/c40e/hdl/axi_crossbar_v2_1_vl_rfs.v:4346]
WARNING: [Synth 8-6014] Unused sequential element gen_multi_thread.gen_thread_loop[9].gen_debug_r_multi_thread.debug_r_beat_cnt_i_reg was removed.  [/home/uni/project/smartssd/host_file_sum64/_x/link/vivado/vpl/prj/prj.gen/my_rm/bd/ulp/ipshared/c40e/hdl/axi_crossbar_v2_1_vl_rfs.v:4346]
WARNING: [Synth 8-6014] Unused sequential element gen_multi_thread.gen_thread_loop[10].gen_debug_r_multi_thread.debug_r_beat_cnt_i_reg was removed.  [/home/uni/project/smartssd/host_file_sum64/_x/link/vivado/vpl/prj/prj.gen/my_rm/bd/ulp/ipshared/c40e/hdl/axi_crossbar_v2_1_vl_rfs.v:4346]
WARNING: [Synth 8-6014] Unused sequential element gen_multi_thread.gen_thread_loop[11].gen_debug_r_multi_thread.debug_r_beat_cnt_i_reg was removed.  [/home/uni/project/smartssd/host_file_sum64/_x/link/vivado/vpl/prj/prj.gen/my_rm/bd/ulp/ipshared/c40e/hdl/axi_crossbar_v2_1_vl_rfs.v:4346]
WARNING: [Synth 8-6014] Unused sequential element gen_multi_thread.gen_thread_loop[12].gen_debug_r_multi_thread.debug_r_beat_cnt_i_reg was removed.  [/home/uni/project/smartssd/host_file_sum64/_x/link/vivado/vpl/prj/prj.gen/my_rm/bd/ulp/ipshared/c40e/hdl/axi_crossbar_v2_1_vl_rfs.v:4346]
WARNING: [Synth 8-6014] Unused sequential element gen_multi_thread.gen_thread_loop[13].gen_debug_r_multi_thread.debug_r_beat_cnt_i_reg was removed.  [/home/uni/project/smartssd/host_file_sum64/_x/link/vivado/vpl/prj/prj.gen/my_rm/bd/ulp/ipshared/c40e/hdl/axi_crossbar_v2_1_vl_rfs.v:4346]
WARNING: [Synth 8-6014] Unused sequential element gen_multi_thread.gen_thread_loop[14].gen_debug_r_multi_thread.debug_r_beat_cnt_i_reg was removed.  [/home/uni/project/smartssd/host_file_sum64/_x/link/vivado/vpl/prj/prj.gen/my_rm/bd/ulp/ipshared/c40e/hdl/axi_crossbar_v2_1_vl_rfs.v:4346]
WARNING: [Synth 8-6014] Unused sequential element gen_multi_thread.gen_thread_loop[15].gen_debug_r_multi_thread.debug_r_beat_cnt_i_reg was removed.  [/home/uni/project/smartssd/host_file_sum64/_x/link/vivado/vpl/prj/prj.gen/my_rm/bd/ulp/ipshared/c40e/hdl/axi_crossbar_v2_1_vl_rfs.v:4346]
WARNING: [Synth 8-6014] Unused sequential element areset_d1_reg was removed.  [/home/uni/project/smartssd/host_file_sum64/_x/link/vivado/vpl/prj/prj.gen/my_rm/bd/ulp/ipshared/3111/hdl/axi_data_fifo_v2_1_vl_rfs.v:750]
WARNING: [Synth 8-6014] Unused sequential element S_READY_i_reg was removed.  [/home/uni/project/smartssd/host_file_sum64/_x/link/vivado/vpl/prj/prj.gen/my_rm/bd/ulp/ipshared/3111/hdl/axi_data_fifo_v2_1_vl_rfs.v:789]
WARNING: [Synth 8-6014] Unused sequential element gen_single_thread.gen_debug_r_single_thread.debug_r_beat_cnt_i_reg was removed.  [/home/uni/project/smartssd/host_file_sum64/_x/link/vivado/vpl/prj/prj.gen/my_rm/bd/ulp/ipshared/c40e/hdl/axi_crossbar_v2_1_vl_rfs.v:4192]
WARNING: [Synth 8-6014] Unused sequential element gen_single_thread.active_id_reg was removed.  [/home/uni/project/smartssd/host_file_sum64/_x/link/vivado/vpl/prj/prj.gen/my_rm/bd/ulp/ipshared/c40e/hdl/axi_crossbar_v2_1_vl_rfs.v:4150]
WARNING: [Synth 8-6014] Unused sequential element gen_single_thread.gen_debug_r_single_thread.debug_r_beat_cnt_i_reg was removed.  [/home/uni/project/smartssd/host_file_sum64/_x/link/vivado/vpl/prj/prj.gen/my_rm/bd/ulp/ipshared/c40e/hdl/axi_crossbar_v2_1_vl_rfs.v:4192]
WARNING: [Synth 8-6014] Unused sequential element gen_single_thread.active_id_reg was removed.  [/home/uni/project/smartssd/host_file_sum64/_x/link/vivado/vpl/prj/prj.gen/my_rm/bd/ulp/ipshared/c40e/hdl/axi_crossbar_v2_1_vl_rfs.v:4150]
WARNING: [Synth 8-6014] Unused sequential element gen_single_thread.gen_debug_r_single_thread.debug_r_beat_cnt_i_reg was removed.  [/home/uni/project/smartssd/host_file_sum64/_x/link/vivado/vpl/prj/prj.gen/my_rm/bd/ulp/ipshared/c40e/hdl/axi_crossbar_v2_1_vl_rfs.v:4192]
WARNING: [Synth 8-6014] Unused sequential element gen_single_thread.active_id_reg was removed.  [/home/uni/project/smartssd/host_file_sum64/_x/link/vivado/vpl/prj/prj.gen/my_rm/bd/ulp/ipshared/c40e/hdl/axi_crossbar_v2_1_vl_rfs.v:4150]
WARNING: [Synth 8-6014] Unused sequential element gen_single_thread.gen_debug_r_single_thread.debug_r_beat_cnt_i_reg was removed.  [/home/uni/project/smartssd/host_file_sum64/_x/link/vivado/vpl/prj/prj.gen/my_rm/bd/ulp/ipshared/c40e/hdl/axi_crossbar_v2_1_vl_rfs.v:4192]
WARNING: [Synth 8-6014] Unused sequential element gen_single_thread.active_id_reg was removed.  [/home/uni/project/smartssd/host_file_sum64/_x/link/vivado/vpl/prj/prj.gen/my_rm/bd/ulp/ipshared/c40e/hdl/axi_crossbar_v2_1_vl_rfs.v:4150]
WARNING: [Synth 8-6014] Unused sequential element areset_d1_reg was removed.  [/home/uni/project/smartssd/host_file_sum64/_x/link/vivado/vpl/prj/prj.gen/my_rm/bd/ulp/ipshared/3111/hdl/axi_data_fifo_v2_1_vl_rfs.v:750]
WARNING: [Synth 8-6014] Unused sequential element S_READY_i_reg was removed.  [/home/uni/project/smartssd/host_file_sum64/_x/link/vivado/vpl/prj/prj.gen/my_rm/bd/ulp/ipshared/3111/hdl/axi_data_fifo_v2_1_vl_rfs.v:789]
WARNING: [Synth 8-6014] Unused sequential element s_ready_i_reg was removed.  [/home/uni/project/smartssd/host_file_sum64/_x/link/vivado/vpl/prj/prj.gen/my_rm/bd/ulp/ipshared/3111/hdl/axi_data_fifo_v2_1_vl_rfs.v:1038]
WARNING: [Synth 8-6014] Unused sequential element areset_d1_reg was removed.  [/home/uni/project/smartssd/host_file_sum64/_x/link/vivado/vpl/prj/prj.gen/my_rm/bd/ulp/ipshared/3111/hdl/axi_data_fifo_v2_1_vl_rfs.v:750]
WARNING: [Synth 8-6014] Unused sequential element S_READY_i_reg was removed.  [/home/uni/project/smartssd/host_file_sum64/_x/link/vivado/vpl/prj/prj.gen/my_rm/bd/ulp/ipshared/3111/hdl/axi_data_fifo_v2_1_vl_rfs.v:789]
WARNING: [Synth 8-6014] Unused sequential element s_ready_i_reg was removed.  [/home/uni/project/smartssd/host_file_sum64/_x/link/vivado/vpl/prj/prj.gen/my_rm/bd/ulp/ipshared/3111/hdl/axi_data_fifo_v2_1_vl_rfs.v:1038]
WARNING: [Synth 8-6014] Unused sequential element gen_master_slots[0].gen_mi_write.gen_debug_w.debug_w_beat_cnt_i_reg was removed.  [/home/uni/project/smartssd/host_file_sum64/_x/link/vivado/vpl/prj/prj.gen/my_rm/bd/ulp/ipshared/c40e/hdl/axi_crossbar_v2_1_vl_rfs.v:2997]
WARNING: [Synth 8-6014] Unused sequential element gen_master_slots[1].gen_mi_write.gen_debug_w.debug_w_beat_cnt_i_reg was removed.  [/home/uni/project/smartssd/host_file_sum64/_x/link/vivado/vpl/prj/prj.gen/my_rm/bd/ulp/ipshared/c40e/hdl/axi_crossbar_v2_1_vl_rfs.v:2997]
WARNING: [Synth 8-6014] Unused sequential element gen_master_slots[2].gen_mi_write.gen_debug_w.debug_w_beat_cnt_i_reg was removed.  [/home/uni/project/smartssd/host_file_sum64/_x/link/vivado/vpl/prj/prj.gen/my_rm/bd/ulp/ipshared/c40e/hdl/axi_crossbar_v2_1_vl_rfs.v:2997]
WARNING: [Synth 8-7129] Port ACLK in module axi_register_slice_v2_1_27_axic_register_slice is either unconnected or has no load
WARNING: [Synth 8-7129] Port ARESET in module axi_register_slice_v2_1_27_axic_register_slice is either unconnected or has no load
WARNING: [Synth 8-7129] Port ACLK in module axi_register_slice_v2_1_27_axic_register_slice__parameterized0 is either unconnected or has no load
WARNING: [Synth 8-7129] Port ARESET in module axi_register_slice_v2_1_27_axic_register_slice__parameterized0 is either unconnected or has no load
WARNING: [Synth 8-7129] Port m_axi_buser[0] in module axi_infrastructure_v1_1_0_vector2axi is either unconnected or has no load
WARNING: [Synth 8-7129] Port m_axi_ruser[0] in module axi_infrastructure_v1_1_0_vector2axi is either unconnected or has no load
WARNING: [Synth 8-7129] Port s_axi_awuser[0] in module axi_infrastructure_v1_1_0_axi2vector is either unconnected or has no load
WARNING: [Synth 8-7129] Port s_axi_wid[5] in module axi_infrastructure_v1_1_0_axi2vector is either unconnected or has no load
WARNING: [Synth 8-7129] Port s_axi_wid[4] in module axi_infrastructure_v1_1_0_axi2vector is either unconnected or has no load
WARNING: [Synth 8-7129] Port s_axi_wid[3] in module axi_infrastructure_v1_1_0_axi2vector is either unconnected or has no load
WARNING: [Synth 8-7129] Port s_axi_wid[2] in module axi_infrastructure_v1_1_0_axi2vector is either unconnected or has no load
WARNING: [Synth 8-7129] Port s_axi_wid[1] in module axi_infrastructure_v1_1_0_axi2vector is either unconnected or has no load
WARNING: [Synth 8-7129] Port s_axi_wid[0] in module axi_infrastructure_v1_1_0_axi2vector is either unconnected or has no load
WARNING: [Synth 8-7129] Port s_axi_wuser[0] in module axi_infrastructure_v1_1_0_axi2vector is either unconnected or has no load
WARNING: [Synth 8-7129] Port s_axi_aruser[0] in module axi_infrastructure_v1_1_0_axi2vector is either unconnected or has no load
WARNING: [Synth 8-7129] Port aclk2x in module axi_register_slice_v2_1_27_axi_register_slice is either unconnected or has no load
WARNING: [Synth 8-7129] Port ADDR[1] in module axi_crossbar_v2_1_28_addr_decoder__parameterized0 is either unconnected or has no load
WARNING: [Synth 8-7129] Port ADDR[0] in module axi_crossbar_v2_1_28_addr_decoder__parameterized0 is either unconnected or has no load
WARNING: [Synth 8-7129] Port S_ABURST[1] in module axi_crossbar_v2_1_28_si_transactor__parameterized6 is either unconnected or has no load
WARNING: [Synth 8-7129] Port S_ABURST[0] in module axi_crossbar_v2_1_28_si_transactor__parameterized6 is either unconnected or has no load
WARNING: [Synth 8-7129] Port S_ABURST[1] in module axi_crossbar_v2_1_28_si_transactor__parameterized5 is either unconnected or has no load
WARNING: [Synth 8-7129] Port S_ABURST[0] in module axi_crossbar_v2_1_28_si_transactor__parameterized5 is either unconnected or has no load
WARNING: [Synth 8-7129] Port ADDR[1] in module axi_crossbar_v2_1_28_addr_decoder is either unconnected or has no load
WARNING: [Synth 8-7129] Port ADDR[0] in module axi_crossbar_v2_1_28_addr_decoder is either unconnected or has no load
WARNING: [Synth 8-7129] Port S_ABURST[1] in module axi_crossbar_v2_1_28_si_transactor__parameterized4 is either unconnected or has no load
WARNING: [Synth 8-7129] Port S_ABURST[0] in module axi_crossbar_v2_1_28_si_transactor__parameterized4 is either unconnected or has no load
WARNING: [Synth 8-7129] Port S_ABURST[1] in module axi_crossbar_v2_1_28_si_transactor__parameterized3 is either unconnected or has no load
WARNING: [Synth 8-7129] Port S_ABURST[0] in module axi_crossbar_v2_1_28_si_transactor__parameterized3 is either unconnected or has no load
WARNING: [Synth 8-7129] Port S_ABURST[1] in module axi_crossbar_v2_1_28_si_transactor__parameterized2 is either unconnected or has no load
WARNING: [Synth 8-7129] Port S_ABURST[0] in module axi_crossbar_v2_1_28_si_transactor__parameterized2 is either unconnected or has no load
WARNING: [Synth 8-7129] Port S_ABURST[1] in module axi_crossbar_v2_1_28_si_transactor__parameterized1 is either unconnected or has no load
WARNING: [Synth 8-7129] Port S_ABURST[0] in module axi_crossbar_v2_1_28_si_transactor__parameterized1 is either unconnected or has no load
WARNING: [Synth 8-7129] Port S_ABURST[1] in module axi_crossbar_v2_1_28_si_transactor__parameterized0 is either unconnected or has no load
WARNING: [Synth 8-7129] Port S_ABURST[0] in module axi_crossbar_v2_1_28_si_transactor__parameterized0 is either unconnected or has no load
WARNING: [Synth 8-7129] Port S_ABURST[1] in module axi_crossbar_v2_1_28_si_transactor is either unconnected or has no load
WARNING: [Synth 8-7129] Port S_ABURST[0] in module axi_crossbar_v2_1_28_si_transactor is either unconnected or has no load
WARNING: [Synth 8-7129] Port S_AXI_AWID[23] in module axi_crossbar_v2_1_28_crossbar is either unconnected or has no load
WARNING: [Synth 8-7129] Port S_AXI_AWID[22] in module axi_crossbar_v2_1_28_crossbar is either unconnected or has no load
WARNING: [Synth 8-7129] Port S_AXI_AWID[21] in module axi_crossbar_v2_1_28_crossbar is either unconnected or has no load
WARNING: [Synth 8-7129] Port S_AXI_AWID[20] in module axi_crossbar_v2_1_28_crossbar is either unconnected or has no load
WARNING: [Synth 8-7129] Port S_AXI_AWID[19] in module axi_crossbar_v2_1_28_crossbar is either unconnected or has no load
WARNING: [Synth 8-7129] Port S_AXI_AWID[18] in module axi_crossbar_v2_1_28_crossbar is either unconnected or has no load
WARNING: [Synth 8-7129] Port S_AXI_AWID[17] in module axi_crossbar_v2_1_28_crossbar is either unconnected or has no load
WARNING: [Synth 8-7129] Port S_AXI_AWID[16] in module axi_crossbar_v2_1_28_crossbar is either unconnected or has no load
WARNING: [Synth 8-7129] Port S_AXI_AWID[15] in module axi_crossbar_v2_1_28_crossbar is either unconnected or has no load
WARNING: [Synth 8-7129] Port S_AXI_AWID[14] in module axi_crossbar_v2_1_28_crossbar is either unconnected or has no load
WARNING: [Synth 8-7129] Port S_AXI_AWID[13] in module axi_crossbar_v2_1_28_crossbar is either unconnected or has no load
WARNING: [Synth 8-7129] Port S_AXI_AWID[12] in module axi_crossbar_v2_1_28_crossbar is either unconnected or has no load
WARNING: [Synth 8-7129] Port S_AXI_WID[23] in module axi_crossbar_v2_1_28_crossbar is either unconnected or has no load
WARNING: [Synth 8-7129] Port S_AXI_WID[22] in module axi_crossbar_v2_1_28_crossbar is either unconnected or has no load
WARNING: [Synth 8-7129] Port S_AXI_WID[21] in module axi_crossbar_v2_1_28_crossbar is either unconnected or has no load
WARNING: [Synth 8-7129] Port S_AXI_WID[20] in module axi_crossbar_v2_1_28_crossbar is either unconnected or has no load
WARNING: [Synth 8-7129] Port S_AXI_WID[19] in module axi_crossbar_v2_1_28_crossbar is either unconnected or has no load
WARNING: [Synth 8-7129] Port S_AXI_WID[18] in module axi_crossbar_v2_1_28_crossbar is either unconnected or has no load
WARNING: [Synth 8-7129] Port S_AXI_WID[17] in module axi_crossbar_v2_1_28_crossbar is either unconnected or has no load
WARNING: [Synth 8-7129] Port S_AXI_WID[16] in module axi_crossbar_v2_1_28_crossbar is either unconnected or has no load
WARNING: [Synth 8-7129] Port S_AXI_WID[15] in module axi_crossbar_v2_1_28_crossbar is either unconnected or has no load
WARNING: [Synth 8-7129] Port S_AXI_WID[14] in module axi_crossbar_v2_1_28_crossbar is either unconnected or has no load
WARNING: [Synth 8-7129] Port S_AXI_WID[13] in module axi_crossbar_v2_1_28_crossbar is either unconnected or has no load
WARNING: [Synth 8-7129] Port S_AXI_WID[12] in module axi_crossbar_v2_1_28_crossbar is either unconnected or has no load
WARNING: [Synth 8-7129] Port S_AXI_WID[11] in module axi_crossbar_v2_1_28_crossbar is either unconnected or has no load
WARNING: [Synth 8-7129] Port S_AXI_WID[10] in module axi_crossbar_v2_1_28_crossbar is either unconnected or has no load
WARNING: [Synth 8-7129] Port S_AXI_WID[9] in module axi_crossbar_v2_1_28_crossbar is either unconnected or has no load
WARNING: [Synth 8-7129] Port S_AXI_WID[8] in module axi_crossbar_v2_1_28_crossbar is either unconnected or has no load
WARNING: [Synth 8-7129] Port S_AXI_WID[7] in module axi_crossbar_v2_1_28_crossbar is either unconnected or has no load
WARNING: [Synth 8-7129] Port S_AXI_WID[6] in module axi_crossbar_v2_1_28_crossbar is either unconnected or has no load
WARNING: [Synth 8-7129] Port S_AXI_WID[5] in module axi_crossbar_v2_1_28_crossbar is either unconnected or has no load
WARNING: [Synth 8-7129] Port S_AXI_WID[4] in module axi_crossbar_v2_1_28_crossbar is either unconnected or has no load
WARNING: [Synth 8-7129] Port S_AXI_WID[3] in module axi_crossbar_v2_1_28_crossbar is either unconnected or has no load
WARNING: [Synth 8-7129] Port S_AXI_WID[2] in module axi_crossbar_v2_1_28_crossbar is either unconnected or has no load
WARNING: [Synth 8-7129] Port S_AXI_WID[1] in module axi_crossbar_v2_1_28_crossbar is either unconnected or has no load
WARNING: [Synth 8-7129] Port S_AXI_WID[0] in module axi_crossbar_v2_1_28_crossbar is either unconnected or has no load
WARNING: [Synth 8-7129] Port S_AXI_ARID[23] in module axi_crossbar_v2_1_28_crossbar is either unconnected or has no load
WARNING: [Synth 8-7129] Port S_AXI_ARID[22] in module axi_crossbar_v2_1_28_crossbar is either unconnected or has no load
WARNING: [Synth 8-7129] Port S_AXI_ARID[21] in module axi_crossbar_v2_1_28_crossbar is either unconnected or has no load
WARNING: [Synth 8-7129] Port S_AXI_ARID[20] in module axi_crossbar_v2_1_28_crossbar is either unconnected or has no load
WARNING: [Synth 8-7129] Port S_AXI_ARID[19] in module axi_crossbar_v2_1_28_crossbar is either unconnected or has no load
WARNING: [Synth 8-7129] Port S_AXI_ARID[18] in module axi_crossbar_v2_1_28_crossbar is either unconnected or has no load
WARNING: [Synth 8-7129] Port S_AXI_ARID[17] in module axi_crossbar_v2_1_28_crossbar is either unconnected or has no load
WARNING: [Synth 8-7129] Port S_AXI_ARID[16] in module axi_crossbar_v2_1_28_crossbar is either unconnected or has no load
WARNING: [Synth 8-7129] Port S_AXI_ARID[15] in module axi_crossbar_v2_1_28_crossbar is either unconnected or has no load
WARNING: [Synth 8-7129] Port S_AXI_ARID[14] in module axi_crossbar_v2_1_28_crossbar is either unconnected or has no load
WARNING: [Synth 8-7129] Port S_AXI_ARID[13] in module axi_crossbar_v2_1_28_crossbar is either unconnected or has no load
WARNING: [Synth 8-7129] Port S_AXI_ARID[12] in module axi_crossbar_v2_1_28_crossbar is either unconnected or has no load
WARNING: [Synth 8-7129] Port s_axi_awid[23] in module axi_crossbar_v2_1_28_axi_crossbar is either unconnected or has no load
WARNING: [Synth 8-7129] Port s_axi_awid[22] in module axi_crossbar_v2_1_28_axi_crossbar is either unconnected or has no load
WARNING: [Synth 8-7129] Port s_axi_awid[21] in module axi_crossbar_v2_1_28_axi_crossbar is either unconnected or has no load
WARNING: [Synth 8-7129] Port s_axi_awid[20] in module axi_crossbar_v2_1_28_axi_crossbar is either unconnected or has no load
WARNING: [Synth 8-7129] Port s_axi_awid[19] in module axi_crossbar_v2_1_28_axi_crossbar is either unconnected or has no load
WARNING: [Synth 8-7129] Port s_axi_awid[18] in module axi_crossbar_v2_1_28_axi_crossbar is either unconnected or has no load
WARNING: [Synth 8-7129] Port s_axi_awid[17] in module axi_crossbar_v2_1_28_axi_crossbar is either unconnected or has no load
WARNING: [Synth 8-7129] Port s_axi_awid[16] in module axi_crossbar_v2_1_28_axi_crossbar is either unconnected or has no load
WARNING: [Synth 8-7129] Port s_axi_awid[15] in module axi_crossbar_v2_1_28_axi_crossbar is either unconnected or has no load
WARNING: [Synth 8-7129] Port s_axi_awid[14] in module axi_crossbar_v2_1_28_axi_crossbar is either unconnected or has no load
WARNING: [Synth 8-7129] Port s_axi_awid[13] in module axi_crossbar_v2_1_28_axi_crossbar is either unconnected or has no load
WARNING: [Synth 8-7129] Port s_axi_awid[12] in module axi_crossbar_v2_1_28_axi_crossbar is either unconnected or has no load
WARNING: [Synth 8-7129] Port s_axi_awuser[3] in module axi_crossbar_v2_1_28_axi_crossbar is either unconnected or has no load
WARNING: [Synth 8-7129] Port s_axi_awuser[2] in module axi_crossbar_v2_1_28_axi_crossbar is either unconnected or has no load
WARNING: [Synth 8-7129] Port s_axi_awuser[1] in module axi_crossbar_v2_1_28_axi_crossbar is either unconnected or has no load
WARNING: [Synth 8-7129] Port s_axi_awuser[0] in module axi_crossbar_v2_1_28_axi_crossbar is either unconnected or has no load
INFO: [Common 17-14] Message 'Synth 8-7129' appears 100 times and further instances of the messages will be disabled. Use the Tcl command set_msg_config to change the current settings.
---------------------------------------------------------------------------------
Finished RTL Elaboration : Time (s): cpu = 00:00:17 ; elapsed = 00:00:19 . Memory (MB): peak = 3552.988 ; gain = 520.703 ; free physical = 105253 ; free virtual = 231143
Synthesis current peak Physical Memory [PSS] (MB): peak = 2608.454; parent = 2466.572; children = 142.761
Synthesis current peak Virtual Memory [VSS] (MB): peak = 4552.938; parent = 3552.992; children = 999.945
---------------------------------------------------------------------------------
---------------------------------------------------------------------------------
Start Handling Custom Attributes
---------------------------------------------------------------------------------
---------------------------------------------------------------------------------
Finished Handling Custom Attributes : Time (s): cpu = 00:00:18 ; elapsed = 00:00:20 . Memory (MB): peak = 3564.863 ; gain = 532.578 ; free physical = 105629 ; free virtual = 231519
Synthesis current peak Physical Memory [PSS] (MB): peak = 2608.454; parent = 2466.572; children = 142.761
Synthesis current peak Virtual Memory [VSS] (MB): peak = 4564.812; parent = 3564.867; children = 999.945
---------------------------------------------------------------------------------
---------------------------------------------------------------------------------
Finished RTL Optimization Phase 1 : Time (s): cpu = 00:00:18 ; elapsed = 00:00:20 . Memory (MB): peak = 3564.863 ; gain = 532.578 ; free physical = 105703 ; free virtual = 231593
Synthesis current peak Physical Memory [PSS] (MB): peak = 2608.454; parent = 2466.572; children = 142.761
Synthesis current peak Virtual Memory [VSS] (MB): peak = 4564.812; parent = 3564.867; children = 999.945
---------------------------------------------------------------------------------
Netlist sorting complete. Time (s): cpu = 00:00:00.81 ; elapsed = 00:00:00.81 . Memory (MB): peak = 3564.863 ; gain = 0.000 ; free physical = 105598 ; free virtual = 231488
INFO: [Project 1-570] Preparing netlist for logic optimization

Processing XDC Constraints
Initializing timing engine
Parsing XDC File [/home/uni/project/smartssd/host_file_sum64/_x/link/vivado/vpl/prj/prj.gen/my_rm/bd/ulp/ip/ulp_xbar_2/ulp_xbar_2_ooc.xdc] for cell 'inst'
create_clock: Time (s): cpu = 00:00:06 ; elapsed = 00:00:06 . Memory (MB): peak = 3661.461 ; gain = 5.938 ; free physical = 103221 ; free virtual = 229113
Finished Parsing XDC File [/home/uni/project/smartssd/host_file_sum64/_x/link/vivado/vpl/prj/prj.gen/my_rm/bd/ulp/ip/ulp_xbar_2/ulp_xbar_2_ooc.xdc] for cell 'inst'
Parsing XDC File [/home/uni/project/smartssd/host_file_sum64/_x/link/vivado/vpl/prj/prj.runs/ulp_xbar_2_synth_1/dont_touch.xdc]
Finished Parsing XDC File [/home/uni/project/smartssd/host_file_sum64/_x/link/vivado/vpl/prj/prj.runs/ulp_xbar_2_synth_1/dont_touch.xdc]
Completed Processing XDC Constraints

Netlist sorting complete. Time (s): cpu = 00:00:00.01 ; elapsed = 00:00:00.01 . Memory (MB): peak = 3661.461 ; gain = 0.000 ; free physical = 103223 ; free virtual = 229115
INFO: [Project 1-111] Unisim Transformation Summary:
No Unisim elements were transformed.

Constraint Validation Runtime : Time (s): cpu = 00:00:01 ; elapsed = 00:00:01 . Memory (MB): peak = 3661.461 ; gain = 0.000 ; free physical = 102859 ; free virtual = 228752
INFO: [Designutils 20-5008] Incremental synthesis strategy off
INFO: [Synth 8-11241] undeclared symbol 'REGCCE', assumed default net type 'wire' [/home/dess/workspace/Xilinx/Vivado/2022.2/data/verilog/src/unimacro/BRAM_SINGLE_MACRO.v:2170]
---------------------------------------------------------------------------------
Finished Constraint Validation : Time (s): cpu = 00:00:42 ; elapsed = 00:00:46 . Memory (MB): peak = 3661.461 ; gain = 629.176 ; free physical = 101095 ; free virtual = 226997
Synthesis current peak Physical Memory [PSS] (MB): peak = 2722.543; parent = 2586.183; children = 142.761
Synthesis current peak Virtual Memory [VSS] (MB): peak = 4661.410; parent = 3661.465; children = 999.945
---------------------------------------------------------------------------------
---------------------------------------------------------------------------------
Start Loading Part and Timing Information
---------------------------------------------------------------------------------
Loading part: xcku15p-ffva1156-2LV-e
INFO: [Synth 8-6742] Reading net delay rules and data
---------------------------------------------------------------------------------
Finished Loading Part and Timing Information : Time (s): cpu = 00:00:42 ; elapsed = 00:00:46 . Memory (MB): peak = 3661.461 ; gain = 629.176 ; free physical = 101089 ; free virtual = 226989
Synthesis current peak Physical Memory [PSS] (MB): peak = 2722.543; parent = 2586.183; children = 142.761
Synthesis current peak Virtual Memory [VSS] (MB): peak = 4661.410; parent = 3661.465; children = 999.945
---------------------------------------------------------------------------------
---------------------------------------------------------------------------------
Start Applying 'set_property' XDC Constraints
---------------------------------------------------------------------------------
Applied set_property KEEP_HIERARCHY = SOFT for inst. (constraint file  /home/uni/project/smartssd/host_file_sum64/_x/link/vivado/vpl/prj/prj.runs/ulp_xbar_2_synth_1/dont_touch.xdc, line 9).
---------------------------------------------------------------------------------
Finished applying 'set_property' XDC Constraints : Time (s): cpu = 00:00:42 ; elapsed = 00:00:46 . Memory (MB): peak = 3661.461 ; gain = 629.176 ; free physical = 101046 ; free virtual = 226946
Synthesis current peak Physical Memory [PSS] (MB): peak = 2722.543; parent = 2586.183; children = 142.761
Synthesis current peak Virtual Memory [VSS] (MB): peak = 4661.410; parent = 3661.465; children = 999.945
---------------------------------------------------------------------------------
INFO: [Synth 8-802] inferred FSM for state register 'state_reg' in module 'axi_data_fifo_v2_1_26_axic_reg_srl_fifo'
INFO: [Synth 8-802] inferred FSM for state register 'state_reg' in module 'axi_data_fifo_v2_1_26_axic_reg_srl_fifo__parameterized0'
INFO: [Synth 8-802] inferred FSM for state register 'state_reg' in module 'axi_data_fifo_v2_1_26_axic_reg_srl_fifo__parameterized1'
INFO: [Synth 8-802] inferred FSM for state register 'state_reg' in module 'axi_data_fifo_v2_1_26_axic_reg_srl_fifo__parameterized2'
INFO: [Synth 8-802] inferred FSM for state register 'gen_axi.write_cs_reg' in module 'axi_crossbar_v2_1_28_decerr_slave'
---------------------------------------------------------------------------------------------------
                   State |                     New Encoding |                Previous Encoding 
---------------------------------------------------------------------------------------------------
                    ZERO |                             1000 |                               10
                     ONE |                             0010 |                               11
                     TWO |                             0001 |                               01
                  iSTATE |                             0100 |                               00
---------------------------------------------------------------------------------------------------
INFO: [Synth 8-3354] encoded FSM with state register 'state_reg' using encoding 'one-hot' in module 'axi_data_fifo_v2_1_26_axic_reg_srl_fifo'
---------------------------------------------------------------------------------------------------
                   State |                     New Encoding |                Previous Encoding 
---------------------------------------------------------------------------------------------------
                    ZERO |                             1000 |                               10
                     ONE |                             0010 |                               11
                     TWO |                             0001 |                               01
                  iSTATE |                             0100 |                               00
---------------------------------------------------------------------------------------------------
INFO: [Synth 8-3354] encoded FSM with state register 'state_reg' using encoding 'one-hot' in module 'axi_data_fifo_v2_1_26_axic_reg_srl_fifo__parameterized0'
---------------------------------------------------------------------------------------------------
                   State |                     New Encoding |                Previous Encoding 
---------------------------------------------------------------------------------------------------
                    ZERO |                             1000 |                               10
                     ONE |                             0010 |                               11
                     TWO |                             0001 |                               01
                  iSTATE |                             0100 |                               00
---------------------------------------------------------------------------------------------------
INFO: [Synth 8-3354] encoded FSM with state register 'state_reg' using encoding 'one-hot' in module 'axi_data_fifo_v2_1_26_axic_reg_srl_fifo__parameterized1'
---------------------------------------------------------------------------------------------------
                   State |                     New Encoding |                Previous Encoding 
---------------------------------------------------------------------------------------------------
                    ZERO |                             1000 |                               10
                     ONE |                             0010 |                               11
                     TWO |                             0001 |                               01
                  iSTATE |                             0100 |                               00
---------------------------------------------------------------------------------------------------
INFO: [Synth 8-3354] encoded FSM with state register 'state_reg' using encoding 'one-hot' in module 'axi_data_fifo_v2_1_26_axic_reg_srl_fifo__parameterized2'
---------------------------------------------------------------------------------------------------
                   State |                     New Encoding |                Previous Encoding 
---------------------------------------------------------------------------------------------------
            P_WRITE_IDLE |                              001 |                               00
            P_WRITE_DATA |                              010 |                               01
            P_WRITE_RESP |                              100 |                               10
---------------------------------------------------------------------------------------------------
INFO: [Synth 8-3354] encoded FSM with state register 'gen_axi.write_cs_reg' using encoding 'one-hot' in module 'axi_crossbar_v2_1_28_decerr_slave'
---------------------------------------------------------------------------------
Finished RTL Optimization Phase 2 : Time (s): cpu = 00:00:47 ; elapsed = 00:00:50 . Memory (MB): peak = 3661.461 ; gain = 629.176 ; free physical = 100372 ; free virtual = 226281
Synthesis current peak Physical Memory [PSS] (MB): peak = 2722.543; parent = 2586.183; children = 142.761
Synthesis current peak Virtual Memory [VSS] (MB): peak = 4661.410; parent = 3661.465; children = 999.945
---------------------------------------------------------------------------------
---------------------------------------------------------------------------------
Start RTL Component Statistics 
---------------------------------------------------------------------------------
Detailed RTL Component Info : 
+---Adders : 
	   2 Input    8 Bit       Adders := 3     
	   2 Input    5 Bit       Adders := 92    
	   2 Input    4 Bit       Adders := 7     
	   2 Input    2 Bit       Adders := 9     
	   2 Input    1 Bit       Adders := 4     
+---XORs : 
	   2 Input      1 Bit         XORs := 54    
+---Registers : 
	              521 Bit    Registers := 6     
	              101 Bit    Registers := 2     
	                8 Bit    Registers := 6     
	                6 Bit    Registers := 2     
	                5 Bit    Registers := 48    
	                4 Bit    Registers := 19    
	                3 Bit    Registers := 14    
	                2 Bit    Registers := 31    
	                1 Bit    Registers := 88    
+---Muxes : 
	   2 Input  521 Bit        Muxes := 6     
	   2 Input  128 Bit        Muxes := 32    
	   2 Input   32 Bit        Muxes := 8     
	   2 Input   24 Bit        Muxes := 6     
	   2 Input    8 Bit        Muxes := 1     
	   3 Input    5 Bit        Muxes := 40    
	   2 Input    5 Bit        Muxes := 4     
	   3 Input    4 Bit        Muxes := 7     
	   2 Input    4 Bit        Muxes := 27    
	   2 Input    3 Bit        Muxes := 8     
	   2 Input    2 Bit        Muxes := 129   
	   2 Input    1 Bit        Muxes := 187   
	   4 Input    1 Bit        Muxes := 21    
	   3 Input    1 Bit        Muxes := 9     
---------------------------------------------------------------------------------
Finished RTL Component Statistics 
---------------------------------------------------------------------------------
---------------------------------------------------------------------------------
Start Part Resource Summary
---------------------------------------------------------------------------------
Part Resources:
DSPs: 1968 (col length:264)
BRAMs: 1968 (col length: RAMB18 264 RAMB36 132)
---------------------------------------------------------------------------------
Finished Part Resource Summary
---------------------------------------------------------------------------------
---------------------------------------------------------------------------------
Start Cross Boundary and Area Optimization
---------------------------------------------------------------------------------
WARNING: [Synth 8-7080] Parallel synthesis criteria is not met
INFO: [Synth 8-3332] Sequential element (wrouter_aw_fifo/FSM_onehot_state_reg[2]) is unused and will be removed from module axi_crossbar_v2_1_28_wdata_router.
INFO: [Synth 8-3332] Sequential element (wrouter_aw_fifo/FSM_onehot_state_reg[2]) is unused and will be removed from module axi_crossbar_v2_1_28_wdata_router__parameterized0.
INFO: [Synth 8-3332] Sequential element (FSM_onehot_state_reg[2]) is unused and will be removed from module axi_data_fifo_v2_1_26_axic_reg_srl_fifo__parameterized1__1.
INFO: [Synth 8-3332] Sequential element (FSM_onehot_state_reg[2]) is unused and will be removed from module axi_data_fifo_v2_1_26_axic_reg_srl_fifo__parameterized1.
INFO: [Synth 8-3332] Sequential element (gen_wmux.wmux_aw_fifo/FSM_onehot_state_reg[2]) is unused and will be removed from module axi_crossbar_v2_1_28_wdata_mux__parameterized0.
---------------------------------------------------------------------------------
Finished Cross Boundary and Area Optimization : Time (s): cpu = 00:01:24 ; elapsed = 00:01:29 . Memory (MB): peak = 3661.461 ; gain = 629.176 ; free physical = 101813 ; free virtual = 227752
Synthesis current peak Physical Memory [PSS] (MB): peak = 2722.543; parent = 2586.183; children = 142.761
Synthesis current peak Virtual Memory [VSS] (MB): peak = 4661.410; parent = 3661.465; children = 999.945
---------------------------------------------------------------------------------
---------------------------------------------------------------------------------
Start Applying XDC Timing Constraints
---------------------------------------------------------------------------------
---------------------------------------------------------------------------------
Finished Applying XDC Timing Constraints : Time (s): cpu = 00:01:39 ; elapsed = 00:01:47 . Memory (MB): peak = 3897.469 ; gain = 865.184 ; free physical = 108167 ; free virtual = 234093
Synthesis current peak Physical Memory [PSS] (MB): peak = 3088.218; parent = 2944.354; children = 144.274
Synthesis current peak Virtual Memory [VSS] (MB): peak = 4897.418; parent = 3897.473; children = 999.945
---------------------------------------------------------------------------------
---------------------------------------------------------------------------------
Start Timing Optimization
---------------------------------------------------------------------------------
---------------------------------------------------------------------------------
Finished Timing Optimization : Time (s): cpu = 00:01:50 ; elapsed = 00:01:57 . Memory (MB): peak = 3967.078 ; gain = 934.793 ; free physical = 107246 ; free virtual = 233168
Synthesis current peak Physical Memory [PSS] (MB): peak = 3148.777; parent = 3005.359; children = 144.274
Synthesis current peak Virtual Memory [VSS] (MB): peak = 4967.027; parent = 3967.082; children = 999.945
---------------------------------------------------------------------------------
---------------------------------------------------------------------------------
Start Technology Mapping
---------------------------------------------------------------------------------
---------------------------------------------------------------------------------
Finished Technology Mapping : Time (s): cpu = 00:01:58 ; elapsed = 00:02:06 . Memory (MB): peak = 3999.094 ; gain = 966.809 ; free physical = 103686 ; free virtual = 229610
Synthesis current peak Physical Memory [PSS] (MB): peak = 3148.777; parent = 3005.359; children = 144.274
Synthesis current peak Virtual Memory [VSS] (MB): peak = 4999.043; parent = 3999.098; children = 999.945
---------------------------------------------------------------------------------
---------------------------------------------------------------------------------
Start IO Insertion
---------------------------------------------------------------------------------
---------------------------------------------------------------------------------
Start Flattening Before IO Insertion
---------------------------------------------------------------------------------
---------------------------------------------------------------------------------
Finished Flattening Before IO Insertion
---------------------------------------------------------------------------------
---------------------------------------------------------------------------------
Start Final Netlist Cleanup
---------------------------------------------------------------------------------
---------------------------------------------------------------------------------
Finished Final Netlist Cleanup
---------------------------------------------------------------------------------
---------------------------------------------------------------------------------
Finished IO Insertion : Time (s): cpu = 00:02:05 ; elapsed = 00:02:14 . Memory (MB): peak = 4008.000 ; gain = 975.715 ; free physical = 101514 ; free virtual = 227437
Synthesis current peak Physical Memory [PSS] (MB): peak = 3148.777; parent = 3005.359; children = 144.274
Synthesis current peak Virtual Memory [VSS] (MB): peak = 5007.949; parent = 4008.004; children = 999.945
---------------------------------------------------------------------------------
---------------------------------------------------------------------------------
Start Renaming Generated Instances
---------------------------------------------------------------------------------
---------------------------------------------------------------------------------
Finished Renaming Generated Instances : Time (s): cpu = 00:02:05 ; elapsed = 00:02:14 . Memory (MB): peak = 4008.000 ; gain = 975.715 ; free physical = 101420 ; free virtual = 227343
Synthesis current peak Physical Memory [PSS] (MB): peak = 3148.777; parent = 3005.359; children = 144.274
Synthesis current peak Virtual Memory [VSS] (MB): peak = 5007.949; parent = 4008.004; children = 999.945
---------------------------------------------------------------------------------
---------------------------------------------------------------------------------
Start Rebuilding User Hierarchy
---------------------------------------------------------------------------------
---------------------------------------------------------------------------------
Finished Rebuilding User Hierarchy : Time (s): cpu = 00:02:07 ; elapsed = 00:02:15 . Memory (MB): peak = 4008.000 ; gain = 975.715 ; free physical = 101305 ; free virtual = 227229
Synthesis current peak Physical Memory [PSS] (MB): peak = 3148.777; parent = 3005.359; children = 144.274
Synthesis current peak Virtual Memory [VSS] (MB): peak = 5007.949; parent = 4008.004; children = 999.945
---------------------------------------------------------------------------------
---------------------------------------------------------------------------------
Start Renaming Generated Ports
---------------------------------------------------------------------------------
---------------------------------------------------------------------------------
Finished Renaming Generated Ports : Time (s): cpu = 00:02:07 ; elapsed = 00:02:15 . Memory (MB): peak = 4008.000 ; gain = 975.715 ; free physical = 101321 ; free virtual = 227245
Synthesis current peak Physical Memory [PSS] (MB): peak = 3148.777; parent = 3005.359; children = 144.274
Synthesis current peak Virtual Memory [VSS] (MB): peak = 5007.949; parent = 4008.004; children = 999.945
---------------------------------------------------------------------------------
---------------------------------------------------------------------------------
Start Handling Custom Attributes
---------------------------------------------------------------------------------
---------------------------------------------------------------------------------
Finished Handling Custom Attributes : Time (s): cpu = 00:02:09 ; elapsed = 00:02:18 . Memory (MB): peak = 4008.000 ; gain = 975.715 ; free physical = 100779 ; free virtual = 226708
Synthesis current peak Physical Memory [PSS] (MB): peak = 3148.777; parent = 3005.359; children = 144.274
Synthesis current peak Virtual Memory [VSS] (MB): peak = 5007.949; parent = 4008.004; children = 999.945
---------------------------------------------------------------------------------
---------------------------------------------------------------------------------
Start Renaming Generated Nets
---------------------------------------------------------------------------------
---------------------------------------------------------------------------------
Finished Renaming Generated Nets : Time (s): cpu = 00:02:09 ; elapsed = 00:02:18 . Memory (MB): peak = 4008.000 ; gain = 975.715 ; free physical = 100718 ; free virtual = 226647
Synthesis current peak Physical Memory [PSS] (MB): peak = 3148.777; parent = 3005.359; children = 144.274
Synthesis current peak Virtual Memory [VSS] (MB): peak = 5007.949; parent = 4008.004; children = 999.945
---------------------------------------------------------------------------------
---------------------------------------------------------------------------------
Start ROM, RAM, DSP, Shift Register and Retiming Reporting
---------------------------------------------------------------------------------

Dynamic Shift Register Report:
+------------+------------------------------------------------+--------+------------+--------+---------+--------+--------+--------+
|Module Name | RTL Name                                       | Length | Data Width | SRL16E | SRLC32E | Mux F7 | Mux F8 | Mux F9 | 
+------------+------------------------------------------------+--------+------------+--------+---------+--------+--------+--------+
|dsrl        | gen_rtl_shifter.gen_inferred_srl.shift_reg_reg | 32     | 1          | 0      | 1       | 0      | 0      | 0      | 
|dsrl__1     | gen_rtl_shifter.gen_inferred_srl.shift_reg_reg | 32     | 1          | 0      | 1       | 0      | 0      | 0      | 
|dsrl__2     | gen_rtl_shifter.gen_inferred_srl.shift_reg_reg | 32     | 1          | 0      | 1       | 0      | 0      | 0      | 
+------------+------------------------------------------------+--------+------------+--------+---------+--------+--------+--------+

---------------------------------------------------------------------------------
Finished ROM, RAM, DSP, Shift Register and Retiming Reporting
---------------------------------------------------------------------------------
---------------------------------------------------------------------------------
Start Writing Synthesis Report
---------------------------------------------------------------------------------

Report BlackBoxes: 
+-+--------------+----------+
| |BlackBox name |Instances |
+-+--------------+----------+
+-+--------------+----------+

Report Cell Usage: 
+------+--------+------+
|      |Cell    |Count |
+------+--------+------+
|1     |LUT1    |    75|
|2     |LUT2    |    86|
|3     |LUT3    |  1204|
|4     |LUT4    |  2331|
|5     |LUT5    |  1985|
|6     |LUT6    |  1210|
|7     |SRLC32E |    14|
|8     |FDRE    |  2969|
|9     |FDSE    |    44|
+------+--------+------+
---------------------------------------------------------------------------------
Finished Writing Synthesis Report : Time (s): cpu = 00:02:09 ; elapsed = 00:02:18 . Memory (MB): peak = 4008.000 ; gain = 975.715 ; free physical = 100681 ; free virtual = 226610
Synthesis current peak Physical Memory [PSS] (MB): peak = 3148.777; parent = 3005.359; children = 144.274
Synthesis current peak Virtual Memory [VSS] (MB): peak = 5007.949; parent = 4008.004; children = 999.945
---------------------------------------------------------------------------------
Synthesis finished with 0 errors, 0 critical warnings and 165 warnings.
Synthesis Optimization Runtime : Time (s): cpu = 00:01:52 ; elapsed = 00:02:01 . Memory (MB): peak = 4008.000 ; gain = 879.117 ; free physical = 100670 ; free virtual = 226598
Synthesis Optimization Complete : Time (s): cpu = 00:02:09 ; elapsed = 00:02:18 . Memory (MB): peak = 4008.008 ; gain = 975.715 ; free physical = 100679 ; free virtual = 226608
INFO: [Project 1-571] Translating synthesized netlist
Netlist sorting complete. Time (s): cpu = 00:00:00.23 ; elapsed = 00:00:00.23 . Memory (MB): peak = 4021.938 ; gain = 0.000 ; free physical = 100519 ; free virtual = 226449
INFO: [Project 1-570] Preparing netlist for logic optimization
INFO: [Opt 31-138] Pushed 0 inverter(s) to 0 load pin(s).
Netlist sorting complete. Time (s): cpu = 00:00:00 ; elapsed = 00:00:00 . Memory (MB): peak = 4030.844 ; gain = 0.000 ; free physical = 99905 ; free virtual = 225840
INFO: [Project 1-111] Unisim Transformation Summary:
No Unisim elements were transformed.

Synth Design complete, checksum: 873c7b5a
INFO: [Common 17-83] Releasing license: Synthesis
143 Infos, 214 Warnings, 0 Critical Warnings and 0 Errors encountered.
synth_design completed successfully
synth_design: Time (s): cpu = 00:02:28 ; elapsed = 00:02:35 . Memory (MB): peak = 4030.844 ; gain = 2089.246 ; free physical = 99934 ; free virtual = 225870
INFO: [Common 17-600] The following parameters have non-default value.
general.maxThreads
INFO: [Common 17-1381] The checkpoint '/home/uni/project/smartssd/host_file_sum64/_x/link/vivado/vpl/prj/prj.runs/ulp_xbar_2_synth_1/ulp_xbar_2.dcp' has been generated.
INFO: [Coretcl 2-1648] Added synthesis output to IP cache for IP ulp_xbar_2, cache-ID = 3b6ee91009e53eab
INFO: [Coretcl 2-1174] Renamed 65 cell refs.
INFO: [Common 17-1381] The checkpoint '/home/uni/project/smartssd/host_file_sum64/_x/link/vivado/vpl/prj/prj.runs/ulp_xbar_2_synth_1/ulp_xbar_2.dcp' has been generated.
INFO: [runtcl-4] Executing : report_utilization -file ulp_xbar_2_utilization_synth.rpt -pb ulp_xbar_2_utilization_synth.pb
INFO: [Common 17-206] Exiting Vivado at Tue Aug 18 04:02:20 2026...
