
*** Running vivado
    with args -log ulp_ddrmem_1_0.vds -m64 -product Vivado -mode batch -messageDb vivado.pb -notrace -source ulp_ddrmem_1_0.tcl


****** Vivado v2022.2.2 (64-bit)
  **** SW Build 3788238 on Tue Feb 21 19:59:23 MST 2023
  **** IP Build 3783773 on Tue Feb 21 23:41:56 MST 2023
    ** Copyright 1986-2023 Xilinx, Inc. All Rights Reserved.

source ulp_ddrmem_1_0.tcl -notrace
INFO: Dispatch client connection id - 42595
create_project: Time (s): cpu = 00:00:08 ; elapsed = 00:00:08 . Memory (MB): peak = 1831.527 ; gain = 88.961 ; free physical = 104432 ; free virtual = 230356
INFO: [IP_Flow 19-234] Refreshing IP repositories
WARNING: [IP_Flow 19-1694] Ignoring duplicate Bus Definition IP file 'xilinx.com:display_pcie4:pcie4_gt_if:1.0' found within IP repository '/home/uni/project/smartssd/host_file_sum64/_x/link/vivado/vpl/.local/hw_platform/iprepo'.
File in use: /home/uni/project/smartssd/host_file_sum64/_x/link/vivado/vpl/.local/hw_platform/iprepo/ipdefs/other_ipdefs/xdma_v4_1/interfaces/pcie4_gt_if.xml
File ignored: /home/uni/project/smartssd/host_file_sum64/_x/link/vivado/vpl/.local/hw_platform/iprepo/ipdefs/other_ipdefs/pcie4_uscale_plus_v1_3/interfaces/pcie4_gt_if.xml
WARNING: [IP_Flow 19-1694] Ignoring duplicate Bus Definition IP file 'xilinx.com:display_pcie4_uscaleplus:ext_gtcom:1.0' found within IP repository '/home/uni/project/smartssd/host_file_sum64/_x/link/vivado/vpl/.local/hw_platform/iprepo'.
File in use: /home/uni/project/smartssd/host_file_sum64/_x/link/vivado/vpl/.local/hw_platform/iprepo/ipdefs/other_ipdefs/xdma_v4_1/interfaces/pcie4_usp_ext_gtcom.xml
File ignored: /home/uni/project/smartssd/host_file_sum64/_x/link/vivado/vpl/.local/hw_platform/iprepo/ipdefs/other_ipdefs/pcie4_uscale_plus_v1_3/interfaces/pcie4_usp_ext_gtcom.xml
WARNING: [IP_Flow 19-1694] Ignoring duplicate Bus Abstraction IP file 'xilinx.com:display_pcie4:pcie4_gt_if_rtl:1.0' found within IP repository '/home/uni/project/smartssd/host_file_sum64/_x/link/vivado/vpl/.local/hw_platform/iprepo'.
File in use: /home/uni/project/smartssd/host_file_sum64/_x/link/vivado/vpl/.local/hw_platform/iprepo/ipdefs/other_ipdefs/xdma_v4_1/interfaces/pcie4_gt_if_rtl.xml
File ignored: /home/uni/project/smartssd/host_file_sum64/_x/link/vivado/vpl/.local/hw_platform/iprepo/ipdefs/other_ipdefs/pcie4_uscale_plus_v1_3/interfaces/pcie4_gt_if_rtl.xml
WARNING: [IP_Flow 19-1694] Ignoring duplicate Bus Abstraction IP file 'xilinx.com:display_pcie4_uscaleplus:int_gtcom_rtl:1.0' found within IP repository '/home/uni/project/smartssd/host_file_sum64/_x/link/vivado/vpl/.local/hw_platform/iprepo'.
File in use: /home/uni/project/smartssd/host_file_sum64/_x/link/vivado/vpl/.local/hw_platform/iprepo/ipdefs/other_ipdefs/xdma_v4_1/interfaces/pcie4_usp_int_gtcom_rtl.xml
File ignored: /home/uni/project/smartssd/host_file_sum64/_x/link/vivado/vpl/.local/hw_platform/iprepo/ipdefs/other_ipdefs/pcie4_uscale_plus_v1_3/interfaces/pcie4_usp_int_gtcom_rtl.xml
WARNING: [IP_Flow 19-1694] Ignoring duplicate Bus Abstraction IP file 'xilinx.com:display_pcie4_uscaleplus:ext_gtcom_rtl:1.0' found within IP repository '/home/uni/project/smartssd/host_file_sum64/_x/link/vivado/vpl/.local/hw_platform/iprepo'.
File in use: /home/uni/project/smartssd/host_file_sum64/_x/link/vivado/vpl/.local/hw_platform/iprepo/ipdefs/other_ipdefs/xdma_v4_1/interfaces/pcie4_usp_ext_gtcom_rtl.xml
File ignored: /home/uni/project/smartssd/host_file_sum64/_x/link/vivado/vpl/.local/hw_platform/iprepo/ipdefs/other_ipdefs/pcie4_uscale_plus_v1_3/interfaces/pcie4_usp_ext_gtcom_rtl.xml
WARNING: [IP_Flow 19-1694] Ignoring duplicate Bus Definition IP file 'xilinx.com:display_pcie4_uscaleplus:int_gtcom:1.0' found within IP repository '/home/uni/project/smartssd/host_file_sum64/_x/link/vivado/vpl/.local/hw_platform/iprepo'.
File in use: /home/uni/project/smartssd/host_file_sum64/_x/link/vivado/vpl/.local/hw_platform/iprepo/ipdefs/other_ipdefs/xdma_v4_1/interfaces/pcie4_usp_int_gtcom.xml
File ignored: /home/uni/project/smartssd/host_file_sum64/_x/link/vivado/vpl/.local/hw_platform/iprepo/ipdefs/other_ipdefs/pcie4_uscale_plus_v1_3/interfaces/pcie4_usp_int_gtcom.xml
INFO: [IP_Flow 19-1700] Loaded user IP repository '/home/uni/project/smartssd/host_file_sum64/_x/link/vivado/vpl/.local/hw_platform/iprepo'.
INFO: [IP_Flow 19-1700] Loaded user IP repository '/home/uni/project/smartssd/host_file_sum64/_x/link/int/xo/ip_repo/xilinx_com_hls_file_sum64_1_0'.
WARNING: [IP_Flow 19-2207] Repository '/home/uni/project/smartssd/host_file_sum64/_x/link/vivado/vpl/.local/hw_platform/iprepo' already exists; ignoring attempt to add it again.
INFO: [IP_Flow 19-1700] Loaded user IP repository '/home/uni/project/smartssd/host_file_sum64/_x/link/vivado/vpl/.local/hw_platform/iprepo'.
INFO: [IP_Flow 19-1700] Loaded user IP repository '/home/uni/project/smartssd/host_file_sum64/_x/link/vivado/vpl/.local/hw_platform/ipcache'.
INFO: [IP_Flow 19-1700] Loaded user IP repository '/home/dess/workspace/Xilinx/Vitis/2022.2/data/ip'.
INFO: [IP_Flow 19-2313] Loaded Vivado IP repository '/home/dess/workspace/Xilinx/Vivado/2022.2/data/ip'.
WARNING: [IP_Flow 19-1663] Duplicate IP found for 'xilinx.com:ip:icap_arb:1.0'. The one found in IP location '/home/uni/project/smartssd/host_file_sum64/_x/link/vivado/vpl/.local/hw_platform/iprepo/ipdefs/other_ipdefs/icap_arb_v1_0' will take precedence over the same IP in the Xilinx installed IP.
WARNING: [IP_Flow 19-1663] Duplicate IP found for 'xilinx.com:ip:axi_clk_metadata_adapter:1.0'. The one found in IP location '/home/uni/project/smartssd/host_file_sum64/_x/link/vivado/vpl/.local/hw_platform/iprepo/ipdefs/other_ipdefs/axi_clk_metadata_adapter_v1_0' will take precedence over the same IP in location /home/uni/project/smartssd/host_file_sum64/_x/link/vivado/vpl/.local/hw_platform/iprepo/ipdefs/ii_infra_ipdefs/axi_clk_metadata_adapter_v1_0
WARNING: [IP_Flow 19-1663] Duplicate IP found for 'xilinx.com:ip:axis_clk_metadata_adapter:1.0'. The one found in IP location '/home/uni/project/smartssd/host_file_sum64/_x/link/vivado/vpl/.local/hw_platform/iprepo/ipdefs/other_ipdefs/axis_clk_metadata_adapter_v1_0' will take precedence over the same IP in location /home/uni/project/smartssd/host_file_sum64/_x/link/vivado/vpl/.local/hw_platform/iprepo/ipdefs/ii_infra_ipdefs/axis_clk_metadata_adapter_v1_0
WARNING: [IP_Flow 19-1663] Duplicate IP found for 'xilinx.com:ip:hbm_memory_subsystem:2.0'. The one found in IP location '/home/uni/project/smartssd/host_file_sum64/_x/link/vivado/vpl/.local/hw_platform/iprepo/ipdefs/other_ipdefs/hbm_memory_subsystem_v2_0' will take precedence over the same IP in the Xilinx installed IP.
WARNING: [IP_Flow 19-1663] Duplicate IP found for 'xilinx.com:ip:shell_utils_build_info:1.0'. The one found in IP location '/home/uni/project/smartssd/host_file_sum64/_x/link/vivado/vpl/.local/hw_platform/iprepo/ipdefs/other_ipdefs/shell_utils_build_info_v1_0' will take precedence over the same IP in the Xilinx installed IP.
WARNING: [IP_Flow 19-1663] Duplicate IP found for 'xilinx.com:ip:xdma:4.1'. The one found in IP location '/home/uni/project/smartssd/host_file_sum64/_x/link/vivado/vpl/.local/hw_platform/iprepo/ipdefs/other_ipdefs/xdma_v4_1' will take precedence over the same IP in the Xilinx installed IP.
WARNING: [IP_Flow 19-1663] Duplicate IP found for 'xilinx.com:ip:shell_utils_msp432_bsl_crc_gen:1.0'. The one found in IP location '/home/uni/project/smartssd/host_file_sum64/_x/link/vivado/vpl/.local/hw_platform/iprepo/ipdefs/other_ipdefs/shell_utils_msp432_bsl_crc_gen_v1_0' will take precedence over the same IP in the Xilinx installed IP.
WARNING: [IP_Flow 19-1663] Duplicate IP found for 'xilinx.com:ip:axi_hwicap:3.0'. The one found in IP location '/home/uni/project/smartssd/host_file_sum64/_x/link/vivado/vpl/.local/hw_platform/iprepo/ipdefs/other_ipdefs/axi_hwicap_v3_0' will take precedence over the same IP in the Xilinx installed IP.
WARNING: [IP_Flow 19-1663] Duplicate IP found for 'xilinx.com:ip:pcie4_uscale_plus:1.3'. The one found in IP location '/home/uni/project/smartssd/host_file_sum64/_x/link/vivado/vpl/.local/hw_platform/iprepo/ipdefs/other_ipdefs/pcie4_uscale_plus_v1_3' will take precedence over the same IP in the Xilinx installed IP.
WARNING: [IP_Flow 19-1663] Duplicate IP found for 'xilinx.com:ip:mailbox:2.1'. The one found in IP location '/home/uni/project/smartssd/host_file_sum64/_x/link/vivado/vpl/.local/hw_platform/iprepo/ipdefs/other_ipdefs/mailbox_v2_1' will take precedence over the same IP in the Xilinx installed IP.
WARNING: [IP_Flow 19-1663] Duplicate IP found for 'xilinx.com:ip:clk_metadata_adapter:1.0'. The one found in IP location '/home/uni/project/smartssd/host_file_sum64/_x/link/vivado/vpl/.local/hw_platform/iprepo/ipdefs/other_ipdefs/clk_metadata_adapter_v1_0' will take precedence over the same IP in location /home/uni/project/smartssd/host_file_sum64/_x/link/vivado/vpl/.local/hw_platform/iprepo/ipdefs/ii_infra_ipdefs/clk_metadata_adapter_v1_0
WARNING: [IP_Flow 19-1663] Duplicate IP found for 'xilinx.com:ip:pipeline_reg:1.0'. The one found in IP location '/home/uni/project/smartssd/host_file_sum64/_x/link/vivado/vpl/.local/hw_platform/iprepo/ipdefs/other_ipdefs/pipeline_reg_v1_0' will take precedence over the same IP in location /home/uni/project/smartssd/host_file_sum64/_x/link/vivado/vpl/.local/hw_platform/iprepo/ipdefs/ii_infra_ipdefs/pipeline_reg_v1_0
WARNING: [IP_Flow 19-4830] Duplicate Interface found for 'xilinx.com:display_pcie3_ultrascale:pcie3_us_gt_if:1.0'. The one found in location '/home/uni/project/smartssd/host_file_sum64/_x/link/vivado/vpl/.local/hw_platform/iprepo/ipdefs/other_ipdefs/xdma_v4_1/interfaces/pcie3_us_gt_if.xml' will take precedence over the same Interface in location '/home/dess/workspace/Xilinx/Vivado/2022.2/data/ip/xilinx/pcie3_ultrascale_v4_4/interfaces/pcie3_us_gt_if.xml'
WARNING: [IP_Flow 19-4830] Duplicate Interface found for 'xilinx.com:display_pcie4:pcie4_gt_if:1.0'. The one found in location '/home/uni/project/smartssd/host_file_sum64/_x/link/vivado/vpl/.local/hw_platform/iprepo/ipdefs/other_ipdefs/xdma_v4_1/interfaces/pcie4_gt_if.xml' will take precedence over the same Interface in location '/home/dess/workspace/Xilinx/Vivado/2022.2/data/ip/xilinx/pcie4_uscale_plus_v1_3/interfaces/pcie4_gt_if.xml'
WARNING: [IP_Flow 19-4830] Duplicate Interface found for 'xilinx.com:display_xdma:pcie3_7x_transceiver_debug:1.0'. The one found in location '/home/uni/project/smartssd/host_file_sum64/_x/link/vivado/vpl/.local/hw_platform/iprepo/ipdefs/other_ipdefs/xdma_v4_1/interfaces/pcie3_7x_transceiver_debug.xml' will take precedence over the same Interface in location '/home/dess/workspace/Xilinx/Vivado/2022.2/data/ip/xilinx/qdma_v5_0/interfaces/pcie3_7x_transceiver_debug.xml'
WARNING: [IP_Flow 19-4830] Duplicate Interface found for 'xilinx.com:display_xdma:int_shared_logic:1.0'. The one found in location '/home/uni/project/smartssd/host_file_sum64/_x/link/vivado/vpl/.local/hw_platform/iprepo/ipdefs/other_ipdefs/xdma_v4_1/interfaces/pcie3_us_int_shared_logic.xml' will take precedence over the same Interface in location '/home/dess/workspace/Xilinx/Vivado/2022.2/data/ip/xilinx/qdma_v5_0/interfaces/pcie3_us_int_shared_logic.xml'
WARNING: [IP_Flow 19-4830] Duplicate Interface found for 'xilinx.com:display_pcie4_uscaleplus:ext_gtcom:1.0'. The one found in location '/home/uni/project/smartssd/host_file_sum64/_x/link/vivado/vpl/.local/hw_platform/iprepo/ipdefs/other_ipdefs/xdma_v4_1/interfaces/pcie4_usp_ext_gtcom.xml' will take precedence over the same Interface in location '/home/dess/workspace/Xilinx/Vivado/2022.2/data/ip/xilinx/pcie4_uscale_plus_v1_3/interfaces/pcie4_usp_ext_gtcom.xml'
WARNING: [IP_Flow 19-4830] Duplicate Interface found for 'xilinx.com:display_xdma:pcie_cfg_external_msix:1.0'. The one found in location '/home/uni/project/smartssd/host_file_sum64/_x/link/vivado/vpl/.local/hw_platform/iprepo/ipdefs/other_ipdefs/xdma_v4_1/interfaces/pcie_cfg_ext_msix.xml' will take precedence over the same Interface in location '/home/dess/workspace/Xilinx/Vivado/2022.2/data/ip/xilinx/xdma_v4_1/interfaces/pcie_cfg_ext_msix.xml'
WARNING: [IP_Flow 19-4830] Duplicate Interface found for 'xilinx.com:display_xdma:pcie3_us_transceiver_debug:1.0'. The one found in location '/home/uni/project/smartssd/host_file_sum64/_x/link/vivado/vpl/.local/hw_platform/iprepo/ipdefs/other_ipdefs/xdma_v4_1/interfaces/pcie3_us_transceiver_debug.xml' will take precedence over the same Interface in location '/home/dess/workspace/Xilinx/Vivado/2022.2/data/ip/xilinx/qdma_v5_0/interfaces/pcie3_us_transceiver_debug.xml'
WARNING: [IP_Flow 19-4830] Duplicate Interface found for 'xilinx.com:display_xdma:xdma_debug_ports:1.0'. The one found in location '/home/uni/project/smartssd/host_file_sum64/_x/link/vivado/vpl/.local/hw_platform/iprepo/ipdefs/other_ipdefs/xdma_v4_1/interfaces/xdma_debug_ports.xml' will take precedence over the same Interface in location '/home/dess/workspace/Xilinx/Vivado/2022.2/data/ip/xilinx/qdma_v5_0/interfaces/xdma_debug_ports.xml'
WARNING: [IP_Flow 19-4830] Duplicate Interface found for 'xilinx.com:display_xdma:pcie4_us_plus_transceiver_debug:1.0'. The one found in location '/home/uni/project/smartssd/host_file_sum64/_x/link/vivado/vpl/.local/hw_platform/iprepo/ipdefs/other_ipdefs/xdma_v4_1/interfaces/pcie4_us_plus_transceiver_debug.xml' will take precedence over the same Interface in location '/home/dess/workspace/Xilinx/Vivado/2022.2/data/ip/xilinx/qdma_v5_0/interfaces/pcie4_us_plus_transceiver_debug.xml'
WARNING: [IP_Flow 19-4830] Duplicate Interface found for 'xilinx.com:display_xdma:pcie_debug:1.0'. The one found in location '/home/uni/project/smartssd/host_file_sum64/_x/link/vivado/vpl/.local/hw_platform/iprepo/ipdefs/other_ipdefs/xdma_v4_1/interfaces/pcie_debug.xml' will take precedence over the same Interface in location '/home/dess/workspace/Xilinx/Vivado/2022.2/data/ip/xilinx/qdma_v5_0/interfaces/pcie_debug.xml'
WARNING: [IP_Flow 19-4830] Duplicate Interface found for 'xilinx.com:display_xdma:xdma_status_ports:1.0'. The one found in location '/home/uni/project/smartssd/host_file_sum64/_x/link/vivado/vpl/.local/hw_platform/iprepo/ipdefs/other_ipdefs/xdma_v4_1/interfaces/xdma_status_ports.xml' will take precedence over the same Interface in location '/home/dess/workspace/Xilinx/Vivado/2022.2/data/ip/xilinx/qdma_v5_0/interfaces/xdma_status_ports.xml'
WARNING: [IP_Flow 19-4830] Duplicate Interface found for 'xilinx.com:display_xdma:ext_shared_logic:1.0'. The one found in location '/home/uni/project/smartssd/host_file_sum64/_x/link/vivado/vpl/.local/hw_platform/iprepo/ipdefs/other_ipdefs/xdma_v4_1/interfaces/pcie3_us_ext_shared_logic.xml' will take precedence over the same Interface in location '/home/dess/workspace/Xilinx/Vivado/2022.2/data/ip/xilinx/xdma_v4_1/interfaces/pcie3_us_ext_shared_logic.xml'
WARNING: [IP_Flow 19-4830] Duplicate Interface found for 'xilinx.com:display_qdma:usr_flr:1.0'. The one found in location '/home/uni/project/smartssd/host_file_sum64/_x/link/vivado/vpl/.local/hw_platform/iprepo/ipdefs/other_ipdefs/xdma_v4_1/interfaces/usr_flr.xml' will take precedence over the same Interface in location '/home/dess/workspace/Xilinx/Vivado/2022.2/data/ip/xilinx/xdma_v4_1/interfaces/usr_flr.xml'
WARNING: [IP_Flow 19-4830] Duplicate Interface found for 'xilinx.com:display_pcie4_uscaleplus:int_gtcom:1.0'. The one found in location '/home/uni/project/smartssd/host_file_sum64/_x/link/vivado/vpl/.local/hw_platform/iprepo/ipdefs/other_ipdefs/xdma_v4_1/interfaces/pcie4_usp_int_gtcom.xml' will take precedence over the same Interface in location '/home/dess/workspace/Xilinx/Vivado/2022.2/data/ip/xilinx/pcie4_uscale_plus_v1_3/interfaces/pcie4_usp_int_gtcom.xml'
WARNING: [IP_Flow 19-4830] Duplicate Interface found for 'xilinx.com:display_xdma:dsc_bypass:1.0'. The one found in location '/home/uni/project/smartssd/host_file_sum64/_x/link/vivado/vpl/.local/hw_platform/iprepo/ipdefs/other_ipdefs/xdma_v4_1/interfaces/dsc_bypass.xml' will take precedence over the same Interface in location '/home/dess/workspace/Xilinx/Vivado/2022.2/data/ip/xilinx/xdma_v4_1/interfaces/dsc_bypass.xml'
WARNING: [IP_Flow 19-4830] Duplicate Interface found for 'xilinx.com:display_pcie4_uscaleplus:transceiver_debug:1.0'. The one found in location '/home/uni/project/smartssd/host_file_sum64/_x/link/vivado/vpl/.local/hw_platform/iprepo/ipdefs/other_ipdefs/pcie4_uscale_plus_v1_3/interfaces/transceiver_debug.xml' will take precedence over the same Interface in location '/home/dess/workspace/Xilinx/Vivado/2022.2/data/ip/xilinx/pcie4_uscale_plus_v1_3/interfaces/transceiver_debug.xml'
WARNING: [IP_Flow 19-4830] Duplicate Interface found for 'xilinx.com:display_pcie4:pcie4_cfg_external_msix:1.0'. The one found in location '/home/uni/project/smartssd/host_file_sum64/_x/link/vivado/vpl/.local/hw_platform/iprepo/ipdefs/other_ipdefs/pcie4_uscale_plus_v1_3/interfaces/pcie4_cfg_ext_msix.xml' will take precedence over the same Interface in location '/home/dess/workspace/Xilinx/Vivado/2022.2/data/ip/xilinx/pcie4_uscale_plus_v1_3/interfaces/pcie4_cfg_ext_msix.xml'
WARNING: [IP_Flow 19-4830] Duplicate Interface found for 'xilinx.com:display_pcie4:pcie4_cfg_msix_internal:1.0'. The one found in location '/home/uni/project/smartssd/host_file_sum64/_x/link/vivado/vpl/.local/hw_platform/iprepo/ipdefs/other_ipdefs/pcie4_uscale_plus_v1_3/interfaces/pcie4_cfg_msix_int.xml' will take precedence over the same Interface in location '/home/dess/workspace/Xilinx/Vivado/2022.2/data/ip/xilinx/pcie4_uscale_plus_v1_3/interfaces/pcie4_cfg_msix_int.xml'
WARNING: [IP_Flow 19-4830] Duplicate Interface found for 'xilinx.com:display_pcie4:pcie4_rbar:1.0'. The one found in location '/home/uni/project/smartssd/host_file_sum64/_x/link/vivado/vpl/.local/hw_platform/iprepo/ipdefs/other_ipdefs/pcie4_uscale_plus_v1_3/interfaces/pcie4_rbar.xml' will take precedence over the same Interface in location '/home/dess/workspace/Xilinx/Vivado/2022.2/data/ip/xilinx/pcie4_uscale_plus_v1_3/interfaces/pcie4_rbar.xml'
WARNING: [IP_Flow 19-4830] Duplicate Interface found for 'xilinx.com:display_pcie4:pcie4_cfg_control:1.0'. The one found in location '/home/uni/project/smartssd/host_file_sum64/_x/link/vivado/vpl/.local/hw_platform/iprepo/ipdefs/other_ipdefs/pcie4_uscale_plus_v1_3/interfaces/pcie4_cfg_control.xml' will take precedence over the same Interface in location '/home/dess/workspace/Xilinx/Vivado/2022.2/data/ip/xilinx/pcie4_uscale_plus_v1_3/interfaces/pcie4_cfg_control.xml'
WARNING: [IP_Flow 19-4830] Duplicate Interface found for 'xilinx.com:display_pcie4:pcie4_cfg_mgmt:1.0'. The one found in location '/home/uni/project/smartssd/host_file_sum64/_x/link/vivado/vpl/.local/hw_platform/iprepo/ipdefs/other_ipdefs/pcie4_uscale_plus_v1_3/interfaces/pcie4_cfg_mgmt.xml' will take precedence over the same Interface in location '/home/dess/workspace/Xilinx/Vivado/2022.2/data/ip/xilinx/pcie4_uscale_plus_v1_3/interfaces/pcie4_cfg_mgmt.xml'
WARNING: [IP_Flow 19-4830] Duplicate Interface found for 'xilinx.com:display_pcie4:pcie4_pl:1.0'. The one found in location '/home/uni/project/smartssd/host_file_sum64/_x/link/vivado/vpl/.local/hw_platform/iprepo/ipdefs/other_ipdefs/pcie4_uscale_plus_v1_3/interfaces/pcie4_pl.xml' will take precedence over the same Interface in location '/home/dess/workspace/Xilinx/Vivado/2022.2/data/ip/xilinx/pcie4_uscale_plus_v1_3/interfaces/pcie4_pl.xml'
WARNING: [IP_Flow 19-4830] Duplicate Interface found for 'xilinx.com:display_pcie4:pcie4_cfg_status:1.0'. The one found in location '/home/uni/project/smartssd/host_file_sum64/_x/link/vivado/vpl/.local/hw_platform/iprepo/ipdefs/other_ipdefs/pcie4_uscale_plus_v1_3/interfaces/pcie4_cfg_status.xml' will take precedence over the same Interface in location '/home/dess/workspace/Xilinx/Vivado/2022.2/data/ip/xilinx/pcie4_uscale_plus_v1_3/interfaces/pcie4_cfg_status.xml'
WARNING: [IP_Flow 19-4830] Duplicate Interface found for 'xilinx.com:display_pcie4:pcie4_pcie_id:1.0'. The one found in location '/home/uni/project/smartssd/host_file_sum64/_x/link/vivado/vpl/.local/hw_platform/iprepo/ipdefs/other_ipdefs/pcie4_uscale_plus_v1_3/interfaces/pcie4_pcie_id.xml' will take precedence over the same Interface in location '/home/dess/workspace/Xilinx/Vivado/2022.2/data/ip/xilinx/pcie4_uscale_plus_v1_3/interfaces/pcie4_pcie_id.xml'
WARNING: [IP_Flow 19-4830] Duplicate Interface found for 'xilinx.com:display_pcie4:pcie4_cfg_msix_external:1.0'. The one found in location '/home/uni/project/smartssd/host_file_sum64/_x/link/vivado/vpl/.local/hw_platform/iprepo/ipdefs/other_ipdefs/pcie4_uscale_plus_v1_3/interfaces/pcie4_cfg_msix.xml' will take precedence over the same Interface in location '/home/dess/workspace/Xilinx/Vivado/2022.2/data/ip/xilinx/pcie4_uscale_plus_v1_3/interfaces/pcie4_cfg_msix.xml'
WARNING: [IP_Flow 19-4830] Duplicate Interface found for 'xilinx.com:display_pcie4:pcie4_cfg_pm:1.0'. The one found in location '/home/uni/project/smartssd/host_file_sum64/_x/link/vivado/vpl/.local/hw_platform/iprepo/ipdefs/other_ipdefs/pcie4_uscale_plus_v1_3/interfaces/pcie4_cfg_pm.xml' will take precedence over the same Interface in location '/home/dess/workspace/Xilinx/Vivado/2022.2/data/ip/xilinx/pcie4_uscale_plus_v1_3/interfaces/pcie4_cfg_pm.xml'
WARNING: [IP_Flow 19-4830] Duplicate Interface found for 'xilinx.com:display_pcie4:pcie4_drp:1.0'. The one found in location '/home/uni/project/smartssd/host_file_sum64/_x/link/vivado/vpl/.local/hw_platform/iprepo/ipdefs/other_ipdefs/pcie4_uscale_plus_v1_3/interfaces/pcie4_drp.xml' will take precedence over the same Interface in location '/home/dess/workspace/Xilinx/Vivado/2022.2/data/ip/xilinx/pcie4_uscale_plus_v1_3/interfaces/pcie4_drp.xml'
INFO: [IP_Flow 19-6924] IPCACHE: Running cache check for IP inst: ulp_ddrmem_1_0
Command: synth_design -top ulp_ddrmem_1_0 -part xcku15p-ffva1156-2LV-e -incremental_mode off -mode out_of_context
Starting synth_design
Attempting to get a license for feature 'Synthesis' and/or device 'xcku15p'
INFO: [Common 17-349] Got license for feature 'Synthesis' and/or device 'xcku15p'
INFO: [Device 21-403] Loading part xcku15p-ffva1156-2LV-e
INFO: [Synth 8-7079] Multithreading enabled for synth_design using a maximum of 1 processes.
INFO: [Synth 8-7078] Launching helper process for spawning children vivado processes
INFO: [Synth 8-7075] Helper process launched with PID 2248433
INFO: [Synth 8-11241] undeclared symbol 'REGCCE', assumed default net type 'wire' [/home/dess/workspace/Xilinx/Vivado/2022.2/data/verilog/src/unimacro/BRAM_SINGLE_MACRO.v:2170]
WARNING: [Synth 8-11014] non-net output port 'io_ready_lvl' cannot be initialized at declaration in SystemVerilog mode [/home/uni/project/smartssd/host_file_sum64/_x/link/vivado/vpl/prj/prj.gen/my_rm/bd/ulp/ip/ulp_ddrmem_1_0/rtl/cal/ddr4_v2_2_cal_addr_decode.sv:165]
WARNING: [Synth 8-11014] non-net output port 'ub_ready' cannot be initialized at declaration in SystemVerilog mode [/home/uni/project/smartssd/host_file_sum64/_x/link/vivado/vpl/prj/prj.gen/my_rm/bd/ulp/ip/ulp_ddrmem_1_0/rtl/cal/ddr4_v2_2_cal_addr_decode.sv:166]
WARNING: [Synth 8-11014] non-net output port 'cal_DMOut_n' cannot be initialized at declaration in SystemVerilog mode [/home/uni/project/smartssd/host_file_sum64/_x/link/vivado/vpl/prj/prj.gen/my_rm/bd/ulp/ip/ulp_ddrmem_1_0/rtl/cal/ddr4_v2_2_cal_addr_decode.sv:235]
WARNING: [Synth 8-11014] non-net output port 'casSlot' cannot be initialized at declaration in SystemVerilog mode [/home/uni/project/smartssd/host_file_sum64/_x/link/vivado/vpl/prj/prj.gen/my_rm/bd/ulp/ip/ulp_ddrmem_1_0/rtl/cal/ddr4_v2_2_cal_addr_decode.sv:267]
WARNING: [Synth 8-11014] non-net output port 'rdCAS' cannot be initialized at declaration in SystemVerilog mode [/home/uni/project/smartssd/host_file_sum64/_x/link/vivado/vpl/prj/prj.gen/my_rm/bd/ulp/ip/ulp_ddrmem_1_0/rtl/cal/ddr4_v2_2_cal_addr_decode.sv:269]
WARNING: [Synth 8-11014] non-net output port 'wrCAS' cannot be initialized at declaration in SystemVerilog mode [/home/uni/project/smartssd/host_file_sum64/_x/link/vivado/vpl/prj/prj.gen/my_rm/bd/ulp/ip/ulp_ddrmem_1_0/rtl/cal/ddr4_v2_2_cal_addr_decode.sv:272]
WARNING: [Synth 8-11014] non-net output port 'lowCL0' cannot be initialized at declaration in SystemVerilog mode [/home/uni/project/smartssd/host_file_sum64/_x/link/vivado/vpl/prj/prj.gen/my_rm/bd/ulp/ip/ulp_ddrmem_1_0/rtl/cal/ddr4_v2_2_cal_addr_decode.sv:276]
WARNING: [Synth 8-11014] non-net output port 'lowCL1' cannot be initialized at declaration in SystemVerilog mode [/home/uni/project/smartssd/host_file_sum64/_x/link/vivado/vpl/prj/prj.gen/my_rm/bd/ulp/ip/ulp_ddrmem_1_0/rtl/cal/ddr4_v2_2_cal_addr_decode.sv:277]
WARNING: [Synth 8-11014] non-net output port 'lowCL2' cannot be initialized at declaration in SystemVerilog mode [/home/uni/project/smartssd/host_file_sum64/_x/link/vivado/vpl/prj/prj.gen/my_rm/bd/ulp/ip/ulp_ddrmem_1_0/rtl/cal/ddr4_v2_2_cal_addr_decode.sv:278]
WARNING: [Synth 8-11014] non-net output port 'lowCL3' cannot be initialized at declaration in SystemVerilog mode [/home/uni/project/smartssd/host_file_sum64/_x/link/vivado/vpl/prj/prj.gen/my_rm/bd/ulp/ip/ulp_ddrmem_1_0/rtl/cal/ddr4_v2_2_cal_addr_decode.sv:279]
WARNING: [Synth 8-11014] non-net output port 'uppCL0' cannot be initialized at declaration in SystemVerilog mode [/home/uni/project/smartssd/host_file_sum64/_x/link/vivado/vpl/prj/prj.gen/my_rm/bd/ulp/ip/ulp_ddrmem_1_0/rtl/cal/ddr4_v2_2_cal_addr_decode.sv:280]
WARNING: [Synth 8-11014] non-net output port 'uppCL1' cannot be initialized at declaration in SystemVerilog mode [/home/uni/project/smartssd/host_file_sum64/_x/link/vivado/vpl/prj/prj.gen/my_rm/bd/ulp/ip/ulp_ddrmem_1_0/rtl/cal/ddr4_v2_2_cal_addr_decode.sv:281]
WARNING: [Synth 8-11014] non-net output port 'uppCL2' cannot be initialized at declaration in SystemVerilog mode [/home/uni/project/smartssd/host_file_sum64/_x/link/vivado/vpl/prj/prj.gen/my_rm/bd/ulp/ip/ulp_ddrmem_1_0/rtl/cal/ddr4_v2_2_cal_addr_decode.sv:282]
WARNING: [Synth 8-11014] non-net output port 'uppCL3' cannot be initialized at declaration in SystemVerilog mode [/home/uni/project/smartssd/host_file_sum64/_x/link/vivado/vpl/prj/prj.gen/my_rm/bd/ulp/ip/ulp_ddrmem_1_0/rtl/cal/ddr4_v2_2_cal_addr_decode.sv:283]
WARNING: [Synth 8-11014] non-net output port 'win_status' cannot be initialized at declaration in SystemVerilog mode [/home/uni/project/smartssd/host_file_sum64/_x/link/vivado/vpl/prj/prj.gen/my_rm/bd/ulp/ip/ulp_ddrmem_1_0/rtl/cal/ddr4_v2_2_cal_addr_decode.sv:320]
WARNING: [Synth 8-11014] non-net output port 'cal_RESET_n' cannot be initialized at declaration in SystemVerilog mode [/home/uni/project/smartssd/host_file_sum64/_x/link/vivado/vpl/prj/prj.gen/my_rm/bd/ulp/ip/ulp_ddrmem_1_0/rtl/cal/ddr4_v2_2_cal_top.sv:323]
WARNING: [Synth 8-11014] non-net output port 'io_addr_strobe_lvl_riuclk' cannot be initialized at declaration in SystemVerilog mode [/home/uni/project/smartssd/host_file_sum64/_x/link/vivado/vpl/prj/prj.gen/my_rm/bd/ulp/ip/ulp_ddrmem_1_0/rtl/cal/ulp_ddrmem_1_0_ddr4_cal_riu.sv:115]
WARNING: [Synth 8-11014] non-net output port 'io_write_strobe_riuclk' cannot be initialized at declaration in SystemVerilog mode [/home/uni/project/smartssd/host_file_sum64/_x/link/vivado/vpl/prj/prj.gen/my_rm/bd/ulp/ip/ulp_ddrmem_1_0/rtl/cal/ulp_ddrmem_1_0_ddr4_cal_riu.sv:118]
---------------------------------------------------------------------------------
Starting RTL Elaboration : Time (s): cpu = 00:00:09 ; elapsed = 00:00:10 . Memory (MB): peak = 3328.754 ; gain = 277.828 ; free physical = 99266 ; free virtual = 225214
Synthesis current peak Physical Memory [PSS] (MB): peak = 2557.770; parent = 2424.606; children = 133.163
Synthesis current peak Virtual Memory [VSS] (MB): peak = 4347.547; parent = 3347.602; children = 999.945
---------------------------------------------------------------------------------
INFO: [Synth 8-6157] synthesizing module 'ulp_ddrmem_1_0' [/home/uni/project/smartssd/host_file_sum64/_x/link/vivado/vpl/prj/prj.gen/my_rm/bd/ulp/ip/ulp_ddrmem_1_0/rtl/ip_top/ulp_ddrmem_1_0.sv:71]
INFO: [Synth 8-6157] synthesizing module 'ulp_ddrmem_1_0_ddr4' [/home/uni/project/smartssd/host_file_sum64/_x/link/vivado/vpl/prj/prj.gen/my_rm/bd/ulp/ip/ulp_ddrmem_1_0/rtl/ip_top/ulp_ddrmem_1_0_ddr4.sv:96]
INFO: [Synth 8-6157] synthesizing module 'ddr4_v2_2_18_infrastructure' [/home/uni/project/smartssd/host_file_sum64/_x/link/vivado/vpl/prj/prj.gen/my_rm/bd/ulp/ip/ulp_ddrmem_1_0/rtl/clocking/ddr4_v2_2_infrastructure.sv:68]
INFO: [Synth 8-6157] synthesizing module 'MMCME4_ADV' [/home/dess/workspace/Xilinx/Vivado/2022.2/scripts/rt/data/unisim_comp.v:80245]
INFO: [Synth 8-6155] done synthesizing module 'MMCME4_ADV' (0#1) [/home/dess/workspace/Xilinx/Vivado/2022.2/scripts/rt/data/unisim_comp.v:80245]
INFO: [Synth 8-6157] synthesizing module 'BUFG' [/home/dess/workspace/Xilinx/Vivado/2022.2/scripts/rt/data/unisim_comp.v:1082]
INFO: [Synth 8-6155] done synthesizing module 'BUFG' (0#1) [/home/dess/workspace/Xilinx/Vivado/2022.2/scripts/rt/data/unisim_comp.v:1082]
INFO: [Synth 8-6155] done synthesizing module 'ddr4_v2_2_18_infrastructure' (0#1) [/home/uni/project/smartssd/host_file_sum64/_x/link/vivado/vpl/prj/prj.gen/my_rm/bd/ulp/ip/ulp_ddrmem_1_0/rtl/clocking/ddr4_v2_2_infrastructure.sv:68]
INFO: [Synth 8-6157] synthesizing module 'ulp_ddrmem_1_0_ddr4_mem_intfc' [/home/uni/project/smartssd/host_file_sum64/_x/link/vivado/vpl/prj/prj.gen/my_rm/bd/ulp/ip/ulp_ddrmem_1_0/rtl/ip_top/ulp_ddrmem_1_0_ddr4_mem_intfc.sv:70]
INFO: [Synth 8-6157] synthesizing module 'ulp_ddrmem_1_0_phy' [/home/uni/project/smartssd/host_file_sum64/_x/link/vivado/vpl/prj/prj.gen/my_rm/bd/ulp/ip/ulp_ddrmem_1_0/ip_1/rtl/ip_top/ulp_ddrmem_1_0_phy.sv:76]
INFO: [Synth 8-6157] synthesizing module 'ulp_ddrmem_1_0_phy_ddr4' [/home/uni/project/smartssd/host_file_sum64/_x/link/vivado/vpl/prj/prj.gen/my_rm/bd/ulp/ip/ulp_ddrmem_1_0/ip_1/rtl/phy/ulp_ddrmem_1_0_phy_ddr4.sv:90]
INFO: [Synth 8-6157] synthesizing module 'ddr4_phy_v2_2_0_xiphy' [/home/uni/project/smartssd/host_file_sum64/_x/link/vivado/vpl/prj/prj.gen/my_rm/bd/ulp/ip/ulp_ddrmem_1_0/ip_1/rtl/phy/ddr4_phy_v2_2_xiphy.sv:68]
INFO: [Synth 8-6157] synthesizing module 'ddr4_phy_v2_2_0_xiphy_byte_wrapper' [/home/uni/project/smartssd/host_file_sum64/_x/link/vivado/vpl/prj/prj.gen/my_rm/bd/ulp/ip/ulp_ddrmem_1_0/ip_1/rtl/xiphy_files/ddr4_phy_v2_2_xiphy_byte_wrapper.sv:69]
INFO: [Synth 8-6157] synthesizing module 'ddr4_phy_v2_2_0_xiphy_bitslice_wrapper' [/home/uni/project/smartssd/host_file_sum64/_x/link/vivado/vpl/prj/prj.gen/my_rm/bd/ulp/ip/ulp_ddrmem_1_0/ip_1/rtl/xiphy_files/ddr4_phy_v2_2_xiphy_bitslice_wrapper.sv:69]
INFO: [Synth 8-6157] synthesizing module 'RXTX_BITSLICE' [/home/dess/workspace/Xilinx/Vivado/2022.2/scripts/rt/data/unisim_comp.v:131894]
INFO: [Synth 8-6155] done synthesizing module 'RXTX_BITSLICE' (0#1) [/home/dess/workspace/Xilinx/Vivado/2022.2/scripts/rt/data/unisim_comp.v:131894]
INFO: [Synth 8-6155] done synthesizing module 'ddr4_phy_v2_2_0_xiphy_bitslice_wrapper' (0#1) [/home/uni/project/smartssd/host_file_sum64/_x/link/vivado/vpl/prj/prj.gen/my_rm/bd/ulp/ip/ulp_ddrmem_1_0/ip_1/rtl/xiphy_files/ddr4_phy_v2_2_xiphy_bitslice_wrapper.sv:69]
INFO: [Synth 8-6157] synthesizing module 'ddr4_phy_v2_2_0_xiphy_bitslice_wrapper__parameterized0' [/home/uni/project/smartssd/host_file_sum64/_x/link/vivado/vpl/prj/prj.gen/my_rm/bd/ulp/ip/ulp_ddrmem_1_0/ip_1/rtl/xiphy_files/ddr4_phy_v2_2_xiphy_bitslice_wrapper.sv:69]
INFO: [Synth 8-6157] synthesizing module 'RXTX_BITSLICE__parameterized0' [/home/dess/workspace/Xilinx/Vivado/2022.2/scripts/rt/data/unisim_comp.v:131894]
INFO: [Synth 8-6155] done synthesizing module 'RXTX_BITSLICE__parameterized0' (0#1) [/home/dess/workspace/Xilinx/Vivado/2022.2/scripts/rt/data/unisim_comp.v:131894]
INFO: [Synth 8-6155] done synthesizing module 'ddr4_phy_v2_2_0_xiphy_bitslice_wrapper__parameterized0' (0#1) [/home/uni/project/smartssd/host_file_sum64/_x/link/vivado/vpl/prj/prj.gen/my_rm/bd/ulp/ip/ulp_ddrmem_1_0/ip_1/rtl/xiphy_files/ddr4_phy_v2_2_xiphy_bitslice_wrapper.sv:69]
INFO: [Synth 8-6157] synthesizing module 'ddr4_phy_v2_2_0_xiphy_bitslice_wrapper__parameterized1' [/home/uni/project/smartssd/host_file_sum64/_x/link/vivado/vpl/prj/prj.gen/my_rm/bd/ulp/ip/ulp_ddrmem_1_0/ip_1/rtl/xiphy_files/ddr4_phy_v2_2_xiphy_bitslice_wrapper.sv:69]
INFO: [Synth 8-6157] synthesizing module 'RXTX_BITSLICE__parameterized1' [/home/dess/workspace/Xilinx/Vivado/2022.2/scripts/rt/data/unisim_comp.v:131894]
INFO: [Synth 8-6155] done synthesizing module 'RXTX_BITSLICE__parameterized1' (0#1) [/home/dess/workspace/Xilinx/Vivado/2022.2/scripts/rt/data/unisim_comp.v:131894]
INFO: [Synth 8-6155] done synthesizing module 'ddr4_phy_v2_2_0_xiphy_bitslice_wrapper__parameterized1' (0#1) [/home/uni/project/smartssd/host_file_sum64/_x/link/vivado/vpl/prj/prj.gen/my_rm/bd/ulp/ip/ulp_ddrmem_1_0/ip_1/rtl/xiphy_files/ddr4_phy_v2_2_xiphy_bitslice_wrapper.sv:69]
INFO: [Synth 8-6157] synthesizing module 'ddr4_phy_v2_2_0_xiphy_tristate_wrapper' [/home/uni/project/smartssd/host_file_sum64/_x/link/vivado/vpl/prj/prj.gen/my_rm/bd/ulp/ip/ulp_ddrmem_1_0/ip_1/rtl/xiphy_files/ddr4_phy_v2_2_xiphy_tristate_wrapper.sv:69]
INFO: [Synth 8-6157] synthesizing module 'TX_BITSLICE_TRI' [/home/dess/workspace/Xilinx/Vivado/2022.2/scripts/rt/data/unisim_comp.v:133159]
INFO: [Synth 8-6155] done synthesizing module 'TX_BITSLICE_TRI' (0#1) [/home/dess/workspace/Xilinx/Vivado/2022.2/scripts/rt/data/unisim_comp.v:133159]
INFO: [Synth 8-6155] done synthesizing module 'ddr4_phy_v2_2_0_xiphy_tristate_wrapper' (0#1) [/home/uni/project/smartssd/host_file_sum64/_x/link/vivado/vpl/prj/prj.gen/my_rm/bd/ulp/ip/ulp_ddrmem_1_0/ip_1/rtl/xiphy_files/ddr4_phy_v2_2_xiphy_tristate_wrapper.sv:69]
INFO: [Synth 8-6157] synthesizing module 'ddr4_phy_v2_2_0_xiphy_control_wrapper' [/home/uni/project/smartssd/host_file_sum64/_x/link/vivado/vpl/prj/prj.gen/my_rm/bd/ulp/ip/ulp_ddrmem_1_0/ip_1/rtl/xiphy_files/ddr4_phy_v2_2_xiphy_control_wrapper.sv:69]
INFO: [Synth 8-6157] synthesizing module 'BITSLICE_CONTROL' [/home/dess/workspace/Xilinx/Vivado/2022.2/scripts/rt/data/unisim_comp.v:739]
INFO: [Synth 8-6155] done synthesizing module 'BITSLICE_CONTROL' (0#1) [/home/dess/workspace/Xilinx/Vivado/2022.2/scripts/rt/data/unisim_comp.v:739]
INFO: [Synth 8-6155] done synthesizing module 'ddr4_phy_v2_2_0_xiphy_control_wrapper' (0#1) [/home/uni/project/smartssd/host_file_sum64/_x/link/vivado/vpl/prj/prj.gen/my_rm/bd/ulp/ip/ulp_ddrmem_1_0/ip_1/rtl/xiphy_files/ddr4_phy_v2_2_xiphy_control_wrapper.sv:69]
INFO: [Synth 8-6157] synthesizing module 'ddr4_phy_v2_2_0_xiphy_control_wrapper__parameterized0' [/home/uni/project/smartssd/host_file_sum64/_x/link/vivado/vpl/prj/prj.gen/my_rm/bd/ulp/ip/ulp_ddrmem_1_0/ip_1/rtl/xiphy_files/ddr4_phy_v2_2_xiphy_control_wrapper.sv:69]
INFO: [Synth 8-6157] synthesizing module 'BITSLICE_CONTROL__parameterized0' [/home/dess/workspace/Xilinx/Vivado/2022.2/scripts/rt/data/unisim_comp.v:739]
INFO: [Synth 8-6155] done synthesizing module 'BITSLICE_CONTROL__parameterized0' (0#1) [/home/dess/workspace/Xilinx/Vivado/2022.2/scripts/rt/data/unisim_comp.v:739]
INFO: [Synth 8-6155] done synthesizing module 'ddr4_phy_v2_2_0_xiphy_control_wrapper__parameterized0' (0#1) [/home/uni/project/smartssd/host_file_sum64/_x/link/vivado/vpl/prj/prj.gen/my_rm/bd/ulp/ip/ulp_ddrmem_1_0/ip_1/rtl/xiphy_files/ddr4_phy_v2_2_xiphy_control_wrapper.sv:69]
INFO: [Synth 8-6157] synthesizing module 'ddr4_phy_v2_2_0_xiphy_riuor_wrapper' [/home/uni/project/smartssd/host_file_sum64/_x/link/vivado/vpl/prj/prj.gen/my_rm/bd/ulp/ip/ulp_ddrmem_1_0/ip_1/rtl/xiphy_files/ddr4_phy_v2_2_xiphy_riuor_wrapper.sv:69]
INFO: [Synth 8-6157] synthesizing module 'RIU_OR' [/home/dess/workspace/Xilinx/Vivado/2022.2/scripts/rt/data/unisim_comp.v:131794]
INFO: [Synth 8-6155] done synthesizing module 'RIU_OR' (0#1) [/home/dess/workspace/Xilinx/Vivado/2022.2/scripts/rt/data/unisim_comp.v:131794]
INFO: [Synth 8-6155] done synthesizing module 'ddr4_phy_v2_2_0_xiphy_riuor_wrapper' (0#1) [/home/uni/project/smartssd/host_file_sum64/_x/link/vivado/vpl/prj/prj.gen/my_rm/bd/ulp/ip/ulp_ddrmem_1_0/ip_1/rtl/xiphy_files/ddr4_phy_v2_2_xiphy_riuor_wrapper.sv:69]
INFO: [Synth 8-6157] synthesizing module 'LUT1' [/home/dess/workspace/Xilinx/Vivado/2022.2/scripts/rt/data/unisim_comp.v:78971]
INFO: [Synth 8-6155] done synthesizing module 'LUT1' (0#1) [/home/dess/workspace/Xilinx/Vivado/2022.2/scripts/rt/data/unisim_comp.v:78971]
INFO: [Synth 8-6155] done synthesizing module 'ddr4_phy_v2_2_0_xiphy_byte_wrapper' (0#1) [/home/uni/project/smartssd/host_file_sum64/_x/link/vivado/vpl/prj/prj.gen/my_rm/bd/ulp/ip/ulp_ddrmem_1_0/ip_1/rtl/xiphy_files/ddr4_phy_v2_2_xiphy_byte_wrapper.sv:69]
INFO: [Synth 8-6157] synthesizing module 'ddr4_phy_v2_2_0_xiphy_byte_wrapper__parameterized0' [/home/uni/project/smartssd/host_file_sum64/_x/link/vivado/vpl/prj/prj.gen/my_rm/bd/ulp/ip/ulp_ddrmem_1_0/ip_1/rtl/xiphy_files/ddr4_phy_v2_2_xiphy_byte_wrapper.sv:69]
INFO: [Synth 8-6157] synthesizing module 'ddr4_phy_v2_2_0_xiphy_control_wrapper__parameterized1' [/home/uni/project/smartssd/host_file_sum64/_x/link/vivado/vpl/prj/prj.gen/my_rm/bd/ulp/ip/ulp_ddrmem_1_0/ip_1/rtl/xiphy_files/ddr4_phy_v2_2_xiphy_control_wrapper.sv:69]
INFO: [Synth 8-6157] synthesizing module 'BITSLICE_CONTROL__parameterized1' [/home/dess/workspace/Xilinx/Vivado/2022.2/scripts/rt/data/unisim_comp.v:739]
INFO: [Synth 8-6155] done synthesizing module 'BITSLICE_CONTROL__parameterized1' (0#1) [/home/dess/workspace/Xilinx/Vivado/2022.2/scripts/rt/data/unisim_comp.v:739]
INFO: [Synth 8-6155] done synthesizing module 'ddr4_phy_v2_2_0_xiphy_control_wrapper__parameterized1' (0#1) [/home/uni/project/smartssd/host_file_sum64/_x/link/vivado/vpl/prj/prj.gen/my_rm/bd/ulp/ip/ulp_ddrmem_1_0/ip_1/rtl/xiphy_files/ddr4_phy_v2_2_xiphy_control_wrapper.sv:69]
INFO: [Synth 8-6155] done synthesizing module 'ddr4_phy_v2_2_0_xiphy_byte_wrapper__parameterized0' (0#1) [/home/uni/project/smartssd/host_file_sum64/_x/link/vivado/vpl/prj/prj.gen/my_rm/bd/ulp/ip/ulp_ddrmem_1_0/ip_1/rtl/xiphy_files/ddr4_phy_v2_2_xiphy_byte_wrapper.sv:69]
INFO: [Synth 8-6157] synthesizing module 'ddr4_phy_v2_2_0_xiphy_byte_wrapper__parameterized1' [/home/uni/project/smartssd/host_file_sum64/_x/link/vivado/vpl/prj/prj.gen/my_rm/bd/ulp/ip/ulp_ddrmem_1_0/ip_1/rtl/xiphy_files/ddr4_phy_v2_2_xiphy_byte_wrapper.sv:69]
INFO: [Synth 8-6155] done synthesizing module 'ddr4_phy_v2_2_0_xiphy_byte_wrapper__parameterized1' (0#1) [/home/uni/project/smartssd/host_file_sum64/_x/link/vivado/vpl/prj/prj.gen/my_rm/bd/ulp/ip/ulp_ddrmem_1_0/ip_1/rtl/xiphy_files/ddr4_phy_v2_2_xiphy_byte_wrapper.sv:69]
INFO: [Synth 8-6157] synthesizing module 'ddr4_phy_v2_2_0_xiphy_byte_wrapper__parameterized2' [/home/uni/project/smartssd/host_file_sum64/_x/link/vivado/vpl/prj/prj.gen/my_rm/bd/ulp/ip/ulp_ddrmem_1_0/ip_1/rtl/xiphy_files/ddr4_phy_v2_2_xiphy_byte_wrapper.sv:69]
INFO: [Synth 8-6155] done synthesizing module 'ddr4_phy_v2_2_0_xiphy_byte_wrapper__parameterized2' (0#1) [/home/uni/project/smartssd/host_file_sum64/_x/link/vivado/vpl/prj/prj.gen/my_rm/bd/ulp/ip/ulp_ddrmem_1_0/ip_1/rtl/xiphy_files/ddr4_phy_v2_2_xiphy_byte_wrapper.sv:69]
INFO: [Synth 8-6155] done synthesizing module 'ddr4_phy_v2_2_0_xiphy' (0#1) [/home/uni/project/smartssd/host_file_sum64/_x/link/vivado/vpl/prj/prj.gen/my_rm/bd/ulp/ip/ulp_ddrmem_1_0/ip_1/rtl/phy/ddr4_phy_v2_2_xiphy.sv:68]
INFO: [Synth 8-6157] synthesizing module 'OBUF' [/home/dess/workspace/Xilinx/Vivado/2022.2/scripts/rt/data/unisim_comp.v:90662]
INFO: [Synth 8-6155] done synthesizing module 'OBUF' (0#1) [/home/dess/workspace/Xilinx/Vivado/2022.2/scripts/rt/data/unisim_comp.v:90662]
INFO: [Synth 8-6157] synthesizing module 'ddr4_phy_v2_2_0_pll' [/home/uni/project/smartssd/host_file_sum64/_x/link/vivado/vpl/prj/prj.gen/my_rm/bd/ulp/ip/ulp_ddrmem_1_0/ip_1/rtl/clocking/ddr4_phy_v2_2_pll.sv:67]
INFO: [Synth 8-6157] synthesizing module 'PLLE4_ADV' [/home/dess/workspace/Xilinx/Vivado/2022.2/scripts/rt/data/unisim_comp.v:109159]
INFO: [Synth 8-6155] done synthesizing module 'PLLE4_ADV' (0#1) [/home/dess/workspace/Xilinx/Vivado/2022.2/scripts/rt/data/unisim_comp.v:109159]
INFO: [Synth 8-6155] done synthesizing module 'ddr4_phy_v2_2_0_pll' (0#1) [/home/uni/project/smartssd/host_file_sum64/_x/link/vivado/vpl/prj/prj.gen/my_rm/bd/ulp/ip/ulp_ddrmem_1_0/ip_1/rtl/clocking/ddr4_phy_v2_2_pll.sv:67]
INFO: [Synth 8-6157] synthesizing module 'ddr4_phy_v2_2_0_iob' [/home/uni/project/smartssd/host_file_sum64/_x/link/vivado/vpl/prj/prj.gen/my_rm/bd/ulp/ip/ulp_ddrmem_1_0/ip_1/rtl/iob/ddr4_phy_v2_2_iob.sv:72]
INFO: [Synth 8-6157] synthesizing module 'ddr4_phy_v2_2_0_iob_byte' [/home/uni/project/smartssd/host_file_sum64/_x/link/vivado/vpl/prj/prj.gen/my_rm/bd/ulp/ip/ulp_ddrmem_1_0/ip_1/rtl/iob/ddr4_phy_v2_2_iob_byte.sv:93]
INFO: [Synth 8-6157] synthesizing module 'HPIO_VREF' [/home/dess/workspace/Xilinx/Vivado/2022.2/scripts/rt/data/unisim_comp.v:70976]
INFO: [Synth 8-6155] done synthesizing module 'HPIO_VREF' (0#1) [/home/dess/workspace/Xilinx/Vivado/2022.2/scripts/rt/data/unisim_comp.v:70976]
INFO: [Synth 8-6157] synthesizing module 'IOBUFE3' [/home/dess/workspace/Xilinx/Vivado/2022.2/scripts/rt/data/unisim_comp.v:76269]
INFO: [Synth 8-6155] done synthesizing module 'IOBUFE3' (0#1) [/home/dess/workspace/Xilinx/Vivado/2022.2/scripts/rt/data/unisim_comp.v:76269]
INFO: [Synth 8-6157] synthesizing module 'IOBUFDS' [/home/dess/workspace/Xilinx/Vivado/2022.2/scripts/rt/data/unisim_comp.v:75919]
INFO: [Synth 8-6155] done synthesizing module 'IOBUFDS' (0#1) [/home/dess/workspace/Xilinx/Vivado/2022.2/scripts/rt/data/unisim_comp.v:75919]
INFO: [Synth 8-6155] done synthesizing module 'ddr4_phy_v2_2_0_iob_byte' (0#1) [/home/uni/project/smartssd/host_file_sum64/_x/link/vivado/vpl/prj/prj.gen/my_rm/bd/ulp/ip/ulp_ddrmem_1_0/ip_1/rtl/iob/ddr4_phy_v2_2_iob_byte.sv:93]
INFO: [Synth 8-6157] synthesizing module 'ddr4_phy_v2_2_0_iob_byte__parameterized0' [/home/uni/project/smartssd/host_file_sum64/_x/link/vivado/vpl/prj/prj.gen/my_rm/bd/ulp/ip/ulp_ddrmem_1_0/ip_1/rtl/iob/ddr4_phy_v2_2_iob_byte.sv:93]
INFO: [Synth 8-6157] synthesizing module 'OBUFDS' [/home/dess/workspace/Xilinx/Vivado/2022.2/scripts/rt/data/unisim_comp.v:90676]
INFO: [Synth 8-6155] done synthesizing module 'OBUFDS' (0#1) [/home/dess/workspace/Xilinx/Vivado/2022.2/scripts/rt/data/unisim_comp.v:90676]
INFO: [Synth 8-6155] done synthesizing module 'ddr4_phy_v2_2_0_iob_byte__parameterized0' (0#1) [/home/uni/project/smartssd/host_file_sum64/_x/link/vivado/vpl/prj/prj.gen/my_rm/bd/ulp/ip/ulp_ddrmem_1_0/ip_1/rtl/iob/ddr4_phy_v2_2_iob_byte.sv:93]
INFO: [Synth 8-6157] synthesizing module 'ddr4_phy_v2_2_0_iob_byte__parameterized1' [/home/uni/project/smartssd/host_file_sum64/_x/link/vivado/vpl/prj/prj.gen/my_rm/bd/ulp/ip/ulp_ddrmem_1_0/ip_1/rtl/iob/ddr4_phy_v2_2_iob_byte.sv:93]
INFO: [Synth 8-6155] done synthesizing module 'ddr4_phy_v2_2_0_iob_byte__parameterized1' (0#1) [/home/uni/project/smartssd/host_file_sum64/_x/link/vivado/vpl/prj/prj.gen/my_rm/bd/ulp/ip/ulp_ddrmem_1_0/ip_1/rtl/iob/ddr4_phy_v2_2_iob_byte.sv:93]
INFO: [Synth 8-6157] synthesizing module 'ddr4_phy_v2_2_0_iob_byte__parameterized2' [/home/uni/project/smartssd/host_file_sum64/_x/link/vivado/vpl/prj/prj.gen/my_rm/bd/ulp/ip/ulp_ddrmem_1_0/ip_1/rtl/iob/ddr4_phy_v2_2_iob_byte.sv:93]
INFO: [Synth 8-6155] done synthesizing module 'ddr4_phy_v2_2_0_iob_byte__parameterized2' (0#1) [/home/uni/project/smartssd/host_file_sum64/_x/link/vivado/vpl/prj/prj.gen/my_rm/bd/ulp/ip/ulp_ddrmem_1_0/ip_1/rtl/iob/ddr4_phy_v2_2_iob_byte.sv:93]
INFO: [Synth 8-6155] done synthesizing module 'ddr4_phy_v2_2_0_iob' (0#1) [/home/uni/project/smartssd/host_file_sum64/_x/link/vivado/vpl/prj/prj.gen/my_rm/bd/ulp/ip/ulp_ddrmem_1_0/ip_1/rtl/iob/ddr4_phy_v2_2_iob.sv:72]
INFO: [Synth 8-6155] done synthesizing module 'ulp_ddrmem_1_0_phy_ddr4' (0#1) [/home/uni/project/smartssd/host_file_sum64/_x/link/vivado/vpl/prj/prj.gen/my_rm/bd/ulp/ip/ulp_ddrmem_1_0/ip_1/rtl/phy/ulp_ddrmem_1_0_phy_ddr4.sv:90]
INFO: [Synth 8-6155] done synthesizing module 'ulp_ddrmem_1_0_phy' (0#1) [/home/uni/project/smartssd/host_file_sum64/_x/link/vivado/vpl/prj/prj.gen/my_rm/bd/ulp/ip/ulp_ddrmem_1_0/ip_1/rtl/ip_top/ulp_ddrmem_1_0_phy.sv:76]
INFO: [Synth 8-6157] synthesizing module 'ddr4_v2_2_18_mc' [/home/uni/project/smartssd/host_file_sum64/_x/link/vivado/vpl/prj/prj.gen/my_rm/bd/ulp/ip/ulp_ddrmem_1_0/rtl/controller/ddr4_v2_2_mc.sv:68]
INFO: [Synth 8-6157] synthesizing module 'ddr4_v2_2_18_mc_group' [/home/uni/project/smartssd/host_file_sum64/_x/link/vivado/vpl/prj/prj.gen/my_rm/bd/ulp/ip/ulp_ddrmem_1_0/rtl/controller/ddr4_v2_2_mc_group.sv:68]
INFO: [Synth 8-6155] done synthesizing module 'ddr4_v2_2_18_mc_group' (0#1) [/home/uni/project/smartssd/host_file_sum64/_x/link/vivado/vpl/prj/prj.gen/my_rm/bd/ulp/ip/ulp_ddrmem_1_0/rtl/controller/ddr4_v2_2_mc_group.sv:68]
INFO: [Synth 8-6157] synthesizing module 'ddr4_v2_2_18_mc_act_timer' [/home/uni/project/smartssd/host_file_sum64/_x/link/vivado/vpl/prj/prj.gen/my_rm/bd/ulp/ip/ulp_ddrmem_1_0/rtl/controller/ddr4_v2_2_mc_act_timer.sv:68]
INFO: [Synth 8-6157] synthesizing module 'ddr4_v2_2_18_mc_act_rank' [/home/uni/project/smartssd/host_file_sum64/_x/link/vivado/vpl/prj/prj.gen/my_rm/bd/ulp/ip/ulp_ddrmem_1_0/rtl/controller/ddr4_v2_2_mc_act_rank.sv:68]
INFO: [Synth 8-6155] done synthesizing module 'ddr4_v2_2_18_mc_act_rank' (0#1) [/home/uni/project/smartssd/host_file_sum64/_x/link/vivado/vpl/prj/prj.gen/my_rm/bd/ulp/ip/ulp_ddrmem_1_0/rtl/controller/ddr4_v2_2_mc_act_rank.sv:68]
INFO: [Synth 8-6155] done synthesizing module 'ddr4_v2_2_18_mc_act_timer' (0#1) [/home/uni/project/smartssd/host_file_sum64/_x/link/vivado/vpl/prj/prj.gen/my_rm/bd/ulp/ip/ulp_ddrmem_1_0/rtl/controller/ddr4_v2_2_mc_act_timer.sv:68]
INFO: [Synth 8-6157] synthesizing module 'ddr4_v2_2_18_mc_arb_a' [/home/uni/project/smartssd/host_file_sum64/_x/link/vivado/vpl/prj/prj.gen/my_rm/bd/ulp/ip/ulp_ddrmem_1_0/rtl/controller/ddr4_v2_2_mc_arb_a.sv:68]
INFO: [Synth 8-6155] done synthesizing module 'ddr4_v2_2_18_mc_arb_a' (0#1) [/home/uni/project/smartssd/host_file_sum64/_x/link/vivado/vpl/prj/prj.gen/my_rm/bd/ulp/ip/ulp_ddrmem_1_0/rtl/controller/ddr4_v2_2_mc_arb_a.sv:68]
INFO: [Synth 8-6157] synthesizing module 'ddr4_v2_2_18_mc_rd_wr' [/home/uni/project/smartssd/host_file_sum64/_x/link/vivado/vpl/prj/prj.gen/my_rm/bd/ulp/ip/ulp_ddrmem_1_0/rtl/controller/ddr4_v2_2_mc_rd_wr.sv:68]
INFO: [Synth 8-6157] synthesizing module 'ddr4_v2_2_18_mc_wtr' [/home/uni/project/smartssd/host_file_sum64/_x/link/vivado/vpl/prj/prj.gen/my_rm/bd/ulp/ip/ulp_ddrmem_1_0/rtl/controller/ddr4_v2_2_mc_wtr.sv:68]
INFO: [Synth 8-6155] done synthesizing module 'ddr4_v2_2_18_mc_wtr' (0#1) [/home/uni/project/smartssd/host_file_sum64/_x/link/vivado/vpl/prj/prj.gen/my_rm/bd/ulp/ip/ulp_ddrmem_1_0/rtl/controller/ddr4_v2_2_mc_wtr.sv:68]
INFO: [Synth 8-6155] done synthesizing module 'ddr4_v2_2_18_mc_rd_wr' (0#1) [/home/uni/project/smartssd/host_file_sum64/_x/link/vivado/vpl/prj/prj.gen/my_rm/bd/ulp/ip/ulp_ddrmem_1_0/rtl/controller/ddr4_v2_2_mc_rd_wr.sv:68]
INFO: [Synth 8-6157] synthesizing module 'ddr4_v2_2_18_mc_arb_c' [/home/uni/project/smartssd/host_file_sum64/_x/link/vivado/vpl/prj/prj.gen/my_rm/bd/ulp/ip/ulp_ddrmem_1_0/rtl/controller/ddr4_v2_2_mc_arb_c.sv:68]
INFO: [Synth 8-6155] done synthesizing module 'ddr4_v2_2_18_mc_arb_c' (0#1) [/home/uni/project/smartssd/host_file_sum64/_x/link/vivado/vpl/prj/prj.gen/my_rm/bd/ulp/ip/ulp_ddrmem_1_0/rtl/controller/ddr4_v2_2_mc_arb_c.sv:68]
INFO: [Synth 8-6157] synthesizing module 'ddr4_v2_2_18_mc_arb_mux_p' [/home/uni/project/smartssd/host_file_sum64/_x/link/vivado/vpl/prj/prj.gen/my_rm/bd/ulp/ip/ulp_ddrmem_1_0/rtl/controller/ddr4_v2_2_mc_arb_mux_p.sv:68]
INFO: [Synth 8-6157] synthesizing module 'ddr4_v2_2_18_mc_arb_p' [/home/uni/project/smartssd/host_file_sum64/_x/link/vivado/vpl/prj/prj.gen/my_rm/bd/ulp/ip/ulp_ddrmem_1_0/rtl/controller/ddr4_v2_2_mc_arb_p.sv:68]
INFO: [Synth 8-6155] done synthesizing module 'ddr4_v2_2_18_mc_arb_p' (0#1) [/home/uni/project/smartssd/host_file_sum64/_x/link/vivado/vpl/prj/prj.gen/my_rm/bd/ulp/ip/ulp_ddrmem_1_0/rtl/controller/ddr4_v2_2_mc_arb_p.sv:68]
INFO: [Synth 8-6157] synthesizing module 'ddr4_v2_2_18_mc_cmd_mux_ap' [/home/uni/project/smartssd/host_file_sum64/_x/link/vivado/vpl/prj/prj.gen/my_rm/bd/ulp/ip/ulp_ddrmem_1_0/rtl/controller/ddr4_v2_2_mc_cmd_mux_ap.sv:68]
INFO: [Synth 8-6155] done synthesizing module 'ddr4_v2_2_18_mc_cmd_mux_ap' (0#1) [/home/uni/project/smartssd/host_file_sum64/_x/link/vivado/vpl/prj/prj.gen/my_rm/bd/ulp/ip/ulp_ddrmem_1_0/rtl/controller/ddr4_v2_2_mc_cmd_mux_ap.sv:68]
INFO: [Synth 8-6155] done synthesizing module 'ddr4_v2_2_18_mc_arb_mux_p' (0#1) [/home/uni/project/smartssd/host_file_sum64/_x/link/vivado/vpl/prj/prj.gen/my_rm/bd/ulp/ip/ulp_ddrmem_1_0/rtl/controller/ddr4_v2_2_mc_arb_mux_p.sv:68]
INFO: [Synth 8-6157] synthesizing module 'ddr4_v2_2_18_mc_ctl' [/home/uni/project/smartssd/host_file_sum64/_x/link/vivado/vpl/prj/prj.gen/my_rm/bd/ulp/ip/ulp_ddrmem_1_0/rtl/controller/ddr4_v2_2_mc_ctl.sv:68]
INFO: [Synth 8-155] case statement is not full and has no default [/home/uni/project/smartssd/host_file_sum64/_x/link/vivado/vpl/prj/prj.gen/my_rm/bd/ulp/ip/ulp_ddrmem_1_0/rtl/controller/ddr4_v2_2_mc_ctl.sv:392]
INFO: [Synth 8-6157] synthesizing module 'ddr4_v2_2_18_cal_mc_odt' [/home/uni/project/smartssd/host_file_sum64/_x/link/vivado/vpl/prj/prj.gen/my_rm/bd/ulp/ip/ulp_ddrmem_1_0/rtl/cal/ddr4_v2_2_cal_mc_odt.sv:68]
INFO: [Synth 8-6155] done synthesizing module 'ddr4_v2_2_18_cal_mc_odt' (0#1) [/home/uni/project/smartssd/host_file_sum64/_x/link/vivado/vpl/prj/prj.gen/my_rm/bd/ulp/ip/ulp_ddrmem_1_0/rtl/cal/ddr4_v2_2_cal_mc_odt.sv:68]
INFO: [Synth 8-6155] done synthesizing module 'ddr4_v2_2_18_mc_ctl' (0#1) [/home/uni/project/smartssd/host_file_sum64/_x/link/vivado/vpl/prj/prj.gen/my_rm/bd/ulp/ip/ulp_ddrmem_1_0/rtl/controller/ddr4_v2_2_mc_ctl.sv:68]
INFO: [Synth 8-6157] synthesizing module 'ddr4_v2_2_18_mc_cmd_mux_c' [/home/uni/project/smartssd/host_file_sum64/_x/link/vivado/vpl/prj/prj.gen/my_rm/bd/ulp/ip/ulp_ddrmem_1_0/rtl/controller/ddr4_v2_2_mc_cmd_mux_c.sv:68]
INFO: [Synth 8-6155] done synthesizing module 'ddr4_v2_2_18_mc_cmd_mux_c' (0#1) [/home/uni/project/smartssd/host_file_sum64/_x/link/vivado/vpl/prj/prj.gen/my_rm/bd/ulp/ip/ulp_ddrmem_1_0/rtl/controller/ddr4_v2_2_mc_cmd_mux_c.sv:68]
INFO: [Synth 8-6157] synthesizing module 'ddr4_v2_2_18_mc_ref' [/home/uni/project/smartssd/host_file_sum64/_x/link/vivado/vpl/prj/prj.gen/my_rm/bd/ulp/ip/ulp_ddrmem_1_0/rtl/controller/ddr4_v2_2_mc_ref.sv:68]
INFO: [Synth 8-226] default block is never used [/home/uni/project/smartssd/host_file_sum64/_x/link/vivado/vpl/prj/prj.gen/my_rm/bd/ulp/ip/ulp_ddrmem_1_0/rtl/controller/ddr4_v2_2_mc_ref.sv:386]
INFO: [Synth 8-6155] done synthesizing module 'ddr4_v2_2_18_mc_ref' (0#1) [/home/uni/project/smartssd/host_file_sum64/_x/link/vivado/vpl/prj/prj.gen/my_rm/bd/ulp/ip/ulp_ddrmem_1_0/rtl/controller/ddr4_v2_2_mc_ref.sv:68]
INFO: [Synth 8-6157] synthesizing module 'ddr4_v2_2_18_mc_periodic' [/home/uni/project/smartssd/host_file_sum64/_x/link/vivado/vpl/prj/prj.gen/my_rm/bd/ulp/ip/ulp_ddrmem_1_0/rtl/controller/ddr4_v2_2_mc_periodic.sv:68]
INFO: [Synth 8-6155] done synthesizing module 'ddr4_v2_2_18_mc_periodic' (0#1) [/home/uni/project/smartssd/host_file_sum64/_x/link/vivado/vpl/prj/prj.gen/my_rm/bd/ulp/ip/ulp_ddrmem_1_0/rtl/controller/ddr4_v2_2_mc_periodic.sv:68]
INFO: [Synth 8-6157] synthesizing module 'ddr4_v2_2_18_mc_ecc' [/home/uni/project/smartssd/host_file_sum64/_x/link/vivado/vpl/prj/prj.gen/my_rm/bd/ulp/ip/ulp_ddrmem_1_0/rtl/controller/ddr4_v2_2_mc_ecc.sv:69]
INFO: [Synth 8-6157] synthesizing module 'ddr4_v2_2_18_mc_ecc_dec_fix' [/home/uni/project/smartssd/host_file_sum64/_x/link/vivado/vpl/prj/prj.gen/my_rm/bd/ulp/ip/ulp_ddrmem_1_0/rtl/controller/ddr4_v2_2_mc_ecc_dec_fix.sv:68]
INFO: [Synth 8-6155] done synthesizing module 'ddr4_v2_2_18_mc_ecc_dec_fix' (0#1) [/home/uni/project/smartssd/host_file_sum64/_x/link/vivado/vpl/prj/prj.gen/my_rm/bd/ulp/ip/ulp_ddrmem_1_0/rtl/controller/ddr4_v2_2_mc_ecc_dec_fix.sv:68]
INFO: [Synth 8-6157] synthesizing module 'ddr4_v2_2_18_mc_ecc_buf' [/home/uni/project/smartssd/host_file_sum64/_x/link/vivado/vpl/prj/prj.gen/my_rm/bd/ulp/ip/ulp_ddrmem_1_0/rtl/controller/ddr4_v2_2_mc_ecc_buf.sv:69]
INFO: [Synth 8-6157] synthesizing module 'RAM32M' [/home/dess/workspace/Xilinx/Vivado/2022.2/scripts/rt/data/unisim_comp.v:123711]
INFO: [Synth 8-6155] done synthesizing module 'RAM32M' (0#1) [/home/dess/workspace/Xilinx/Vivado/2022.2/scripts/rt/data/unisim_comp.v:123711]
INFO: [Synth 8-6155] done synthesizing module 'ddr4_v2_2_18_mc_ecc_buf' (0#1) [/home/uni/project/smartssd/host_file_sum64/_x/link/vivado/vpl/prj/prj.gen/my_rm/bd/ulp/ip/ulp_ddrmem_1_0/rtl/controller/ddr4_v2_2_mc_ecc_buf.sv:69]
INFO: [Synth 8-6157] synthesizing module 'ddr4_v2_2_18_mc_ecc_merge_enc' [/home/uni/project/smartssd/host_file_sum64/_x/link/vivado/vpl/prj/prj.gen/my_rm/bd/ulp/ip/ulp_ddrmem_1_0/rtl/controller/ddr4_v2_2_mc_ecc_merge_enc.sv:69]
INFO: [Synth 8-6155] done synthesizing module 'ddr4_v2_2_18_mc_ecc_merge_enc' (0#1) [/home/uni/project/smartssd/host_file_sum64/_x/link/vivado/vpl/prj/prj.gen/my_rm/bd/ulp/ip/ulp_ddrmem_1_0/rtl/controller/ddr4_v2_2_mc_ecc_merge_enc.sv:69]
INFO: [Synth 8-6157] synthesizing module 'ddr4_v2_2_18_mc_ecc_fi_xor' [/home/uni/project/smartssd/host_file_sum64/_x/link/vivado/vpl/prj/prj.gen/my_rm/bd/ulp/ip/ulp_ddrmem_1_0/rtl/controller/ddr4_v2_2_mc_ecc_fi_xor.sv:70]
INFO: [Synth 8-6155] done synthesizing module 'ddr4_v2_2_18_mc_ecc_fi_xor' (0#1) [/home/uni/project/smartssd/host_file_sum64/_x/link/vivado/vpl/prj/prj.gen/my_rm/bd/ulp/ip/ulp_ddrmem_1_0/rtl/controller/ddr4_v2_2_mc_ecc_fi_xor.sv:70]
INFO: [Synth 8-6157] synthesizing module 'ddr4_v2_2_18_mc_ecc_gen' [/home/uni/project/smartssd/host_file_sum64/_x/link/vivado/vpl/prj/prj.gen/my_rm/bd/ulp/ip/ulp_ddrmem_1_0/rtl/controller/ddr4_v2_2_mc_ecc_gen.sv:105]
INFO: [Synth 8-6155] done synthesizing module 'ddr4_v2_2_18_mc_ecc_gen' (0#1) [/home/uni/project/smartssd/host_file_sum64/_x/link/vivado/vpl/prj/prj.gen/my_rm/bd/ulp/ip/ulp_ddrmem_1_0/rtl/controller/ddr4_v2_2_mc_ecc_gen.sv:105]
INFO: [Synth 8-6155] done synthesizing module 'ddr4_v2_2_18_mc_ecc' (0#1) [/home/uni/project/smartssd/host_file_sum64/_x/link/vivado/vpl/prj/prj.gen/my_rm/bd/ulp/ip/ulp_ddrmem_1_0/rtl/controller/ddr4_v2_2_mc_ecc.sv:69]
INFO: [Synth 8-6155] done synthesizing module 'ddr4_v2_2_18_mc' (0#1) [/home/uni/project/smartssd/host_file_sum64/_x/link/vivado/vpl/prj/prj.gen/my_rm/bd/ulp/ip/ulp_ddrmem_1_0/rtl/controller/ddr4_v2_2_mc.sv:68]
INFO: [Synth 8-6157] synthesizing module 'ddr4_v2_2_18_ui' [/home/uni/project/smartssd/host_file_sum64/_x/link/vivado/vpl/prj/prj.gen/my_rm/bd/ulp/ip/ulp_ddrmem_1_0/rtl/ui/ddr4_v2_2_ui.sv:71]
INFO: [Synth 8-6157] synthesizing module 'ddr4_v2_2_18_ui_cmd' [/home/uni/project/smartssd/host_file_sum64/_x/link/vivado/vpl/prj/prj.gen/my_rm/bd/ulp/ip/ulp_ddrmem_1_0/rtl/ui/ddr4_v2_2_ui_cmd.sv:70]
INFO: [Synth 8-6155] done synthesizing module 'ddr4_v2_2_18_ui_cmd' (0#1) [/home/uni/project/smartssd/host_file_sum64/_x/link/vivado/vpl/prj/prj.gen/my_rm/bd/ulp/ip/ulp_ddrmem_1_0/rtl/ui/ddr4_v2_2_ui_cmd.sv:70]
INFO: [Synth 8-6157] synthesizing module 'ddr4_v2_2_18_ui_wr_data' [/home/uni/project/smartssd/host_file_sum64/_x/link/vivado/vpl/prj/prj.gen/my_rm/bd/ulp/ip/ulp_ddrmem_1_0/rtl/ui/ddr4_v2_2_ui_wr_data.sv:131]
INFO: [Synth 8-155] case statement is not full and has no default [/home/uni/project/smartssd/host_file_sum64/_x/link/vivado/vpl/prj/prj.gen/my_rm/bd/ulp/ip/ulp_ddrmem_1_0/rtl/ui/ddr4_v2_2_ui_wr_data.sv:362]
INFO: [Synth 8-155] case statement is not full and has no default [/home/uni/project/smartssd/host_file_sum64/_x/link/vivado/vpl/prj/prj.gen/my_rm/bd/ulp/ip/ulp_ddrmem_1_0/rtl/ui/ddr4_v2_2_ui_wr_data.sv:405]
INFO: [Synth 8-6155] done synthesizing module 'ddr4_v2_2_18_ui_wr_data' (0#1) [/home/uni/project/smartssd/host_file_sum64/_x/link/vivado/vpl/prj/prj.gen/my_rm/bd/ulp/ip/ulp_ddrmem_1_0/rtl/ui/ddr4_v2_2_ui_wr_data.sv:131]
INFO: [Synth 8-6157] synthesizing module 'ddr4_v2_2_18_ui_rd_data' [/home/uni/project/smartssd/host_file_sum64/_x/link/vivado/vpl/prj/prj.gen/my_rm/bd/ulp/ip/ulp_ddrmem_1_0/rtl/ui/ddr4_v2_2_ui_rd_data.sv:140]
INFO: [Synth 8-155] case statement is not full and has no default [/home/uni/project/smartssd/host_file_sum64/_x/link/vivado/vpl/prj/prj.gen/my_rm/bd/ulp/ip/ulp_ddrmem_1_0/rtl/ui/ddr4_v2_2_ui_rd_data.sv:627]
INFO: [Synth 8-6155] done synthesizing module 'ddr4_v2_2_18_ui_rd_data' (0#1) [/home/uni/project/smartssd/host_file_sum64/_x/link/vivado/vpl/prj/prj.gen/my_rm/bd/ulp/ip/ulp_ddrmem_1_0/rtl/ui/ddr4_v2_2_ui_rd_data.sv:140]
INFO: [Synth 8-6155] done synthesizing module 'ddr4_v2_2_18_ui' (0#1) [/home/uni/project/smartssd/host_file_sum64/_x/link/vivado/vpl/prj/prj.gen/my_rm/bd/ulp/ip/ulp_ddrmem_1_0/rtl/ui/ddr4_v2_2_ui.sv:71]
INFO: [Synth 8-6157] synthesizing module 'ddr4_v2_2_18_cal_top' [/home/uni/project/smartssd/host_file_sum64/_x/link/vivado/vpl/prj/prj.gen/my_rm/bd/ulp/ip/ulp_ddrmem_1_0/rtl/cal/ddr4_v2_2_cal_top.sv:69]
INFO: [Synth 8-6157] synthesizing module 'ddr4_v2_2_18_cal' [/home/uni/project/smartssd/host_file_sum64/_x/link/vivado/vpl/prj/prj.gen/my_rm/bd/ulp/ip/ulp_ddrmem_1_0/rtl/cal/ddr4_v2_2_cal.sv:70]
INFO: [Synth 8-155] case statement is not full and has no default [/home/uni/project/smartssd/host_file_sum64/_x/link/vivado/vpl/prj/prj.gen/my_rm/bd/ulp/ip/ulp_ddrmem_1_0/rtl/cal/ddr4_v2_2_cal.sv:2028]
INFO: [Synth 8-6157] synthesizing module 'ddr4_v2_2_18_cal_addr_decode' [/home/uni/project/smartssd/host_file_sum64/_x/link/vivado/vpl/prj/prj.gen/my_rm/bd/ulp/ip/ulp_ddrmem_1_0/rtl/cal/ddr4_v2_2_cal_addr_decode.sv:89]
INFO: [Synth 8-155] case statement is not full and has no default [/home/uni/project/smartssd/host_file_sum64/_x/link/vivado/vpl/prj/prj.gen/my_rm/bd/ulp/ip/ulp_ddrmem_1_0/rtl/cal/ddr4_v2_2_cal_addr_decode.sv:1399]
INFO: [Synth 8-6157] synthesizing module 'ddr4_v2_2_18_cal_cplx' [/home/uni/project/smartssd/host_file_sum64/_x/link/vivado/vpl/prj/prj.gen/my_rm/bd/ulp/ip/ulp_ddrmem_1_0/rtl/cal/ddr4_v2_2_cal_cplx.sv:68]
INFO: [Synth 8-226] default block is never used [/home/uni/project/smartssd/host_file_sum64/_x/link/vivado/vpl/prj/prj.gen/my_rm/bd/ulp/ip/ulp_ddrmem_1_0/rtl/cal/ddr4_v2_2_cal_cplx.sv:598]
INFO: [Synth 8-6157] synthesizing module 'ddr4_v2_2_18_cal_cplx_data' [/home/uni/project/smartssd/host_file_sum64/_x/link/vivado/vpl/prj/prj.gen/my_rm/bd/ulp/ip/ulp_ddrmem_1_0/rtl/cal/ddr4_v2_2_cal_cplx_data.sv:71]
INFO: [Synth 8-6155] done synthesizing module 'ddr4_v2_2_18_cal_cplx_data' (0#1) [/home/uni/project/smartssd/host_file_sum64/_x/link/vivado/vpl/prj/prj.gen/my_rm/bd/ulp/ip/ulp_ddrmem_1_0/rtl/cal/ddr4_v2_2_cal_cplx_data.sv:71]
INFO: [Synth 8-6155] done synthesizing module 'ddr4_v2_2_18_cal_cplx' (0#1) [/home/uni/project/smartssd/host_file_sum64/_x/link/vivado/vpl/prj/prj.gen/my_rm/bd/ulp/ip/ulp_ddrmem_1_0/rtl/cal/ddr4_v2_2_cal_cplx.sv:68]
INFO: [Synth 8-6157] synthesizing module 'ddr4_v2_2_18_cal_mc_odt__parameterized0' [/home/uni/project/smartssd/host_file_sum64/_x/link/vivado/vpl/prj/prj.gen/my_rm/bd/ulp/ip/ulp_ddrmem_1_0/rtl/cal/ddr4_v2_2_cal_mc_odt.sv:68]
INFO: [Synth 8-6155] done synthesizing module 'ddr4_v2_2_18_cal_mc_odt__parameterized0' (0#1) [/home/uni/project/smartssd/host_file_sum64/_x/link/vivado/vpl/prj/prj.gen/my_rm/bd/ulp/ip/ulp_ddrmem_1_0/rtl/cal/ddr4_v2_2_cal_mc_odt.sv:68]
INFO: [Synth 8-6155] done synthesizing module 'ddr4_v2_2_18_cal_addr_decode' (0#1) [/home/uni/project/smartssd/host_file_sum64/_x/link/vivado/vpl/prj/prj.gen/my_rm/bd/ulp/ip/ulp_ddrmem_1_0/rtl/cal/ddr4_v2_2_cal_addr_decode.sv:89]
INFO: [Synth 8-6157] synthesizing module 'ddr4_v2_2_18_cal_config_rom' [/home/uni/project/smartssd/host_file_sum64/_x/link/vivado/vpl/prj/prj.gen/my_rm/bd/ulp/ip/ulp_ddrmem_1_0/rtl/cal/ddr4_v2_2_cal_config_rom.sv:68]
INFO: [Synth 8-6155] done synthesizing module 'ddr4_v2_2_18_cal_config_rom' (0#1) [/home/uni/project/smartssd/host_file_sum64/_x/link/vivado/vpl/prj/prj.gen/my_rm/bd/ulp/ip/ulp_ddrmem_1_0/rtl/cal/ddr4_v2_2_cal_config_rom.sv:68]
INFO: [Synth 8-6157] synthesizing module 'ddr4_v2_2_18_chipscope_xsdb_slave' [/home/uni/project/smartssd/host_file_sum64/_x/link/vivado/vpl/prj/prj.gen/my_rm/bd/ulp/ip/ulp_ddrmem_1_0/rtl/cal/ddr4_v2_2_chipscope_xsdb_slave.sv:28]
INFO: [Synth 8-6155] done synthesizing module 'ddr4_v2_2_18_chipscope_xsdb_slave' (0#1) [/home/uni/project/smartssd/host_file_sum64/_x/link/vivado/vpl/prj/prj.gen/my_rm/bd/ulp/ip/ulp_ddrmem_1_0/rtl/cal/ddr4_v2_2_chipscope_xsdb_slave.sv:28]
INFO: [Synth 8-6157] synthesizing module 'ddr4_v2_2_18_cal_xsdb_arbiter' [/home/uni/project/smartssd/host_file_sum64/_x/link/vivado/vpl/prj/prj.gen/my_rm/bd/ulp/ip/ulp_ddrmem_1_0/rtl/cal/ddr4_v2_2_cal_xsdb_arbiter.sv:68]
INFO: [Synth 8-6157] synthesizing module 'ddr4_v2_2_18_cal_sync' [/home/uni/project/smartssd/host_file_sum64/_x/link/vivado/vpl/prj/prj.gen/my_rm/bd/ulp/ip/ulp_ddrmem_1_0/rtl/cal/ddr4_v2_2_cal_sync.sv:68]
INFO: [Synth 8-6155] done synthesizing module 'ddr4_v2_2_18_cal_sync' (0#1) [/home/uni/project/smartssd/host_file_sum64/_x/link/vivado/vpl/prj/prj.gen/my_rm/bd/ulp/ip/ulp_ddrmem_1_0/rtl/cal/ddr4_v2_2_cal_sync.sv:68]
INFO: [Synth 8-6157] synthesizing module 'ddr4_v2_2_18_cal_sync__parameterized0' [/home/uni/project/smartssd/host_file_sum64/_x/link/vivado/vpl/prj/prj.gen/my_rm/bd/ulp/ip/ulp_ddrmem_1_0/rtl/cal/ddr4_v2_2_cal_sync.sv:68]
INFO: [Synth 8-6155] done synthesizing module 'ddr4_v2_2_18_cal_sync__parameterized0' (0#1) [/home/uni/project/smartssd/host_file_sum64/_x/link/vivado/vpl/prj/prj.gen/my_rm/bd/ulp/ip/ulp_ddrmem_1_0/rtl/cal/ddr4_v2_2_cal_sync.sv:68]
INFO: [Synth 8-6157] synthesizing module 'ddr4_v2_2_18_cal_sync__parameterized1' [/home/uni/project/smartssd/host_file_sum64/_x/link/vivado/vpl/prj/prj.gen/my_rm/bd/ulp/ip/ulp_ddrmem_1_0/rtl/cal/ddr4_v2_2_cal_sync.sv:68]
INFO: [Synth 8-6155] done synthesizing module 'ddr4_v2_2_18_cal_sync__parameterized1' (0#1) [/home/uni/project/smartssd/host_file_sum64/_x/link/vivado/vpl/prj/prj.gen/my_rm/bd/ulp/ip/ulp_ddrmem_1_0/rtl/cal/ddr4_v2_2_cal_sync.sv:68]
INFO: [Synth 8-6157] synthesizing module 'ddr4_v2_2_18_cal_sync__parameterized2' [/home/uni/project/smartssd/host_file_sum64/_x/link/vivado/vpl/prj/prj.gen/my_rm/bd/ulp/ip/ulp_ddrmem_1_0/rtl/cal/ddr4_v2_2_cal_sync.sv:68]
INFO: [Synth 8-6155] done synthesizing module 'ddr4_v2_2_18_cal_sync__parameterized2' (0#1) [/home/uni/project/smartssd/host_file_sum64/_x/link/vivado/vpl/prj/prj.gen/my_rm/bd/ulp/ip/ulp_ddrmem_1_0/rtl/cal/ddr4_v2_2_cal_sync.sv:68]
INFO: [Synth 8-6157] synthesizing module 'ddr4_v2_2_18_cal_sync__parameterized3' [/home/uni/project/smartssd/host_file_sum64/_x/link/vivado/vpl/prj/prj.gen/my_rm/bd/ulp/ip/ulp_ddrmem_1_0/rtl/cal/ddr4_v2_2_cal_sync.sv:68]
INFO: [Synth 8-6155] done synthesizing module 'ddr4_v2_2_18_cal_sync__parameterized3' (0#1) [/home/uni/project/smartssd/host_file_sum64/_x/link/vivado/vpl/prj/prj.gen/my_rm/bd/ulp/ip/ulp_ddrmem_1_0/rtl/cal/ddr4_v2_2_cal_sync.sv:68]
INFO: [Synth 8-6155] done synthesizing module 'ddr4_v2_2_18_cal_xsdb_arbiter' (0#1) [/home/uni/project/smartssd/host_file_sum64/_x/link/vivado/vpl/prj/prj.gen/my_rm/bd/ulp/ip/ulp_ddrmem_1_0/rtl/cal/ddr4_v2_2_cal_xsdb_arbiter.sv:68]
INFO: [Synth 8-6157] synthesizing module 'ddr4_v2_2_18_cal_xsdb_bram' [/home/uni/project/smartssd/host_file_sum64/_x/link/vivado/vpl/prj/prj.gen/my_rm/bd/ulp/ip/ulp_ddrmem_1_0/rtl/cal/ddr4_v2_2_cal_xsdb_bram.sv:67]
INFO: [Synth 8-6157] synthesizing module 'ddr4_v2_2_18_cfg_mem_mod' [/home/uni/project/smartssd/host_file_sum64/_x/link/vivado/vpl/prj/prj.gen/my_rm/bd/ulp/ip/ulp_ddrmem_1_0/rtl/cal/ddr4_v2_2_dp_AB9.sv:66]
INFO: [Synth 8-6157] synthesizing module 'ddr4_v2_2_18_bram_tdp' [/home/uni/project/smartssd/host_file_sum64/_x/link/vivado/vpl/prj/prj.gen/my_rm/bd/ulp/ip/ulp_ddrmem_1_0/rtl/cal/ddr4_v2_2_dp_AB9.sv:174]
INFO: [Synth 8-6155] done synthesizing module 'ddr4_v2_2_18_bram_tdp' (0#1) [/home/uni/project/smartssd/host_file_sum64/_x/link/vivado/vpl/prj/prj.gen/my_rm/bd/ulp/ip/ulp_ddrmem_1_0/rtl/cal/ddr4_v2_2_dp_AB9.sv:174]
INFO: [Synth 8-6155] done synthesizing module 'ddr4_v2_2_18_cfg_mem_mod' (0#1) [/home/uni/project/smartssd/host_file_sum64/_x/link/vivado/vpl/prj/prj.gen/my_rm/bd/ulp/ip/ulp_ddrmem_1_0/rtl/cal/ddr4_v2_2_dp_AB9.sv:66]
INFO: [Synth 8-6155] done synthesizing module 'ddr4_v2_2_18_cal_xsdb_bram' (0#1) [/home/uni/project/smartssd/host_file_sum64/_x/link/vivado/vpl/prj/prj.gen/my_rm/bd/ulp/ip/ulp_ddrmem_1_0/rtl/cal/ddr4_v2_2_cal_xsdb_bram.sv:67]
INFO: [Synth 8-6155] done synthesizing module 'ddr4_v2_2_18_cal' (0#1) [/home/uni/project/smartssd/host_file_sum64/_x/link/vivado/vpl/prj/prj.gen/my_rm/bd/ulp/ip/ulp_ddrmem_1_0/rtl/cal/ddr4_v2_2_cal.sv:70]
INFO: [Synth 8-6157] synthesizing module 'ddr4_v2_2_18_cal_pi' [/home/uni/project/smartssd/host_file_sum64/_x/link/vivado/vpl/prj/prj.gen/my_rm/bd/ulp/ip/ulp_ddrmem_1_0/rtl/cal/ddr4_v2_2_cal_pi.sv:68]
INFO: [Synth 8-6157] synthesizing module 'ddr4_v2_2_18_cal_rd_en' [/home/uni/project/smartssd/host_file_sum64/_x/link/vivado/vpl/prj/prj.gen/my_rm/bd/ulp/ip/ulp_ddrmem_1_0/rtl/cal/ddr4_v2_2_cal_rd_en.sv:68]
INFO: [Synth 8-6155] done synthesizing module 'ddr4_v2_2_18_cal_rd_en' (0#1) [/home/uni/project/smartssd/host_file_sum64/_x/link/vivado/vpl/prj/prj.gen/my_rm/bd/ulp/ip/ulp_ddrmem_1_0/rtl/cal/ddr4_v2_2_cal_rd_en.sv:68]
INFO: [Synth 8-6157] synthesizing module 'ddr4_v2_2_18_cal_read' [/home/uni/project/smartssd/host_file_sum64/_x/link/vivado/vpl/prj/prj.gen/my_rm/bd/ulp/ip/ulp_ddrmem_1_0/rtl/cal/ddr4_v2_2_cal_read.sv:68]
INFO: [Synth 8-6155] done synthesizing module 'ddr4_v2_2_18_cal_read' (0#1) [/home/uni/project/smartssd/host_file_sum64/_x/link/vivado/vpl/prj/prj.gen/my_rm/bd/ulp/ip/ulp_ddrmem_1_0/rtl/cal/ddr4_v2_2_cal_read.sv:68]
INFO: [Synth 8-6157] synthesizing module 'ddr4_v2_2_18_cal_write' [/home/uni/project/smartssd/host_file_sum64/_x/link/vivado/vpl/prj/prj.gen/my_rm/bd/ulp/ip/ulp_ddrmem_1_0/rtl/cal/ddr4_v2_2_cal_write.sv:68]
INFO: [Synth 8-6157] synthesizing module 'ddr4_v2_2_18_cal_wr_byte' [/home/uni/project/smartssd/host_file_sum64/_x/link/vivado/vpl/prj/prj.gen/my_rm/bd/ulp/ip/ulp_ddrmem_1_0/rtl/cal/ddr4_v2_2_cal_wr_byte.sv:68]
INFO: [Synth 8-6157] synthesizing module 'ddr4_v2_2_18_cal_wr_bit' [/home/uni/project/smartssd/host_file_sum64/_x/link/vivado/vpl/prj/prj.gen/my_rm/bd/ulp/ip/ulp_ddrmem_1_0/rtl/cal/ddr4_v2_2_cal_wr_bit.sv:68]
INFO: [Synth 8-6155] done synthesizing module 'ddr4_v2_2_18_cal_wr_bit' (0#1) [/home/uni/project/smartssd/host_file_sum64/_x/link/vivado/vpl/prj/prj.gen/my_rm/bd/ulp/ip/ulp_ddrmem_1_0/rtl/cal/ddr4_v2_2_cal_wr_bit.sv:68]
INFO: [Synth 8-6155] done synthesizing module 'ddr4_v2_2_18_cal_wr_byte' (0#1) [/home/uni/project/smartssd/host_file_sum64/_x/link/vivado/vpl/prj/prj.gen/my_rm/bd/ulp/ip/ulp_ddrmem_1_0/rtl/cal/ddr4_v2_2_cal_wr_byte.sv:68]
INFO: [Synth 8-6155] done synthesizing module 'ddr4_v2_2_18_cal_write' (0#1) [/home/uni/project/smartssd/host_file_sum64/_x/link/vivado/vpl/prj/prj.gen/my_rm/bd/ulp/ip/ulp_ddrmem_1_0/rtl/cal/ddr4_v2_2_cal_write.sv:68]
INFO: [Synth 8-6155] done synthesizing module 'ddr4_v2_2_18_cal_pi' (0#1) [/home/uni/project/smartssd/host_file_sum64/_x/link/vivado/vpl/prj/prj.gen/my_rm/bd/ulp/ip/ulp_ddrmem_1_0/rtl/cal/ddr4_v2_2_cal_pi.sv:68]
INFO: [Synth 8-6155] done synthesizing module 'ddr4_v2_2_18_cal_top' (0#1) [/home/uni/project/smartssd/host_file_sum64/_x/link/vivado/vpl/prj/prj.gen/my_rm/bd/ulp/ip/ulp_ddrmem_1_0/rtl/cal/ddr4_v2_2_cal_top.sv:69]
INFO: [Synth 8-6157] synthesizing module 'ulp_ddrmem_1_0_ddr4_cal_riu' [/home/uni/project/smartssd/host_file_sum64/_x/link/vivado/vpl/prj/prj.gen/my_rm/bd/ulp/ip/ulp_ddrmem_1_0/rtl/cal/ulp_ddrmem_1_0_ddr4_cal_riu.sv:89]
INFO: [Synth 8-6157] synthesizing module 'ulp_ddrmem_1_0_microblaze_mcs' [/home/uni/project/smartssd/host_file_sum64/_x/link/vivado/vpl/prj/prj.gen/my_rm/bd/ulp/ip/ulp_ddrmem_1_0/ip_0/synth/ulp_ddrmem_1_0_microblaze_mcs.v:53]
INFO: [Synth 8-6157] synthesizing module 'bd_8f7d' [/home/uni/project/smartssd/host_file_sum64/_x/link/vivado/vpl/prj/prj.gen/my_rm/bd/ulp/ip/ulp_ddrmem_1_0/bd_0/synth/bd_8f7d.v:9]
INFO: [Synth 8-638] synthesizing module 'bd_8f7d_dlmb_0' [/home/uni/project/smartssd/host_file_sum64/_x/link/vivado/vpl/prj/prj.gen/my_rm/bd/ulp/ip/ulp_ddrmem_1_0/bd_0/ip/ip_3/synth/bd_8f7d_dlmb_0.vhd:89]
	Parameter C_LMB_NUM_SLAVES bound to: 3 - type: integer 
	Parameter C_LMB_DWIDTH bound to: 32 - type: integer 
	Parameter C_LMB_AWIDTH bound to: 32 - type: integer 
	Parameter C_LMB_PROTOCOL bound to: 0 - type: integer 
	Parameter C_EXT_RESET_HIGH bound to: 1 - type: integer 
INFO: [Synth 8-3491] module 'lmb_v10' declared at '/home/uni/project/smartssd/host_file_sum64/_x/link/vivado/vpl/prj/prj.gen/my_rm/bd/ulp/ipshared/cd1d/hdl/lmb_v10_v3_0_vh_rfs.vhd:92' bound to instance 'U0' of component 'lmb_v10' [/home/uni/project/smartssd/host_file_sum64/_x/link/vivado/vpl/prj/prj.gen/my_rm/bd/ulp/ip/ulp_ddrmem_1_0/bd_0/ip/ip_3/synth/bd_8f7d_dlmb_0.vhd:165]
INFO: [Synth 8-638] synthesizing module 'lmb_v10' [/home/uni/project/smartssd/host_file_sum64/_x/link/vivado/vpl/prj/prj.gen/my_rm/bd/ulp/ipshared/cd1d/hdl/lmb_v10_v3_0_vh_rfs.vhd:141]
INFO: [Synth 8-3491] module 'FDS' declared at '/home/dess/workspace/Xilinx/Vivado/2022.2/scripts/rt/data/unisim_comp.v:38831' bound to instance 'POR_FF_I' of component 'FDS' [/home/uni/project/smartssd/host_file_sum64/_x/link/vivado/vpl/prj/prj.gen/my_rm/bd/ulp/ipshared/cd1d/hdl/lmb_v10_v3_0_vh_rfs.vhd:171]
INFO: [Synth 8-6157] synthesizing module 'FDS' [/home/dess/workspace/Xilinx/Vivado/2022.2/scripts/rt/data/unisim_comp.v:38831]
INFO: [Synth 8-6155] done synthesizing module 'FDS' (0#1) [/home/dess/workspace/Xilinx/Vivado/2022.2/scripts/rt/data/unisim_comp.v:38831]
INFO: [Synth 8-256] done synthesizing module 'lmb_v10' (0#1) [/home/uni/project/smartssd/host_file_sum64/_x/link/vivado/vpl/prj/prj.gen/my_rm/bd/ulp/ipshared/cd1d/hdl/lmb_v10_v3_0_vh_rfs.vhd:141]
INFO: [Synth 8-256] done synthesizing module 'bd_8f7d_dlmb_0' (0#1) [/home/uni/project/smartssd/host_file_sum64/_x/link/vivado/vpl/prj/prj.gen/my_rm/bd/ulp/ip/ulp_ddrmem_1_0/bd_0/ip/ip_3/synth/bd_8f7d_dlmb_0.vhd:89]
WARNING: [Synth 8-7071] port 'LMB_Rst' of module 'bd_8f7d_dlmb_0' is unconnected for instance 'dlmb' [/home/uni/project/smartssd/host_file_sum64/_x/link/vivado/vpl/prj/prj.gen/my_rm/bd/ulp/ip/ulp_ddrmem_1_0/bd_0/synth/bd_8f7d.v:259]
WARNING: [Synth 8-7023] instance 'dlmb' of module 'bd_8f7d_dlmb_0' has 25 connections declared, but only 24 given [/home/uni/project/smartssd/host_file_sum64/_x/link/vivado/vpl/prj/prj.gen/my_rm/bd/ulp/ip/ulp_ddrmem_1_0/bd_0/synth/bd_8f7d.v:259]
INFO: [Synth 8-638] synthesizing module 'bd_8f7d_dlmb_cntlr_0' [/home/uni/project/smartssd/host_file_sum64/_x/link/vivado/vpl/prj/prj.gen/my_rm/bd/ulp/ip/ulp_ddrmem_1_0/bd_0/ip/ip_4/synth/bd_8f7d_dlmb_cntlr_0.vhd:84]
	Parameter C_FAMILY bound to: kintexuplus - type: string 
	Parameter C_HIGHADDR bound to: 64'b0000000000000000000000000000000000000000000000001111111111111111 
	Parameter C_BASEADDR bound to: 64'b0000000000000000000000000000000000000000000000000000000000000000 
	Parameter C_NUM_LMB bound to: 1 - type: integer 
	Parameter C_MASK bound to: 64'b0000000000000000000000000000000011000000000000010000000000000000 
	Parameter C_MASK1 bound to: 64'b0000000000000000000000000000000000000000100000000000000000000000 
	Parameter C_MASK2 bound to: 64'b0000000000000000000000000000000000000000100000000000000000000000 
	Parameter C_MASK3 bound to: 64'b0000000000000000000000000000000000000000100000000000000000000000 
	Parameter C_LMB_AWIDTH bound to: 32 - type: integer 
	Parameter C_LMB_DWIDTH bound to: 32 - type: integer 
	Parameter C_LMB_PROTOCOL bound to: 0 - type: integer 
	Parameter C_ECC bound to: 0 - type: integer 
	Parameter C_INTERCONNECT bound to: 0 - type: integer 
	Parameter C_FAULT_INJECT bound to: 0 - type: integer 
	Parameter C_CE_FAILING_REGISTERS bound to: 0 - type: integer 
	Parameter C_UE_FAILING_REGISTERS bound to: 0 - type: integer 
	Parameter C_ECC_STATUS_REGISTERS bound to: 0 - type: integer 
	Parameter C_ECC_ONOFF_REGISTER bound to: 0 - type: integer 
	Parameter C_ECC_ONOFF_RESET_VALUE bound to: 1 - type: integer 
	Parameter C_CE_COUNTER_WIDTH bound to: 0 - type: integer 
	Parameter C_WRITE_ACCESS bound to: 2 - type: integer 
	Parameter C_BRAM_AWIDTH bound to: 32 - type: integer 
	Parameter C_S_AXI_CTRL_ADDR_WIDTH bound to: 32 - type: integer 
	Parameter C_S_AXI_CTRL_DATA_WIDTH bound to: 32 - type: integer 
INFO: [Synth 8-3491] module 'lmb_bram_if_cntlr' declared at '/home/uni/project/smartssd/host_file_sum64/_x/link/vivado/vpl/prj/prj.gen/my_rm/bd/ulp/ipshared/a177/hdl/lmb_bram_if_cntlr_v4_0_vh_rfs.vhd:4514' bound to instance 'U0' of component 'lmb_bram_if_cntlr' [/home/uni/project/smartssd/host_file_sum64/_x/link/vivado/vpl/prj/prj.gen/my_rm/bd/ulp/ip/ulp_ddrmem_1_0/bd_0/ip/ip_4/synth/bd_8f7d_dlmb_cntlr_0.vhd:226]
INFO: [Synth 8-638] synthesizing module 'lmb_bram_if_cntlr' [/home/uni/project/smartssd/host_file_sum64/_x/link/vivado/vpl/prj/prj.gen/my_rm/bd/ulp/ipshared/a177/hdl/lmb_bram_if_cntlr_v4_0_vh_rfs.vhd:4639]
	Parameter C_TARGET bound to: 8 - type: integer 
	Parameter C_BASEADDR bound to: 64'b0000000000000000000000000000000000000000000000000000000000000000 
	Parameter C_MASK bound to: 64'b0000000000000000000000000000000011000000000000010000000000000000 
	Parameter C_MASK1 bound to: 64'b0000000000000000000000000000000000000000100000000000000000000000 
	Parameter C_MASK2 bound to: 64'b0000000000000000000000000000000000000000100000000000000000000000 
	Parameter C_MASK3 bound to: 64'b0000000000000000000000000000000000000000100000000000000000000000 
	Parameter C_LMB_AWIDTH bound to: 32 - type: integer 
	Parameter C_LMB_DWIDTH bound to: 32 - type: integer 
	Parameter C_ECC_WIDTH bound to: 7 - type: integer 
	Parameter C_ECC bound to: 0 - type: integer 
	Parameter C_NUM_LMB bound to: 1 - type: integer 
	Parameter C_LMB_PROTOCOL bound to: 0 - type: integer 
INFO: [Synth 8-3491] module 'lmb_mux' declared at '/home/uni/project/smartssd/host_file_sum64/_x/link/vivado/vpl/prj/prj.gen/my_rm/bd/ulp/ipshared/a177/hdl/lmb_bram_if_cntlr_v4_0_vh_rfs.vhd:3893' bound to instance 'lmb_mux_I' of component 'lmb_mux' [/home/uni/project/smartssd/host_file_sum64/_x/link/vivado/vpl/prj/prj.gen/my_rm/bd/ulp/ipshared/a177/hdl/lmb_bram_if_cntlr_v4_0_vh_rfs.vhd:4908]
INFO: [Synth 8-638] synthesizing module 'lmb_mux' [/home/uni/project/smartssd/host_file_sum64/_x/link/vivado/vpl/prj/prj.gen/my_rm/bd/ulp/ipshared/a177/hdl/lmb_bram_if_cntlr_v4_0_vh_rfs.vhd:3981]
	Parameter C_AW bound to: 32 - type: integer 
	Parameter C_BAR bound to: 64'b0000000000000000000000000000000000000000000000000000000000000000 
	Parameter C_MASK bound to: 64'b0000000000000000000000000000000011000000000000010000000000000000 
INFO: [Synth 8-3491] module 'pselect_mask' declared at '/home/uni/project/smartssd/host_file_sum64/_x/link/vivado/vpl/prj/prj.gen/my_rm/bd/ulp/ipshared/a177/hdl/lmb_bram_if_cntlr_v4_0_vh_rfs.vhd:3476' bound to instance 'pselect_mask_lmb' of component 'pselect_mask' [/home/uni/project/smartssd/host_file_sum64/_x/link/vivado/vpl/prj/prj.gen/my_rm/bd/ulp/ipshared/a177/hdl/lmb_bram_if_cntlr_v4_0_vh_rfs.vhd:4052]
INFO: [Synth 8-638] synthesizing module 'lmb_bram_if_cntlr_v4_0_21_pselect_mask' [/home/uni/project/smartssd/host_file_sum64/_x/link/vivado/vpl/prj/prj.gen/my_rm/bd/ulp/ipshared/a177/hdl/lmb_bram_if_cntlr_v4_0_vh_rfs.vhd:3491]
INFO: [Synth 8-256] done synthesizing module 'lmb_bram_if_cntlr_v4_0_21_pselect_mask' (0#1) [/home/uni/project/smartssd/host_file_sum64/_x/link/vivado/vpl/prj/prj.gen/my_rm/bd/ulp/ipshared/a177/hdl/lmb_bram_if_cntlr_v4_0_vh_rfs.vhd:3491]
INFO: [Synth 8-256] done synthesizing module 'lmb_mux' (0#1) [/home/uni/project/smartssd/host_file_sum64/_x/link/vivado/vpl/prj/prj.gen/my_rm/bd/ulp/ipshared/a177/hdl/lmb_bram_if_cntlr_v4_0_vh_rfs.vhd:3981]
INFO: [Synth 8-256] done synthesizing module 'lmb_bram_if_cntlr' (0#1) [/home/uni/project/smartssd/host_file_sum64/_x/link/vivado/vpl/prj/prj.gen/my_rm/bd/ulp/ipshared/a177/hdl/lmb_bram_if_cntlr_v4_0_vh_rfs.vhd:4639]
INFO: [Synth 8-256] done synthesizing module 'bd_8f7d_dlmb_cntlr_0' (0#1) [/home/uni/project/smartssd/host_file_sum64/_x/link/vivado/vpl/prj/prj.gen/my_rm/bd/ulp/ip/ulp_ddrmem_1_0/bd_0/ip/ip_4/synth/bd_8f7d_dlmb_cntlr_0.vhd:84]
INFO: [Synth 8-638] synthesizing module 'bd_8f7d_ilmb_0' [/home/uni/project/smartssd/host_file_sum64/_x/link/vivado/vpl/prj/prj.gen/my_rm/bd/ulp/ip/ulp_ddrmem_1_0/bd_0/ip/ip_2/synth/bd_8f7d_ilmb_0.vhd:89]
	Parameter C_LMB_NUM_SLAVES bound to: 2 - type: integer 
	Parameter C_LMB_DWIDTH bound to: 32 - type: integer 
	Parameter C_LMB_AWIDTH bound to: 32 - type: integer 
	Parameter C_LMB_PROTOCOL bound to: 0 - type: integer 
	Parameter C_EXT_RESET_HIGH bound to: 1 - type: integer 
INFO: [Synth 8-3491] module 'lmb_v10' declared at '/home/uni/project/smartssd/host_file_sum64/_x/link/vivado/vpl/prj/prj.gen/my_rm/bd/ulp/ipshared/cd1d/hdl/lmb_v10_v3_0_vh_rfs.vhd:92' bound to instance 'U0' of component 'lmb_v10' [/home/uni/project/smartssd/host_file_sum64/_x/link/vivado/vpl/prj/prj.gen/my_rm/bd/ulp/ip/ulp_ddrmem_1_0/bd_0/ip/ip_2/synth/bd_8f7d_ilmb_0.vhd:165]
INFO: [Synth 8-638] synthesizing module 'lmb_v10__parameterized1' [/home/uni/project/smartssd/host_file_sum64/_x/link/vivado/vpl/prj/prj.gen/my_rm/bd/ulp/ipshared/cd1d/hdl/lmb_v10_v3_0_vh_rfs.vhd:141]
INFO: [Synth 8-3491] module 'FDS' declared at '/home/dess/workspace/Xilinx/Vivado/2022.2/scripts/rt/data/unisim_comp.v:38831' bound to instance 'POR_FF_I' of component 'FDS' [/home/uni/project/smartssd/host_file_sum64/_x/link/vivado/vpl/prj/prj.gen/my_rm/bd/ulp/ipshared/cd1d/hdl/lmb_v10_v3_0_vh_rfs.vhd:171]
INFO: [Synth 8-256] done synthesizing module 'lmb_v10__parameterized1' (0#1) [/home/uni/project/smartssd/host_file_sum64/_x/link/vivado/vpl/prj/prj.gen/my_rm/bd/ulp/ipshared/cd1d/hdl/lmb_v10_v3_0_vh_rfs.vhd:141]
INFO: [Synth 8-256] done synthesizing module 'bd_8f7d_ilmb_0' (0#1) [/home/uni/project/smartssd/host_file_sum64/_x/link/vivado/vpl/prj/prj.gen/my_rm/bd/ulp/ip/ulp_ddrmem_1_0/bd_0/ip/ip_2/synth/bd_8f7d_ilmb_0.vhd:89]
WARNING: [Synth 8-7071] port 'LMB_Rst' of module 'bd_8f7d_ilmb_0' is unconnected for instance 'ilmb' [/home/uni/project/smartssd/host_file_sum64/_x/link/vivado/vpl/prj/prj.gen/my_rm/bd/ulp/ip/ulp_ddrmem_1_0/bd_0/synth/bd_8f7d.v:307]
WARNING: [Synth 8-7023] instance 'ilmb' of module 'bd_8f7d_ilmb_0' has 25 connections declared, but only 24 given [/home/uni/project/smartssd/host_file_sum64/_x/link/vivado/vpl/prj/prj.gen/my_rm/bd/ulp/ip/ulp_ddrmem_1_0/bd_0/synth/bd_8f7d.v:307]
INFO: [Synth 8-638] synthesizing module 'bd_8f7d_ilmb_cntlr_0' [/home/uni/project/smartssd/host_file_sum64/_x/link/vivado/vpl/prj/prj.gen/my_rm/bd/ulp/ip/ulp_ddrmem_1_0/bd_0/ip/ip_5/synth/bd_8f7d_ilmb_cntlr_0.vhd:84]
	Parameter C_FAMILY bound to: kintexuplus - type: string 
	Parameter C_HIGHADDR bound to: 64'b0000000000000000000000000000000000000000000000001111111111111111 
	Parameter C_BASEADDR bound to: 64'b0000000000000000000000000000000000000000000000000000000000000000 
	Parameter C_NUM_LMB bound to: 1 - type: integer 
	Parameter C_MASK bound to: 64'b0000000000000000000000000000000010000000000000010000000000000000 
	Parameter C_MASK1 bound to: 64'b0000000000000000000000000000000000000000100000000000000000000000 
	Parameter C_MASK2 bound to: 64'b0000000000000000000000000000000000000000100000000000000000000000 
	Parameter C_MASK3 bound to: 64'b0000000000000000000000000000000000000000100000000000000000000000 
	Parameter C_LMB_AWIDTH bound to: 32 - type: integer 
	Parameter C_LMB_DWIDTH bound to: 32 - type: integer 
	Parameter C_LMB_PROTOCOL bound to: 0 - type: integer 
	Parameter C_ECC bound to: 0 - type: integer 
	Parameter C_INTERCONNECT bound to: 0 - type: integer 
	Parameter C_FAULT_INJECT bound to: 0 - type: integer 
	Parameter C_CE_FAILING_REGISTERS bound to: 0 - type: integer 
	Parameter C_UE_FAILING_REGISTERS bound to: 0 - type: integer 
	Parameter C_ECC_STATUS_REGISTERS bound to: 0 - type: integer 
	Parameter C_ECC_ONOFF_REGISTER bound to: 0 - type: integer 
	Parameter C_ECC_ONOFF_RESET_VALUE bound to: 1 - type: integer 
	Parameter C_CE_COUNTER_WIDTH bound to: 0 - type: integer 
	Parameter C_WRITE_ACCESS bound to: 2 - type: integer 
	Parameter C_BRAM_AWIDTH bound to: 32 - type: integer 
	Parameter C_S_AXI_CTRL_ADDR_WIDTH bound to: 32 - type: integer 
	Parameter C_S_AXI_CTRL_DATA_WIDTH bound to: 32 - type: integer 
INFO: [Synth 8-3491] module 'lmb_bram_if_cntlr' declared at '/home/uni/project/smartssd/host_file_sum64/_x/link/vivado/vpl/prj/prj.gen/my_rm/bd/ulp/ipshared/a177/hdl/lmb_bram_if_cntlr_v4_0_vh_rfs.vhd:4514' bound to instance 'U0' of component 'lmb_bram_if_cntlr' [/home/uni/project/smartssd/host_file_sum64/_x/link/vivado/vpl/prj/prj.gen/my_rm/bd/ulp/ip/ulp_ddrmem_1_0/bd_0/ip/ip_5/synth/bd_8f7d_ilmb_cntlr_0.vhd:226]
INFO: [Synth 8-638] synthesizing module 'lmb_bram_if_cntlr__parameterized1' [/home/uni/project/smartssd/host_file_sum64/_x/link/vivado/vpl/prj/prj.gen/my_rm/bd/ulp/ipshared/a177/hdl/lmb_bram_if_cntlr_v4_0_vh_rfs.vhd:4639]
	Parameter C_TARGET bound to: 8 - type: integer 
	Parameter C_BASEADDR bound to: 64'b0000000000000000000000000000000000000000000000000000000000000000 
	Parameter C_MASK bound to: 64'b0000000000000000000000000000000010000000000000010000000000000000 
	Parameter C_MASK1 bound to: 64'b0000000000000000000000000000000000000000100000000000000000000000 
	Parameter C_MASK2 bound to: 64'b0000000000000000000000000000000000000000100000000000000000000000 
	Parameter C_MASK3 bound to: 64'b0000000000000000000000000000000000000000100000000000000000000000 
	Parameter C_LMB_AWIDTH bound to: 32 - type: integer 
	Parameter C_LMB_DWIDTH bound to: 32 - type: integer 
	Parameter C_ECC_WIDTH bound to: 7 - type: integer 
	Parameter C_ECC bound to: 0 - type: integer 
	Parameter C_NUM_LMB bound to: 1 - type: integer 
	Parameter C_LMB_PROTOCOL bound to: 0 - type: integer 
INFO: [Synth 8-3491] module 'lmb_mux' declared at '/home/uni/project/smartssd/host_file_sum64/_x/link/vivado/vpl/prj/prj.gen/my_rm/bd/ulp/ipshared/a177/hdl/lmb_bram_if_cntlr_v4_0_vh_rfs.vhd:3893' bound to instance 'lmb_mux_I' of component 'lmb_mux' [/home/uni/project/smartssd/host_file_sum64/_x/link/vivado/vpl/prj/prj.gen/my_rm/bd/ulp/ipshared/a177/hdl/lmb_bram_if_cntlr_v4_0_vh_rfs.vhd:4908]
INFO: [Synth 8-638] synthesizing module 'lmb_mux__parameterized1' [/home/uni/project/smartssd/host_file_sum64/_x/link/vivado/vpl/prj/prj.gen/my_rm/bd/ulp/ipshared/a177/hdl/lmb_bram_if_cntlr_v4_0_vh_rfs.vhd:3981]
	Parameter C_AW bound to: 32 - type: integer 
	Parameter C_BAR bound to: 64'b0000000000000000000000000000000000000000000000000000000000000000 
	Parameter C_MASK bound to: 64'b0000000000000000000000000000000010000000000000010000000000000000 
INFO: [Synth 8-3491] module 'pselect_mask' declared at '/home/uni/project/smartssd/host_file_sum64/_x/link/vivado/vpl/prj/prj.gen/my_rm/bd/ulp/ipshared/a177/hdl/lmb_bram_if_cntlr_v4_0_vh_rfs.vhd:3476' bound to instance 'pselect_mask_lmb' of component 'pselect_mask' [/home/uni/project/smartssd/host_file_sum64/_x/link/vivado/vpl/prj/prj.gen/my_rm/bd/ulp/ipshared/a177/hdl/lmb_bram_if_cntlr_v4_0_vh_rfs.vhd:4052]
INFO: [Synth 8-638] synthesizing module 'lmb_bram_if_cntlr_v4_0_21_pselect_mask__parameterized0' [/home/uni/project/smartssd/host_file_sum64/_x/link/vivado/vpl/prj/prj.gen/my_rm/bd/ulp/ipshared/a177/hdl/lmb_bram_if_cntlr_v4_0_vh_rfs.vhd:3491]
INFO: [Synth 8-256] done synthesizing module 'lmb_bram_if_cntlr_v4_0_21_pselect_mask__parameterized0' (0#1) [/home/uni/project/smartssd/host_file_sum64/_x/link/vivado/vpl/prj/prj.gen/my_rm/bd/ulp/ipshared/a177/hdl/lmb_bram_if_cntlr_v4_0_vh_rfs.vhd:3491]
INFO: [Synth 8-256] done synthesizing module 'lmb_mux__parameterized1' (0#1) [/home/uni/project/smartssd/host_file_sum64/_x/link/vivado/vpl/prj/prj.gen/my_rm/bd/ulp/ipshared/a177/hdl/lmb_bram_if_cntlr_v4_0_vh_rfs.vhd:3981]
INFO: [Synth 8-256] done synthesizing module 'lmb_bram_if_cntlr__parameterized1' (0#1) [/home/uni/project/smartssd/host_file_sum64/_x/link/vivado/vpl/prj/prj.gen/my_rm/bd/ulp/ipshared/a177/hdl/lmb_bram_if_cntlr_v4_0_vh_rfs.vhd:4639]
INFO: [Synth 8-256] done synthesizing module 'bd_8f7d_ilmb_cntlr_0' (0#1) [/home/uni/project/smartssd/host_file_sum64/_x/link/vivado/vpl/prj/prj.gen/my_rm/bd/ulp/ip/ulp_ddrmem_1_0/bd_0/ip/ip_5/synth/bd_8f7d_ilmb_cntlr_0.vhd:84]
INFO: [Synth 8-638] synthesizing module 'bd_8f7d_iomodule_0_0' [/home/uni/project/smartssd/host_file_sum64/_x/link/vivado/vpl/prj/prj.gen/my_rm/bd/ulp/ip/ulp_ddrmem_1_0/bd_0/ip/ip_10/synth/bd_8f7d_iomodule_0_0.vhd:85]
	Parameter C_FAMILY bound to: kintexuplus - type: string 
	Parameter C_FREQ bound to: 100000000 - type: integer 
	Parameter C_INSTANCE bound to: iomodule - type: string 
	Parameter C_USE_CONFIG_RESET bound to: 0 - type: integer 
	Parameter C_AVOID_PRIMITIVES bound to: 0 - type: integer 
	Parameter C_TMR bound to: 0 - type: integer 
	Parameter C_USE_TMR_DISABLE bound to: 0 - type: integer 
	Parameter C_HIGHADDR bound to: 64'b0000000000000000000000000000000010000000000000001111111111111111 
	Parameter C_BASEADDR bound to: 64'b0000000000000000000000000000000010000000000000000000000000000000 
	Parameter C_MASK bound to: 64'b0000000000000000000000000000000011000000000000000000000000000000 
	Parameter C_IO_HIGHADDR bound to: 64'b0000000000000000000000000000000011111111111111111111111111111111 
	Parameter C_IO_BASEADDR bound to: 64'b0000000000000000000000000000000011000000000000000000000000000000 
	Parameter C_IO_MASK bound to: 64'b0000000000000000000000000000000011000000000000000000000000000000 
	Parameter C_LMB_AWIDTH bound to: 32 - type: integer 
	Parameter C_LMB_DWIDTH bound to: 32 - type: integer 
	Parameter C_LMB_PROTOCOL bound to: 0 - type: integer 
	Parameter C_USE_IO_BUS bound to: 1 - type: integer 
	Parameter C_USE_UART_RX bound to: 0 - type: integer 
	Parameter C_USE_UART_TX bound to: 0 - type: integer 
	Parameter C_UART_BAUDRATE bound to: 9600 - type: integer 
	Parameter C_UART_DATA_BITS bound to: 8 - type: integer 
	Parameter C_UART_USE_PARITY bound to: 0 - type: integer 
	Parameter C_UART_ODD_PARITY bound to: 0 - type: integer 
	Parameter C_UART_RX_INTERRUPT bound to: 0 - type: integer 
	Parameter C_UART_TX_INTERRUPT bound to: 0 - type: integer 
	Parameter C_UART_ERROR_INTERRUPT bound to: 0 - type: integer 
	Parameter C_UART_PROG_BAUDRATE bound to: 0 - type: integer 
	Parameter C_UART_FREQ bound to: 100000000 - type: integer 
	Parameter C_UART_ASYNC bound to: 0 - type: integer 
	Parameter C_UART_NUM_SYNC_FF bound to: 2 - type: integer 
	Parameter C_USE_FIT1 bound to: 0 - type: integer 
	Parameter C_FIT1_No_CLOCKS bound to: 6216 - type: integer 
	Parameter C_FIT1_INTERRUPT bound to: 0 - type: integer 
	Parameter C_USE_FIT2 bound to: 0 - type: integer 
	Parameter C_FIT2_No_CLOCKS bound to: 6216 - type: integer 
	Parameter C_FIT2_INTERRUPT bound to: 0 - type: integer 
	Parameter C_USE_FIT3 bound to: 0 - type: integer 
	Parameter C_FIT3_No_CLOCKS bound to: 6216 - type: integer 
	Parameter C_FIT3_INTERRUPT bound to: 0 - type: integer 
	Parameter C_USE_FIT4 bound to: 0 - type: integer 
	Parameter C_FIT4_No_CLOCKS bound to: 6216 - type: integer 
	Parameter C_FIT4_INTERRUPT bound to: 0 - type: integer 
	Parameter C_USE_PIT1 bound to: 0 - type: integer 
	Parameter C_PIT1_SIZE bound to: 32 - type: integer 
	Parameter C_PIT1_READABLE bound to: 1 - type: integer 
	Parameter C_PIT1_PRESCALER bound to: 0 - type: integer 
	Parameter C_PIT1_INTERRUPT bound to: 0 - type: integer 
	Parameter C_USE_PIT2 bound to: 0 - type: integer 
	Parameter C_PIT2_SIZE bound to: 32 - type: integer 
	Parameter C_PIT2_READABLE bound to: 1 - type: integer 
	Parameter C_PIT2_PRESCALER bound to: 0 - type: integer 
	Parameter C_PIT2_INTERRUPT bound to: 0 - type: integer 
	Parameter C_USE_PIT3 bound to: 0 - type: integer 
	Parameter C_PIT3_SIZE bound to: 32 - type: integer 
	Parameter C_PIT3_READABLE bound to: 1 - type: integer 
	Parameter C_PIT3_PRESCALER bound to: 0 - type: integer 
	Parameter C_PIT3_INTERRUPT bound to: 0 - type: integer 
	Parameter C_USE_PIT4 bound to: 0 - type: integer 
	Parameter C_PIT4_SIZE bound to: 32 - type: integer 
	Parameter C_PIT4_READABLE bound to: 1 - type: integer 
	Parameter C_PIT4_PRESCALER bound to: 0 - type: integer 
	Parameter C_PIT4_INTERRUPT bound to: 0 - type: integer 
	Parameter C_USE_GPO1 bound to: 0 - type: integer 
	Parameter C_GPO1_SIZE bound to: 32 - type: integer 
	Parameter C_GPO1_INIT bound to: 32'b00000000000000000000000000000000 
	Parameter C_USE_GPO2 bound to: 0 - type: integer 
	Parameter C_GPO2_SIZE bound to: 32 - type: integer 
	Parameter C_GPO2_INIT bound to: 32'b00000000000000000000000000000000 
	Parameter C_USE_GPO3 bound to: 0 - type: integer 
	Parameter C_GPO3_SIZE bound to: 32 - type: integer 
	Parameter C_GPO3_INIT bound to: 32'b00000000000000000000000000000000 
	Parameter C_USE_GPO4 bound to: 0 - type: integer 
	Parameter C_GPO4_SIZE bound to: 32 - type: integer 
	Parameter C_GPO4_INIT bound to: 32'b00000000000000000000000000000000 
	Parameter C_USE_GPI1 bound to: 0 - type: integer 
	Parameter C_GPI1_SIZE bound to: 32 - type: integer 
	Parameter C_GPI1_INTERRUPT bound to: 0 - type: integer 
	Parameter C_USE_GPI2 bound to: 0 - type: integer 
	Parameter C_GPI2_SIZE bound to: 32 - type: integer 
	Parameter C_GPI2_INTERRUPT bound to: 0 - type: integer 
	Parameter C_USE_GPI3 bound to: 0 - type: integer 
	Parameter C_GPI3_SIZE bound to: 32 - type: integer 
	Parameter C_GPI3_INTERRUPT bound to: 0 - type: integer 
	Parameter C_USE_GPI4 bound to: 0 - type: integer 
	Parameter C_GPI4_SIZE bound to: 32 - type: integer 
	Parameter C_GPI4_INTERRUPT bound to: 0 - type: integer 
	Parameter C_INTC_USE_EXT_INTR bound to: 0 - type: integer 
	Parameter C_INTC_INTR_SIZE bound to: 1 - type: integer 
	Parameter C_INTC_LEVEL_EDGE bound to: 16'b0000000000000000 
	Parameter C_INTC_POSITIVE bound to: 16'b1111111111111111 
	Parameter C_INTC_HAS_FAST bound to: 1 - type: integer 
	Parameter C_INTC_ADDR_WIDTH bound to: 17 - type: integer 
	Parameter C_INTC_BASE_VECTORS bound to: 64'b0000000000000000000000000000000000000000000000000000000000000000 
	Parameter C_INTC_ASYNC_INTR bound to: 16'b1111111111111111 
	Parameter C_INTC_NUM_SYNC_FF bound to: 2 - type: integer 
INFO: [Synth 8-3491] module 'iomodule' declared at '/home/uni/project/smartssd/host_file_sum64/_x/link/vivado/vpl/prj/prj.gen/my_rm/bd/ulp/ipshared/b8f2/hdl/iomodule_v3_1_vh_rfs.vhd:9894' bound to instance 'U0' of component 'iomodule' [/home/uni/project/smartssd/host_file_sum64/_x/link/vivado/vpl/prj/prj.gen/my_rm/bd/ulp/ip/ulp_ddrmem_1_0/bd_0/ip/ip_10/synth/bd_8f7d_iomodule_0_0.vhd:296]
INFO: [Synth 8-638] synthesizing module 'iomodule' [/home/uni/project/smartssd/host_file_sum64/_x/link/vivado/vpl/prj/prj.gen/my_rm/bd/ulp/ipshared/b8f2/hdl/iomodule_v3_1_vh_rfs.vhd:10105]
	Parameter C_AW bound to: 32 - type: integer 
	Parameter C_BAR bound to: 64'b0000000000000000000000000000000010000000000000000000000000000000 
	Parameter C_MASK bound to: 64'b0000000000000000000000000000000011000000000000000000000000000000 
INFO: [Synth 8-3491] module 'pselect_mask' declared at '/home/uni/project/smartssd/host_file_sum64/_x/link/vivado/vpl/prj/prj.gen/my_rm/bd/ulp/ipshared/b8f2/hdl/iomodule_v3_1_vh_rfs.vhd:9726' bound to instance 'pselect_mask_reg' of component 'pselect_mask' [/home/uni/project/smartssd/host_file_sum64/_x/link/vivado/vpl/prj/prj.gen/my_rm/bd/ulp/ipshared/b8f2/hdl/iomodule_v3_1_vh_rfs.vhd:10457]
INFO: [Synth 8-638] synthesizing module 'iomodule_v3_1_8_pselect_mask' [/home/uni/project/smartssd/host_file_sum64/_x/link/vivado/vpl/prj/prj.gen/my_rm/bd/ulp/ipshared/b8f2/hdl/iomodule_v3_1_vh_rfs.vhd:9741]
INFO: [Synth 8-256] done synthesizing module 'iomodule_v3_1_8_pselect_mask' (0#1) [/home/uni/project/smartssd/host_file_sum64/_x/link/vivado/vpl/prj/prj.gen/my_rm/bd/ulp/ipshared/b8f2/hdl/iomodule_v3_1_vh_rfs.vhd:9741]
	Parameter C_AW bound to: 32 - type: integer 
	Parameter C_BAR bound to: 64'b0000000000000000000000000000000011000000000000000000000000000000 
	Parameter C_MASK bound to: 64'b0000000000000000000000000000000011000000000000000000000000000000 
INFO: [Synth 8-3491] module 'pselect_mask' declared at '/home/uni/project/smartssd/host_file_sum64/_x/link/vivado/vpl/prj/prj.gen/my_rm/bd/ulp/ipshared/b8f2/hdl/iomodule_v3_1_vh_rfs.vhd:9726' bound to instance 'pselect_mask_io' of component 'pselect_mask' [/home/uni/project/smartssd/host_file_sum64/_x/link/vivado/vpl/prj/prj.gen/my_rm/bd/ulp/ipshared/b8f2/hdl/iomodule_v3_1_vh_rfs.vhd:10502]
INFO: [Synth 8-638] synthesizing module 'iomodule_v3_1_8_pselect_mask__parameterized0' [/home/uni/project/smartssd/host_file_sum64/_x/link/vivado/vpl/prj/prj.gen/my_rm/bd/ulp/ipshared/b8f2/hdl/iomodule_v3_1_vh_rfs.vhd:9741]
INFO: [Synth 8-256] done synthesizing module 'iomodule_v3_1_8_pselect_mask__parameterized0' (0#1) [/home/uni/project/smartssd/host_file_sum64/_x/link/vivado/vpl/prj/prj.gen/my_rm/bd/ulp/ipshared/b8f2/hdl/iomodule_v3_1_vh_rfs.vhd:9741]
	Parameter C_TARGET bound to: 1'b0 
	Parameter C_FREQ bound to: 100000000 - type: integer 
	Parameter C_USE_CONFIG_RESET bound to: 0 - type: integer 
	Parameter C_AVOID_PRIMITIVES bound to: 0 - type: integer 
	Parameter C_TMR bound to: 0 - type: integer 
	Parameter C_USE_TMR_DISABLE bound to: 0 - type: integer 
	Parameter C_USE_UART_RX bound to: 0 - type: integer 
	Parameter C_USE_UART_TX bound to: 0 - type: integer 
	Parameter C_UART_BAUDRATE bound to: 9600 - type: integer 
	Parameter C_UART_DATA_BITS bound to: 8 - type: integer 
	Parameter C_UART_USE_PARITY bound to: 0 - type: integer 
	Parameter C_UART_ODD_PARITY bound to: 0 - type: integer 
	Parameter C_UART_RX_INTERRUPT bound to: 0 - type: integer 
	Parameter C_UART_TX_INTERRUPT bound to: 0 - type: integer 
	Parameter C_UART_ERROR_INTERRUPT bound to: 0 - type: integer 
	Parameter C_UART_PROG_BAUDRATE bound to: 0 - type: integer 
	Parameter C_UART_FREQ bound to: 100000000 - type: integer 
	Parameter C_UART_ASYNC bound to: 0 - type: integer 
	Parameter C_UART_NUM_SYNC_FF bound to: 2 - type: integer 
	Parameter C_USE_FIT1 bound to: 0 - type: integer 
	Parameter C_FIT1_No_CLOCKS bound to: 6216 - type: integer 
	Parameter C_FIT1_INTERRUPT bound to: 0 - type: integer 
	Parameter C_USE_FIT2 bound to: 0 - type: integer 
	Parameter C_FIT2_No_CLOCKS bound to: 6216 - type: integer 
	Parameter C_FIT2_INTERRUPT bound to: 0 - type: integer 
	Parameter C_USE_FIT3 bound to: 0 - type: integer 
	Parameter C_FIT3_No_CLOCKS bound to: 6216 - type: integer 
	Parameter C_FIT3_INTERRUPT bound to: 0 - type: integer 
	Parameter C_USE_FIT4 bound to: 0 - type: integer 
	Parameter C_FIT4_No_CLOCKS bound to: 6216 - type: integer 
	Parameter C_FIT4_INTERRUPT bound to: 0 - type: integer 
	Parameter C_USE_PIT1 bound to: 0 - type: integer 
	Parameter C_PIT1_SIZE bound to: 32 - type: integer 
	Parameter C_PIT1_READABLE bound to: 1 - type: integer 
	Parameter C_PIT1_PRESCALER bound to: 0 - type: integer 
	Parameter C_PIT1_INTERRUPT bound to: 0 - type: integer 
	Parameter C_USE_PIT2 bound to: 0 - type: integer 
	Parameter C_PIT2_SIZE bound to: 32 - type: integer 
	Parameter C_PIT2_READABLE bound to: 1 - type: integer 
	Parameter C_PIT2_PRESCALER bound to: 0 - type: integer 
	Parameter C_PIT2_INTERRUPT bound to: 0 - type: integer 
	Parameter C_USE_PIT3 bound to: 0 - type: integer 
	Parameter C_PIT3_SIZE bound to: 32 - type: integer 
	Parameter C_PIT3_READABLE bound to: 1 - type: integer 
	Parameter C_PIT3_PRESCALER bound to: 0 - type: integer 
	Parameter C_PIT3_INTERRUPT bound to: 0 - type: integer 
	Parameter C_USE_PIT4 bound to: 0 - type: integer 
	Parameter C_PIT4_SIZE bound to: 32 - type: integer 
	Parameter C_PIT4_READABLE bound to: 1 - type: integer 
	Parameter C_PIT4_PRESCALER bound to: 0 - type: integer 
	Parameter C_PIT4_INTERRUPT bound to: 0 - type: integer 
	Parameter C_USE_GPO1 bound to: 0 - type: integer 
	Parameter C_GPO1_SIZE bound to: 32 - type: integer 
	Parameter C_GPO1_INIT bound to: 32'b00000000000000000000000000000000 
	Parameter C_USE_GPO2 bound to: 0 - type: integer 
	Parameter C_GPO2_SIZE bound to: 32 - type: integer 
	Parameter C_GPO2_INIT bound to: 32'b00000000000000000000000000000000 
	Parameter C_USE_GPO3 bound to: 0 - type: integer 
	Parameter C_GPO3_SIZE bound to: 32 - type: integer 
	Parameter C_GPO3_INIT bound to: 32'b00000000000000000000000000000000 
	Parameter C_USE_GPO4 bound to: 0 - type: integer 
	Parameter C_GPO4_SIZE bound to: 32 - type: integer 
	Parameter C_GPO4_INIT bound to: 32'b00000000000000000000000000000000 
	Parameter C_USE_GPI1 bound to: 0 - type: integer 
	Parameter C_GPI1_SIZE bound to: 32 - type: integer 
	Parameter C_GPI1_INTERRUPT bound to: 0 - type: integer 
	Parameter C_USE_GPI2 bound to: 0 - type: integer 
	Parameter C_GPI2_SIZE bound to: 32 - type: integer 
	Parameter C_GPI2_INTERRUPT bound to: 0 - type: integer 
	Parameter C_USE_GPI3 bound to: 0 - type: integer 
	Parameter C_GPI3_SIZE bound to: 32 - type: integer 
	Parameter C_GPI3_INTERRUPT bound to: 0 - type: integer 
	Parameter C_USE_GPI4 bound to: 0 - type: integer 
	Parameter C_GPI4_SIZE bound to: 32 - type: integer 
	Parameter C_GPI4_INTERRUPT bound to: 0 - type: integer 
	Parameter C_ADDR_WIDTH bound to: 32 - type: integer 
	Parameter C_INTC_USE_EXT_INTR bound to: 0 - type: integer 
	Parameter C_INTC_INTR_SIZE bound to: 1 - type: integer 
	Parameter C_INTC_LEVEL_EDGE bound to: 16'b0000000000000000 
	Parameter C_INTC_POSITIVE bound to: 16'b1111111111111111 
	Parameter C_INTC_HAS_FAST bound to: 1 - type: integer 
	Parameter C_INTC_ADDR_WIDTH bound to: 17 - type: integer 
	Parameter C_INTC_BASE_VECTORS bound to: 64'b0000000000000000000000000000000000000000000000000000000000000000 
	Parameter C_INTC_ASYNC_INTR bound to: 16'b1111111111111111 
	Parameter C_INTC_NUM_SYNC_FF bound to: 2 - type: integer 
INFO: [Synth 8-3491] module 'Iomodule_core' declared at '/home/uni/project/smartssd/host_file_sum64/_x/link/vivado/vpl/prj/prj.gen/my_rm/bd/ulp/ipshared/b8f2/hdl/iomodule_v3_1_vh_rfs.vhd:8513' bound to instance 'IOModule_Core_I1' of component 'iomodule_core' [/home/uni/project/smartssd/host_file_sum64/_x/link/vivado/vpl/prj/prj.gen/my_rm/bd/ulp/ipshared/b8f2/hdl/iomodule_v3_1_vh_rfs.vhd:10693]
INFO: [Synth 8-638] synthesizing module 'Iomodule_core' [/home/uni/project/smartssd/host_file_sum64/_x/link/vivado/vpl/prj/prj.gen/my_rm/bd/ulp/ipshared/b8f2/hdl/iomodule_v3_1_vh_rfs.vhd:8727]
	Parameter C_TARGET bound to: 1'b0 
	Parameter C_FREQ bound to: 100000000 - type: integer 
	Parameter C_UART_FREQ bound to: 100000000 - type: integer 
	Parameter C_TMR bound to: 0 - type: integer 
	Parameter C_USE_TMR_DISABLE bound to: 0 - type: integer 
	Parameter C_VOTE_SIZE bound to: 199 - type: integer 
	Parameter C_USE_SRL16 bound to: yes - type: string 
	Parameter C_UART_PROG_BAUDRATE bound to: 0 - type: integer 
	Parameter C_UART_ASYNC bound to: 0 - type: integer 
	Parameter C_UART_NUM_SYNC_FF bound to: 2 - type: integer 
	Parameter C_UART_BAUDRATE bound to: 9600 - type: integer 
	Parameter C_USE_UART_RX bound to: 0 - type: integer 
	Parameter C_USE_UART_TX bound to: 0 - type: integer 
	Parameter C_UART_DATA_BITS bound to: 8 - type: integer 
	Parameter C_UART_USE_PARITY bound to: 0 - type: integer 
	Parameter C_UART_ODD_PARITY bound to: 0 - type: integer 
INFO: [Synth 8-3491] module 'UART' declared at '/home/uni/project/smartssd/host_file_sum64/_x/link/vivado/vpl/prj/prj.gen/my_rm/bd/ulp/ipshared/b8f2/hdl/iomodule_v3_1_vh_rfs.vhd:7690' bound to instance 'UART_I1' of component 'UART' [/home/uni/project/smartssd/host_file_sum64/_x/link/vivado/vpl/prj/prj.gen/my_rm/bd/ulp/ipshared/b8f2/hdl/iomodule_v3_1_vh_rfs.vhd:9053]
INFO: [Synth 8-638] synthesizing module 'UART' [/home/uni/project/smartssd/host_file_sum64/_x/link/vivado/vpl/prj/prj.gen/my_rm/bd/ulp/ipshared/b8f2/hdl/iomodule_v3_1_vh_rfs.vhd:7741]
	Parameter C_TARGET bound to: 1'b0 
	Parameter C_FREQ bound to: 100000000 - type: integer 
	Parameter C_TMR bound to: 0 - type: integer 
	Parameter C_USE_TMR_DISABLE bound to: 0 - type: integer 
	Parameter C_VOTE_SIZE bound to: 136 - type: integer 
	Parameter C_USE_SRL16 bound to: yes - type: string 
	Parameter C_UART_PROG_BAUDRATE bound to: 0 - type: integer 
	Parameter C_UART_BAUDRATE bound to: 9600 - type: integer 
	Parameter C_USE_UART_RX bound to: 0 - type: integer 
	Parameter C_USE_UART_TX bound to: 0 - type: integer 
	Parameter C_UART_DATA_BITS bound to: 8 - type: integer 
	Parameter C_UART_USE_PARITY bound to: 0 - type: integer 
	Parameter C_UART_ODD_PARITY bound to: 0 - type: integer 
INFO: [Synth 8-3491] module 'UART_Core' declared at '/home/uni/project/smartssd/host_file_sum64/_x/link/vivado/vpl/prj/prj.gen/my_rm/bd/ulp/ipshared/b8f2/hdl/iomodule_v3_1_vh_rfs.vhd:7143' bound to instance 'UART_Core_I' of component 'UART_Core' [/home/uni/project/smartssd/host_file_sum64/_x/link/vivado/vpl/prj/prj.gen/my_rm/bd/ulp/ipshared/b8f2/hdl/iomodule_v3_1_vh_rfs.vhd:7860]
INFO: [Synth 8-638] synthesizing module 'UART_Core' [/home/uni/project/smartssd/host_file_sum64/_x/link/vivado/vpl/prj/prj.gen/my_rm/bd/ulp/ipshared/b8f2/hdl/iomodule_v3_1_vh_rfs.vhd:7187]
INFO: [Synth 8-256] done synthesizing module 'UART_Core' (0#1) [/home/uni/project/smartssd/host_file_sum64/_x/link/vivado/vpl/prj/prj.gen/my_rm/bd/ulp/ipshared/b8f2/hdl/iomodule_v3_1_vh_rfs.vhd:7187]
INFO: [Synth 8-256] done synthesizing module 'UART' (0#1) [/home/uni/project/smartssd/host_file_sum64/_x/link/vivado/vpl/prj/prj.gen/my_rm/bd/ulp/ipshared/b8f2/hdl/iomodule_v3_1_vh_rfs.vhd:7741]
	Parameter C_TARGET bound to: 1'b0 
	Parameter C_TMR bound to: 0 - type: integer 
	Parameter C_USE_TMR_DISABLE bound to: 0 - type: integer 
	Parameter C_VOTE_SIZE bound to: 34 - type: integer 
	Parameter C_USE_SRL16 bound to: yes - type: string 
	Parameter C_USE_FIT bound to: 0 - type: integer 
	Parameter C_NO_CLOCKS bound to: 6216 - type: integer 
	Parameter C_INACCURACY bound to: 0 - type: integer 
INFO: [Synth 8-3491] module 'FIT_Module' declared at '/home/uni/project/smartssd/host_file_sum64/_x/link/vivado/vpl/prj/prj.gen/my_rm/bd/ulp/ipshared/b8f2/hdl/iomodule_v3_1_vh_rfs.vhd:2500' bound to instance 'FIT_I1' of component 'FIT_Module' [/home/uni/project/smartssd/host_file_sum64/_x/link/vivado/vpl/prj/prj.gen/my_rm/bd/ulp/ipshared/b8f2/hdl/iomodule_v3_1_vh_rfs.vhd:9106]
INFO: [Synth 8-638] synthesizing module 'FIT_Module' [/home/uni/project/smartssd/host_file_sum64/_x/link/vivado/vpl/prj/prj.gen/my_rm/bd/ulp/ipshared/b8f2/hdl/iomodule_v3_1_vh_rfs.vhd:2528]
INFO: [Synth 8-256] done synthesizing module 'FIT_Module' (0#1) [/home/uni/project/smartssd/host_file_sum64/_x/link/vivado/vpl/prj/prj.gen/my_rm/bd/ulp/ipshared/b8f2/hdl/iomodule_v3_1_vh_rfs.vhd:2528]
	Parameter C_TARGET bound to: 1'b0 
	Parameter C_TMR bound to: 0 - type: integer 
	Parameter C_USE_TMR_DISABLE bound to: 0 - type: integer 
	Parameter C_VOTE_SIZE bound to: 34 - type: integer 
	Parameter C_USE_SRL16 bound to: yes - type: string 
	Parameter C_USE_FIT bound to: 0 - type: integer 
	Parameter C_NO_CLOCKS bound to: 6216 - type: integer 
	Parameter C_INACCURACY bound to: 0 - type: integer 
INFO: [Synth 8-3491] module 'FIT_Module' declared at '/home/uni/project/smartssd/host_file_sum64/_x/link/vivado/vpl/prj/prj.gen/my_rm/bd/ulp/ipshared/b8f2/hdl/iomodule_v3_1_vh_rfs.vhd:2500' bound to instance 'FIT_I2' of component 'FIT_Module' [/home/uni/project/smartssd/host_file_sum64/_x/link/vivado/vpl/prj/prj.gen/my_rm/bd/ulp/ipshared/b8f2/hdl/iomodule_v3_1_vh_rfs.vhd:9129]
	Parameter C_TARGET bound to: 1'b0 
	Parameter C_TMR bound to: 0 - type: integer 
	Parameter C_USE_TMR_DISABLE bound to: 0 - type: integer 
	Parameter C_VOTE_SIZE bound to: 34 - type: integer 
	Parameter C_USE_SRL16 bound to: yes - type: string 
	Parameter C_USE_FIT bound to: 0 - type: integer 
	Parameter C_NO_CLOCKS bound to: 6216 - type: integer 
	Parameter C_INACCURACY bound to: 0 - type: integer 
INFO: [Synth 8-3491] module 'FIT_Module' declared at '/home/uni/project/smartssd/host_file_sum64/_x/link/vivado/vpl/prj/prj.gen/my_rm/bd/ulp/ipshared/b8f2/hdl/iomodule_v3_1_vh_rfs.vhd:2500' bound to instance 'FIT_I3' of component 'FIT_Module' [/home/uni/project/smartssd/host_file_sum64/_x/link/vivado/vpl/prj/prj.gen/my_rm/bd/ulp/ipshared/b8f2/hdl/iomodule_v3_1_vh_rfs.vhd:9152]
	Parameter C_TARGET bound to: 1'b0 
	Parameter C_TMR bound to: 0 - type: integer 
	Parameter C_USE_TMR_DISABLE bound to: 0 - type: integer 
	Parameter C_VOTE_SIZE bound to: 34 - type: integer 
	Parameter C_USE_SRL16 bound to: yes - type: string 
	Parameter C_USE_FIT bound to: 0 - type: integer 
	Parameter C_NO_CLOCKS bound to: 6216 - type: integer 
	Parameter C_INACCURACY bound to: 0 - type: integer 
INFO: [Synth 8-3491] module 'FIT_Module' declared at '/home/uni/project/smartssd/host_file_sum64/_x/link/vivado/vpl/prj/prj.gen/my_rm/bd/ulp/ipshared/b8f2/hdl/iomodule_v3_1_vh_rfs.vhd:2500' bound to instance 'FIT_I4' of component 'FIT_Module' [/home/uni/project/smartssd/host_file_sum64/_x/link/vivado/vpl/prj/prj.gen/my_rm/bd/ulp/ipshared/b8f2/hdl/iomodule_v3_1_vh_rfs.vhd:9175]
	Parameter C_TARGET bound to: 1'b0 
	Parameter C_TMR bound to: 0 - type: integer 
	Parameter C_USE_TMR_DISABLE bound to: 0 - type: integer 
	Parameter C_VOTE_SIZE bound to: 70 - type: integer 
	Parameter C_USE_PIT bound to: 0 - type: integer 
	Parameter C_PIT_SIZE bound to: 32 - type: integer 
	Parameter C_PIT_READABLE bound to: 1 - type: integer 
INFO: [Synth 8-3491] module 'PIT_Module' declared at '/home/uni/project/smartssd/host_file_sum64/_x/link/vivado/vpl/prj/prj.gen/my_rm/bd/ulp/ipshared/b8f2/hdl/iomodule_v3_1_vh_rfs.vhd:4278' bound to instance 'PIT_I1' of component 'PIT_Module' [/home/uni/project/smartssd/host_file_sum64/_x/link/vivado/vpl/prj/prj.gen/my_rm/bd/ulp/ipshared/b8f2/hdl/iomodule_v3_1_vh_rfs.vhd:9213]
INFO: [Synth 8-638] synthesizing module 'PIT_Module' [/home/uni/project/smartssd/host_file_sum64/_x/link/vivado/vpl/prj/prj.gen/my_rm/bd/ulp/ipshared/b8f2/hdl/iomodule_v3_1_vh_rfs.vhd:4309]
INFO: [Synth 8-256] done synthesizing module 'PIT_Module' (0#1) [/home/uni/project/smartssd/host_file_sum64/_x/link/vivado/vpl/prj/prj.gen/my_rm/bd/ulp/ipshared/b8f2/hdl/iomodule_v3_1_vh_rfs.vhd:4309]
	Parameter C_TARGET bound to: 1'b0 
	Parameter C_TMR bound to: 0 - type: integer 
	Parameter C_USE_TMR_DISABLE bound to: 0 - type: integer 
	Parameter C_VOTE_SIZE bound to: 70 - type: integer 
	Parameter C_USE_PIT bound to: 0 - type: integer 
	Parameter C_PIT_SIZE bound to: 32 - type: integer 
	Parameter C_PIT_READABLE bound to: 1 - type: integer 
INFO: [Synth 8-3491] module 'PIT_Module' declared at '/home/uni/project/smartssd/host_file_sum64/_x/link/vivado/vpl/prj/prj.gen/my_rm/bd/ulp/ipshared/b8f2/hdl/iomodule_v3_1_vh_rfs.vhd:4278' bound to instance 'PIT_I2' of component 'PIT_Module' [/home/uni/project/smartssd/host_file_sum64/_x/link/vivado/vpl/prj/prj.gen/my_rm/bd/ulp/ipshared/b8f2/hdl/iomodule_v3_1_vh_rfs.vhd:9252]
	Parameter C_TARGET bound to: 1'b0 
	Parameter C_TMR bound to: 0 - type: integer 
	Parameter C_USE_TMR_DISABLE bound to: 0 - type: integer 
	Parameter C_VOTE_SIZE bound to: 70 - type: integer 
	Parameter C_USE_PIT bound to: 0 - type: integer 
	Parameter C_PIT_SIZE bound to: 32 - type: integer 
	Parameter C_PIT_READABLE bound to: 1 - type: integer 
INFO: [Synth 8-3491] module 'PIT_Module' declared at '/home/uni/project/smartssd/host_file_sum64/_x/link/vivado/vpl/prj/prj.gen/my_rm/bd/ulp/ipshared/b8f2/hdl/iomodule_v3_1_vh_rfs.vhd:4278' bound to instance 'PIT_I3' of component 'PIT_Module' [/home/uni/project/smartssd/host_file_sum64/_x/link/vivado/vpl/prj/prj.gen/my_rm/bd/ulp/ipshared/b8f2/hdl/iomodule_v3_1_vh_rfs.vhd:9291]
	Parameter C_TARGET bound to: 1'b0 
	Parameter C_TMR bound to: 0 - type: integer 
	Parameter C_USE_TMR_DISABLE bound to: 0 - type: integer 
	Parameter C_VOTE_SIZE bound to: 70 - type: integer 
	Parameter C_USE_PIT bound to: 0 - type: integer 
	Parameter C_PIT_SIZE bound to: 32 - type: integer 
	Parameter C_PIT_READABLE bound to: 1 - type: integer 
INFO: [Synth 8-3491] module 'PIT_Module' declared at '/home/uni/project/smartssd/host_file_sum64/_x/link/vivado/vpl/prj/prj.gen/my_rm/bd/ulp/ipshared/b8f2/hdl/iomodule_v3_1_vh_rfs.vhd:4278' bound to instance 'PIT_I4' of component 'PIT_Module' [/home/uni/project/smartssd/host_file_sum64/_x/link/vivado/vpl/prj/prj.gen/my_rm/bd/ulp/ipshared/b8f2/hdl/iomodule_v3_1_vh_rfs.vhd:9330]
	Parameter C_TMR bound to: 0 - type: integer 
	Parameter C_USE_TMR_DISABLE bound to: 0 - type: integer 
	Parameter C_VOTE_SIZE bound to: 32 - type: integer 
	Parameter C_USE_GPO bound to: 0 - type: integer 
	Parameter C_GPO_SIZE bound to: 32 - type: integer 
	Parameter C_GPO_INIT bound to: 32'b00000000000000000000000000000000 
INFO: [Synth 8-3491] module 'GPO_Module' declared at '/home/uni/project/smartssd/host_file_sum64/_x/link/vivado/vpl/prj/prj.gen/my_rm/bd/ulp/ipshared/b8f2/hdl/iomodule_v3_1_vh_rfs.vhd:3189' bound to instance 'GPO_I1' of component 'GPO_Module' [/home/uni/project/smartssd/host_file_sum64/_x/link/vivado/vpl/prj/prj.gen/my_rm/bd/ulp/ipshared/b8f2/hdl/iomodule_v3_1_vh_rfs.vhd:9358]
INFO: [Synth 8-638] synthesizing module 'GPO_Module' [/home/uni/project/smartssd/host_file_sum64/_x/link/vivado/vpl/prj/prj.gen/my_rm/bd/ulp/ipshared/b8f2/hdl/iomodule_v3_1_vh_rfs.vhd:3213]
INFO: [Synth 8-256] done synthesizing module 'GPO_Module' (0#1) [/home/uni/project/smartssd/host_file_sum64/_x/link/vivado/vpl/prj/prj.gen/my_rm/bd/ulp/ipshared/b8f2/hdl/iomodule_v3_1_vh_rfs.vhd:3213]
	Parameter C_TMR bound to: 0 - type: integer 
	Parameter C_USE_TMR_DISABLE bound to: 0 - type: integer 
	Parameter C_VOTE_SIZE bound to: 32 - type: integer 
	Parameter C_USE_GPO bound to: 0 - type: integer 
	Parameter C_GPO_SIZE bound to: 32 - type: integer 
	Parameter C_GPO_INIT bound to: 32'b00000000000000000000000000000000 
INFO: [Synth 8-3491] module 'GPO_Module' declared at '/home/uni/project/smartssd/host_file_sum64/_x/link/vivado/vpl/prj/prj.gen/my_rm/bd/ulp/ipshared/b8f2/hdl/iomodule_v3_1_vh_rfs.vhd:3189' bound to instance 'GPO_I2' of component 'GPO_Module' [/home/uni/project/smartssd/host_file_sum64/_x/link/vivado/vpl/prj/prj.gen/my_rm/bd/ulp/ipshared/b8f2/hdl/iomodule_v3_1_vh_rfs.vhd:9377]
	Parameter C_TMR bound to: 0 - type: integer 
	Parameter C_USE_TMR_DISABLE bound to: 0 - type: integer 
	Parameter C_VOTE_SIZE bound to: 32 - type: integer 
	Parameter C_USE_GPO bound to: 0 - type: integer 
	Parameter C_GPO_SIZE bound to: 32 - type: integer 
	Parameter C_GPO_INIT bound to: 32'b00000000000000000000000000000000 
INFO: [Synth 8-3491] module 'GPO_Module' declared at '/home/uni/project/smartssd/host_file_sum64/_x/link/vivado/vpl/prj/prj.gen/my_rm/bd/ulp/ipshared/b8f2/hdl/iomodule_v3_1_vh_rfs.vhd:3189' bound to instance 'GPO_I3' of component 'GPO_Module' [/home/uni/project/smartssd/host_file_sum64/_x/link/vivado/vpl/prj/prj.gen/my_rm/bd/ulp/ipshared/b8f2/hdl/iomodule_v3_1_vh_rfs.vhd:9396]
	Parameter C_TMR bound to: 0 - type: integer 
	Parameter C_USE_TMR_DISABLE bound to: 0 - type: integer 
	Parameter C_VOTE_SIZE bound to: 32 - type: integer 
	Parameter C_USE_GPO bound to: 0 - type: integer 
	Parameter C_GPO_SIZE bound to: 32 - type: integer 
	Parameter C_GPO_INIT bound to: 32'b00000000000000000000000000000000 
INFO: [Synth 8-3491] module 'GPO_Module' declared at '/home/uni/project/smartssd/host_file_sum64/_x/link/vivado/vpl/prj/prj.gen/my_rm/bd/ulp/ipshared/b8f2/hdl/iomodule_v3_1_vh_rfs.vhd:3189' bound to instance 'GPO_I4' of component 'GPO_Module' [/home/uni/project/smartssd/host_file_sum64/_x/link/vivado/vpl/prj/prj.gen/my_rm/bd/ulp/ipshared/b8f2/hdl/iomodule_v3_1_vh_rfs.vhd:9415]
	Parameter C_USE_GPI bound to: 0 - type: integer 
	Parameter C_GPI_SIZE bound to: 32 - type: integer 
	Parameter C_GPI_INTERRUPT bound to: 0 - type: integer 
INFO: [Synth 8-3491] module 'GPI_Module' declared at '/home/uni/project/smartssd/host_file_sum64/_x/link/vivado/vpl/prj/prj.gen/my_rm/bd/ulp/ipshared/b8f2/hdl/iomodule_v3_1_vh_rfs.vhd:3017' bound to instance 'GPI_I1' of component 'GPI_Module' [/home/uni/project/smartssd/host_file_sum64/_x/link/vivado/vpl/prj/prj.gen/my_rm/bd/ulp/ipshared/b8f2/hdl/iomodule_v3_1_vh_rfs.vhd:9437]
INFO: [Synth 8-638] synthesizing module 'GPI_Module' [/home/uni/project/smartssd/host_file_sum64/_x/link/vivado/vpl/prj/prj.gen/my_rm/bd/ulp/ipshared/b8f2/hdl/iomodule_v3_1_vh_rfs.vhd:3033]
INFO: [Synth 8-256] done synthesizing module 'GPI_Module' (0#1) [/home/uni/project/smartssd/host_file_sum64/_x/link/vivado/vpl/prj/prj.gen/my_rm/bd/ulp/ipshared/b8f2/hdl/iomodule_v3_1_vh_rfs.vhd:3033]
	Parameter C_USE_GPI bound to: 0 - type: integer 
	Parameter C_GPI_SIZE bound to: 32 - type: integer 
	Parameter C_GPI_INTERRUPT bound to: 0 - type: integer 
INFO: [Synth 8-3491] module 'GPI_Module' declared at '/home/uni/project/smartssd/host_file_sum64/_x/link/vivado/vpl/prj/prj.gen/my_rm/bd/ulp/ipshared/b8f2/hdl/iomodule_v3_1_vh_rfs.vhd:3017' bound to instance 'GPI_I2' of component 'GPI_Module' [/home/uni/project/smartssd/host_file_sum64/_x/link/vivado/vpl/prj/prj.gen/my_rm/bd/ulp/ipshared/b8f2/hdl/iomodule_v3_1_vh_rfs.vhd:9453]
	Parameter C_USE_GPI bound to: 0 - type: integer 
	Parameter C_GPI_SIZE bound to: 32 - type: integer 
	Parameter C_GPI_INTERRUPT bound to: 0 - type: integer 
INFO: [Synth 8-3491] module 'GPI_Module' declared at '/home/uni/project/smartssd/host_file_sum64/_x/link/vivado/vpl/prj/prj.gen/my_rm/bd/ulp/ipshared/b8f2/hdl/iomodule_v3_1_vh_rfs.vhd:3017' bound to instance 'GPI_I3' of component 'GPI_Module' [/home/uni/project/smartssd/host_file_sum64/_x/link/vivado/vpl/prj/prj.gen/my_rm/bd/ulp/ipshared/b8f2/hdl/iomodule_v3_1_vh_rfs.vhd:9469]
	Parameter C_USE_GPI bound to: 0 - type: integer 
	Parameter C_GPI_SIZE bound to: 32 - type: integer 
	Parameter C_GPI_INTERRUPT bound to: 0 - type: integer 
INFO: [Synth 8-3491] module 'GPI_Module' declared at '/home/uni/project/smartssd/host_file_sum64/_x/link/vivado/vpl/prj/prj.gen/my_rm/bd/ulp/ipshared/b8f2/hdl/iomodule_v3_1_vh_rfs.vhd:3017' bound to instance 'GPI_I4' of component 'GPI_Module' [/home/uni/project/smartssd/host_file_sum64/_x/link/vivado/vpl/prj/prj.gen/my_rm/bd/ulp/ipshared/b8f2/hdl/iomodule_v3_1_vh_rfs.vhd:9485]
	Parameter C_TARGET bound to: 1'b0 
	Parameter C_TMR bound to: 0 - type: integer 
	Parameter C_USE_TMR_DISABLE bound to: 0 - type: integer 
	Parameter C_VOTE_SIZE bound to: 170 - type: integer 
	Parameter C_ADDR_WIDTH bound to: 32 - type: integer 
	Parameter C_INTC_ENABLED bound to: 0 - type: integer 
	Parameter C_INTC_LEVEL_EDGE bound to: 32'b00000000000000001111111111111111 
	Parameter C_INTC_POSITIVE bound to: 32'b11111111111111111111111111111111 
	Parameter C_INTC_ASYNC_INTR bound to: 32'b11111111111111110000000000000000 
	Parameter C_INTC_HAS_FAST bound to: 1 - type: integer 
	Parameter C_INTC_ADDR_WIDTH bound to: 17 - type: integer 
	Parameter C_INTC_NUM_SYNC_FF bound to: 2 - type: integer 
	Parameter C_INTC_BASE_VECTORS bound to: 64'b0000000000000000000000000000000000000000000000000000000000000000 
	Parameter C_USE_LUTRAM bound to: yes - type: string 
INFO: [Synth 8-3491] module 'intr_ctrl' declared at '/home/uni/project/smartssd/host_file_sum64/_x/link/vivado/vpl/prj/prj.gen/my_rm/bd/ulp/ipshared/b8f2/hdl/iomodule_v3_1_vh_rfs.vhd:3369' bound to instance 'intr_ctrl_I1' of component 'intr_ctrl' [/home/uni/project/smartssd/host_file_sum64/_x/link/vivado/vpl/prj/prj.gen/my_rm/bd/ulp/ipshared/b8f2/hdl/iomodule_v3_1_vh_rfs.vhd:9527]
INFO: [Synth 8-638] synthesizing module 'intr_ctrl' [/home/uni/project/smartssd/host_file_sum64/_x/link/vivado/vpl/prj/prj.gen/my_rm/bd/ulp/ipshared/b8f2/hdl/iomodule_v3_1_vh_rfs.vhd:3415]
	Parameter C_TARGET bound to: 1'b0 
INFO: [Synth 8-3491] module 'MB_FDR' declared at '/home/uni/project/smartssd/host_file_sum64/_x/link/vivado/vpl/prj/prj.gen/my_rm/bd/ulp/ipshared/b8f2/hdl/iomodule_v3_1_vh_rfs.vhd:1019' bound to instance 'fdr_i' of component 'MB_FDR' [/home/uni/project/smartssd/host_file_sum64/_x/link/vivado/vpl/prj/prj.gen/my_rm/bd/ulp/ipshared/b8f2/hdl/iomodule_v3_1_vh_rfs.vhd:4174]
INFO: [Synth 8-638] synthesizing module 'iomodule_v3_1_8_MB_FDR' [/home/uni/project/smartssd/host_file_sum64/_x/link/vivado/vpl/prj/prj.gen/my_rm/bd/ulp/ipshared/b8f2/hdl/iomodule_v3_1_vh_rfs.vhd:1035]
	Parameter INIT bound to: 1'b0 
INFO: [Synth 8-113] binding component instance 'Native' to cell 'FDR' [/home/uni/project/smartssd/host_file_sum64/_x/link/vivado/vpl/prj/prj.gen/my_rm/bd/ulp/ipshared/b8f2/hdl/iomodule_v3_1_vh_rfs.vhd:1064]
INFO: [Synth 8-256] done synthesizing module 'iomodule_v3_1_8_MB_FDR' (0#1) [/home/uni/project/smartssd/host_file_sum64/_x/link/vivado/vpl/prj/prj.gen/my_rm/bd/ulp/ipshared/b8f2/hdl/iomodule_v3_1_vh_rfs.vhd:1035]
	Parameter C_TARGET bound to: 1'b0 
INFO: [Synth 8-3491] module 'MB_FDR' declared at '/home/uni/project/smartssd/host_file_sum64/_x/link/vivado/vpl/prj/prj.gen/my_rm/bd/ulp/ipshared/b8f2/hdl/iomodule_v3_1_vh_rfs.vhd:1019' bound to instance 'fdr_i' of component 'MB_FDR' [/home/uni/project/smartssd/host_file_sum64/_x/link/vivado/vpl/prj/prj.gen/my_rm/bd/ulp/ipshared/b8f2/hdl/iomodule_v3_1_vh_rfs.vhd:4174]
	Parameter C_TARGET bound to: 1'b0 
INFO: [Synth 8-3491] module 'MB_FDR' declared at '/home/uni/project/smartssd/host_file_sum64/_x/link/vivado/vpl/prj/prj.gen/my_rm/bd/ulp/ipshared/b8f2/hdl/iomodule_v3_1_vh_rfs.vhd:1019' bound to instance 'fdr_i' of component 'MB_FDR' [/home/uni/project/smartssd/host_file_sum64/_x/link/vivado/vpl/prj/prj.gen/my_rm/bd/ulp/ipshared/b8f2/hdl/iomodule_v3_1_vh_rfs.vhd:4174]
	Parameter C_TARGET bound to: 1'b0 
INFO: [Synth 8-3491] module 'MB_FDR' declared at '/home/uni/project/smartssd/host_file_sum64/_x/link/vivado/vpl/prj/prj.gen/my_rm/bd/ulp/ipshared/b8f2/hdl/iomodule_v3_1_vh_rfs.vhd:1019' bound to instance 'fdr_i' of component 'MB_FDR' [/home/uni/project/smartssd/host_file_sum64/_x/link/vivado/vpl/prj/prj.gen/my_rm/bd/ulp/ipshared/b8f2/hdl/iomodule_v3_1_vh_rfs.vhd:4174]
	Parameter C_TARGET bound to: 1'b0 
INFO: [Synth 8-3491] module 'MB_FDR' declared at '/home/uni/project/smartssd/host_file_sum64/_x/link/vivado/vpl/prj/prj.gen/my_rm/bd/ulp/ipshared/b8f2/hdl/iomodule_v3_1_vh_rfs.vhd:1019' bound to instance 'fdr_i' of component 'MB_FDR' [/home/uni/project/smartssd/host_file_sum64/_x/link/vivado/vpl/prj/prj.gen/my_rm/bd/ulp/ipshared/b8f2/hdl/iomodule_v3_1_vh_rfs.vhd:4174]
	Parameter C_TARGET bound to: 1'b0 
INFO: [Synth 8-3491] module 'MB_FDR' declared at '/home/uni/project/smartssd/host_file_sum64/_x/link/vivado/vpl/prj/prj.gen/my_rm/bd/ulp/ipshared/b8f2/hdl/iomodule_v3_1_vh_rfs.vhd:1019' bound to instance 'fdr_i' of component 'MB_FDR' [/home/uni/project/smartssd/host_file_sum64/_x/link/vivado/vpl/prj/prj.gen/my_rm/bd/ulp/ipshared/b8f2/hdl/iomodule_v3_1_vh_rfs.vhd:4174]
	Parameter C_TARGET bound to: 1'b0 
INFO: [Synth 8-3491] module 'MB_FDR' declared at '/home/uni/project/smartssd/host_file_sum64/_x/link/vivado/vpl/prj/prj.gen/my_rm/bd/ulp/ipshared/b8f2/hdl/iomodule_v3_1_vh_rfs.vhd:1019' bound to instance 'fdr_i' of component 'MB_FDR' [/home/uni/project/smartssd/host_file_sum64/_x/link/vivado/vpl/prj/prj.gen/my_rm/bd/ulp/ipshared/b8f2/hdl/iomodule_v3_1_vh_rfs.vhd:4174]
	Parameter C_TARGET bound to: 1'b0 
INFO: [Synth 8-3491] module 'MB_FDR' declared at '/home/uni/project/smartssd/host_file_sum64/_x/link/vivado/vpl/prj/prj.gen/my_rm/bd/ulp/ipshared/b8f2/hdl/iomodule_v3_1_vh_rfs.vhd:1019' bound to instance 'fdr_i' of component 'MB_FDR' [/home/uni/project/smartssd/host_file_sum64/_x/link/vivado/vpl/prj/prj.gen/my_rm/bd/ulp/ipshared/b8f2/hdl/iomodule_v3_1_vh_rfs.vhd:4174]
	Parameter C_TARGET bound to: 1'b0 
INFO: [Synth 8-3491] module 'MB_FDR' declared at '/home/uni/project/smartssd/host_file_sum64/_x/link/vivado/vpl/prj/prj.gen/my_rm/bd/ulp/ipshared/b8f2/hdl/iomodule_v3_1_vh_rfs.vhd:1019' bound to instance 'fdr_i' of component 'MB_FDR' [/home/uni/project/smartssd/host_file_sum64/_x/link/vivado/vpl/prj/prj.gen/my_rm/bd/ulp/ipshared/b8f2/hdl/iomodule_v3_1_vh_rfs.vhd:4174]
	Parameter C_TARGET bound to: 1'b0 
INFO: [Synth 8-3491] module 'MB_FDR' declared at '/home/uni/project/smartssd/host_file_sum64/_x/link/vivado/vpl/prj/prj.gen/my_rm/bd/ulp/ipshared/b8f2/hdl/iomodule_v3_1_vh_rfs.vhd:1019' bound to instance 'fdr_i' of component 'MB_FDR' [/home/uni/project/smartssd/host_file_sum64/_x/link/vivado/vpl/prj/prj.gen/my_rm/bd/ulp/ipshared/b8f2/hdl/iomodule_v3_1_vh_rfs.vhd:4174]
	Parameter C_TARGET bound to: 1'b0 
INFO: [Synth 8-3491] module 'MB_FDR' declared at '/home/uni/project/smartssd/host_file_sum64/_x/link/vivado/vpl/prj/prj.gen/my_rm/bd/ulp/ipshared/b8f2/hdl/iomodule_v3_1_vh_rfs.vhd:1019' bound to instance 'fdr_i' of component 'MB_FDR' [/home/uni/project/smartssd/host_file_sum64/_x/link/vivado/vpl/prj/prj.gen/my_rm/bd/ulp/ipshared/b8f2/hdl/iomodule_v3_1_vh_rfs.vhd:4174]
	Parameter C_TARGET bound to: 1'b0 
INFO: [Synth 8-3491] module 'MB_FDR' declared at '/home/uni/project/smartssd/host_file_sum64/_x/link/vivado/vpl/prj/prj.gen/my_rm/bd/ulp/ipshared/b8f2/hdl/iomodule_v3_1_vh_rfs.vhd:1019' bound to instance 'fdr_i' of component 'MB_FDR' [/home/uni/project/smartssd/host_file_sum64/_x/link/vivado/vpl/prj/prj.gen/my_rm/bd/ulp/ipshared/b8f2/hdl/iomodule_v3_1_vh_rfs.vhd:4174]
	Parameter C_TARGET bound to: 1'b0 
INFO: [Synth 8-3491] module 'MB_FDR' declared at '/home/uni/project/smartssd/host_file_sum64/_x/link/vivado/vpl/prj/prj.gen/my_rm/bd/ulp/ipshared/b8f2/hdl/iomodule_v3_1_vh_rfs.vhd:1019' bound to instance 'fdr_i' of component 'MB_FDR' [/home/uni/project/smartssd/host_file_sum64/_x/link/vivado/vpl/prj/prj.gen/my_rm/bd/ulp/ipshared/b8f2/hdl/iomodule_v3_1_vh_rfs.vhd:4174]
	Parameter C_TARGET bound to: 1'b0 
INFO: [Synth 8-3491] module 'MB_FDR' declared at '/home/uni/project/smartssd/host_file_sum64/_x/link/vivado/vpl/prj/prj.gen/my_rm/bd/ulp/ipshared/b8f2/hdl/iomodule_v3_1_vh_rfs.vhd:1019' bound to instance 'fdr_i' of component 'MB_FDR' [/home/uni/project/smartssd/host_file_sum64/_x/link/vivado/vpl/prj/prj.gen/my_rm/bd/ulp/ipshared/b8f2/hdl/iomodule_v3_1_vh_rfs.vhd:4174]
	Parameter C_TARGET bound to: 1'b0 
INFO: [Synth 8-3491] module 'MB_FDR' declared at '/home/uni/project/smartssd/host_file_sum64/_x/link/vivado/vpl/prj/prj.gen/my_rm/bd/ulp/ipshared/b8f2/hdl/iomodule_v3_1_vh_rfs.vhd:1019' bound to instance 'fdr_i' of component 'MB_FDR' [/home/uni/project/smartssd/host_file_sum64/_x/link/vivado/vpl/prj/prj.gen/my_rm/bd/ulp/ipshared/b8f2/hdl/iomodule_v3_1_vh_rfs.vhd:4174]
	Parameter C_TARGET bound to: 1'b0 
INFO: [Synth 8-3491] module 'MB_FDR' declared at '/home/uni/project/smartssd/host_file_sum64/_x/link/vivado/vpl/prj/prj.gen/my_rm/bd/ulp/ipshared/b8f2/hdl/iomodule_v3_1_vh_rfs.vhd:1019' bound to instance 'fdr_i' of component 'MB_FDR' [/home/uni/project/smartssd/host_file_sum64/_x/link/vivado/vpl/prj/prj.gen/my_rm/bd/ulp/ipshared/b8f2/hdl/iomodule_v3_1_vh_rfs.vhd:4174]
	Parameter C_TARGET bound to: 1'b0 
INFO: [Synth 8-3491] module 'MB_FDR' declared at '/home/uni/project/smartssd/host_file_sum64/_x/link/vivado/vpl/prj/prj.gen/my_rm/bd/ulp/ipshared/b8f2/hdl/iomodule_v3_1_vh_rfs.vhd:1019' bound to instance 'fdr_i' of component 'MB_FDR' [/home/uni/project/smartssd/host_file_sum64/_x/link/vivado/vpl/prj/prj.gen/my_rm/bd/ulp/ipshared/b8f2/hdl/iomodule_v3_1_vh_rfs.vhd:4174]
	Parameter C_TARGET bound to: 1'b0 
INFO: [Synth 8-3491] module 'MB_FDR' declared at '/home/uni/project/smartssd/host_file_sum64/_x/link/vivado/vpl/prj/prj.gen/my_rm/bd/ulp/ipshared/b8f2/hdl/iomodule_v3_1_vh_rfs.vhd:1019' bound to instance 'fdr_i' of component 'MB_FDR' [/home/uni/project/smartssd/host_file_sum64/_x/link/vivado/vpl/prj/prj.gen/my_rm/bd/ulp/ipshared/b8f2/hdl/iomodule_v3_1_vh_rfs.vhd:4174]
	Parameter C_TARGET bound to: 1'b0 
INFO: [Synth 8-3491] module 'MB_FDR' declared at '/home/uni/project/smartssd/host_file_sum64/_x/link/vivado/vpl/prj/prj.gen/my_rm/bd/ulp/ipshared/b8f2/hdl/iomodule_v3_1_vh_rfs.vhd:1019' bound to instance 'fdr_i' of component 'MB_FDR' [/home/uni/project/smartssd/host_file_sum64/_x/link/vivado/vpl/prj/prj.gen/my_rm/bd/ulp/ipshared/b8f2/hdl/iomodule_v3_1_vh_rfs.vhd:4174]
	Parameter C_TARGET bound to: 1'b0 
INFO: [Synth 8-3491] module 'MB_FDR' declared at '/home/uni/project/smartssd/host_file_sum64/_x/link/vivado/vpl/prj/prj.gen/my_rm/bd/ulp/ipshared/b8f2/hdl/iomodule_v3_1_vh_rfs.vhd:1019' bound to instance 'fdr_i' of component 'MB_FDR' [/home/uni/project/smartssd/host_file_sum64/_x/link/vivado/vpl/prj/prj.gen/my_rm/bd/ulp/ipshared/b8f2/hdl/iomodule_v3_1_vh_rfs.vhd:4174]
	Parameter C_TARGET bound to: 1'b0 
INFO: [Synth 8-3491] module 'MB_FDR' declared at '/home/uni/project/smartssd/host_file_sum64/_x/link/vivado/vpl/prj/prj.gen/my_rm/bd/ulp/ipshared/b8f2/hdl/iomodule_v3_1_vh_rfs.vhd:1019' bound to instance 'fdr_i' of component 'MB_FDR' [/home/uni/project/smartssd/host_file_sum64/_x/link/vivado/vpl/prj/prj.gen/my_rm/bd/ulp/ipshared/b8f2/hdl/iomodule_v3_1_vh_rfs.vhd:4174]
	Parameter C_TARGET bound to: 1'b0 
INFO: [Synth 8-3491] module 'MB_FDR' declared at '/home/uni/project/smartssd/host_file_sum64/_x/link/vivado/vpl/prj/prj.gen/my_rm/bd/ulp/ipshared/b8f2/hdl/iomodule_v3_1_vh_rfs.vhd:1019' bound to instance 'fdr_i' of component 'MB_FDR' [/home/uni/project/smartssd/host_file_sum64/_x/link/vivado/vpl/prj/prj.gen/my_rm/bd/ulp/ipshared/b8f2/hdl/iomodule_v3_1_vh_rfs.vhd:4174]
	Parameter C_TARGET bound to: 1'b0 
INFO: [Synth 8-3491] module 'MB_FDR' declared at '/home/uni/project/smartssd/host_file_sum64/_x/link/vivado/vpl/prj/prj.gen/my_rm/bd/ulp/ipshared/b8f2/hdl/iomodule_v3_1_vh_rfs.vhd:1019' bound to instance 'fdr_i' of component 'MB_FDR' [/home/uni/project/smartssd/host_file_sum64/_x/link/vivado/vpl/prj/prj.gen/my_rm/bd/ulp/ipshared/b8f2/hdl/iomodule_v3_1_vh_rfs.vhd:4174]
	Parameter C_TARGET bound to: 1'b0 
INFO: [Synth 8-3491] module 'MB_FDR' declared at '/home/uni/project/smartssd/host_file_sum64/_x/link/vivado/vpl/prj/prj.gen/my_rm/bd/ulp/ipshared/b8f2/hdl/iomodule_v3_1_vh_rfs.vhd:1019' bound to instance 'fdr_i' of component 'MB_FDR' [/home/uni/project/smartssd/host_file_sum64/_x/link/vivado/vpl/prj/prj.gen/my_rm/bd/ulp/ipshared/b8f2/hdl/iomodule_v3_1_vh_rfs.vhd:4174]
	Parameter C_TARGET bound to: 1'b0 
INFO: [Synth 8-3491] module 'MB_FDR' declared at '/home/uni/project/smartssd/host_file_sum64/_x/link/vivado/vpl/prj/prj.gen/my_rm/bd/ulp/ipshared/b8f2/hdl/iomodule_v3_1_vh_rfs.vhd:1019' bound to instance 'fdr_i' of component 'MB_FDR' [/home/uni/project/smartssd/host_file_sum64/_x/link/vivado/vpl/prj/prj.gen/my_rm/bd/ulp/ipshared/b8f2/hdl/iomodule_v3_1_vh_rfs.vhd:4174]
	Parameter C_TARGET bound to: 1'b0 
INFO: [Synth 8-3491] module 'MB_FDR' declared at '/home/uni/project/smartssd/host_file_sum64/_x/link/vivado/vpl/prj/prj.gen/my_rm/bd/ulp/ipshared/b8f2/hdl/iomodule_v3_1_vh_rfs.vhd:1019' bound to instance 'fdr_i' of component 'MB_FDR' [/home/uni/project/smartssd/host_file_sum64/_x/link/vivado/vpl/prj/prj.gen/my_rm/bd/ulp/ipshared/b8f2/hdl/iomodule_v3_1_vh_rfs.vhd:4174]
	Parameter C_TARGET bound to: 1'b0 
INFO: [Synth 8-3491] module 'MB_FDR' declared at '/home/uni/project/smartssd/host_file_sum64/_x/link/vivado/vpl/prj/prj.gen/my_rm/bd/ulp/ipshared/b8f2/hdl/iomodule_v3_1_vh_rfs.vhd:1019' bound to instance 'fdr_i' of component 'MB_FDR' [/home/uni/project/smartssd/host_file_sum64/_x/link/vivado/vpl/prj/prj.gen/my_rm/bd/ulp/ipshared/b8f2/hdl/iomodule_v3_1_vh_rfs.vhd:4174]
	Parameter C_TARGET bound to: 1'b0 
INFO: [Synth 8-3491] module 'MB_FDR' declared at '/home/uni/project/smartssd/host_file_sum64/_x/link/vivado/vpl/prj/prj.gen/my_rm/bd/ulp/ipshared/b8f2/hdl/iomodule_v3_1_vh_rfs.vhd:1019' bound to instance 'fdr_i' of component 'MB_FDR' [/home/uni/project/smartssd/host_file_sum64/_x/link/vivado/vpl/prj/prj.gen/my_rm/bd/ulp/ipshared/b8f2/hdl/iomodule_v3_1_vh_rfs.vhd:4174]
	Parameter C_TARGET bound to: 1'b0 
INFO: [Synth 8-3491] module 'MB_FDR' declared at '/home/uni/project/smartssd/host_file_sum64/_x/link/vivado/vpl/prj/prj.gen/my_rm/bd/ulp/ipshared/b8f2/hdl/iomodule_v3_1_vh_rfs.vhd:1019' bound to instance 'fdr_i' of component 'MB_FDR' [/home/uni/project/smartssd/host_file_sum64/_x/link/vivado/vpl/prj/prj.gen/my_rm/bd/ulp/ipshared/b8f2/hdl/iomodule_v3_1_vh_rfs.vhd:4174]
	Parameter C_TARGET bound to: 1'b0 
INFO: [Synth 8-3491] module 'MB_FDR' declared at '/home/uni/project/smartssd/host_file_sum64/_x/link/vivado/vpl/prj/prj.gen/my_rm/bd/ulp/ipshared/b8f2/hdl/iomodule_v3_1_vh_rfs.vhd:1019' bound to instance 'fdr_i' of component 'MB_FDR' [/home/uni/project/smartssd/host_file_sum64/_x/link/vivado/vpl/prj/prj.gen/my_rm/bd/ulp/ipshared/b8f2/hdl/iomodule_v3_1_vh_rfs.vhd:4174]
	Parameter C_TARGET bound to: 1'b0 
INFO: [Synth 8-3491] module 'MB_FDR' declared at '/home/uni/project/smartssd/host_file_sum64/_x/link/vivado/vpl/prj/prj.gen/my_rm/bd/ulp/ipshared/b8f2/hdl/iomodule_v3_1_vh_rfs.vhd:1019' bound to instance 'fdr_i' of component 'MB_FDR' [/home/uni/project/smartssd/host_file_sum64/_x/link/vivado/vpl/prj/prj.gen/my_rm/bd/ulp/ipshared/b8f2/hdl/iomodule_v3_1_vh_rfs.vhd:4174]
	Parameter C_TARGET bound to: 1'b0 
INFO: [Synth 8-3491] module 'MB_FDR' declared at '/home/uni/project/smartssd/host_file_sum64/_x/link/vivado/vpl/prj/prj.gen/my_rm/bd/ulp/ipshared/b8f2/hdl/iomodule_v3_1_vh_rfs.vhd:1019' bound to instance 'fdr_i' of component 'MB_FDR' [/home/uni/project/smartssd/host_file_sum64/_x/link/vivado/vpl/prj/prj.gen/my_rm/bd/ulp/ipshared/b8f2/hdl/iomodule_v3_1_vh_rfs.vhd:4174]
INFO: [Synth 8-256] done synthesizing module 'intr_ctrl' (0#1) [/home/uni/project/smartssd/host_file_sum64/_x/link/vivado/vpl/prj/prj.gen/my_rm/bd/ulp/ipshared/b8f2/hdl/iomodule_v3_1_vh_rfs.vhd:3415]
INFO: [Synth 8-256] done synthesizing module 'Iomodule_core' (0#1) [/home/uni/project/smartssd/host_file_sum64/_x/link/vivado/vpl/prj/prj.gen/my_rm/bd/ulp/ipshared/b8f2/hdl/iomodule_v3_1_vh_rfs.vhd:8727]
INFO: [Synth 8-256] done synthesizing module 'iomodule' (0#1) [/home/uni/project/smartssd/host_file_sum64/_x/link/vivado/vpl/prj/prj.gen/my_rm/bd/ulp/ipshared/b8f2/hdl/iomodule_v3_1_vh_rfs.vhd:10105]
INFO: [Synth 8-256] done synthesizing module 'bd_8f7d_iomodule_0_0' (0#1) [/home/uni/project/smartssd/host_file_sum64/_x/link/vivado/vpl/prj/prj.gen/my_rm/bd/ulp/ip/ulp_ddrmem_1_0/bd_0/ip/ip_10/synth/bd_8f7d_iomodule_0_0.vhd:85]
INFO: [Synth 8-638] synthesizing module 'bd_8f7d_lmb_bram_I_0' [/home/uni/project/smartssd/host_file_sum64/_x/link/vivado/vpl/prj/prj.gen/my_rm/bd/ulp/ip/ulp_ddrmem_1_0/bd_0/ip/ip_6/synth/bd_8f7d_lmb_bram_I_0.vhd:80]
	Parameter C_FAMILY bound to: kintexuplus - type: string 
	Parameter C_XDEVICEFAMILY bound to: kintexuplus - type: string 
	Parameter C_ELABORATION_DIR bound to: ./ - type: string 
	Parameter C_INTERFACE_TYPE bound to: 0 - type: integer 
	Parameter C_AXI_TYPE bound to: 1 - type: integer 
	Parameter C_AXI_SLAVE_TYPE bound to: 0 - type: integer 
	Parameter C_USE_BRAM_BLOCK bound to: 1 - type: integer 
	Parameter C_ENABLE_32BIT_ADDRESS bound to: 1 - type: integer 
	Parameter C_CTRL_ECC_ALGO bound to: NONE - type: string 
	Parameter C_HAS_AXI_ID bound to: 0 - type: integer 
	Parameter C_AXI_ID_WIDTH bound to: 4 - type: integer 
	Parameter C_MEM_TYPE bound to: 2 - type: integer 
	Parameter C_BYTE_SIZE bound to: 8 - type: integer 
	Parameter C_ALGORITHM bound to: 1 - type: integer 
	Parameter C_PRIM_TYPE bound to: 1 - type: integer 
	Parameter C_LOAD_INIT_FILE bound to: 0 - type: integer 
	Parameter C_INIT_FILE_NAME bound to: no_coe_file_loaded - type: string 
	Parameter C_INIT_FILE bound to: bd_8f7d_lmb_bram_I_0.mem - type: string 
	Parameter C_USE_DEFAULT_DATA bound to: 0 - type: integer 
	Parameter C_DEFAULT_DATA bound to: 0 - type: string 
	Parameter C_HAS_RSTA bound to: 1 - type: integer 
	Parameter C_RST_PRIORITY_A bound to: CE - type: string 
	Parameter C_RSTRAM_A bound to: 0 - type: integer 
	Parameter C_INITA_VAL bound to: 0 - type: string 
	Parameter C_HAS_ENA bound to: 1 - type: integer 
	Parameter C_HAS_REGCEA bound to: 0 - type: integer 
	Parameter C_USE_BYTE_WEA bound to: 1 - type: integer 
	Parameter C_WEA_WIDTH bound to: 4 - type: integer 
	Parameter C_WRITE_MODE_A bound to: WRITE_FIRST - type: string 
	Parameter C_WRITE_WIDTH_A bound to: 32 - type: integer 
	Parameter C_READ_WIDTH_A bound to: 32 - type: integer 
	Parameter C_WRITE_DEPTH_A bound to: 16384 - type: integer 
	Parameter C_READ_DEPTH_A bound to: 16384 - type: integer 
	Parameter C_ADDRA_WIDTH bound to: 32 - type: integer 
	Parameter C_HAS_RSTB bound to: 1 - type: integer 
	Parameter C_RST_PRIORITY_B bound to: CE - type: string 
	Parameter C_RSTRAM_B bound to: 0 - type: integer 
	Parameter C_INITB_VAL bound to: 0 - type: string 
	Parameter C_HAS_ENB bound to: 1 - type: integer 
	Parameter C_HAS_REGCEB bound to: 0 - type: integer 
	Parameter C_USE_BYTE_WEB bound to: 1 - type: integer 
	Parameter C_WEB_WIDTH bound to: 4 - type: integer 
	Parameter C_WRITE_MODE_B bound to: WRITE_FIRST - type: string 
	Parameter C_WRITE_WIDTH_B bound to: 32 - type: integer 
	Parameter C_READ_WIDTH_B bound to: 32 - type: integer 
	Parameter C_WRITE_DEPTH_B bound to: 16384 - type: integer 
	Parameter C_READ_DEPTH_B bound to: 16384 - type: integer 
	Parameter C_ADDRB_WIDTH bound to: 32 - type: integer 
	Parameter C_HAS_MEM_OUTPUT_REGS_A bound to: 0 - type: integer 
	Parameter C_HAS_MEM_OUTPUT_REGS_B bound to: 0 - type: integer 
	Parameter C_HAS_MUX_OUTPUT_REGS_A bound to: 0 - type: integer 
	Parameter C_HAS_MUX_OUTPUT_REGS_B bound to: 0 - type: integer 
	Parameter C_MUX_PIPELINE_STAGES bound to: 0 - type: integer 
	Parameter C_HAS_SOFTECC_INPUT_REGS_A bound to: 0 - type: integer 
	Parameter C_HAS_SOFTECC_OUTPUT_REGS_B bound to: 0 - type: integer 
	Parameter C_USE_SOFTECC bound to: 0 - type: integer 
	Parameter C_USE_ECC bound to: 0 - type: integer 
	Parameter C_EN_ECC_PIPE bound to: 0 - type: integer 
	Parameter C_READ_LATENCY_A bound to: 1 - type: integer 
	Parameter C_READ_LATENCY_B bound to: 1 - type: integer 
	Parameter C_HAS_INJECTERR bound to: 0 - type: integer 
	Parameter C_SIM_COLLISION_CHECK bound to: ALL - type: string 
	Parameter C_COMMON_CLK bound to: 0 - type: integer 
	Parameter C_DISABLE_WARN_BHV_COLL bound to: 0 - type: integer 
	Parameter C_EN_SLEEP_PIN bound to: 0 - type: integer 
	Parameter C_USE_URAM bound to: 0 - type: integer 
	Parameter C_EN_RDADDRA_CHG bound to: 0 - type: integer 
	Parameter C_EN_RDADDRB_CHG bound to: 0 - type: integer 
	Parameter C_EN_DEEPSLEEP_PIN bound to: 0 - type: integer 
	Parameter C_EN_SHUTDOWN_PIN bound to: 0 - type: integer 
	Parameter C_EN_SAFETY_CKT bound to: 1 - type: integer 
	Parameter C_DISABLE_WARN_BHV_RANGE bound to: 0 - type: integer 
	Parameter C_COUNT_36K_BRAM bound to: 16 - type: string 
	Parameter C_COUNT_18K_BRAM bound to: 0 - type: string 
	Parameter C_EST_POWER_SUMMARY bound to: Estimated Power for IP     :     14.997773 mW - type: string 
INFO: [Synth 8-3491] module 'blk_mem_gen_v8_4_5' declared at '/home/uni/project/smartssd/host_file_sum64/_x/link/vivado/vpl/prj/prj.gen/my_rm/bd/ulp/ipshared/25a8/hdl/blk_mem_gen_v8_4_vhsyn_rfs.vhd:195321' bound to instance 'U0' of component 'blk_mem_gen_v8_4_5' [/home/uni/project/smartssd/host_file_sum64/_x/link/vivado/vpl/prj/prj.gen/my_rm/bd/ulp/ip/ulp_ddrmem_1_0/bd_0/ip/ip_6/synth/bd_8f7d_lmb_bram_I_0.vhd:255]
INFO: [Synth 8-256] done synthesizing module 'bd_8f7d_lmb_bram_I_0' (0#1) [/home/uni/project/smartssd/host_file_sum64/_x/link/vivado/vpl/prj/prj.gen/my_rm/bd/ulp/ip/ulp_ddrmem_1_0/bd_0/ip/ip_6/synth/bd_8f7d_lmb_bram_I_0.vhd:80]
WARNING: [Synth 8-7071] port 'rsta_busy' of module 'bd_8f7d_lmb_bram_I_0' is unconnected for instance 'lmb_bram_I' [/home/uni/project/smartssd/host_file_sum64/_x/link/vivado/vpl/prj/prj.gen/my_rm/bd/ulp/ip/ulp_ddrmem_1_0/bd_0/synth/bd_8f7d.v:375]
WARNING: [Synth 8-7071] port 'rstb_busy' of module 'bd_8f7d_lmb_bram_I_0' is unconnected for instance 'lmb_bram_I' [/home/uni/project/smartssd/host_file_sum64/_x/link/vivado/vpl/prj/prj.gen/my_rm/bd/ulp/ip/ulp_ddrmem_1_0/bd_0/synth/bd_8f7d.v:375]
WARNING: [Synth 8-7023] instance 'lmb_bram_I' of module 'bd_8f7d_lmb_bram_I_0' has 16 connections declared, but only 14 given [/home/uni/project/smartssd/host_file_sum64/_x/link/vivado/vpl/prj/prj.gen/my_rm/bd/ulp/ip/ulp_ddrmem_1_0/bd_0/synth/bd_8f7d.v:375]
INFO: [Synth 8-638] synthesizing module 'bd_8f7d_microblaze_I_0' [/home/uni/project/smartssd/host_file_sum64/_x/link/vivado/vpl/prj/prj.gen/my_rm/bd/ulp/ip/ulp_ddrmem_1_0/bd_0/ip/ip_0/synth/bd_8f7d_microblaze_I_0.vhd:118]
	Parameter C_SCO bound to: 0 - type: integer 
	Parameter C_FREQ bound to: 100000000 - type: integer 
	Parameter C_USE_CONFIG_RESET bound to: 0 - type: integer 
	Parameter C_NUM_SYNC_FF_CLK bound to: 2 - type: integer 
	Parameter C_NUM_SYNC_FF_CLK_IRQ bound to: 1 - type: integer 
	Parameter C_NUM_SYNC_FF_CLK_DEBUG bound to: 2 - type: integer 
	Parameter C_NUM_SYNC_FF_DBG_CLK bound to: 1 - type: integer 
	Parameter C_NUM_SYNC_FF_DBG_TRACE_CLK bound to: 2 - type: integer 
	Parameter C_FAULT_TOLERANT bound to: 0 - type: integer 
	Parameter C_ECC_USE_CE_EXCEPTION bound to: 0 - type: integer 
	Parameter C_LOCKSTEP_SLAVE bound to: 0 - type: integer 
	Parameter C_LOCKSTEP_MASTER bound to: 0 - type: integer 
	Parameter C_TEMPORAL_DEPTH bound to: 0 - type: integer 
	Parameter C_ENDIANNESS bound to: 1 - type: integer 
	Parameter C_FAMILY bound to: kintexuplus - type: string 
	Parameter C_DATA_SIZE bound to: 32 - type: integer 
	Parameter C_LMB_DATA_SIZE bound to: 32 - type: integer 
	Parameter C_INSTR_SIZE bound to: 32 - type: integer 
	Parameter C_IADDR_SIZE bound to: 32 - type: integer 
	Parameter C_PIADDR_SIZE bound to: 32 - type: integer 
	Parameter C_DADDR_SIZE bound to: 32 - type: integer 
	Parameter C_INSTANCE bound to: bd_8f7d_microblaze_I_0 - type: string 
	Parameter C_AVOID_PRIMITIVES bound to: 0 - type: integer 
	Parameter C_AREA_OPTIMIZED bound to: 0 - type: integer 
	Parameter C_OPTIMIZATION bound to: 0 - type: integer 
	Parameter C_INTERCONNECT bound to: 2 - type: integer 
	Parameter C_BASE_VECTORS bound to: 64'b0000000000000000000000000000000000000000000000000000000000000000 
	Parameter C_M_AXI_DP_THREAD_ID_WIDTH bound to: 1 - type: integer 
	Parameter C_M_AXI_DP_DATA_WIDTH bound to: 32 - type: integer 
	Parameter C_M_AXI_DP_ADDR_WIDTH bound to: 32 - type: integer 
	Parameter C_M_AXI_DP_EXCLUSIVE_ACCESS bound to: 0 - type: integer 
	Parameter C_M_AXI_D_BUS_EXCEPTION bound to: 0 - type: integer 
	Parameter C_M_AXI_IP_THREAD_ID_WIDTH bound to: 1 - type: integer 
	Parameter C_M_AXI_IP_DATA_WIDTH bound to: 32 - type: integer 
	Parameter C_M_AXI_IP_ADDR_WIDTH bound to: 32 - type: integer 
	Parameter C_M_AXI_I_BUS_EXCEPTION bound to: 0 - type: integer 
	Parameter C_D_LMB bound to: 1 - type: integer 
	Parameter C_D_LMB_PROTOCOL bound to: 0 - type: integer 
	Parameter C_D_AXI bound to: 0 - type: integer 
	Parameter C_I_LMB bound to: 1 - type: integer 
	Parameter C_I_LMB_PROTOCOL bound to: 0 - type: integer 
	Parameter C_I_AXI bound to: 0 - type: integer 
	Parameter G_TEMPLATE_LIST bound to: 0 - type: integer 
	Parameter C_USE_MSR_INSTR bound to: 0 - type: integer 
	Parameter C_USE_PCMP_INSTR bound to: 1 - type: integer 
	Parameter C_USE_BARREL bound to: 1 - type: integer 
	Parameter C_USE_DIV bound to: 1 - type: integer 
	Parameter C_USE_HW_MUL bound to: 1 - type: integer 
	Parameter C_USE_FPU bound to: 0 - type: integer 
	Parameter C_USE_REORDER_INSTR bound to: 0 - type: integer 
	Parameter C_UNALIGNED_EXCEPTIONS bound to: 0 - type: integer 
	Parameter C_ILL_OPCODE_EXCEPTION bound to: 0 - type: integer 
	Parameter C_DIV_ZERO_EXCEPTION bound to: 0 - type: integer 
	Parameter C_FPU_EXCEPTION bound to: 0 - type: integer 
	Parameter C_FSL_LINKS bound to: 0 - type: integer 
	Parameter C_USE_EXTENDED_FSL_INSTR bound to: 0 - type: integer 
	Parameter C_FSL_EXCEPTION bound to: 0 - type: integer 
	Parameter C_USE_STACK_PROTECTION bound to: 0 - type: integer 
	Parameter C_IMPRECISE_EXCEPTIONS bound to: 0 - type: integer 
	Parameter C_USE_INTERRUPT bound to: 0 - type: integer 
	Parameter C_USE_EXT_BRK bound to: 0 - type: integer 
	Parameter C_USE_EXT_NM_BRK bound to: 0 - type: integer 
	Parameter C_USE_NON_SECURE bound to: 0 - type: integer 
	Parameter C_USE_MMU bound to: 0 - type: integer 
	Parameter C_MMU_DTLB_SIZE bound to: 4 - type: integer 
	Parameter C_MMU_ITLB_SIZE bound to: 2 - type: integer 
	Parameter C_MMU_TLB_ACCESS bound to: 3 - type: integer 
	Parameter C_MMU_ZONES bound to: 16 - type: integer 
	Parameter C_MMU_PRIVILEGED_INSTR bound to: 0 - type: integer 
	Parameter C_USE_BRANCH_TARGET_CACHE bound to: 0 - type: integer 
	Parameter C_BRANCH_TARGET_CACHE_SIZE bound to: 0 - type: integer 
	Parameter C_PC_WIDTH bound to: 17 - type: integer 
	Parameter C_PVR bound to: 0 - type: integer 
	Parameter C_PVR_USER1 bound to: 8'b00000000 
	Parameter C_PVR_USER2 bound to: 32'b00000000000000000000000000000000 
	Parameter C_DYNAMIC_BUS_SIZING bound to: 0 - type: integer 
	Parameter C_RESET_MSR bound to: 32'b00000000000000000000000000000000 
	Parameter C_OPCODE_0x0_ILLEGAL bound to: 0 - type: integer 
	Parameter C_DEBUG_ENABLED bound to: 0 - type: integer 
	Parameter C_DEBUG_INTERFACE bound to: 0 - type: integer 
	Parameter C_NUMBER_OF_PC_BRK bound to: 1 - type: integer 
	Parameter C_NUMBER_OF_RD_ADDR_BRK bound to: 0 - type: integer 
	Parameter C_NUMBER_OF_WR_ADDR_BRK bound to: 0 - type: integer 
	Parameter C_DEBUG_EVENT_COUNTERS bound to: 5 - type: integer 
	Parameter C_DEBUG_LATENCY_COUNTERS bound to: 1 - type: integer 
	Parameter C_DEBUG_COUNTER_WIDTH bound to: 32 - type: integer 
	Parameter C_DEBUG_TRACE_SIZE bound to: 8192 - type: integer 
	Parameter C_DEBUG_EXTERNAL_TRACE bound to: 0 - type: integer 
	Parameter C_DEBUG_TRACE_ASYNC_RESET bound to: 0 - type: integer 
	Parameter C_DEBUG_PROFILE_SIZE bound to: 0 - type: integer 
	Parameter C_INTERRUPT_IS_EDGE bound to: 0 - type: integer 
	Parameter C_EDGE_IS_POSITIVE bound to: 1 - type: integer 
	Parameter C_ASYNC_INTERRUPT bound to: 1 - type: integer 
	Parameter C_ASYNC_WAKEUP bound to: 3 - type: integer 
	Parameter C_M0_AXIS_DATA_WIDTH bound to: 32 - type: integer 
	Parameter C_S0_AXIS_DATA_WIDTH bound to: 32 - type: integer 
	Parameter C_M1_AXIS_DATA_WIDTH bound to: 32 - type: integer 
	Parameter C_S1_AXIS_DATA_WIDTH bound to: 32 - type: integer 
	Parameter C_M2_AXIS_DATA_WIDTH bound to: 32 - type: integer 
	Parameter C_S2_AXIS_DATA_WIDTH bound to: 32 - type: integer 
	Parameter C_M3_AXIS_DATA_WIDTH bound to: 32 - type: integer 
	Parameter C_S3_AXIS_DATA_WIDTH bound to: 32 - type: integer 
	Parameter C_M4_AXIS_DATA_WIDTH bound to: 32 - type: integer 
	Parameter C_S4_AXIS_DATA_WIDTH bound to: 32 - type: integer 
	Parameter C_M5_AXIS_DATA_WIDTH bound to: 32 - type: integer 
	Parameter C_S5_AXIS_DATA_WIDTH bound to: 32 - type: integer 
	Parameter C_M6_AXIS_DATA_WIDTH bound to: 32 - type: integer 
	Parameter C_S6_AXIS_DATA_WIDTH bound to: 32 - type: integer 
	Parameter C_M7_AXIS_DATA_WIDTH bound to: 32 - type: integer 
	Parameter C_S7_AXIS_DATA_WIDTH bound to: 32 - type: integer 
	Parameter C_M8_AXIS_DATA_WIDTH bound to: 32 - type: integer 
	Parameter C_S8_AXIS_DATA_WIDTH bound to: 32 - type: integer 
	Parameter C_M9_AXIS_DATA_WIDTH bound to: 32 - type: integer 
	Parameter C_S9_AXIS_DATA_WIDTH bound to: 32 - type: integer 
	Parameter C_M10_AXIS_DATA_WIDTH bound to: 32 - type: integer 
	Parameter C_S10_AXIS_DATA_WIDTH bound to: 32 - type: integer 
	Parameter C_M11_AXIS_DATA_WIDTH bound to: 32 - type: integer 
	Parameter C_S11_AXIS_DATA_WIDTH bound to: 32 - type: integer 
	Parameter C_M12_AXIS_DATA_WIDTH bound to: 32 - type: integer 
	Parameter C_S12_AXIS_DATA_WIDTH bound to: 32 - type: integer 
	Parameter C_M13_AXIS_DATA_WIDTH bound to: 32 - type: integer 
	Parameter C_S13_AXIS_DATA_WIDTH bound to: 32 - type: integer 
	Parameter C_M14_AXIS_DATA_WIDTH bound to: 32 - type: integer 
	Parameter C_S14_AXIS_DATA_WIDTH bound to: 32 - type: integer 
	Parameter C_M15_AXIS_DATA_WIDTH bound to: 32 - type: integer 
	Parameter C_S15_AXIS_DATA_WIDTH bound to: 32 - type: integer 
	Parameter C_ICACHE_BASEADDR bound to: 64'b0000000000000000000000000000000000000000000000000000000000000000 
	Parameter C_ICACHE_HIGHADDR bound to: 64'b0000000000000000000000000000000000111111111111111111111111111111 
	Parameter C_USE_ICACHE bound to: 0 - type: integer 
	Parameter C_ALLOW_ICACHE_WR bound to: 1 - type: integer 
	Parameter C_ADDR_TAG_BITS bound to: 17 - type: integer 
	Parameter C_CACHE_BYTE_SIZE bound to: 8192 - type: integer 
	Parameter C_ICACHE_LINE_LEN bound to: 4 - type: integer 
	Parameter C_ICACHE_ALWAYS_USED bound to: 1 - type: integer 
	Parameter C_ICACHE_STREAMS bound to: 0 - type: integer 
	Parameter C_ICACHE_VICTIMS bound to: 0 - type: integer 
	Parameter C_ICACHE_FORCE_TAG_LUTRAM bound to: 0 - type: integer 
	Parameter C_ICACHE_DATA_WIDTH bound to: 0 - type: integer 
	Parameter C_M_AXI_IC_THREAD_ID_WIDTH bound to: 1 - type: integer 
	Parameter C_M_AXI_IC_DATA_WIDTH bound to: 32 - type: integer 
	Parameter C_M_AXI_IC_ADDR_WIDTH bound to: 32 - type: integer 
	Parameter C_M_AXI_IC_USER_VALUE bound to: 31 - type: integer 
	Parameter C_M_AXI_IC_AWUSER_WIDTH bound to: 5 - type: integer 
	Parameter C_M_AXI_IC_ARUSER_WIDTH bound to: 5 - type: integer 
	Parameter C_M_AXI_IC_WUSER_WIDTH bound to: 1 - type: integer 
	Parameter C_M_AXI_IC_RUSER_WIDTH bound to: 1 - type: integer 
	Parameter C_M_AXI_IC_BUSER_WIDTH bound to: 1 - type: integer 
	Parameter C_DCACHE_BASEADDR bound to: 64'b0000000000000000000000000000000000000000000000000000000000000000 
	Parameter C_DCACHE_HIGHADDR bound to: 64'b0000000000000000000000000000000000111111111111111111111111111111 
	Parameter C_USE_DCACHE bound to: 0 - type: integer 
	Parameter C_ALLOW_DCACHE_WR bound to: 1 - type: integer 
	Parameter C_DCACHE_ADDR_TAG bound to: 17 - type: integer 
	Parameter C_DCACHE_BYTE_SIZE bound to: 8192 - type: integer 
	Parameter C_DCACHE_LINE_LEN bound to: 4 - type: integer 
	Parameter C_DCACHE_ALWAYS_USED bound to: 1 - type: integer 
	Parameter C_DCACHE_USE_WRITEBACK bound to: 0 - type: integer 
	Parameter C_DCACHE_VICTIMS bound to: 0 - type: integer 
	Parameter C_DCACHE_FORCE_TAG_LUTRAM bound to: 0 - type: integer 
	Parameter C_DCACHE_DATA_WIDTH bound to: 0 - type: integer 
	Parameter C_M_AXI_DC_THREAD_ID_WIDTH bound to: 1 - type: integer 
	Parameter C_M_AXI_DC_DATA_WIDTH bound to: 32 - type: integer 
	Parameter C_M_AXI_DC_ADDR_WIDTH bound to: 32 - type: integer 
	Parameter C_M_AXI_DC_EXCLUSIVE_ACCESS bound to: 0 - type: integer 
	Parameter C_M_AXI_DC_USER_VALUE bound to: 31 - type: integer 
	Parameter C_M_AXI_DC_AWUSER_WIDTH bound to: 5 - type: integer 
	Parameter C_M_AXI_DC_ARUSER_WIDTH bound to: 5 - type: integer 
	Parameter C_M_AXI_DC_WUSER_WIDTH bound to: 1 - type: integer 
	Parameter C_M_AXI_DC_RUSER_WIDTH bound to: 1 - type: integer 
	Parameter C_M_AXI_DC_BUSER_WIDTH bound to: 1 - type: integer 
INFO: [Synth 8-3491] module 'MicroBlaze' declared at '/home/uni/project/smartssd/host_file_sum64/_x/link/vivado/vpl/prj/prj.gen/my_rm/bd/ulp/ipshared/1f7b/hdl/microblaze_v11_0_vh_rfs.vhd:165083' bound to instance 'U0' of component 'MicroBlaze' [/home/uni/project/smartssd/host_file_sum64/_x/link/vivado/vpl/prj/prj.gen/my_rm/bd/ulp/ip/ulp_ddrmem_1_0/bd_0/ip/ip_0/synth/bd_8f7d_microblaze_I_0.vhd:821]
INFO: [Synth 8-256] done synthesizing module 'bd_8f7d_microblaze_I_0' (0#1) [/home/uni/project/smartssd/host_file_sum64/_x/link/vivado/vpl/prj/prj.gen/my_rm/bd/ulp/ip/ulp_ddrmem_1_0/bd_0/ip/ip_0/synth/bd_8f7d_microblaze_I_0.vhd:118]
WARNING: [Synth 8-7071] port 'Interrupt_Ack' of module 'bd_8f7d_microblaze_I_0' is unconnected for instance 'microblaze_I' [/home/uni/project/smartssd/host_file_sum64/_x/link/vivado/vpl/prj/prj.gen/my_rm/bd/ulp/ip/ulp_ddrmem_1_0/bd_0/synth/bd_8f7d.v:392]
WARNING: [Synth 8-7023] instance 'microblaze_I' of module 'bd_8f7d_microblaze_I_0' has 54 connections declared, but only 53 given [/home/uni/project/smartssd/host_file_sum64/_x/link/vivado/vpl/prj/prj.gen/my_rm/bd/ulp/ip/ulp_ddrmem_1_0/bd_0/synth/bd_8f7d.v:392]
INFO: [Synth 8-638] synthesizing module 'bd_8f7d_rst_0_0' [/home/uni/project/smartssd/host_file_sum64/_x/link/vivado/vpl/prj/prj.gen/my_rm/bd/ulp/ip/ulp_ddrmem_1_0/bd_0/ip/ip_1/synth/bd_8f7d_rst_0_0.vhd:74]
	Parameter C_FAMILY bound to: kintexuplus - type: string 
	Parameter C_EXT_RST_WIDTH bound to: 4 - type: integer 
	Parameter C_AUX_RST_WIDTH bound to: 4 - type: integer 
	Parameter C_EXT_RESET_HIGH bound to: 1'b1 
	Parameter C_AUX_RESET_HIGH bound to: 1'b0 
	Parameter C_NUM_BUS_RST bound to: 1 - type: integer 
	Parameter C_NUM_PERP_RST bound to: 1 - type: integer 
	Parameter C_NUM_INTERCONNECT_ARESETN bound to: 1 - type: integer 
	Parameter C_NUM_PERP_ARESETN bound to: 1 - type: integer 
INFO: [Synth 8-3491] module 'proc_sys_reset' declared at '/home/uni/project/smartssd/host_file_sum64/_x/link/vivado/vpl/prj/prj.gen/my_rm/bd/ulp/ipshared/8842/hdl/proc_sys_reset_v5_0_vh_rfs.vhd:1264' bound to instance 'U0' of component 'proc_sys_reset' [/home/uni/project/smartssd/host_file_sum64/_x/link/vivado/vpl/prj/prj.gen/my_rm/bd/ulp/ip/ulp_ddrmem_1_0/bd_0/ip/ip_1/synth/bd_8f7d_rst_0_0.vhd:129]
INFO: [Synth 8-638] synthesizing module 'proc_sys_reset' [/home/uni/project/smartssd/host_file_sum64/_x/link/vivado/vpl/prj/prj.gen/my_rm/bd/ulp/ipshared/8842/hdl/proc_sys_reset_v5_0_vh_rfs.vhd:1323]
	Parameter INIT bound to: 1'b1 
INFO: [Synth 8-113] binding component instance 'FDRE_inst' to cell 'FDRE' [/home/uni/project/smartssd/host_file_sum64/_x/link/vivado/vpl/prj/prj.gen/my_rm/bd/ulp/ipshared/8842/hdl/proc_sys_reset_v5_0_vh_rfs.vhd:1392]
	Parameter INIT bound to: 1'b1 
INFO: [Synth 8-113] binding component instance 'FDRE_BSR' to cell 'FDRE' [/home/uni/project/smartssd/host_file_sum64/_x/link/vivado/vpl/prj/prj.gen/my_rm/bd/ulp/ipshared/8842/hdl/proc_sys_reset_v5_0_vh_rfs.vhd:1408]
	Parameter INIT bound to: 1'b0 
INFO: [Synth 8-113] binding component instance 'FDRE_BSR_N' to cell 'FDRE' [/home/uni/project/smartssd/host_file_sum64/_x/link/vivado/vpl/prj/prj.gen/my_rm/bd/ulp/ipshared/8842/hdl/proc_sys_reset_v5_0_vh_rfs.vhd:1434]
	Parameter INIT bound to: 1'b1 
INFO: [Synth 8-113] binding component instance 'FDRE_PER' to cell 'FDRE' [/home/uni/project/smartssd/host_file_sum64/_x/link/vivado/vpl/prj/prj.gen/my_rm/bd/ulp/ipshared/8842/hdl/proc_sys_reset_v5_0_vh_rfs.vhd:1457]
	Parameter INIT bound to: 1'b0 
INFO: [Synth 8-113] binding component instance 'FDRE_PER_N' to cell 'FDRE' [/home/uni/project/smartssd/host_file_sum64/_x/link/vivado/vpl/prj/prj.gen/my_rm/bd/ulp/ipshared/8842/hdl/proc_sys_reset_v5_0_vh_rfs.vhd:1481]
INFO: [Synth 8-638] synthesizing module 'lpf' [/home/uni/project/smartssd/host_file_sum64/_x/link/vivado/vpl/prj/prj.gen/my_rm/bd/ulp/ipshared/8842/hdl/proc_sys_reset_v5_0_vh_rfs.vhd:816]
INFO: [Synth 8-3491] module 'SRL16' declared at '/home/dess/workspace/Xilinx/Vivado/2022.2/scripts/rt/data/unisim_comp.v:132132' bound to instance 'POR_SRL_I' of component 'SRL16' [/home/uni/project/smartssd/host_file_sum64/_x/link/vivado/vpl/prj/prj.gen/my_rm/bd/ulp/ipshared/8842/hdl/proc_sys_reset_v5_0_vh_rfs.vhd:868]
INFO: [Synth 8-6157] synthesizing module 'SRL16' [/home/dess/workspace/Xilinx/Vivado/2022.2/scripts/rt/data/unisim_comp.v:132132]
INFO: [Synth 8-6155] done synthesizing module 'SRL16' (0#1) [/home/dess/workspace/Xilinx/Vivado/2022.2/scripts/rt/data/unisim_comp.v:132132]
INFO: [Synth 8-638] synthesizing module 'cdc_sync' [/home/uni/project/smartssd/host_file_sum64/_x/link/vivado/vpl/prj/prj.gen/my_rm/bd/ulp/ipshared/ef1e/hdl/lib_cdc_v1_0_rfs.vhd:106]
	Parameter INIT bound to: 1'b0 
INFO: [Synth 8-113] binding component instance 'CROSS_PLEVEL_IN2SCNDRY_IN_cdc_to' to cell 'FDR' [/home/uni/project/smartssd/host_file_sum64/_x/link/vivado/vpl/prj/prj.gen/my_rm/bd/ulp/ipshared/ef1e/hdl/lib_cdc_v1_0_rfs.vhd:514]
	Parameter INIT bound to: 1'b0 
INFO: [Synth 8-113] binding component instance 'CROSS_PLEVEL_IN2SCNDRY_s_level_out_d2' to cell 'FDR' [/home/uni/project/smartssd/host_file_sum64/_x/link/vivado/vpl/prj/prj.gen/my_rm/bd/ulp/ipshared/ef1e/hdl/lib_cdc_v1_0_rfs.vhd:545]
	Parameter INIT bound to: 1'b0 
INFO: [Synth 8-113] binding component instance 'CROSS_PLEVEL_IN2SCNDRY_s_level_out_d3' to cell 'FDR' [/home/uni/project/smartssd/host_file_sum64/_x/link/vivado/vpl/prj/prj.gen/my_rm/bd/ulp/ipshared/ef1e/hdl/lib_cdc_v1_0_rfs.vhd:554]
	Parameter INIT bound to: 1'b0 
INFO: [Synth 8-113] binding component instance 'CROSS_PLEVEL_IN2SCNDRY_s_level_out_d4' to cell 'FDR' [/home/uni/project/smartssd/host_file_sum64/_x/link/vivado/vpl/prj/prj.gen/my_rm/bd/ulp/ipshared/ef1e/hdl/lib_cdc_v1_0_rfs.vhd:564]
	Parameter INIT bound to: 1'b0 
INFO: [Synth 8-113] binding component instance 'CROSS_PLEVEL_IN2SCNDRY_s_level_out_d5' to cell 'FDR' [/home/uni/project/smartssd/host_file_sum64/_x/link/vivado/vpl/prj/prj.gen/my_rm/bd/ulp/ipshared/ef1e/hdl/lib_cdc_v1_0_rfs.vhd:574]
	Parameter INIT bound to: 1'b0 
INFO: [Synth 8-113] binding component instance 'CROSS_PLEVEL_IN2SCNDRY_s_level_out_d6' to cell 'FDR' [/home/uni/project/smartssd/host_file_sum64/_x/link/vivado/vpl/prj/prj.gen/my_rm/bd/ulp/ipshared/ef1e/hdl/lib_cdc_v1_0_rfs.vhd:584]
INFO: [Synth 8-256] done synthesizing module 'cdc_sync' (0#1) [/home/uni/project/smartssd/host_file_sum64/_x/link/vivado/vpl/prj/prj.gen/my_rm/bd/ulp/ipshared/ef1e/hdl/lib_cdc_v1_0_rfs.vhd:106]
INFO: [Synth 8-256] done synthesizing module 'lpf' (0#1) [/home/uni/project/smartssd/host_file_sum64/_x/link/vivado/vpl/prj/prj.gen/my_rm/bd/ulp/ipshared/8842/hdl/proc_sys_reset_v5_0_vh_rfs.vhd:816]
INFO: [Synth 8-638] synthesizing module 'sequence_psr' [/home/uni/project/smartssd/host_file_sum64/_x/link/vivado/vpl/prj/prj.gen/my_rm/bd/ulp/ipshared/8842/hdl/proc_sys_reset_v5_0_vh_rfs.vhd:301]
INFO: [Synth 8-638] synthesizing module 'upcnt_n' [/home/uni/project/smartssd/host_file_sum64/_x/link/vivado/vpl/prj/prj.gen/my_rm/bd/ulp/ipshared/8842/hdl/proc_sys_reset_v5_0_vh_rfs.vhd:125]
INFO: [Synth 8-256] done synthesizing module 'upcnt_n' (0#1) [/home/uni/project/smartssd/host_file_sum64/_x/link/vivado/vpl/prj/prj.gen/my_rm/bd/ulp/ipshared/8842/hdl/proc_sys_reset_v5_0_vh_rfs.vhd:125]
INFO: [Synth 8-256] done synthesizing module 'sequence_psr' (0#1) [/home/uni/project/smartssd/host_file_sum64/_x/link/vivado/vpl/prj/prj.gen/my_rm/bd/ulp/ipshared/8842/hdl/proc_sys_reset_v5_0_vh_rfs.vhd:301]
INFO: [Synth 8-256] done synthesizing module 'proc_sys_reset' (0#1) [/home/uni/project/smartssd/host_file_sum64/_x/link/vivado/vpl/prj/prj.gen/my_rm/bd/ulp/ipshared/8842/hdl/proc_sys_reset_v5_0_vh_rfs.vhd:1323]
INFO: [Synth 8-256] done synthesizing module 'bd_8f7d_rst_0_0' (0#1) [/home/uni/project/smartssd/host_file_sum64/_x/link/vivado/vpl/prj/prj.gen/my_rm/bd/ulp/ip/ulp_ddrmem_1_0/bd_0/ip/ip_1/synth/bd_8f7d_rst_0_0.vhd:74]
WARNING: [Synth 8-7071] port 'interconnect_aresetn' of module 'bd_8f7d_rst_0_0' is unconnected for instance 'rst_0' [/home/uni/project/smartssd/host_file_sum64/_x/link/vivado/vpl/prj/prj.gen/my_rm/bd/ulp/ip/ulp_ddrmem_1_0/bd_0/synth/bd_8f7d.v:446]
WARNING: [Synth 8-7071] port 'peripheral_aresetn' of module 'bd_8f7d_rst_0_0' is unconnected for instance 'rst_0' [/home/uni/project/smartssd/host_file_sum64/_x/link/vivado/vpl/prj/prj.gen/my_rm/bd/ulp/ip/ulp_ddrmem_1_0/bd_0/synth/bd_8f7d.v:446]
WARNING: [Synth 8-7023] instance 'rst_0' of module 'bd_8f7d_rst_0_0' has 10 connections declared, but only 8 given [/home/uni/project/smartssd/host_file_sum64/_x/link/vivado/vpl/prj/prj.gen/my_rm/bd/ulp/ip/ulp_ddrmem_1_0/bd_0/synth/bd_8f7d.v:446]
INFO: [Synth 8-638] synthesizing module 'bd_8f7d_second_dlmb_cntlr_0' [/home/uni/project/smartssd/host_file_sum64/_x/link/vivado/vpl/prj/prj.gen/my_rm/bd/ulp/ip/ulp_ddrmem_1_0/bd_0/ip/ip_7/synth/bd_8f7d_second_dlmb_cntlr_0.vhd:84]
	Parameter C_FAMILY bound to: kintexuplus - type: string 
	Parameter C_HIGHADDR bound to: 64'b0000000000000000000000000000000000000000000000010111111111111111 
	Parameter C_BASEADDR bound to: 64'b0000000000000000000000000000000000000000000000010000000000000000 
	Parameter C_NUM_LMB bound to: 1 - type: integer 
	Parameter C_MASK bound to: 64'b0000000000000000000000000000000011000000000000010000000000000000 
	Parameter C_MASK1 bound to: 64'b0000000000000000000000000000000000000000100000000000000000000000 
	Parameter C_MASK2 bound to: 64'b0000000000000000000000000000000000000000100000000000000000000000 
	Parameter C_MASK3 bound to: 64'b0000000000000000000000000000000000000000100000000000000000000000 
	Parameter C_LMB_AWIDTH bound to: 32 - type: integer 
	Parameter C_LMB_DWIDTH bound to: 32 - type: integer 
	Parameter C_LMB_PROTOCOL bound to: 0 - type: integer 
	Parameter C_ECC bound to: 0 - type: integer 
	Parameter C_INTERCONNECT bound to: 0 - type: integer 
	Parameter C_FAULT_INJECT bound to: 0 - type: integer 
	Parameter C_CE_FAILING_REGISTERS bound to: 0 - type: integer 
	Parameter C_UE_FAILING_REGISTERS bound to: 0 - type: integer 
	Parameter C_ECC_STATUS_REGISTERS bound to: 0 - type: integer 
	Parameter C_ECC_ONOFF_REGISTER bound to: 0 - type: integer 
	Parameter C_ECC_ONOFF_RESET_VALUE bound to: 1 - type: integer 
	Parameter C_CE_COUNTER_WIDTH bound to: 0 - type: integer 
	Parameter C_WRITE_ACCESS bound to: 2 - type: integer 
	Parameter C_BRAM_AWIDTH bound to: 32 - type: integer 
	Parameter C_S_AXI_CTRL_ADDR_WIDTH bound to: 32 - type: integer 
	Parameter C_S_AXI_CTRL_DATA_WIDTH bound to: 32 - type: integer 
INFO: [Synth 8-3491] module 'lmb_bram_if_cntlr' declared at '/home/uni/project/smartssd/host_file_sum64/_x/link/vivado/vpl/prj/prj.gen/my_rm/bd/ulp/ipshared/a177/hdl/lmb_bram_if_cntlr_v4_0_vh_rfs.vhd:4514' bound to instance 'U0' of component 'lmb_bram_if_cntlr' [/home/uni/project/smartssd/host_file_sum64/_x/link/vivado/vpl/prj/prj.gen/my_rm/bd/ulp/ip/ulp_ddrmem_1_0/bd_0/ip/ip_7/synth/bd_8f7d_second_dlmb_cntlr_0.vhd:226]
INFO: [Synth 8-638] synthesizing module 'lmb_bram_if_cntlr__parameterized3' [/home/uni/project/smartssd/host_file_sum64/_x/link/vivado/vpl/prj/prj.gen/my_rm/bd/ulp/ipshared/a177/hdl/lmb_bram_if_cntlr_v4_0_vh_rfs.vhd:4639]
	Parameter C_TARGET bound to: 8 - type: integer 
	Parameter C_BASEADDR bound to: 64'b0000000000000000000000000000000000000000000000010000000000000000 
	Parameter C_MASK bound to: 64'b0000000000000000000000000000000011000000000000010000000000000000 
	Parameter C_MASK1 bound to: 64'b0000000000000000000000000000000000000000100000000000000000000000 
	Parameter C_MASK2 bound to: 64'b0000000000000000000000000000000000000000100000000000000000000000 
	Parameter C_MASK3 bound to: 64'b0000000000000000000000000000000000000000100000000000000000000000 
	Parameter C_LMB_AWIDTH bound to: 32 - type: integer 
	Parameter C_LMB_DWIDTH bound to: 32 - type: integer 
	Parameter C_ECC_WIDTH bound to: 7 - type: integer 
	Parameter C_ECC bound to: 0 - type: integer 
	Parameter C_NUM_LMB bound to: 1 - type: integer 
	Parameter C_LMB_PROTOCOL bound to: 0 - type: integer 
INFO: [Synth 8-3491] module 'lmb_mux' declared at '/home/uni/project/smartssd/host_file_sum64/_x/link/vivado/vpl/prj/prj.gen/my_rm/bd/ulp/ipshared/a177/hdl/lmb_bram_if_cntlr_v4_0_vh_rfs.vhd:3893' bound to instance 'lmb_mux_I' of component 'lmb_mux' [/home/uni/project/smartssd/host_file_sum64/_x/link/vivado/vpl/prj/prj.gen/my_rm/bd/ulp/ipshared/a177/hdl/lmb_bram_if_cntlr_v4_0_vh_rfs.vhd:4908]
INFO: [Synth 8-638] synthesizing module 'lmb_mux__parameterized3' [/home/uni/project/smartssd/host_file_sum64/_x/link/vivado/vpl/prj/prj.gen/my_rm/bd/ulp/ipshared/a177/hdl/lmb_bram_if_cntlr_v4_0_vh_rfs.vhd:3981]
	Parameter C_AW bound to: 32 - type: integer 
	Parameter C_BAR bound to: 64'b0000000000000000000000000000000000000000000000010000000000000000 
	Parameter C_MASK bound to: 64'b0000000000000000000000000000000011000000000000010000000000000000 
INFO: [Synth 8-3491] module 'pselect_mask' declared at '/home/uni/project/smartssd/host_file_sum64/_x/link/vivado/vpl/prj/prj.gen/my_rm/bd/ulp/ipshared/a177/hdl/lmb_bram_if_cntlr_v4_0_vh_rfs.vhd:3476' bound to instance 'pselect_mask_lmb' of component 'pselect_mask' [/home/uni/project/smartssd/host_file_sum64/_x/link/vivado/vpl/prj/prj.gen/my_rm/bd/ulp/ipshared/a177/hdl/lmb_bram_if_cntlr_v4_0_vh_rfs.vhd:4052]
INFO: [Synth 8-638] synthesizing module 'lmb_bram_if_cntlr_v4_0_21_pselect_mask__parameterized1' [/home/uni/project/smartssd/host_file_sum64/_x/link/vivado/vpl/prj/prj.gen/my_rm/bd/ulp/ipshared/a177/hdl/lmb_bram_if_cntlr_v4_0_vh_rfs.vhd:3491]
INFO: [Synth 8-256] done synthesizing module 'lmb_bram_if_cntlr_v4_0_21_pselect_mask__parameterized1' (0#1) [/home/uni/project/smartssd/host_file_sum64/_x/link/vivado/vpl/prj/prj.gen/my_rm/bd/ulp/ipshared/a177/hdl/lmb_bram_if_cntlr_v4_0_vh_rfs.vhd:3491]
INFO: [Synth 8-256] done synthesizing module 'lmb_mux__parameterized3' (0#1) [/home/uni/project/smartssd/host_file_sum64/_x/link/vivado/vpl/prj/prj.gen/my_rm/bd/ulp/ipshared/a177/hdl/lmb_bram_if_cntlr_v4_0_vh_rfs.vhd:3981]
INFO: [Synth 8-256] done synthesizing module 'lmb_bram_if_cntlr__parameterized3' (0#1) [/home/uni/project/smartssd/host_file_sum64/_x/link/vivado/vpl/prj/prj.gen/my_rm/bd/ulp/ipshared/a177/hdl/lmb_bram_if_cntlr_v4_0_vh_rfs.vhd:4639]
INFO: [Synth 8-256] done synthesizing module 'bd_8f7d_second_dlmb_cntlr_0' (0#1) [/home/uni/project/smartssd/host_file_sum64/_x/link/vivado/vpl/prj/prj.gen/my_rm/bd/ulp/ip/ulp_ddrmem_1_0/bd_0/ip/ip_7/synth/bd_8f7d_second_dlmb_cntlr_0.vhd:84]
INFO: [Synth 8-638] synthesizing module 'bd_8f7d_second_ilmb_cntlr_0' [/home/uni/project/smartssd/host_file_sum64/_x/link/vivado/vpl/prj/prj.gen/my_rm/bd/ulp/ip/ulp_ddrmem_1_0/bd_0/ip/ip_8/synth/bd_8f7d_second_ilmb_cntlr_0.vhd:84]
	Parameter C_FAMILY bound to: kintexuplus - type: string 
	Parameter C_HIGHADDR bound to: 64'b0000000000000000000000000000000000000000000000010111111111111111 
	Parameter C_BASEADDR bound to: 64'b0000000000000000000000000000000000000000000000010000000000000000 
	Parameter C_NUM_LMB bound to: 1 - type: integer 
	Parameter C_MASK bound to: 64'b0000000000000000000000000000000010000000000000010000000000000000 
	Parameter C_MASK1 bound to: 64'b0000000000000000000000000000000000000000100000000000000000000000 
	Parameter C_MASK2 bound to: 64'b0000000000000000000000000000000000000000100000000000000000000000 
	Parameter C_MASK3 bound to: 64'b0000000000000000000000000000000000000000100000000000000000000000 
	Parameter C_LMB_AWIDTH bound to: 32 - type: integer 
	Parameter C_LMB_DWIDTH bound to: 32 - type: integer 
	Parameter C_LMB_PROTOCOL bound to: 0 - type: integer 
	Parameter C_ECC bound to: 0 - type: integer 
	Parameter C_INTERCONNECT bound to: 0 - type: integer 
	Parameter C_FAULT_INJECT bound to: 0 - type: integer 
	Parameter C_CE_FAILING_REGISTERS bound to: 0 - type: integer 
	Parameter C_UE_FAILING_REGISTERS bound to: 0 - type: integer 
	Parameter C_ECC_STATUS_REGISTERS bound to: 0 - type: integer 
	Parameter C_ECC_ONOFF_REGISTER bound to: 0 - type: integer 
	Parameter C_ECC_ONOFF_RESET_VALUE bound to: 1 - type: integer 
	Parameter C_CE_COUNTER_WIDTH bound to: 0 - type: integer 
	Parameter C_WRITE_ACCESS bound to: 2 - type: integer 
	Parameter C_BRAM_AWIDTH bound to: 32 - type: integer 
	Parameter C_S_AXI_CTRL_ADDR_WIDTH bound to: 32 - type: integer 
	Parameter C_S_AXI_CTRL_DATA_WIDTH bound to: 32 - type: integer 
INFO: [Synth 8-3491] module 'lmb_bram_if_cntlr' declared at '/home/uni/project/smartssd/host_file_sum64/_x/link/vivado/vpl/prj/prj.gen/my_rm/bd/ulp/ipshared/a177/hdl/lmb_bram_if_cntlr_v4_0_vh_rfs.vhd:4514' bound to instance 'U0' of component 'lmb_bram_if_cntlr' [/home/uni/project/smartssd/host_file_sum64/_x/link/vivado/vpl/prj/prj.gen/my_rm/bd/ulp/ip/ulp_ddrmem_1_0/bd_0/ip/ip_8/synth/bd_8f7d_second_ilmb_cntlr_0.vhd:226]
INFO: [Synth 8-638] synthesizing module 'lmb_bram_if_cntlr__parameterized5' [/home/uni/project/smartssd/host_file_sum64/_x/link/vivado/vpl/prj/prj.gen/my_rm/bd/ulp/ipshared/a177/hdl/lmb_bram_if_cntlr_v4_0_vh_rfs.vhd:4639]
	Parameter C_TARGET bound to: 8 - type: integer 
	Parameter C_BASEADDR bound to: 64'b0000000000000000000000000000000000000000000000010000000000000000 
	Parameter C_MASK bound to: 64'b0000000000000000000000000000000010000000000000010000000000000000 
	Parameter C_MASK1 bound to: 64'b0000000000000000000000000000000000000000100000000000000000000000 
	Parameter C_MASK2 bound to: 64'b0000000000000000000000000000000000000000100000000000000000000000 
	Parameter C_MASK3 bound to: 64'b0000000000000000000000000000000000000000100000000000000000000000 
	Parameter C_LMB_AWIDTH bound to: 32 - type: integer 
	Parameter C_LMB_DWIDTH bound to: 32 - type: integer 
	Parameter C_ECC_WIDTH bound to: 7 - type: integer 
	Parameter C_ECC bound to: 0 - type: integer 
	Parameter C_NUM_LMB bound to: 1 - type: integer 
	Parameter C_LMB_PROTOCOL bound to: 0 - type: integer 
INFO: [Synth 8-3491] module 'lmb_mux' declared at '/home/uni/project/smartssd/host_file_sum64/_x/link/vivado/vpl/prj/prj.gen/my_rm/bd/ulp/ipshared/a177/hdl/lmb_bram_if_cntlr_v4_0_vh_rfs.vhd:3893' bound to instance 'lmb_mux_I' of component 'lmb_mux' [/home/uni/project/smartssd/host_file_sum64/_x/link/vivado/vpl/prj/prj.gen/my_rm/bd/ulp/ipshared/a177/hdl/lmb_bram_if_cntlr_v4_0_vh_rfs.vhd:4908]
INFO: [Synth 8-638] synthesizing module 'lmb_mux__parameterized5' [/home/uni/project/smartssd/host_file_sum64/_x/link/vivado/vpl/prj/prj.gen/my_rm/bd/ulp/ipshared/a177/hdl/lmb_bram_if_cntlr_v4_0_vh_rfs.vhd:3981]
	Parameter C_AW bound to: 32 - type: integer 
	Parameter C_BAR bound to: 64'b0000000000000000000000000000000000000000000000010000000000000000 
	Parameter C_MASK bound to: 64'b0000000000000000000000000000000010000000000000010000000000000000 
INFO: [Synth 8-3491] module 'pselect_mask' declared at '/home/uni/project/smartssd/host_file_sum64/_x/link/vivado/vpl/prj/prj.gen/my_rm/bd/ulp/ipshared/a177/hdl/lmb_bram_if_cntlr_v4_0_vh_rfs.vhd:3476' bound to instance 'pselect_mask_lmb' of component 'pselect_mask' [/home/uni/project/smartssd/host_file_sum64/_x/link/vivado/vpl/prj/prj.gen/my_rm/bd/ulp/ipshared/a177/hdl/lmb_bram_if_cntlr_v4_0_vh_rfs.vhd:4052]
INFO: [Synth 8-638] synthesizing module 'lmb_bram_if_cntlr_v4_0_21_pselect_mask__parameterized2' [/home/uni/project/smartssd/host_file_sum64/_x/link/vivado/vpl/prj/prj.gen/my_rm/bd/ulp/ipshared/a177/hdl/lmb_bram_if_cntlr_v4_0_vh_rfs.vhd:3491]
INFO: [Synth 8-256] done synthesizing module 'lmb_bram_if_cntlr_v4_0_21_pselect_mask__parameterized2' (0#1) [/home/uni/project/smartssd/host_file_sum64/_x/link/vivado/vpl/prj/prj.gen/my_rm/bd/ulp/ipshared/a177/hdl/lmb_bram_if_cntlr_v4_0_vh_rfs.vhd:3491]
INFO: [Synth 8-256] done synthesizing module 'lmb_mux__parameterized5' (0#1) [/home/uni/project/smartssd/host_file_sum64/_x/link/vivado/vpl/prj/prj.gen/my_rm/bd/ulp/ipshared/a177/hdl/lmb_bram_if_cntlr_v4_0_vh_rfs.vhd:3981]
INFO: [Synth 8-256] done synthesizing module 'lmb_bram_if_cntlr__parameterized5' (0#1) [/home/uni/project/smartssd/host_file_sum64/_x/link/vivado/vpl/prj/prj.gen/my_rm/bd/ulp/ipshared/a177/hdl/lmb_bram_if_cntlr_v4_0_vh_rfs.vhd:4639]
INFO: [Synth 8-256] done synthesizing module 'bd_8f7d_second_ilmb_cntlr_0' (0#1) [/home/uni/project/smartssd/host_file_sum64/_x/link/vivado/vpl/prj/prj.gen/my_rm/bd/ulp/ip/ulp_ddrmem_1_0/bd_0/ip/ip_8/synth/bd_8f7d_second_ilmb_cntlr_0.vhd:84]
INFO: [Synth 8-638] synthesizing module 'bd_8f7d_second_lmb_bram_I_0' [/home/uni/project/smartssd/host_file_sum64/_x/link/vivado/vpl/prj/prj.gen/my_rm/bd/ulp/ip/ulp_ddrmem_1_0/bd_0/ip/ip_9/synth/bd_8f7d_second_lmb_bram_I_0.vhd:80]
	Parameter C_FAMILY bound to: kintexuplus - type: string 
	Parameter C_XDEVICEFAMILY bound to: kintexuplus - type: string 
	Parameter C_ELABORATION_DIR bound to: ./ - type: string 
	Parameter C_INTERFACE_TYPE bound to: 0 - type: integer 
	Parameter C_AXI_TYPE bound to: 1 - type: integer 
	Parameter C_AXI_SLAVE_TYPE bound to: 0 - type: integer 
	Parameter C_USE_BRAM_BLOCK bound to: 1 - type: integer 
	Parameter C_ENABLE_32BIT_ADDRESS bound to: 1 - type: integer 
	Parameter C_CTRL_ECC_ALGO bound to: NONE - type: string 
	Parameter C_HAS_AXI_ID bound to: 0 - type: integer 
	Parameter C_AXI_ID_WIDTH bound to: 4 - type: integer 
	Parameter C_MEM_TYPE bound to: 2 - type: integer 
	Parameter C_BYTE_SIZE bound to: 8 - type: integer 
	Parameter C_ALGORITHM bound to: 1 - type: integer 
	Parameter C_PRIM_TYPE bound to: 1 - type: integer 
	Parameter C_LOAD_INIT_FILE bound to: 0 - type: integer 
	Parameter C_INIT_FILE_NAME bound to: no_coe_file_loaded - type: string 
	Parameter C_INIT_FILE bound to: bd_8f7d_second_lmb_bram_I_0.mem - type: string 
	Parameter C_USE_DEFAULT_DATA bound to: 0 - type: integer 
	Parameter C_DEFAULT_DATA bound to: 0 - type: string 
	Parameter C_HAS_RSTA bound to: 1 - type: integer 
	Parameter C_RST_PRIORITY_A bound to: CE - type: string 
	Parameter C_RSTRAM_A bound to: 0 - type: integer 
	Parameter C_INITA_VAL bound to: 0 - type: string 
	Parameter C_HAS_ENA bound to: 1 - type: integer 
	Parameter C_HAS_REGCEA bound to: 0 - type: integer 
	Parameter C_USE_BYTE_WEA bound to: 1 - type: integer 
	Parameter C_WEA_WIDTH bound to: 4 - type: integer 
	Parameter C_WRITE_MODE_A bound to: WRITE_FIRST - type: string 
	Parameter C_WRITE_WIDTH_A bound to: 32 - type: integer 
	Parameter C_READ_WIDTH_A bound to: 32 - type: integer 
	Parameter C_WRITE_DEPTH_A bound to: 8192 - type: integer 
	Parameter C_READ_DEPTH_A bound to: 8192 - type: integer 
	Parameter C_ADDRA_WIDTH bound to: 32 - type: integer 
	Parameter C_HAS_RSTB bound to: 1 - type: integer 
	Parameter C_RST_PRIORITY_B bound to: CE - type: string 
	Parameter C_RSTRAM_B bound to: 0 - type: integer 
	Parameter C_INITB_VAL bound to: 0 - type: string 
	Parameter C_HAS_ENB bound to: 1 - type: integer 
	Parameter C_HAS_REGCEB bound to: 0 - type: integer 
	Parameter C_USE_BYTE_WEB bound to: 1 - type: integer 
	Parameter C_WEB_WIDTH bound to: 4 - type: integer 
	Parameter C_WRITE_MODE_B bound to: WRITE_FIRST - type: string 
	Parameter C_WRITE_WIDTH_B bound to: 32 - type: integer 
	Parameter C_READ_WIDTH_B bound to: 32 - type: integer 
	Parameter C_WRITE_DEPTH_B bound to: 8192 - type: integer 
	Parameter C_READ_DEPTH_B bound to: 8192 - type: integer 
	Parameter C_ADDRB_WIDTH bound to: 32 - type: integer 
	Parameter C_HAS_MEM_OUTPUT_REGS_A bound to: 0 - type: integer 
	Parameter C_HAS_MEM_OUTPUT_REGS_B bound to: 0 - type: integer 
	Parameter C_HAS_MUX_OUTPUT_REGS_A bound to: 0 - type: integer 
	Parameter C_HAS_MUX_OUTPUT_REGS_B bound to: 0 - type: integer 
	Parameter C_MUX_PIPELINE_STAGES bound to: 0 - type: integer 
	Parameter C_HAS_SOFTECC_INPUT_REGS_A bound to: 0 - type: integer 
	Parameter C_HAS_SOFTECC_OUTPUT_REGS_B bound to: 0 - type: integer 
	Parameter C_USE_SOFTECC bound to: 0 - type: integer 
	Parameter C_USE_ECC bound to: 0 - type: integer 
	Parameter C_EN_ECC_PIPE bound to: 0 - type: integer 
	Parameter C_READ_LATENCY_A bound to: 1 - type: integer 
	Parameter C_READ_LATENCY_B bound to: 1 - type: integer 
	Parameter C_HAS_INJECTERR bound to: 0 - type: integer 
	Parameter C_SIM_COLLISION_CHECK bound to: ALL - type: string 
	Parameter C_COMMON_CLK bound to: 0 - type: integer 
	Parameter C_DISABLE_WARN_BHV_COLL bound to: 0 - type: integer 
	Parameter C_EN_SLEEP_PIN bound to: 0 - type: integer 
	Parameter C_USE_URAM bound to: 0 - type: integer 
	Parameter C_EN_RDADDRA_CHG bound to: 0 - type: integer 
	Parameter C_EN_RDADDRB_CHG bound to: 0 - type: integer 
	Parameter C_EN_DEEPSLEEP_PIN bound to: 0 - type: integer 
	Parameter C_EN_SHUTDOWN_PIN bound to: 0 - type: integer 
	Parameter C_EN_SAFETY_CKT bound to: 1 - type: integer 
	Parameter C_DISABLE_WARN_BHV_RANGE bound to: 0 - type: integer 
	Parameter C_COUNT_36K_BRAM bound to: 8 - type: string 
	Parameter C_COUNT_18K_BRAM bound to: 0 - type: string 
	Parameter C_EST_POWER_SUMMARY bound to: Estimated Power for IP     :     13.265165 mW - type: string 
INFO: [Synth 8-3491] module 'blk_mem_gen_v8_4_5' declared at '/home/uni/project/smartssd/host_file_sum64/_x/link/vivado/vpl/prj/prj.gen/my_rm/bd/ulp/ipshared/25a8/hdl/blk_mem_gen_v8_4_vhsyn_rfs.vhd:195321' bound to instance 'U0' of component 'blk_mem_gen_v8_4_5' [/home/uni/project/smartssd/host_file_sum64/_x/link/vivado/vpl/prj/prj.gen/my_rm/bd/ulp/ip/ulp_ddrmem_1_0/bd_0/ip/ip_9/synth/bd_8f7d_second_lmb_bram_I_0.vhd:255]
INFO: [Synth 8-256] done synthesizing module 'bd_8f7d_second_lmb_bram_I_0' (0#1) [/home/uni/project/smartssd/host_file_sum64/_x/link/vivado/vpl/prj/prj.gen/my_rm/bd/ulp/ip/ulp_ddrmem_1_0/bd_0/ip/ip_9/synth/bd_8f7d_second_lmb_bram_I_0.vhd:80]
WARNING: [Synth 8-7071] port 'rsta_busy' of module 'bd_8f7d_second_lmb_bram_I_0' is unconnected for instance 'second_lmb_bram_I' [/home/uni/project/smartssd/host_file_sum64/_x/link/vivado/vpl/prj/prj.gen/my_rm/bd/ulp/ip/ulp_ddrmem_1_0/bd_0/synth/bd_8f7d.v:498]
WARNING: [Synth 8-7071] port 'rstb_busy' of module 'bd_8f7d_second_lmb_bram_I_0' is unconnected for instance 'second_lmb_bram_I' [/home/uni/project/smartssd/host_file_sum64/_x/link/vivado/vpl/prj/prj.gen/my_rm/bd/ulp/ip/ulp_ddrmem_1_0/bd_0/synth/bd_8f7d.v:498]
WARNING: [Synth 8-7023] instance 'second_lmb_bram_I' of module 'bd_8f7d_second_lmb_bram_I_0' has 16 connections declared, but only 14 given [/home/uni/project/smartssd/host_file_sum64/_x/link/vivado/vpl/prj/prj.gen/my_rm/bd/ulp/ip/ulp_ddrmem_1_0/bd_0/synth/bd_8f7d.v:498]
INFO: [Synth 8-6155] done synthesizing module 'bd_8f7d' (0#1) [/home/uni/project/smartssd/host_file_sum64/_x/link/vivado/vpl/prj/prj.gen/my_rm/bd/ulp/ip/ulp_ddrmem_1_0/bd_0/synth/bd_8f7d.v:9]
INFO: [Synth 8-6155] done synthesizing module 'ulp_ddrmem_1_0_microblaze_mcs' (0#1) [/home/uni/project/smartssd/host_file_sum64/_x/link/vivado/vpl/prj/prj.gen/my_rm/bd/ulp/ip/ulp_ddrmem_1_0/ip_0/synth/ulp_ddrmem_1_0_microblaze_mcs.v:53]
WARNING: [Synth 8-7071] port 'TRACE_data_access' of module 'ulp_ddrmem_1_0_microblaze_mcs' is unconnected for instance 'mcs0' [/home/uni/project/smartssd/host_file_sum64/_x/link/vivado/vpl/prj/prj.gen/my_rm/bd/ulp/ip/ulp_ddrmem_1_0/rtl/cal/ulp_ddrmem_1_0_ddr4_cal_riu.sv:227]
WARNING: [Synth 8-7071] port 'TRACE_data_address' of module 'ulp_ddrmem_1_0_microblaze_mcs' is unconnected for instance 'mcs0' [/home/uni/project/smartssd/host_file_sum64/_x/link/vivado/vpl/prj/prj.gen/my_rm/bd/ulp/ip/ulp_ddrmem_1_0/rtl/cal/ulp_ddrmem_1_0_ddr4_cal_riu.sv:227]
WARNING: [Synth 8-7071] port 'TRACE_data_byte_enable' of module 'ulp_ddrmem_1_0_microblaze_mcs' is unconnected for instance 'mcs0' [/home/uni/project/smartssd/host_file_sum64/_x/link/vivado/vpl/prj/prj.gen/my_rm/bd/ulp/ip/ulp_ddrmem_1_0/rtl/cal/ulp_ddrmem_1_0_ddr4_cal_riu.sv:227]
WARNING: [Synth 8-7071] port 'TRACE_data_read' of module 'ulp_ddrmem_1_0_microblaze_mcs' is unconnected for instance 'mcs0' [/home/uni/project/smartssd/host_file_sum64/_x/link/vivado/vpl/prj/prj.gen/my_rm/bd/ulp/ip/ulp_ddrmem_1_0/rtl/cal/ulp_ddrmem_1_0_ddr4_cal_riu.sv:227]
WARNING: [Synth 8-7071] port 'TRACE_data_write' of module 'ulp_ddrmem_1_0_microblaze_mcs' is unconnected for instance 'mcs0' [/home/uni/project/smartssd/host_file_sum64/_x/link/vivado/vpl/prj/prj.gen/my_rm/bd/ulp/ip/ulp_ddrmem_1_0/rtl/cal/ulp_ddrmem_1_0_ddr4_cal_riu.sv:227]
WARNING: [Synth 8-7071] port 'TRACE_data_write_value' of module 'ulp_ddrmem_1_0_microblaze_mcs' is unconnected for instance 'mcs0' [/home/uni/project/smartssd/host_file_sum64/_x/link/vivado/vpl/prj/prj.gen/my_rm/bd/ulp/ip/ulp_ddrmem_1_0/rtl/cal/ulp_ddrmem_1_0_ddr4_cal_riu.sv:227]
WARNING: [Synth 8-7071] port 'TRACE_dcache_hit' of module 'ulp_ddrmem_1_0_microblaze_mcs' is unconnected for instance 'mcs0' [/home/uni/project/smartssd/host_file_sum64/_x/link/vivado/vpl/prj/prj.gen/my_rm/bd/ulp/ip/ulp_ddrmem_1_0/rtl/cal/ulp_ddrmem_1_0_ddr4_cal_riu.sv:227]
WARNING: [Synth 8-7071] port 'TRACE_dcache_rdy' of module 'ulp_ddrmem_1_0_microblaze_mcs' is unconnected for instance 'mcs0' [/home/uni/project/smartssd/host_file_sum64/_x/link/vivado/vpl/prj/prj.gen/my_rm/bd/ulp/ip/ulp_ddrmem_1_0/rtl/cal/ulp_ddrmem_1_0_ddr4_cal_riu.sv:227]
WARNING: [Synth 8-7071] port 'TRACE_dcache_read' of module 'ulp_ddrmem_1_0_microblaze_mcs' is unconnected for instance 'mcs0' [/home/uni/project/smartssd/host_file_sum64/_x/link/vivado/vpl/prj/prj.gen/my_rm/bd/ulp/ip/ulp_ddrmem_1_0/rtl/cal/ulp_ddrmem_1_0_ddr4_cal_riu.sv:227]
WARNING: [Synth 8-7071] port 'TRACE_dcache_req' of module 'ulp_ddrmem_1_0_microblaze_mcs' is unconnected for instance 'mcs0' [/home/uni/project/smartssd/host_file_sum64/_x/link/vivado/vpl/prj/prj.gen/my_rm/bd/ulp/ip/ulp_ddrmem_1_0/rtl/cal/ulp_ddrmem_1_0_ddr4_cal_riu.sv:227]
WARNING: [Synth 8-7071] port 'TRACE_delay_slot' of module 'ulp_ddrmem_1_0_microblaze_mcs' is unconnected for instance 'mcs0' [/home/uni/project/smartssd/host_file_sum64/_x/link/vivado/vpl/prj/prj.gen/my_rm/bd/ulp/ip/ulp_ddrmem_1_0/rtl/cal/ulp_ddrmem_1_0_ddr4_cal_riu.sv:227]
WARNING: [Synth 8-7071] port 'TRACE_ex_piperun' of module 'ulp_ddrmem_1_0_microblaze_mcs' is unconnected for instance 'mcs0' [/home/uni/project/smartssd/host_file_sum64/_x/link/vivado/vpl/prj/prj.gen/my_rm/bd/ulp/ip/ulp_ddrmem_1_0/rtl/cal/ulp_ddrmem_1_0_ddr4_cal_riu.sv:227]
WARNING: [Synth 8-7071] port 'TRACE_exception_kind' of module 'ulp_ddrmem_1_0_microblaze_mcs' is unconnected for instance 'mcs0' [/home/uni/project/smartssd/host_file_sum64/_x/link/vivado/vpl/prj/prj.gen/my_rm/bd/ulp/ip/ulp_ddrmem_1_0/rtl/cal/ulp_ddrmem_1_0_ddr4_cal_riu.sv:227]
WARNING: [Synth 8-7071] port 'TRACE_exception_taken' of module 'ulp_ddrmem_1_0_microblaze_mcs' is unconnected for instance 'mcs0' [/home/uni/project/smartssd/host_file_sum64/_x/link/vivado/vpl/prj/prj.gen/my_rm/bd/ulp/ip/ulp_ddrmem_1_0/rtl/cal/ulp_ddrmem_1_0_ddr4_cal_riu.sv:227]
WARNING: [Synth 8-7071] port 'TRACE_icache_hit' of module 'ulp_ddrmem_1_0_microblaze_mcs' is unconnected for instance 'mcs0' [/home/uni/project/smartssd/host_file_sum64/_x/link/vivado/vpl/prj/prj.gen/my_rm/bd/ulp/ip/ulp_ddrmem_1_0/rtl/cal/ulp_ddrmem_1_0_ddr4_cal_riu.sv:227]
WARNING: [Synth 8-7071] port 'TRACE_icache_rdy' of module 'ulp_ddrmem_1_0_microblaze_mcs' is unconnected for instance 'mcs0' [/home/uni/project/smartssd/host_file_sum64/_x/link/vivado/vpl/prj/prj.gen/my_rm/bd/ulp/ip/ulp_ddrmem_1_0/rtl/cal/ulp_ddrmem_1_0_ddr4_cal_riu.sv:227]
WARNING: [Synth 8-7071] port 'TRACE_icache_req' of module 'ulp_ddrmem_1_0_microblaze_mcs' is unconnected for instance 'mcs0' [/home/uni/project/smartssd/host_file_sum64/_x/link/vivado/vpl/prj/prj.gen/my_rm/bd/ulp/ip/ulp_ddrmem_1_0/rtl/cal/ulp_ddrmem_1_0_ddr4_cal_riu.sv:227]
WARNING: [Synth 8-7071] port 'TRACE_instruction' of module 'ulp_ddrmem_1_0_microblaze_mcs' is unconnected for instance 'mcs0' [/home/uni/project/smartssd/host_file_sum64/_x/link/vivado/vpl/prj/prj.gen/my_rm/bd/ulp/ip/ulp_ddrmem_1_0/rtl/cal/ulp_ddrmem_1_0_ddr4_cal_riu.sv:227]
WARNING: [Synth 8-7071] port 'TRACE_jump_hit' of module 'ulp_ddrmem_1_0_microblaze_mcs' is unconnected for instance 'mcs0' [/home/uni/project/smartssd/host_file_sum64/_x/link/vivado/vpl/prj/prj.gen/my_rm/bd/ulp/ip/ulp_ddrmem_1_0/rtl/cal/ulp_ddrmem_1_0_ddr4_cal_riu.sv:227]
WARNING: [Synth 8-7071] port 'TRACE_jump_taken' of module 'ulp_ddrmem_1_0_microblaze_mcs' is unconnected for instance 'mcs0' [/home/uni/project/smartssd/host_file_sum64/_x/link/vivado/vpl/prj/prj.gen/my_rm/bd/ulp/ip/ulp_ddrmem_1_0/rtl/cal/ulp_ddrmem_1_0_ddr4_cal_riu.sv:227]
WARNING: [Synth 8-7071] port 'TRACE_mb_halted' of module 'ulp_ddrmem_1_0_microblaze_mcs' is unconnected for instance 'mcs0' [/home/uni/project/smartssd/host_file_sum64/_x/link/vivado/vpl/prj/prj.gen/my_rm/bd/ulp/ip/ulp_ddrmem_1_0/rtl/cal/ulp_ddrmem_1_0_ddr4_cal_riu.sv:227]
WARNING: [Synth 8-7071] port 'TRACE_mem_piperun' of module 'ulp_ddrmem_1_0_microblaze_mcs' is unconnected for instance 'mcs0' [/home/uni/project/smartssd/host_file_sum64/_x/link/vivado/vpl/prj/prj.gen/my_rm/bd/ulp/ip/ulp_ddrmem_1_0/rtl/cal/ulp_ddrmem_1_0_ddr4_cal_riu.sv:227]
WARNING: [Synth 8-7071] port 'TRACE_msr_reg' of module 'ulp_ddrmem_1_0_microblaze_mcs' is unconnected for instance 'mcs0' [/home/uni/project/smartssd/host_file_sum64/_x/link/vivado/vpl/prj/prj.gen/my_rm/bd/ulp/ip/ulp_ddrmem_1_0/rtl/cal/ulp_ddrmem_1_0_ddr4_cal_riu.sv:227]
WARNING: [Synth 8-7071] port 'TRACE_new_reg_value' of module 'ulp_ddrmem_1_0_microblaze_mcs' is unconnected for instance 'mcs0' [/home/uni/project/smartssd/host_file_sum64/_x/link/vivado/vpl/prj/prj.gen/my_rm/bd/ulp/ip/ulp_ddrmem_1_0/rtl/cal/ulp_ddrmem_1_0_ddr4_cal_riu.sv:227]
WARNING: [Synth 8-7071] port 'TRACE_of_piperun' of module 'ulp_ddrmem_1_0_microblaze_mcs' is unconnected for instance 'mcs0' [/home/uni/project/smartssd/host_file_sum64/_x/link/vivado/vpl/prj/prj.gen/my_rm/bd/ulp/ip/ulp_ddrmem_1_0/rtl/cal/ulp_ddrmem_1_0_ddr4_cal_riu.sv:227]
WARNING: [Synth 8-7071] port 'TRACE_pid_reg' of module 'ulp_ddrmem_1_0_microblaze_mcs' is unconnected for instance 'mcs0' [/home/uni/project/smartssd/host_file_sum64/_x/link/vivado/vpl/prj/prj.gen/my_rm/bd/ulp/ip/ulp_ddrmem_1_0/rtl/cal/ulp_ddrmem_1_0_ddr4_cal_riu.sv:227]
WARNING: [Synth 8-7071] port 'TRACE_reg_addr' of module 'ulp_ddrmem_1_0_microblaze_mcs' is unconnected for instance 'mcs0' [/home/uni/project/smartssd/host_file_sum64/_x/link/vivado/vpl/prj/prj.gen/my_rm/bd/ulp/ip/ulp_ddrmem_1_0/rtl/cal/ulp_ddrmem_1_0_ddr4_cal_riu.sv:227]
WARNING: [Synth 8-7071] port 'TRACE_reg_write' of module 'ulp_ddrmem_1_0_microblaze_mcs' is unconnected for instance 'mcs0' [/home/uni/project/smartssd/host_file_sum64/_x/link/vivado/vpl/prj/prj.gen/my_rm/bd/ulp/ip/ulp_ddrmem_1_0/rtl/cal/ulp_ddrmem_1_0_ddr4_cal_riu.sv:227]
WARNING: [Synth 8-7071] port 'TRACE_valid_instr' of module 'ulp_ddrmem_1_0_microblaze_mcs' is unconnected for instance 'mcs0' [/home/uni/project/smartssd/host_file_sum64/_x/link/vivado/vpl/prj/prj.gen/my_rm/bd/ulp/ip/ulp_ddrmem_1_0/rtl/cal/ulp_ddrmem_1_0_ddr4_cal_riu.sv:227]
WARNING: [Synth 8-7023] instance 'mcs0' of module 'ulp_ddrmem_1_0_microblaze_mcs' has 40 connections declared, but only 11 given [/home/uni/project/smartssd/host_file_sum64/_x/link/vivado/vpl/prj/prj.gen/my_rm/bd/ulp/ip/ulp_ddrmem_1_0/rtl/cal/ulp_ddrmem_1_0_ddr4_cal_riu.sv:227]
INFO: [Synth 8-6155] done synthesizing module 'ulp_ddrmem_1_0_ddr4_cal_riu' (0#1) [/home/uni/project/smartssd/host_file_sum64/_x/link/vivado/vpl/prj/prj.gen/my_rm/bd/ulp/ip/ulp_ddrmem_1_0/rtl/cal/ulp_ddrmem_1_0_ddr4_cal_riu.sv:89]
INFO: [Synth 8-6157] synthesizing module 'ddr4_v2_2_18_cal_sync__parameterized4' [/home/uni/project/smartssd/host_file_sum64/_x/link/vivado/vpl/prj/prj.gen/my_rm/bd/ulp/ip/ulp_ddrmem_1_0/rtl/cal/ddr4_v2_2_cal_sync.sv:68]
INFO: [Synth 8-6155] done synthesizing module 'ddr4_v2_2_18_cal_sync__parameterized4' (0#1) [/home/uni/project/smartssd/host_file_sum64/_x/link/vivado/vpl/prj/prj.gen/my_rm/bd/ulp/ip/ulp_ddrmem_1_0/rtl/cal/ddr4_v2_2_cal_sync.sv:68]
INFO: [Synth 8-6157] synthesizing module 'ddr4_v2_2_18_cal_sync__parameterized5' [/home/uni/project/smartssd/host_file_sum64/_x/link/vivado/vpl/prj/prj.gen/my_rm/bd/ulp/ip/ulp_ddrmem_1_0/rtl/cal/ddr4_v2_2_cal_sync.sv:68]
INFO: [Synth 8-6155] done synthesizing module 'ddr4_v2_2_18_cal_sync__parameterized5' (0#1) [/home/uni/project/smartssd/host_file_sum64/_x/link/vivado/vpl/prj/prj.gen/my_rm/bd/ulp/ip/ulp_ddrmem_1_0/rtl/cal/ddr4_v2_2_cal_sync.sv:68]
INFO: [Synth 8-6157] synthesizing module 'ddr4_v2_2_18_cal_sync__parameterized6' [/home/uni/project/smartssd/host_file_sum64/_x/link/vivado/vpl/prj/prj.gen/my_rm/bd/ulp/ip/ulp_ddrmem_1_0/rtl/cal/ddr4_v2_2_cal_sync.sv:68]
INFO: [Common 17-14] Message 'Synth 8-6157' appears 100 times and further instances of the messages will be disabled. Use the Tcl command set_msg_config to change the current settings.
INFO: [Synth 8-6155] done synthesizing module 'ddr4_v2_2_18_cal_sync__parameterized6' (0#1) [/home/uni/project/smartssd/host_file_sum64/_x/link/vivado/vpl/prj/prj.gen/my_rm/bd/ulp/ip/ulp_ddrmem_1_0/rtl/cal/ddr4_v2_2_cal_sync.sv:68]
INFO: [Synth 8-6155] done synthesizing module 'ddr4_v2_2_18_cal_sync__parameterized7' (0#1) [/home/uni/project/smartssd/host_file_sum64/_x/link/vivado/vpl/prj/prj.gen/my_rm/bd/ulp/ip/ulp_ddrmem_1_0/rtl/cal/ddr4_v2_2_cal_sync.sv:68]
INFO: [Synth 8-6155] done synthesizing module 'ddr4_v2_2_18_cal_sync__parameterized8' (0#1) [/home/uni/project/smartssd/host_file_sum64/_x/link/vivado/vpl/prj/prj.gen/my_rm/bd/ulp/ip/ulp_ddrmem_1_0/rtl/cal/ddr4_v2_2_cal_sync.sv:68]
INFO: [Synth 8-6155] done synthesizing module 'ddr4_v2_2_18_cal_sync__parameterized9' (0#1) [/home/uni/project/smartssd/host_file_sum64/_x/link/vivado/vpl/prj/prj.gen/my_rm/bd/ulp/ip/ulp_ddrmem_1_0/rtl/cal/ddr4_v2_2_cal_sync.sv:68]
INFO: [Common 17-14] Message 'Synth 8-6155' appears 100 times and further instances of the messages will be disabled. Use the Tcl command set_msg_config to change the current settings.
WARNING: [Synth 8-3848] Net ddr4_c in module/entity ulp_ddrmem_1_0_phy_ddr4 does not have driver. [/home/uni/project/smartssd/host_file_sum64/_x/link/vivado/vpl/prj/prj.gen/my_rm/bd/ulp/ip/ulp_ddrmem_1_0/ip_1/rtl/phy/ulp_ddrmem_1_0_phy_ddr4.sv:176]
WARNING: [Synth 8-3848] Net dbg_bus in module/entity ulp_ddrmem_1_0_phy_ddr4 does not have driver. [/home/uni/project/smartssd/host_file_sum64/_x/link/vivado/vpl/prj/prj.gen/my_rm/bd/ulp/ip/ulp_ddrmem_1_0/ip_1/rtl/phy/ulp_ddrmem_1_0_phy_ddr4.sv:274]
WARNING: [Synth 8-6014] Unused sequential element cmd_cmd_cas_reg was removed.  [/home/uni/project/smartssd/host_file_sum64/_x/link/vivado/vpl/prj/prj.gen/my_rm/bd/ulp/ip/ulp_ddrmem_1_0/rtl/controller/ddr4_v2_2_mc_group.sv:889]
WARNING: [Synth 8-6014] Unused sequential element issue_cas_dly_reg was removed.  [/home/uni/project/smartssd/host_file_sum64/_x/link/vivado/vpl/prj/prj.gen/my_rm/bd/ulp/ip/ulp_ddrmem_1_0/rtl/controller/ddr4_v2_2_mc_group.sv:582]
WARNING: [Synth 8-6014] Unused sequential element faw_slr_done_reg was removed.  [/home/uni/project/smartssd/host_file_sum64/_x/link/vivado/vpl/prj/prj.gen/my_rm/bd/ulp/ip/ulp_ddrmem_1_0/rtl/controller/ddr4_v2_2_mc_act_rank.sv:135]
WARNING: [Synth 8-6014] Unused sequential element outstanding_act_dlr_reg was removed.  [/home/uni/project/smartssd/host_file_sum64/_x/link/vivado/vpl/prj/prj.gen/my_rm/bd/ulp/ip/ulp_ddrmem_1_0/rtl/controller/ddr4_v2_2_mc_act_rank.sv:163]
WARNING: [Synth 8-6014] Unused sequential element act_shift_dlr_reg was removed.  [/home/uni/project/smartssd/host_file_sum64/_x/link/vivado/vpl/prj/prj.gen/my_rm/bd/ulp/ip/ulp_ddrmem_1_0/rtl/controller/ddr4_v2_2_mc_act_rank.sv:155]
WARNING: [Synth 8-6014] Unused sequential element prevLRA_reg was removed.  [/home/uni/project/smartssd/host_file_sum64/_x/link/vivado/vpl/prj/prj.gen/my_rm/bd/ulp/ip/ulp_ddrmem_1_0/rtl/controller/ddr4_v2_2_mc_act_rank.sv:200]
WARNING: [Synth 8-6014] Unused sequential element rrdDLR_reg was removed.  [/home/uni/project/smartssd/host_file_sum64/_x/link/vivado/vpl/prj/prj.gen/my_rm/bd/ulp/ip/ulp_ddrmem_1_0/rtl/controller/ddr4_v2_2_mc_act_rank.sv:201]
WARNING: [Synth 8-6014] Unused sequential element strict_rptr_reg was removed.  [/home/uni/project/smartssd/host_file_sum64/_x/link/vivado/vpl/prj/prj.gen/my_rm/bd/ulp/ip/ulp_ddrmem_1_0/rtl/controller/ddr4_v2_2_mc_arb_c.sv:149]
WARNING: [Synth 8-6014] Unused sequential element strict_wptr_reg was removed.  [/home/uni/project/smartssd/host_file_sum64/_x/link/vivado/vpl/prj/prj.gen/my_rm/bd/ulp/ip/ulp_ddrmem_1_0/rtl/controller/ddr4_v2_2_mc_arb_c.sv:177]
WARNING: [Synth 8-6014] Unused sequential element strict_wptr2_reg was removed.  [/home/uni/project/smartssd/host_file_sum64/_x/link/vivado/vpl/prj/prj.gen/my_rm/bd/ulp/ip/ulp_ddrmem_1_0/rtl/controller/ddr4_v2_2_mc_arb_c.sv:178]
WARNING: [Synth 8-6014] Unused sequential element strict_fifo_reg[31] was removed.  [/home/uni/project/smartssd/host_file_sum64/_x/link/vivado/vpl/prj/prj.gen/my_rm/bd/ulp/ip/ulp_ddrmem_1_0/rtl/controller/ddr4_v2_2_mc_arb_c.sv:186]
WARNING: [Synth 8-6014] Unused sequential element strict_fifo_reg[30] was removed.  [/home/uni/project/smartssd/host_file_sum64/_x/link/vivado/vpl/prj/prj.gen/my_rm/bd/ulp/ip/ulp_ddrmem_1_0/rtl/controller/ddr4_v2_2_mc_arb_c.sv:186]
WARNING: [Synth 8-6014] Unused sequential element strict_fifo_reg[29] was removed.  [/home/uni/project/smartssd/host_file_sum64/_x/link/vivado/vpl/prj/prj.gen/my_rm/bd/ulp/ip/ulp_ddrmem_1_0/rtl/controller/ddr4_v2_2_mc_arb_c.sv:186]
WARNING: [Synth 8-6014] Unused sequential element strict_fifo_reg[28] was removed.  [/home/uni/project/smartssd/host_file_sum64/_x/link/vivado/vpl/prj/prj.gen/my_rm/bd/ulp/ip/ulp_ddrmem_1_0/rtl/controller/ddr4_v2_2_mc_arb_c.sv:186]
WARNING: [Synth 8-6014] Unused sequential element strict_fifo_reg[27] was removed.  [/home/uni/project/smartssd/host_file_sum64/_x/link/vivado/vpl/prj/prj.gen/my_rm/bd/ulp/ip/ulp_ddrmem_1_0/rtl/controller/ddr4_v2_2_mc_arb_c.sv:186]
WARNING: [Synth 8-6014] Unused sequential element strict_fifo_reg[26] was removed.  [/home/uni/project/smartssd/host_file_sum64/_x/link/vivado/vpl/prj/prj.gen/my_rm/bd/ulp/ip/ulp_ddrmem_1_0/rtl/controller/ddr4_v2_2_mc_arb_c.sv:186]
WARNING: [Synth 8-6014] Unused sequential element strict_fifo_reg[25] was removed.  [/home/uni/project/smartssd/host_file_sum64/_x/link/vivado/vpl/prj/prj.gen/my_rm/bd/ulp/ip/ulp_ddrmem_1_0/rtl/controller/ddr4_v2_2_mc_arb_c.sv:186]
WARNING: [Synth 8-6014] Unused sequential element strict_fifo_reg[24] was removed.  [/home/uni/project/smartssd/host_file_sum64/_x/link/vivado/vpl/prj/prj.gen/my_rm/bd/ulp/ip/ulp_ddrmem_1_0/rtl/controller/ddr4_v2_2_mc_arb_c.sv:186]
WARNING: [Synth 8-6014] Unused sequential element strict_fifo_reg[23] was removed.  [/home/uni/project/smartssd/host_file_sum64/_x/link/vivado/vpl/prj/prj.gen/my_rm/bd/ulp/ip/ulp_ddrmem_1_0/rtl/controller/ddr4_v2_2_mc_arb_c.sv:186]
WARNING: [Synth 8-6014] Unused sequential element strict_fifo_reg[22] was removed.  [/home/uni/project/smartssd/host_file_sum64/_x/link/vivado/vpl/prj/prj.gen/my_rm/bd/ulp/ip/ulp_ddrmem_1_0/rtl/controller/ddr4_v2_2_mc_arb_c.sv:186]
WARNING: [Synth 8-6014] Unused sequential element strict_fifo_reg[21] was removed.  [/home/uni/project/smartssd/host_file_sum64/_x/link/vivado/vpl/prj/prj.gen/my_rm/bd/ulp/ip/ulp_ddrmem_1_0/rtl/controller/ddr4_v2_2_mc_arb_c.sv:186]
WARNING: [Synth 8-6014] Unused sequential element strict_fifo_reg[20] was removed.  [/home/uni/project/smartssd/host_file_sum64/_x/link/vivado/vpl/prj/prj.gen/my_rm/bd/ulp/ip/ulp_ddrmem_1_0/rtl/controller/ddr4_v2_2_mc_arb_c.sv:186]
WARNING: [Synth 8-6014] Unused sequential element strict_fifo_reg[19] was removed.  [/home/uni/project/smartssd/host_file_sum64/_x/link/vivado/vpl/prj/prj.gen/my_rm/bd/ulp/ip/ulp_ddrmem_1_0/rtl/controller/ddr4_v2_2_mc_arb_c.sv:186]
WARNING: [Synth 8-6014] Unused sequential element strict_fifo_reg[18] was removed.  [/home/uni/project/smartssd/host_file_sum64/_x/link/vivado/vpl/prj/prj.gen/my_rm/bd/ulp/ip/ulp_ddrmem_1_0/rtl/controller/ddr4_v2_2_mc_arb_c.sv:186]
WARNING: [Synth 8-6014] Unused sequential element strict_fifo_reg[17] was removed.  [/home/uni/project/smartssd/host_file_sum64/_x/link/vivado/vpl/prj/prj.gen/my_rm/bd/ulp/ip/ulp_ddrmem_1_0/rtl/controller/ddr4_v2_2_mc_arb_c.sv:186]
WARNING: [Synth 8-6014] Unused sequential element strict_fifo_reg[16] was removed.  [/home/uni/project/smartssd/host_file_sum64/_x/link/vivado/vpl/prj/prj.gen/my_rm/bd/ulp/ip/ulp_ddrmem_1_0/rtl/controller/ddr4_v2_2_mc_arb_c.sv:186]
WARNING: [Synth 8-6014] Unused sequential element strict_fifo_reg[15] was removed.  [/home/uni/project/smartssd/host_file_sum64/_x/link/vivado/vpl/prj/prj.gen/my_rm/bd/ulp/ip/ulp_ddrmem_1_0/rtl/controller/ddr4_v2_2_mc_arb_c.sv:186]
WARNING: [Synth 8-6014] Unused sequential element strict_fifo_reg[14] was removed.  [/home/uni/project/smartssd/host_file_sum64/_x/link/vivado/vpl/prj/prj.gen/my_rm/bd/ulp/ip/ulp_ddrmem_1_0/rtl/controller/ddr4_v2_2_mc_arb_c.sv:186]
WARNING: [Synth 8-6014] Unused sequential element strict_fifo_reg[13] was removed.  [/home/uni/project/smartssd/host_file_sum64/_x/link/vivado/vpl/prj/prj.gen/my_rm/bd/ulp/ip/ulp_ddrmem_1_0/rtl/controller/ddr4_v2_2_mc_arb_c.sv:186]
WARNING: [Synth 8-6014] Unused sequential element strict_fifo_reg[12] was removed.  [/home/uni/project/smartssd/host_file_sum64/_x/link/vivado/vpl/prj/prj.gen/my_rm/bd/ulp/ip/ulp_ddrmem_1_0/rtl/controller/ddr4_v2_2_mc_arb_c.sv:186]
WARNING: [Synth 8-6014] Unused sequential element strict_fifo_reg[11] was removed.  [/home/uni/project/smartssd/host_file_sum64/_x/link/vivado/vpl/prj/prj.gen/my_rm/bd/ulp/ip/ulp_ddrmem_1_0/rtl/controller/ddr4_v2_2_mc_arb_c.sv:186]
WARNING: [Synth 8-6014] Unused sequential element strict_fifo_reg[10] was removed.  [/home/uni/project/smartssd/host_file_sum64/_x/link/vivado/vpl/prj/prj.gen/my_rm/bd/ulp/ip/ulp_ddrmem_1_0/rtl/controller/ddr4_v2_2_mc_arb_c.sv:186]
WARNING: [Synth 8-6014] Unused sequential element strict_fifo_reg[9] was removed.  [/home/uni/project/smartssd/host_file_sum64/_x/link/vivado/vpl/prj/prj.gen/my_rm/bd/ulp/ip/ulp_ddrmem_1_0/rtl/controller/ddr4_v2_2_mc_arb_c.sv:186]
WARNING: [Synth 8-6014] Unused sequential element strict_fifo_reg[8] was removed.  [/home/uni/project/smartssd/host_file_sum64/_x/link/vivado/vpl/prj/prj.gen/my_rm/bd/ulp/ip/ulp_ddrmem_1_0/rtl/controller/ddr4_v2_2_mc_arb_c.sv:186]
WARNING: [Synth 8-6014] Unused sequential element strict_fifo_reg[7] was removed.  [/home/uni/project/smartssd/host_file_sum64/_x/link/vivado/vpl/prj/prj.gen/my_rm/bd/ulp/ip/ulp_ddrmem_1_0/rtl/controller/ddr4_v2_2_mc_arb_c.sv:186]
WARNING: [Synth 8-6014] Unused sequential element strict_fifo_reg[6] was removed.  [/home/uni/project/smartssd/host_file_sum64/_x/link/vivado/vpl/prj/prj.gen/my_rm/bd/ulp/ip/ulp_ddrmem_1_0/rtl/controller/ddr4_v2_2_mc_arb_c.sv:186]
WARNING: [Synth 8-6014] Unused sequential element strict_fifo_reg[5] was removed.  [/home/uni/project/smartssd/host_file_sum64/_x/link/vivado/vpl/prj/prj.gen/my_rm/bd/ulp/ip/ulp_ddrmem_1_0/rtl/controller/ddr4_v2_2_mc_arb_c.sv:186]
WARNING: [Synth 8-6014] Unused sequential element strict_fifo_reg[4] was removed.  [/home/uni/project/smartssd/host_file_sum64/_x/link/vivado/vpl/prj/prj.gen/my_rm/bd/ulp/ip/ulp_ddrmem_1_0/rtl/controller/ddr4_v2_2_mc_arb_c.sv:186]
WARNING: [Synth 8-6014] Unused sequential element strict_fifo_reg[3] was removed.  [/home/uni/project/smartssd/host_file_sum64/_x/link/vivado/vpl/prj/prj.gen/my_rm/bd/ulp/ip/ulp_ddrmem_1_0/rtl/controller/ddr4_v2_2_mc_arb_c.sv:186]
WARNING: [Synth 8-6014] Unused sequential element strict_fifo_reg[2] was removed.  [/home/uni/project/smartssd/host_file_sum64/_x/link/vivado/vpl/prj/prj.gen/my_rm/bd/ulp/ip/ulp_ddrmem_1_0/rtl/controller/ddr4_v2_2_mc_arb_c.sv:186]
WARNING: [Synth 8-6014] Unused sequential element strict_fifo_reg[1] was removed.  [/home/uni/project/smartssd/host_file_sum64/_x/link/vivado/vpl/prj/prj.gen/my_rm/bd/ulp/ip/ulp_ddrmem_1_0/rtl/controller/ddr4_v2_2_mc_arb_c.sv:186]
WARNING: [Synth 8-6014] Unused sequential element strict_fifo_reg[0] was removed.  [/home/uni/project/smartssd/host_file_sum64/_x/link/vivado/vpl/prj/prj.gen/my_rm/bd/ulp/ip/ulp_ddrmem_1_0/rtl/controller/ddr4_v2_2_mc_arb_c.sv:186]
WARNING: [Synth 8-6014] Unused sequential element slotCnt_reg was removed.  [/home/uni/project/smartssd/host_file_sum64/_x/link/vivado/vpl/prj/prj.gen/my_rm/bd/ulp/ip/ulp_ddrmem_1_0/rtl/controller/ddr4_v2_2_mc_arb_c.sv:247]
WARNING: [Synth 8-6014] Unused sequential element win_l_rank_cas_int_reg was removed.  [/home/uni/project/smartssd/host_file_sum64/_x/link/vivado/vpl/prj/prj.gen/my_rm/bd/ulp/ip/ulp_ddrmem_1_0/rtl/controller/ddr4_v2_2_mc_arb_c.sv:254]
WARNING: [Synth 8-6014] Unused sequential element arbing.nRdSlot_reg was removed.  [/home/uni/project/smartssd/host_file_sum64/_x/link/vivado/vpl/prj/prj.gen/my_rm/bd/ulp/ip/ulp_ddrmem_1_0/rtl/controller/ddr4_v2_2_mc_arb_c.sv:259]
WARNING: [Synth 8-6014] Unused sequential element arbing.nSlotCnt_reg was removed.  [/home/uni/project/smartssd/host_file_sum64/_x/link/vivado/vpl/prj/prj.gen/my_rm/bd/ulp/ip/ulp_ddrmem_1_0/rtl/controller/ddr4_v2_2_mc_arb_c.sv:260]
WARNING: [Synth 8-6014] Unused sequential element prev2CAS_reg was removed.  [/home/uni/project/smartssd/host_file_sum64/_x/link/vivado/vpl/prj/prj.gen/my_rm/bd/ulp/ip/ulp_ddrmem_1_0/rtl/controller/ddr4_v2_2_mc_ctl.sv:311]
WARNING: [Synth 8-6014] Unused sequential element prevLRank_reg was removed.  [/home/uni/project/smartssd/host_file_sum64/_x/link/vivado/vpl/prj/prj.gen/my_rm/bd/ulp/ip/ulp_ddrmem_1_0/rtl/controller/ddr4_v2_2_mc_ctl.sv:314]
WARNING: [Synth 8-6014] Unused sequential element sre_issued_r_reg was removed.  [/home/uni/project/smartssd/host_file_sum64/_x/link/vivado/vpl/prj/prj.gen/my_rm/bd/ulp/ip/ulp_ddrmem_1_0/rtl/controller/ddr4_v2_2_mc_ref.sv:276]
WARNING: [Synth 8-6014] Unused sequential element tckoff_timer_reg was removed.  [/home/uni/project/smartssd/host_file_sum64/_x/link/vivado/vpl/prj/prj.gen/my_rm/bd/ulp/ip/ulp_ddrmem_1_0/rtl/controller/ddr4_v2_2_mc_ref.sv:279]
WARNING: [Synth 8-6014] Unused sequential element sre_tckoff_ok_r_reg was removed.  [/home/uni/project/smartssd/host_file_sum64/_x/link/vivado/vpl/prj/prj.gen/my_rm/bd/ulp/ip/ulp_ddrmem_1_0/rtl/controller/ddr4_v2_2_mc_ref.sv:288]
WARNING: [Synth 8-6014] Unused sequential element tckev_timer_reg was removed.  [/home/uni/project/smartssd/host_file_sum64/_x/link/vivado/vpl/prj/prj.gen/my_rm/bd/ulp/ip/ulp_ddrmem_1_0/rtl/controller/ddr4_v2_2_mc_ref.sv:291]
WARNING: [Synth 8-6014] Unused sequential element um_ref_req_reg was removed.  [/home/uni/project/smartssd/host_file_sum64/_x/link/vivado/vpl/prj/prj.gen/my_rm/bd/ulp/ip/ulp_ddrmem_1_0/rtl/controller/ddr4_v2_2_mc_ref.sv:711]
WARNING: [Synth 8-6014] Unused sequential element um_pre_iss_reg was removed.  [/home/uni/project/smartssd/host_file_sum64/_x/link/vivado/vpl/prj/prj.gen/my_rm/bd/ulp/ip/ulp_ddrmem_1_0/rtl/controller/ddr4_v2_2_mc_ref.sv:944]
WARNING: [Synth 8-6014] Unused sequential element um_ref_iss_reg was removed.  [/home/uni/project/smartssd/host_file_sum64/_x/link/vivado/vpl/prj/prj.gen/my_rm/bd/ulp/ip/ulp_ddrmem_1_0/rtl/controller/ddr4_v2_2_mc_ref.sv:945]
WARNING: [Synth 8-6014] Unused sequential element um_zq_iss_reg was removed.  [/home/uni/project/smartssd/host_file_sum64/_x/link/vivado/vpl/prj/prj.gen/my_rm/bd/ulp/ip/ulp_ddrmem_1_0/rtl/controller/ddr4_v2_2_mc_ref.sv:946]
WARNING: [Synth 8-6014] Unused sequential element wr_data_r_reg was removed.  [/home/uni/project/smartssd/host_file_sum64/_x/link/vivado/vpl/prj/prj.gen/my_rm/bd/ulp/ip/ulp_ddrmem_1_0/rtl/controller/ddr4_v2_2_mc_ecc_merge_enc.sv:101]
WARNING: [Synth 8-6014] Unused sequential element wr_data_mask_r_reg was removed.  [/home/uni/project/smartssd/host_file_sum64/_x/link/vivado/vpl/prj/prj.gen/my_rm/bd/ulp/ip/ulp_ddrmem_1_0/rtl/controller/ddr4_v2_2_mc_ecc_merge_enc.sv:102]
WARNING: [Synth 8-6014] Unused sequential element rd_merge_data_r_reg was removed.  [/home/uni/project/smartssd/host_file_sum64/_x/link/vivado/vpl/prj/prj.gen/my_rm/bd/ulp/ip/ulp_ddrmem_1_0/rtl/controller/ddr4_v2_2_mc_ecc_merge_enc.sv:103]
WARNING: [Synth 8-6014] Unused sequential element raw_not_ecc_r_reg was removed.  [/home/uni/project/smartssd/host_file_sum64/_x/link/vivado/vpl/prj/prj.gen/my_rm/bd/ulp/ip/ulp_ddrmem_1_0/rtl/controller/ddr4_v2_2_mc_ecc_merge_enc.sv:127]
WARNING: [Synth 8-6014] Unused sequential element rd_buf_index_cpy[3].rd_buf_indx_r_reg[3] was removed.  [/home/uni/project/smartssd/host_file_sum64/_x/link/vivado/vpl/prj/prj.gen/my_rm/bd/ulp/ip/ulp_ddrmem_1_0/rtl/ui/ddr4_v2_2_ui_rd_data.sv:237]
WARNING: [Synth 8-6014] Unused sequential element rd_buf_index_cpy[4].rd_buf_indx_r_reg[4] was removed.  [/home/uni/project/smartssd/host_file_sum64/_x/link/vivado/vpl/prj/prj.gen/my_rm/bd/ulp/ip/ulp_ddrmem_1_0/rtl/ui/ddr4_v2_2_ui_rd_data.sv:237]
WARNING: [Synth 8-6014] Unused sequential element rd_buf_index_cpy[6].rd_buf_indx_r_reg[6] was removed.  [/home/uni/project/smartssd/host_file_sum64/_x/link/vivado/vpl/prj/prj.gen/my_rm/bd/ulp/ip/ulp_ddrmem_1_0/rtl/ui/ddr4_v2_2_ui_rd_data.sv:237]
WARNING: [Synth 8-6014] Unused sequential element rd_buf_index_cpy[7].rd_buf_indx_r_reg[7] was removed.  [/home/uni/project/smartssd/host_file_sum64/_x/link/vivado/vpl/prj/prj.gen/my_rm/bd/ulp/ip/ulp_ddrmem_1_0/rtl/ui/ddr4_v2_2_ui_rd_data.sv:237]
WARNING: [Synth 8-6014] Unused sequential element rd_buf_index_cpy[8].rd_buf_indx_r_reg[8] was removed.  [/home/uni/project/smartssd/host_file_sum64/_x/link/vivado/vpl/prj/prj.gen/my_rm/bd/ulp/ip/ulp_ddrmem_1_0/rtl/ui/ddr4_v2_2_ui_rd_data.sv:237]
WARNING: [Synth 8-6014] Unused sequential element rd_buf_index_cpy[10].rd_buf_indx_r_reg[10] was removed.  [/home/uni/project/smartssd/host_file_sum64/_x/link/vivado/vpl/prj/prj.gen/my_rm/bd/ulp/ip/ulp_ddrmem_1_0/rtl/ui/ddr4_v2_2_ui_rd_data.sv:237]
WARNING: [Synth 8-6014] Unused sequential element rd_buf_index_cpy[11].rd_buf_indx_r_reg[11] was removed.  [/home/uni/project/smartssd/host_file_sum64/_x/link/vivado/vpl/prj/prj.gen/my_rm/bd/ulp/ip/ulp_ddrmem_1_0/rtl/ui/ddr4_v2_2_ui_rd_data.sv:237]
WARNING: [Synth 8-6014] Unused sequential element rd_buf_index_cpy[12].rd_buf_indx_r_reg[12] was removed.  [/home/uni/project/smartssd/host_file_sum64/_x/link/vivado/vpl/prj/prj.gen/my_rm/bd/ulp/ip/ulp_ddrmem_1_0/rtl/ui/ddr4_v2_2_ui_rd_data.sv:237]
WARNING: [Synth 8-6014] Unused sequential element rd_buf_index_cpy[13].rd_buf_indx_r_reg[13] was removed.  [/home/uni/project/smartssd/host_file_sum64/_x/link/vivado/vpl/prj/prj.gen/my_rm/bd/ulp/ip/ulp_ddrmem_1_0/rtl/ui/ddr4_v2_2_ui_rd_data.sv:237]
WARNING: [Synth 8-6014] Unused sequential element rd_buf_index_cpy[15].rd_buf_indx_r_reg[15] was removed.  [/home/uni/project/smartssd/host_file_sum64/_x/link/vivado/vpl/prj/prj.gen/my_rm/bd/ulp/ip/ulp_ddrmem_1_0/rtl/ui/ddr4_v2_2_ui_rd_data.sv:237]
WARNING: [Synth 8-6014] Unused sequential element rd_buf_index_cpy[16].rd_buf_indx_r_reg[16] was removed.  [/home/uni/project/smartssd/host_file_sum64/_x/link/vivado/vpl/prj/prj.gen/my_rm/bd/ulp/ip/ulp_ddrmem_1_0/rtl/ui/ddr4_v2_2_ui_rd_data.sv:237]
WARNING: [Synth 8-6014] Unused sequential element rd_buf_index_cpy[17].rd_buf_indx_r_reg[17] was removed.  [/home/uni/project/smartssd/host_file_sum64/_x/link/vivado/vpl/prj/prj.gen/my_rm/bd/ulp/ip/ulp_ddrmem_1_0/rtl/ui/ddr4_v2_2_ui_rd_data.sv:237]
WARNING: [Synth 8-6014] Unused sequential element rd_buf_index_cpy[18].rd_buf_indx_r_reg[18] was removed.  [/home/uni/project/smartssd/host_file_sum64/_x/link/vivado/vpl/prj/prj.gen/my_rm/bd/ulp/ip/ulp_ddrmem_1_0/rtl/ui/ddr4_v2_2_ui_rd_data.sv:237]
WARNING: [Synth 8-6014] Unused sequential element cplx_PAR_reg was removed.  [/home/uni/project/smartssd/host_file_sum64/_x/link/vivado/vpl/prj/prj.gen/my_rm/bd/ulp/ip/ulp_ddrmem_1_0/rtl/cal/ddr4_v2_2_cal_cplx.sv:817]
WARNING: [Synth 8-3936] Found unconnected internal register 'cplx_config_chip_select_reg' and it is trimmed from '4' to '1' bits. [/home/uni/project/smartssd/host_file_sum64/_x/link/vivado/vpl/prj/prj.gen/my_rm/bd/ulp/ip/ulp_ddrmem_1_0/rtl/cal/ddr4_v2_2_cal_cplx.sv:279]
WARNING: [Synth 8-3936] Found unconnected internal register 'wr_cas_delay_line_ff_reg' and it is trimmed from '16' to '15' bits. [/home/uni/project/smartssd/host_file_sum64/_x/link/vivado/vpl/prj/prj.gen/my_rm/bd/ulp/ip/ulp_ddrmem_1_0/rtl/cal/ddr4_v2_2_cal_cplx.sv:702]
WARNING: [Synth 8-6014] Unused sequential element margin_start_tap_p_reg was removed.  [/home/uni/project/smartssd/host_file_sum64/_x/link/vivado/vpl/prj/prj.gen/my_rm/bd/ulp/ip/ulp_ddrmem_1_0/rtl/cal/ddr4_v2_2_cal_addr_decode.sv:1003]
WARNING: [Synth 8-6014] Unused sequential element margin_left_p_reg was removed.  [/home/uni/project/smartssd/host_file_sum64/_x/link/vivado/vpl/prj/prj.gen/my_rm/bd/ulp/ip/ulp_ddrmem_1_0/rtl/cal/ddr4_v2_2_cal_addr_decode.sv:1004]
WARNING: [Synth 8-6014] Unused sequential element margin_right_p_reg was removed.  [/home/uni/project/smartssd/host_file_sum64/_x/link/vivado/vpl/prj/prj.gen/my_rm/bd/ulp/ip/ulp_ddrmem_1_0/rtl/cal/ddr4_v2_2_cal_addr_decode.sv:1005]
WARNING: [Synth 8-6014] Unused sequential element margin_start_tap_n_reg was removed.  [/home/uni/project/smartssd/host_file_sum64/_x/link/vivado/vpl/prj/prj.gen/my_rm/bd/ulp/ip/ulp_ddrmem_1_0/rtl/cal/ddr4_v2_2_cal_addr_decode.sv:1017]
WARNING: [Synth 8-6014] Unused sequential element margin_left_n_reg was removed.  [/home/uni/project/smartssd/host_file_sum64/_x/link/vivado/vpl/prj/prj.gen/my_rm/bd/ulp/ip/ulp_ddrmem_1_0/rtl/cal/ddr4_v2_2_cal_addr_decode.sv:1018]
WARNING: [Synth 8-6014] Unused sequential element margin_right_n_reg was removed.  [/home/uni/project/smartssd/host_file_sum64/_x/link/vivado/vpl/prj/prj.gen/my_rm/bd/ulp/ip/ulp_ddrmem_1_0/rtl/cal/ddr4_v2_2_cal_addr_decode.sv:1019]
WARNING: [Synth 8-6014] Unused sequential element wrong_addr_access_write_reg was removed.  [/home/uni/project/smartssd/host_file_sum64/_x/link/vivado/vpl/prj/prj.gen/my_rm/bd/ulp/ip/ulp_ddrmem_1_0/rtl/cal/ddr4_v2_2_cal_addr_decode.sv:1085]
WARNING: [Synth 8-6014] Unused sequential element cal_DQOut_B_reg was removed.  [/home/uni/project/smartssd/host_file_sum64/_x/link/vivado/vpl/prj/prj.gen/my_rm/bd/ulp/ip/ulp_ddrmem_1_0/rtl/cal/ddr4_v2_2_cal_addr_decode.sv:1208]
WARNING: [Synth 8-6014] Unused sequential element margin_start_tap_reg was removed.  [/home/uni/project/smartssd/host_file_sum64/_x/link/vivado/vpl/prj/prj.gen/my_rm/bd/ulp/ip/ulp_ddrmem_1_0/rtl/cal/ddr4_v2_2_cal_addr_decode.sv:1253]
WARNING: [Synth 8-6014] Unused sequential element margin_right_reg was removed.  [/home/uni/project/smartssd/host_file_sum64/_x/link/vivado/vpl/prj/prj.gen/my_rm/bd/ulp/ip/ulp_ddrmem_1_0/rtl/cal/ddr4_v2_2_cal_addr_decode.sv:1254]
WARNING: [Synth 8-6014] Unused sequential element margin_left_reg was removed.  [/home/uni/project/smartssd/host_file_sum64/_x/link/vivado/vpl/prj/prj.gen/my_rm/bd/ulp/ip/ulp_ddrmem_1_0/rtl/cal/ddr4_v2_2_cal_addr_decode.sv:1255]
WARNING: [Synth 8-6014] Unused sequential element margin_p_active_reg was removed.  [/home/uni/project/smartssd/host_file_sum64/_x/link/vivado/vpl/prj/prj.gen/my_rm/bd/ulp/ip/ulp_ddrmem_1_0/rtl/cal/ddr4_v2_2_cal_addr_decode.sv:1256]
WARNING: [Synth 8-6014] Unused sequential element margin_n_active_reg was removed.  [/home/uni/project/smartssd/host_file_sum64/_x/link/vivado/vpl/prj/prj.gen/my_rm/bd/ulp/ip/ulp_ddrmem_1_0/rtl/cal/ddr4_v2_2_cal_addr_decode.sv:1257]
WARNING: [Synth 8-6014] Unused sequential element wrong_addr_access_read_reg was removed.  [/home/uni/project/smartssd/host_file_sum64/_x/link/vivado/vpl/prj/prj.gen/my_rm/bd/ulp/ip/ulp_ddrmem_1_0/rtl/cal/ddr4_v2_2_cal_addr_decode.sv:1559]
WARNING: [Synth 8-6014] Unused sequential element cal_ODT_mux_reg was removed.  [/home/uni/project/smartssd/host_file_sum64/_x/link/vivado/vpl/prj/prj.gen/my_rm/bd/ulp/ip/ulp_ddrmem_1_0/rtl/cal/ddr4_v2_2_cal_addr_decode.sv:1990]
WARNING: [Synth 8-6014] Unused sequential element extended_write_r_reg was removed.  [/home/uni/project/smartssd/host_file_sum64/_x/link/vivado/vpl/prj/prj.gen/my_rm/bd/ulp/ip/ulp_ddrmem_1_0/rtl/cal/ddr4_v2_2_cal_addr_decode.sv:2065]
WARNING: [Synth 8-3936] Found unconnected internal register 'dqin_valid_shift_reg' and it is trimmed from '8' to '7' bits. [/home/uni/project/smartssd/host_file_sum64/_x/link/vivado/vpl/prj/prj.gen/my_rm/bd/ulp/ip/ulp_ddrmem_1_0/rtl/cal/ddr4_v2_2_cal_addr_decode.sv:1865]
WARNING: [Synth 8-6014] Unused sequential element slave_rdy_r_reg was removed.  [/home/uni/project/smartssd/host_file_sum64/_x/link/vivado/vpl/prj/prj.gen/my_rm/bd/ulp/ip/ulp_ddrmem_1_0/rtl/cal/ddr4_v2_2_cal_xsdb_arbiter.sv:155]
WARNING: [Synth 8-6014] Unused sequential element init_cal_DMOut_n_reg was removed.  [/home/uni/project/smartssd/host_file_sum64/_x/link/vivado/vpl/prj/prj.gen/my_rm/bd/ulp/ip/ulp_ddrmem_1_0/rtl/cal/ddr4_v2_2_cal.sv:2012]
WARNING: [Synth 8-6014] Unused sequential element init_cal_DQOut_reg was removed.  [/home/uni/project/smartssd/host_file_sum64/_x/link/vivado/vpl/prj/prj.gen/my_rm/bd/ulp/ip/ulp_ddrmem_1_0/rtl/cal/ddr4_v2_2_cal.sv:2013]
WARNING: [Synth 8-6014] Unused sequential element init_cal_inv_reg was removed.  [/home/uni/project/smartssd/host_file_sum64/_x/link/vivado/vpl/prj/prj.gen/my_rm/bd/ulp/ip/ulp_ddrmem_1_0/rtl/cal/ddr4_v2_2_cal.sv:1523]
WARNING: [Synth 8-6014] Unused sequential element init_cal_mrs_reg was removed.  [/home/uni/project/smartssd/host_file_sum64/_x/link/vivado/vpl/prj/prj.gen/my_rm/bd/ulp/ip/ulp_ddrmem_1_0/rtl/cal/ddr4_v2_2_cal.sv:1524]
WARNING: [Synth 8-6014] Unused sequential element rdcs_rdcas_lsb_slot0_reg was removed.  [/home/uni/project/smartssd/host_file_sum64/_x/link/vivado/vpl/prj/prj.gen/my_rm/bd/ulp/ip/ulp_ddrmem_1_0/rtl/cal/ddr4_v2_2_cal_rd_en.sv:196]
WARNING: [Synth 8-6014] Unused sequential element calDone_dly_reg was removed.  [/home/uni/project/smartssd/host_file_sum64/_x/link/vivado/vpl/prj/prj.gen/my_rm/bd/ulp/ip/ulp_ddrmem_1_0/rtl/cal/ddr4_v2_2_cal_rd_en.sv:208]
WARNING: [Synth 8-6014] Unused sequential element rdcs0_reg was removed.  [/home/uni/project/smartssd/host_file_sum64/_x/link/vivado/vpl/prj/prj.gen/my_rm/bd/ulp/ip/ulp_ddrmem_1_0/rtl/cal/ddr4_v2_2_cal_rd_en.sv:191]
WARNING: [Synth 8-6014] Unused sequential element rdcs1_reg was removed.  [/home/uni/project/smartssd/host_file_sum64/_x/link/vivado/vpl/prj/prj.gen/my_rm/bd/ulp/ip/ulp_ddrmem_1_0/rtl/cal/ddr4_v2_2_cal_rd_en.sv:192]
WARNING: [Synth 8-6014] Unused sequential element cs0_reg was removed.  [/home/uni/project/smartssd/host_file_sum64/_x/link/vivado/vpl/prj/prj.gen/my_rm/bd/ulp/ip/ulp_ddrmem_1_0/rtl/cal/ddr4_v2_2_cal_write.sv:224]
INFO: [Common 17-14] Message 'Synth 8-6014' appears 100 times and further instances of the messages will be disabled. Use the Tcl command set_msg_config to change the current settings.
WARNING: [Synth 8-3936] Found unconnected internal register 'wrQ_out_reg[1]' and it is trimmed from '10' to '1' bits. [/home/uni/project/smartssd/host_file_sum64/_x/link/vivado/vpl/prj/prj.gen/my_rm/bd/ulp/ip/ulp_ddrmem_1_0/rtl/cal/ddr4_v2_2_cal_write.sv:217]
WARNING: [Synth 8-3936] Found unconnected internal register 'wrQ_out_reg[0]' and it is trimmed from '10' to '3' bits. [/home/uni/project/smartssd/host_file_sum64/_x/link/vivado/vpl/prj/prj.gen/my_rm/bd/ulp/ip/ulp_ddrmem_1_0/rtl/cal/ddr4_v2_2_cal_write.sv:217]
WARNING: [Synth 8-3936] Found unconnected internal register 'io_address_r2_reg' and it is trimmed from '32' to '28' bits. [/home/uni/project/smartssd/host_file_sum64/_x/link/vivado/vpl/prj/prj.gen/my_rm/bd/ulp/ip/ulp_ddrmem_1_0/rtl/ip_top/ulp_ddrmem_1_0_ddr4_mem_intfc.sv:506]
WARNING: [Synth 8-3936] Found unconnected internal register 'io_address_r1_reg' and it is trimmed from '32' to '28' bits. [/home/uni/project/smartssd/host_file_sum64/_x/link/vivado/vpl/prj/prj.gen/my_rm/bd/ulp/ip/ulp_ddrmem_1_0/rtl/ip_top/ulp_ddrmem_1_0_ddr4_mem_intfc.sv:499]
WARNING: [Synth 8-7129] Port axaddr[31] in module ddr4_v2_2_18_axi_ctrl_addr_decode__parameterized0 is either unconnected or has no load
WARNING: [Synth 8-7129] Port axaddr[30] in module ddr4_v2_2_18_axi_ctrl_addr_decode__parameterized0 is either unconnected or has no load
WARNING: [Synth 8-7129] Port axaddr[29] in module ddr4_v2_2_18_axi_ctrl_addr_decode__parameterized0 is either unconnected or has no load
WARNING: [Synth 8-7129] Port axaddr[28] in module ddr4_v2_2_18_axi_ctrl_addr_decode__parameterized0 is either unconnected or has no load
WARNING: [Synth 8-7129] Port axaddr[27] in module ddr4_v2_2_18_axi_ctrl_addr_decode__parameterized0 is either unconnected or has no load
WARNING: [Synth 8-7129] Port axaddr[26] in module ddr4_v2_2_18_axi_ctrl_addr_decode__parameterized0 is either unconnected or has no load
WARNING: [Synth 8-7129] Port axaddr[25] in module ddr4_v2_2_18_axi_ctrl_addr_decode__parameterized0 is either unconnected or has no load
WARNING: [Synth 8-7129] Port axaddr[24] in module ddr4_v2_2_18_axi_ctrl_addr_decode__parameterized0 is either unconnected or has no load
WARNING: [Synth 8-7129] Port axaddr[23] in module ddr4_v2_2_18_axi_ctrl_addr_decode__parameterized0 is either unconnected or has no load
WARNING: [Synth 8-7129] Port axaddr[22] in module ddr4_v2_2_18_axi_ctrl_addr_decode__parameterized0 is either unconnected or has no load
WARNING: [Synth 8-7129] Port axaddr[21] in module ddr4_v2_2_18_axi_ctrl_addr_decode__parameterized0 is either unconnected or has no load
WARNING: [Synth 8-7129] Port axaddr[20] in module ddr4_v2_2_18_axi_ctrl_addr_decode__parameterized0 is either unconnected or has no load
WARNING: [Synth 8-7129] Port axaddr[19] in module ddr4_v2_2_18_axi_ctrl_addr_decode__parameterized0 is either unconnected or has no load
WARNING: [Synth 8-7129] Port axaddr[18] in module ddr4_v2_2_18_axi_ctrl_addr_decode__parameterized0 is either unconnected or has no load
WARNING: [Synth 8-7129] Port axaddr[17] in module ddr4_v2_2_18_axi_ctrl_addr_decode__parameterized0 is either unconnected or has no load
WARNING: [Synth 8-7129] Port axaddr[16] in module ddr4_v2_2_18_axi_ctrl_addr_decode__parameterized0 is either unconnected or has no load
WARNING: [Synth 8-7129] Port axaddr[15] in module ddr4_v2_2_18_axi_ctrl_addr_decode__parameterized0 is either unconnected or has no load
WARNING: [Synth 8-7129] Port axaddr[14] in module ddr4_v2_2_18_axi_ctrl_addr_decode__parameterized0 is either unconnected or has no load
WARNING: [Synth 8-7129] Port axaddr[13] in module ddr4_v2_2_18_axi_ctrl_addr_decode__parameterized0 is either unconnected or has no load
WARNING: [Synth 8-7129] Port axaddr[12] in module ddr4_v2_2_18_axi_ctrl_addr_decode__parameterized0 is either unconnected or has no load
WARNING: [Synth 8-7129] Port axaddr[11] in module ddr4_v2_2_18_axi_ctrl_addr_decode__parameterized0 is either unconnected or has no load
WARNING: [Synth 8-7129] Port axaddr[10] in module ddr4_v2_2_18_axi_ctrl_addr_decode__parameterized0 is either unconnected or has no load
WARNING: [Synth 8-7129] Port axaddr[1] in module ddr4_v2_2_18_axi_ctrl_addr_decode__parameterized0 is either unconnected or has no load
WARNING: [Synth 8-7129] Port axaddr[0] in module ddr4_v2_2_18_axi_ctrl_addr_decode__parameterized0 is either unconnected or has no load
WARNING: [Synth 8-7129] Port clk in module ddr4_v2_2_18_axi_ctrl_read is either unconnected or has no load
WARNING: [Synth 8-7129] Port reset in module ddr4_v2_2_18_axi_ctrl_read is either unconnected or has no load
WARNING: [Synth 8-7129] Port rready in module ddr4_v2_2_18_axi_ctrl_read is either unconnected or has no load
WARNING: [Synth 8-7129] Port axaddr[31] in module ddr4_v2_2_18_axi_ctrl_addr_decode is either unconnected or has no load
WARNING: [Synth 8-7129] Port axaddr[30] in module ddr4_v2_2_18_axi_ctrl_addr_decode is either unconnected or has no load
WARNING: [Synth 8-7129] Port axaddr[29] in module ddr4_v2_2_18_axi_ctrl_addr_decode is either unconnected or has no load
WARNING: [Synth 8-7129] Port axaddr[28] in module ddr4_v2_2_18_axi_ctrl_addr_decode is either unconnected or has no load
WARNING: [Synth 8-7129] Port axaddr[27] in module ddr4_v2_2_18_axi_ctrl_addr_decode is either unconnected or has no load
WARNING: [Synth 8-7129] Port axaddr[26] in module ddr4_v2_2_18_axi_ctrl_addr_decode is either unconnected or has no load
WARNING: [Synth 8-7129] Port axaddr[25] in module ddr4_v2_2_18_axi_ctrl_addr_decode is either unconnected or has no load
WARNING: [Synth 8-7129] Port axaddr[24] in module ddr4_v2_2_18_axi_ctrl_addr_decode is either unconnected or has no load
WARNING: [Synth 8-7129] Port axaddr[23] in module ddr4_v2_2_18_axi_ctrl_addr_decode is either unconnected or has no load
WARNING: [Synth 8-7129] Port axaddr[22] in module ddr4_v2_2_18_axi_ctrl_addr_decode is either unconnected or has no load
WARNING: [Synth 8-7129] Port axaddr[21] in module ddr4_v2_2_18_axi_ctrl_addr_decode is either unconnected or has no load
WARNING: [Synth 8-7129] Port axaddr[20] in module ddr4_v2_2_18_axi_ctrl_addr_decode is either unconnected or has no load
WARNING: [Synth 8-7129] Port axaddr[19] in module ddr4_v2_2_18_axi_ctrl_addr_decode is either unconnected or has no load
WARNING: [Synth 8-7129] Port axaddr[18] in module ddr4_v2_2_18_axi_ctrl_addr_decode is either unconnected or has no load
WARNING: [Synth 8-7129] Port axaddr[17] in module ddr4_v2_2_18_axi_ctrl_addr_decode is either unconnected or has no load
WARNING: [Synth 8-7129] Port axaddr[16] in module ddr4_v2_2_18_axi_ctrl_addr_decode is either unconnected or has no load
WARNING: [Synth 8-7129] Port axaddr[15] in module ddr4_v2_2_18_axi_ctrl_addr_decode is either unconnected or has no load
WARNING: [Synth 8-7129] Port axaddr[14] in module ddr4_v2_2_18_axi_ctrl_addr_decode is either unconnected or has no load
WARNING: [Synth 8-7129] Port axaddr[13] in module ddr4_v2_2_18_axi_ctrl_addr_decode is either unconnected or has no load
WARNING: [Synth 8-7129] Port axaddr[12] in module ddr4_v2_2_18_axi_ctrl_addr_decode is either unconnected or has no load
WARNING: [Synth 8-7129] Port axaddr[11] in module ddr4_v2_2_18_axi_ctrl_addr_decode is either unconnected or has no load
WARNING: [Synth 8-7129] Port axaddr[10] in module ddr4_v2_2_18_axi_ctrl_addr_decode is either unconnected or has no load
WARNING: [Synth 8-7129] Port axaddr[1] in module ddr4_v2_2_18_axi_ctrl_addr_decode is either unconnected or has no load
WARNING: [Synth 8-7129] Port axaddr[0] in module ddr4_v2_2_18_axi_ctrl_addr_decode is either unconnected or has no load
WARNING: [Synth 8-7129] Port mc_app_rd_last in module ddr4_v2_2_18_axi_r_channel is either unconnected or has no load
WARNING: [Synth 8-7129] Port axlen[7] in module ddr4_v2_2_18_axi_wrap_cmd__parameterized0 is either unconnected or has no load
WARNING: [Synth 8-7129] Port axlen[6] in module ddr4_v2_2_18_axi_wrap_cmd__parameterized0 is either unconnected or has no load
WARNING: [Synth 8-7129] Port axlen[5] in module ddr4_v2_2_18_axi_wrap_cmd__parameterized0 is either unconnected or has no load
WARNING: [Synth 8-7129] Port axlen[4] in module ddr4_v2_2_18_axi_wrap_cmd__parameterized0 is either unconnected or has no load
WARNING: [Synth 8-7129] Port axsize[2] in module ddr4_v2_2_18_axi_wrap_cmd__parameterized0 is either unconnected or has no load
WARNING: [Synth 8-7129] Port axsize[1] in module ddr4_v2_2_18_axi_wrap_cmd__parameterized0 is either unconnected or has no load
WARNING: [Synth 8-7129] Port axsize[0] in module ddr4_v2_2_18_axi_wrap_cmd__parameterized0 is either unconnected or has no load
WARNING: [Synth 8-7129] Port axsize[2] in module ddr4_v2_2_18_axi_incr_cmd__parameterized0 is either unconnected or has no load
WARNING: [Synth 8-7129] Port axsize[1] in module ddr4_v2_2_18_axi_incr_cmd__parameterized0 is either unconnected or has no load
WARNING: [Synth 8-7129] Port axsize[0] in module ddr4_v2_2_18_axi_incr_cmd__parameterized0 is either unconnected or has no load
WARNING: [Synth 8-7129] Port axburst[0] in module ddr4_v2_2_18_axi_cmd_translator__parameterized0 is either unconnected or has no load
WARNING: [Synth 8-7129] Port arlock[1] in module ddr4_v2_2_18_axi_ar_channel is either unconnected or has no load
WARNING: [Synth 8-7129] Port arlock[0] in module ddr4_v2_2_18_axi_ar_channel is either unconnected or has no load
WARNING: [Synth 8-7129] Port arcache[3] in module ddr4_v2_2_18_axi_ar_channel is either unconnected or has no load
WARNING: [Synth 8-7129] Port arcache[2] in module ddr4_v2_2_18_axi_ar_channel is either unconnected or has no load
WARNING: [Synth 8-7129] Port arcache[1] in module ddr4_v2_2_18_axi_ar_channel is either unconnected or has no load
WARNING: [Synth 8-7129] Port arcache[0] in module ddr4_v2_2_18_axi_ar_channel is either unconnected or has no load
WARNING: [Synth 8-7129] Port arprot[2] in module ddr4_v2_2_18_axi_ar_channel is either unconnected or has no load
WARNING: [Synth 8-7129] Port arprot[1] in module ddr4_v2_2_18_axi_ar_channel is either unconnected or has no load
WARNING: [Synth 8-7129] Port arprot[0] in module ddr4_v2_2_18_axi_ar_channel is either unconnected or has no load
WARNING: [Synth 8-7129] Port b_resp_rdy in module ddr4_v2_2_18_axi_b_channel is either unconnected or has no load
WARNING: [Synth 8-7129] Port awvalid in module ddr4_v2_2_18_axi_w_channel is either unconnected or has no load
WARNING: [Synth 8-7129] Port w_ignore_begin in module ddr4_v2_2_18_axi_w_channel is either unconnected or has no load
WARNING: [Synth 8-7129] Port w_ignore_end in module ddr4_v2_2_18_axi_w_channel is either unconnected or has no load
WARNING: [Synth 8-7129] Port axlen[7] in module ddr4_v2_2_18_axi_wrap_cmd is either unconnected or has no load
WARNING: [Synth 8-7129] Port axlen[6] in module ddr4_v2_2_18_axi_wrap_cmd is either unconnected or has no load
WARNING: [Synth 8-7129] Port axlen[5] in module ddr4_v2_2_18_axi_wrap_cmd is either unconnected or has no load
WARNING: [Synth 8-7129] Port axlen[4] in module ddr4_v2_2_18_axi_wrap_cmd is either unconnected or has no load
WARNING: [Synth 8-7129] Port axsize[2] in module ddr4_v2_2_18_axi_wrap_cmd is either unconnected or has no load
WARNING: [Synth 8-7129] Port axsize[1] in module ddr4_v2_2_18_axi_wrap_cmd is either unconnected or has no load
WARNING: [Synth 8-7129] Port axsize[0] in module ddr4_v2_2_18_axi_wrap_cmd is either unconnected or has no load
WARNING: [Synth 8-7129] Port axsize[2] in module ddr4_v2_2_18_axi_incr_cmd is either unconnected or has no load
WARNING: [Synth 8-7129] Port axsize[1] in module ddr4_v2_2_18_axi_incr_cmd is either unconnected or has no load
WARNING: [Synth 8-7129] Port axsize[0] in module ddr4_v2_2_18_axi_incr_cmd is either unconnected or has no load
WARNING: [Synth 8-7129] Port axburst[0] in module ddr4_v2_2_18_axi_cmd_translator is either unconnected or has no load
WARNING: [Synth 8-7129] Port awlock[1] in module ddr4_v2_2_18_axi_aw_channel is either unconnected or has no load
WARNING: [Synth 8-7129] Port awlock[0] in module ddr4_v2_2_18_axi_aw_channel is either unconnected or has no load
WARNING: [Synth 8-7129] Port awcache[3] in module ddr4_v2_2_18_axi_aw_channel is either unconnected or has no load
WARNING: [Synth 8-7129] Port awcache[2] in module ddr4_v2_2_18_axi_aw_channel is either unconnected or has no load
WARNING: [Synth 8-7129] Port awcache[1] in module ddr4_v2_2_18_axi_aw_channel is either unconnected or has no load
WARNING: [Synth 8-7129] Port awcache[0] in module ddr4_v2_2_18_axi_aw_channel is either unconnected or has no load
WARNING: [Synth 8-7129] Port awprot[2] in module ddr4_v2_2_18_axi_aw_channel is either unconnected or has no load
WARNING: [Synth 8-7129] Port awprot[1] in module ddr4_v2_2_18_axi_aw_channel is either unconnected or has no load
WARNING: [Synth 8-7129] Port awprot[0] in module ddr4_v2_2_18_axi_aw_channel is either unconnected or has no load
WARNING: [Synth 8-7129] Port ACLK in module ddr4_v2_2_18_axic_register_slice__parameterized8 is either unconnected or has no load
WARNING: [Synth 8-7129] Port ARESET in module ddr4_v2_2_18_axic_register_slice__parameterized8 is either unconnected or has no load
WARNING: [Synth 8-7129] Port ACLK in module ddr4_v2_2_18_axic_register_slice__parameterized5 is either unconnected or has no load
WARNING: [Synth 8-7129] Port ARESET in module ddr4_v2_2_18_axic_register_slice__parameterized5 is either unconnected or has no load
INFO: [Common 17-14] Message 'Synth 8-7129' appears 100 times and further instances of the messages will be disabled. Use the Tcl command set_msg_config to change the current settings.
---------------------------------------------------------------------------------
Finished RTL Elaboration : Time (s): cpu = 00:01:05 ; elapsed = 00:01:10 . Memory (MB): peak = 3998.863 ; gain = 947.938 ; free physical = 106994 ; free virtual = 232936
Synthesis current peak Physical Memory [PSS] (MB): peak = 3200.007; parent = 3060.053; children = 142.305
Synthesis current peak Virtual Memory [VSS] (MB): peak = 4998.812; parent = 3998.867; children = 999.945
---------------------------------------------------------------------------------
---------------------------------------------------------------------------------
Start Handling Custom Attributes
---------------------------------------------------------------------------------
---------------------------------------------------------------------------------
Finished Handling Custom Attributes : Time (s): cpu = 00:01:07 ; elapsed = 00:01:12 . Memory (MB): peak = 3998.863 ; gain = 947.938 ; free physical = 106495 ; free virtual = 232437
Synthesis current peak Physical Memory [PSS] (MB): peak = 3200.007; parent = 3060.053; children = 142.305
Synthesis current peak Virtual Memory [VSS] (MB): peak = 4998.812; parent = 3998.867; children = 999.945
---------------------------------------------------------------------------------
---------------------------------------------------------------------------------
Finished RTL Optimization Phase 1 : Time (s): cpu = 00:01:07 ; elapsed = 00:01:12 . Memory (MB): peak = 3998.863 ; gain = 947.938 ; free physical = 106473 ; free virtual = 232415
Synthesis current peak Physical Memory [PSS] (MB): peak = 3200.007; parent = 3060.053; children = 142.305
Synthesis current peak Virtual Memory [VSS] (MB): peak = 4998.812; parent = 3998.867; children = 999.945
---------------------------------------------------------------------------------
Netlist sorting complete. Time (s): cpu = 00:00:02 ; elapsed = 00:00:02 . Memory (MB): peak = 4006.863 ; gain = 0.000 ; free physical = 101577 ; free virtual = 227524
INFO: [Netlist 29-17] Analyzing 1107 Unisim elements for replacement
INFO: [Netlist 29-28] Unisim Transformation completed in 0 CPU seconds
INFO: [Project 1-570] Preparing netlist for logic optimization

Processing XDC Constraints
Initializing timing engine
Parsing XDC File [/home/uni/project/smartssd/host_file_sum64/_x/link/vivado/vpl/prj/prj.gen/my_rm/bd/ulp/ip/ulp_ddrmem_1_0/bd_0/ip/ip_0/bd_8f7d_microblaze_I_0.xdc] for cell 'inst/u_ddr4_mem_intfc/u_ddr_cal_riu/mcs0/inst/microblaze_I/U0'
Finished Parsing XDC File [/home/uni/project/smartssd/host_file_sum64/_x/link/vivado/vpl/prj/prj.gen/my_rm/bd/ulp/ip/ulp_ddrmem_1_0/bd_0/ip/ip_0/bd_8f7d_microblaze_I_0.xdc] for cell 'inst/u_ddr4_mem_intfc/u_ddr_cal_riu/mcs0/inst/microblaze_I/U0'
INFO: [Project 1-236] Implementation specific constraints were found while reading constraint file [/home/uni/project/smartssd/host_file_sum64/_x/link/vivado/vpl/prj/prj.gen/my_rm/bd/ulp/ip/ulp_ddrmem_1_0/bd_0/ip/ip_0/bd_8f7d_microblaze_I_0.xdc]. These constraints will be ignored for synthesis but will be used in implementation. Impacted constraints are listed in the file [.Xil/ulp_ddrmem_1_0_propImpl.xdc].
Resolution: To avoid this warning, move constraints listed in [.Xil/ulp_ddrmem_1_0_propImpl.xdc] to another XDC file and exclude this new file from synthesis with the used_in_synthesis property (File Properties dialog in GUI) and re-run elaboration/synthesis.
Parsing XDC File [/home/uni/project/smartssd/host_file_sum64/_x/link/vivado/vpl/prj/prj.gen/my_rm/bd/ulp/ip/ulp_ddrmem_1_0/bd_0/ip/ip_1/bd_8f7d_rst_0_0_board.xdc] for cell 'inst/u_ddr4_mem_intfc/u_ddr_cal_riu/mcs0/inst/rst_0/U0'
Finished Parsing XDC File [/home/uni/project/smartssd/host_file_sum64/_x/link/vivado/vpl/prj/prj.gen/my_rm/bd/ulp/ip/ulp_ddrmem_1_0/bd_0/ip/ip_1/bd_8f7d_rst_0_0_board.xdc] for cell 'inst/u_ddr4_mem_intfc/u_ddr_cal_riu/mcs0/inst/rst_0/U0'
Parsing XDC File [/home/uni/project/smartssd/host_file_sum64/_x/link/vivado/vpl/prj/prj.gen/my_rm/bd/ulp/ip/ulp_ddrmem_1_0/bd_0/ip/ip_1/bd_8f7d_rst_0_0.xdc] for cell 'inst/u_ddr4_mem_intfc/u_ddr_cal_riu/mcs0/inst/rst_0/U0'
Finished Parsing XDC File [/home/uni/project/smartssd/host_file_sum64/_x/link/vivado/vpl/prj/prj.gen/my_rm/bd/ulp/ip/ulp_ddrmem_1_0/bd_0/ip/ip_1/bd_8f7d_rst_0_0.xdc] for cell 'inst/u_ddr4_mem_intfc/u_ddr_cal_riu/mcs0/inst/rst_0/U0'
Parsing XDC File [/home/uni/project/smartssd/host_file_sum64/_x/link/vivado/vpl/prj/prj.gen/my_rm/bd/ulp/ip/ulp_ddrmem_1_0/bd_0/ip/ip_2/bd_8f7d_ilmb_0.xdc] for cell 'inst/u_ddr4_mem_intfc/u_ddr_cal_riu/mcs0/inst/ilmb/U0'
Finished Parsing XDC File [/home/uni/project/smartssd/host_file_sum64/_x/link/vivado/vpl/prj/prj.gen/my_rm/bd/ulp/ip/ulp_ddrmem_1_0/bd_0/ip/ip_2/bd_8f7d_ilmb_0.xdc] for cell 'inst/u_ddr4_mem_intfc/u_ddr_cal_riu/mcs0/inst/ilmb/U0'
Parsing XDC File [/home/uni/project/smartssd/host_file_sum64/_x/link/vivado/vpl/prj/prj.gen/my_rm/bd/ulp/ip/ulp_ddrmem_1_0/bd_0/ip/ip_3/bd_8f7d_dlmb_0.xdc] for cell 'inst/u_ddr4_mem_intfc/u_ddr_cal_riu/mcs0/inst/dlmb/U0'
Finished Parsing XDC File [/home/uni/project/smartssd/host_file_sum64/_x/link/vivado/vpl/prj/prj.gen/my_rm/bd/ulp/ip/ulp_ddrmem_1_0/bd_0/ip/ip_3/bd_8f7d_dlmb_0.xdc] for cell 'inst/u_ddr4_mem_intfc/u_ddr_cal_riu/mcs0/inst/dlmb/U0'
Parsing XDC File [/home/uni/project/smartssd/host_file_sum64/_x/link/vivado/vpl/prj/prj.gen/my_rm/bd/ulp/ip/ulp_ddrmem_1_0/bd_0/ip/ip_10/bd_8f7d_iomodule_0_0_board.xdc] for cell 'inst/u_ddr4_mem_intfc/u_ddr_cal_riu/mcs0/inst/iomodule_0/U0'
Finished Parsing XDC File [/home/uni/project/smartssd/host_file_sum64/_x/link/vivado/vpl/prj/prj.gen/my_rm/bd/ulp/ip/ulp_ddrmem_1_0/bd_0/ip/ip_10/bd_8f7d_iomodule_0_0_board.xdc] for cell 'inst/u_ddr4_mem_intfc/u_ddr_cal_riu/mcs0/inst/iomodule_0/U0'
Parsing XDC File [/home/uni/project/smartssd/host_file_sum64/_x/link/vivado/vpl/prj/prj.gen/my_rm/bd/ulp/ip/ulp_ddrmem_1_0/ip_0/ulp_ddrmem_1_0_microblaze_mcs_board.xdc] for cell 'inst/u_ddr4_mem_intfc/u_ddr_cal_riu/mcs0/inst'
Finished Parsing XDC File [/home/uni/project/smartssd/host_file_sum64/_x/link/vivado/vpl/prj/prj.gen/my_rm/bd/ulp/ip/ulp_ddrmem_1_0/ip_0/ulp_ddrmem_1_0_microblaze_mcs_board.xdc] for cell 'inst/u_ddr4_mem_intfc/u_ddr_cal_riu/mcs0/inst'
Parsing XDC File [/home/uni/project/smartssd/host_file_sum64/_x/link/vivado/vpl/prj/prj.gen/my_rm/bd/ulp/ip/ulp_ddrmem_1_0/par/ulp_ddrmem_1_0.xdc] for cell 'inst'
WARNING: [Designutils 20-1567] Use of 'set_false_path' with '-hold' is not supported by synthesis. The constraint will not be passed to synthesis. [/home/uni/project/smartssd/host_file_sum64/_x/link/vivado/vpl/prj/prj.gen/my_rm/bd/ulp/ip/ulp_ddrmem_1_0/par/ulp_ddrmem_1_0.xdc:274]
WARNING: [Designutils 20-1567] Use of 'set_false_path' with '-hold' is not supported by synthesis. The constraint will not be passed to synthesis. [/home/uni/project/smartssd/host_file_sum64/_x/link/vivado/vpl/prj/prj.gen/my_rm/bd/ulp/ip/ulp_ddrmem_1_0/par/ulp_ddrmem_1_0.xdc:275]
Finished Parsing XDC File [/home/uni/project/smartssd/host_file_sum64/_x/link/vivado/vpl/prj/prj.gen/my_rm/bd/ulp/ip/ulp_ddrmem_1_0/par/ulp_ddrmem_1_0.xdc] for cell 'inst'
INFO: [Project 1-236] Implementation specific constraints were found while reading constraint file [/home/uni/project/smartssd/host_file_sum64/_x/link/vivado/vpl/prj/prj.gen/my_rm/bd/ulp/ip/ulp_ddrmem_1_0/par/ulp_ddrmem_1_0.xdc]. These constraints will be ignored for synthesis but will be used in implementation. Impacted constraints are listed in the file [.Xil/ulp_ddrmem_1_0_propImpl.xdc].
Resolution: To avoid this warning, move constraints listed in [.Xil/ulp_ddrmem_1_0_propImpl.xdc] to another XDC file and exclude this new file from synthesis with the used_in_synthesis property (File Properties dialog in GUI) and re-run elaboration/synthesis.
Parsing XDC File [/home/uni/project/smartssd/host_file_sum64/_x/link/vivado/vpl/prj/prj.runs/ulp_ddrmem_1_0_synth_1/dont_touch.xdc]
Finished Parsing XDC File [/home/uni/project/smartssd/host_file_sum64/_x/link/vivado/vpl/prj/prj.runs/ulp_ddrmem_1_0_synth_1/dont_touch.xdc]
INFO: [Project 1-236] Implementation specific constraints were found while reading constraint file [/home/uni/project/smartssd/host_file_sum64/_x/link/vivado/vpl/prj/prj.runs/ulp_ddrmem_1_0_synth_1/dont_touch.xdc]. These constraints will be ignored for synthesis but will be used in implementation. Impacted constraints are listed in the file [.Xil/ulp_ddrmem_1_0_propImpl.xdc].
Resolution: To avoid this warning, move constraints listed in [.Xil/ulp_ddrmem_1_0_propImpl.xdc] to another XDC file and exclude this new file from synthesis with the used_in_synthesis property (File Properties dialog in GUI) and re-run elaboration/synthesis.
Parsing XDC File [/home/uni/project/smartssd/host_file_sum64/_x/link/vivado/vpl/prj/prj.gen/my_rm/bd/ulp/ip/ulp_ddrmem_1_0/ulp_ddrmem_1_0_board.xdc] for cell 'inst'
Finished Parsing XDC File [/home/uni/project/smartssd/host_file_sum64/_x/link/vivado/vpl/prj/prj.gen/my_rm/bd/ulp/ip/ulp_ddrmem_1_0/ulp_ddrmem_1_0_board.xdc] for cell 'inst'
Completed Processing XDC Constraints

Netlist sorting complete. Time (s): cpu = 00:00:00.02 ; elapsed = 00:00:00.02 . Memory (MB): peak = 4364.750 ; gain = 0.000 ; free physical = 99952 ; free virtual = 225913
INFO: [Project 1-111] Unisim Transformation Summary:
  A total of 837 instances were transformed.
  BUFG => BUFGCE: 9 instances
  DSP48E1 => DSP48E2 (DSP_ALU, DSP_A_B_DATA, DSP_C_DATA, DSP_MULTIPLIER, DSP_M_DATA, DSP_OUTPUT, DSP_PREADD, DSP_PREADD_DATA): 3 instances
  FDR => FDRE: 170 instances
  FDS => FDSE: 3 instances
  IOBUFDS => IOBUFDS (DIFFINBUF, IBUFCTRL, INV, OBUFT(x2)): 9 instances
  IOBUFE3 => IOBUFE3 (IBUFCTRL, INBUF, OBUFT_DCIEN): 81 instances
  LUT6_2 => LUT6_2 (LUT5, LUT6): 79 instances
  MULT_AND => LUT2: 1 instance 
  MUXCY_L => MUXCY: 189 instances
  OBUFDS => OBUFDS_DUAL_BUF (INV, OBUF(x2)): 1 instance 
  RAM32M => RAM32M (RAMD32(x6), RAMS32(x2)): 291 instances
  SRL16 => SRL16E: 1 instance 

Constraint Validation Runtime : Time (s): cpu = 00:00:03 ; elapsed = 00:00:03 . Memory (MB): peak = 4409.562 ; gain = 44.812 ; free physical = 99216 ; free virtual = 225182
INFO: [Designutils 20-5008] Incremental synthesis strategy off
INFO: [Synth 8-11241] undeclared symbol 'REGCCE', assumed default net type 'wire' [/home/dess/workspace/Xilinx/Vivado/2022.2/data/verilog/src/unimacro/BRAM_SINGLE_MACRO.v:2170]
---------------------------------------------------------------------------------
Finished Constraint Validation : Time (s): cpu = 00:01:59 ; elapsed = 00:02:09 . Memory (MB): peak = 4409.562 ; gain = 1358.637 ; free physical = 101993 ; free virtual = 227962
Synthesis current peak Physical Memory [PSS] (MB): peak = 3502.315; parent = 3368.771; children = 142.305
Synthesis current peak Virtual Memory [VSS] (MB): peak = 5409.512; parent = 4409.566; children = 999.945
---------------------------------------------------------------------------------
INFO: [Synth 8-802] inferred FSM for state register 'gr_cas_state_reg' in module 'ddr4_v2_2_18_mc_group'
INFO: [Synth 8-802] inferred FSM for state register 'grSt_reg' in module 'ddr4_v2_2_18_mc_group'
INFO: [Synth 8-802] inferred FSM for state register 'sre_sm_ps_reg' in module 'ddr4_v2_2_18_mc_ref'
INFO: [Synth 8-802] inferred FSM for state register 'periodic_state_reg' in module 'ddr4_v2_2_18_mc_periodic'
INFO: [Synth 8-802] inferred FSM for state register 'inject_state_reg' in module 'ddr4_v2_2_18_mc_periodic'
WARNING: [Synth 8-3936] Found unconnected internal register 'not_strict_mode.rd_buf.rd_buffer_ram[85].app_rd_data_ns_reg' and it is trimmed from '6' to '2' bits. [/home/uni/project/smartssd/host_file_sum64/_x/link/vivado/vpl/prj/prj.gen/my_rm/bd/ulp/ip/ulp_ddrmem_1_0/rtl/ui/ddr4_v2_2_ui_rd_data.sv:541]
WARNING: [Synth 8-3936] Found unconnected internal register 'wr_cas_delay_line_ff_reg' and it is trimmed from '15' to '14' bits. [/home/uni/project/smartssd/host_file_sum64/_x/link/vivado/vpl/prj/prj.gen/my_rm/bd/ulp/ip/ulp_ddrmem_1_0/rtl/cal/ddr4_v2_2_cal_cplx.sv:702]
INFO: [Synth 8-802] inferred FSM for state register 'cplx_state_reg' in module 'ddr4_v2_2_18_cal_cplx'
INFO: [Synth 8-802] inferred FSM for state register 'seq_state_reg' in module 'ddr4_v2_2_18_cal_cplx'
WARNING: [Synth 8-3936] Found unconnected internal register 'cal_seq_a_a_dly_reg' and it is trimmed from '32' to '8' bits. [/home/uni/project/smartssd/host_file_sum64/_x/link/vivado/vpl/prj/prj.gen/my_rm/bd/ulp/ip/ulp_ddrmem_1_0/rtl/cal/ddr4_v2_2_cal_addr_decode.sv:1356]
WARNING: [Synth 8-3936] Found unconnected internal register 'cal_seq_a_b_dly_reg' and it is trimmed from '32' to '8' bits. [/home/uni/project/smartssd/host_file_sum64/_x/link/vivado/vpl/prj/prj.gen/my_rm/bd/ulp/ip/ulp_ddrmem_1_0/rtl/cal/ddr4_v2_2_cal_addr_decode.sv:1359]
WARNING: [Synth 8-3936] Found unconnected internal register 'cal_seq_b_a_dly_reg' and it is trimmed from '32' to '8' bits. [/home/uni/project/smartssd/host_file_sum64/_x/link/vivado/vpl/prj/prj.gen/my_rm/bd/ulp/ip/ulp_ddrmem_1_0/rtl/cal/ddr4_v2_2_cal_addr_decode.sv:1362]
WARNING: [Synth 8-3936] Found unconnected internal register 'dqin_valid_shift_reg' and it is trimmed from '7' to '6' bits. [/home/uni/project/smartssd/host_file_sum64/_x/link/vivado/vpl/prj/prj.gen/my_rm/bd/ulp/ip/ulp_ddrmem_1_0/rtl/cal/ddr4_v2_2_cal_addr_decode.sv:1865]
INFO: [Synth 8-802] inferred FSM for state register 'state_reg' in module 'ddr4_v2_2_18_axic_register_slice__parameterized4'
INFO: [Synth 8-802] inferred FSM for state register 'state_reg' in module 'ddr4_v2_2_18_axi_r_channel'
---------------------------------------------------------------------------------------------------
                   State |                     New Encoding |                Previous Encoding 
---------------------------------------------------------------------------------------------------
                CAS_IDLE |                              000 |                              000
              RMW_RDWAIT |                              001 |                              010
            RMW_DATAWAIT |                              010 |                              011
              RMW_WRWAIT |                              011 |                              100
                CAS_WAIT |                              100 |                              001
---------------------------------------------------------------------------------------------------
INFO: [Synth 8-3354] encoded FSM with state register 'gr_cas_state_reg' using encoding 'sequential' in module 'ddr4_v2_2_18_mc_group'
---------------------------------------------------------------------------------------------------
                   State |                     New Encoding |                Previous Encoding 
---------------------------------------------------------------------------------------------------
                  grIDLE |                              110 |                              000
                grACCEPT |                              001 |                              001
               grPREWAIT |                              100 |                              010
               grAUTOPRE |                              101 |                              101
                   grACT |                              010 |                              100
               grACTWAIT |                              011 |                              011
                grCASFSM |                              000 |                              110
---------------------------------------------------------------------------------------------------
INFO: [Synth 8-3354] encoded FSM with state register 'grSt_reg' using encoding 'sequential' in module 'ddr4_v2_2_18_mc_group'
---------------------------------------------------------------------------------------------------
                   State |                     New Encoding |                Previous Encoding 
---------------------------------------------------------------------------------------------------
             SRE_SM_IDLE |                         00000001 |                              000
              SRE_SM_REQ |                         00000010 |                              001
          SRE_SM_VT_STOP |                         00000100 |                              010
           SRE_SM_MC_CHK |                         00001000 |                              011
          SRE_SM_REF_REQ |                         00010000 |                              100
              SRE_SM_ISS |                         00100000 |                              101
             SRE_SM_WAIT |                         01000000 |                              110
             SRE_SM_DONE |                         10000000 |                              111
---------------------------------------------------------------------------------------------------
INFO: [Synth 8-3354] encoded FSM with state register 'sre_sm_ps_reg' using encoding 'one-hot' in module 'ddr4_v2_2_18_mc_ref'
---------------------------------------------------------------------------------------------------
                   State |                     New Encoding |                Previous Encoding 
---------------------------------------------------------------------------------------------------
                    IDLE |                             0000 |                             0000
                    INIT |                             0001 |                             0001
           WAIT_INTERVAL |                             0010 |                             0010
                READ_INJ |                             0011 |                             0011
           WAIT_READ_INJ |                             0100 |                             0100
                 GAP_INJ |                             0101 |                             0101
            WAIT_GAP_INJ |                             0110 |                             0110
           UPDATE_STATUS |                             0111 |                             0111
            CHECK_ENABLE |                             1000 |                             1000
---------------------------------------------------------------------------------------------------
INFO: [Synth 8-3354] encoded FSM with state register 'periodic_state_reg' using encoding 'sequential' in module 'ddr4_v2_2_18_mc_periodic'
---------------------------------------------------------------------------------------------------
                   State |                     New Encoding |                Previous Encoding 
---------------------------------------------------------------------------------------------------
                    IDLE |                             0000 |                             0000
      INJ_BLOCK_READ_CAS |                             0001 |                             0110
      INJ_WAIT_CAS_BLOCK |                             0010 |                             0111
            INJ_WAIT_REF |                             0011 |                             0001
           INJ_BLOCK_REF |                             0100 |                             0010
            INJ_BLOCK_NI |                             0101 |                             0011
           INJ_ISSUE_TXN |                             0110 |                             0100
     INJ_WAIT_TXN_RETURN |                             0111 |                             0101
                INJ_DONE |                             1000 |                             1000
---------------------------------------------------------------------------------------------------
INFO: [Synth 8-3354] encoded FSM with state register 'inject_state_reg' using encoding 'sequential' in module 'ddr4_v2_2_18_mc_periodic'
---------------------------------------------------------------------------------------------------
                   State |                     New Encoding |                Previous Encoding 
---------------------------------------------------------------------------------------------------
                SEQ_IDLE |                             0000 |                             0000
            SEQ_INIT_ROW |                             0001 |                             0001
            SEQ_INIT_COL |                             0010 |                             0010
           SEQ_ISSUE_ACT |                             0011 |                             0011
            SEQ_ACT_WAIT |                             0100 |                             0100
              SEQ_INC_BG |                             0101 |                             0101
             SEQ_INIT_BG |                             0110 |                             0110
           SEQ_ISSUE_CAS |                             0111 |                             0111
            SEQ_CAS_WAIT |                             1000 |                             1001
           SEQ_INIT_PREA |                             1001 |                             1010
          SEQ_ISSUE_PREA |                             1010 |                             1011
           SEQ_PREA_WAIT |                             1011 |                             1100
            SEQ_INC_PREA |                             1100 |                             1101
                SEQ_DONE |                             1101 |                             1111
             SEQ_INC_ROW |                             1110 |                             1110
            SEQ_GAP_WAIT |                             1111 |                             1000
---------------------------------------------------------------------------------------------------
INFO: [Synth 8-3354] encoded FSM with state register 'seq_state_reg' using encoding 'sequential' in module 'ddr4_v2_2_18_cal_cplx'
---------------------------------------------------------------------------------------------------
                   State |                     New Encoding |                Previous Encoding 
---------------------------------------------------------------------------------------------------
                    IDLE |                             0000 |                             0000
                    INIT |                             0001 |                             0001
         WR_CAL_WR_START |                             0010 |                             0110
     WR_CAL_WR_WAIT_DONE |                             0011 |                             0111
         WR_CAL_DM_START |                             0100 |                             1000
     WR_CAL_DM_WAIT_DONE |                             0101 |                             1001
         WR_CAL_RD_START |                             0110 |                             1010
     WR_CAL_RD_WAIT_DONE |                             0111 |                             1011
         RD_CAL_WR_START |                             1000 |                             0010
     RD_CAL_WR_WAIT_DONE |                             1001 |                             0011
         RD_CAL_RD_START |                             1010 |                             0100
     RD_CAL_RD_WAIT_DONE |                             1011 |                             0101
             UPDATE_LOGS |                             1100 |                             1100
---------------------------------------------------------------------------------------------------
INFO: [Synth 8-3354] encoded FSM with state register 'cplx_state_reg' using encoding 'sequential' in module 'ddr4_v2_2_18_cal_cplx'
INFO: [Synth 8-7030] Implemented Non-Cascaded Block Ram (cascade_height = 1) of width 9 for RAM "ddr4_v2_2_18_bram_tdp:/mem_reg"
INFO: [Synth 8-3971] The signal "ddr4_v2_2_18_bram_tdp:/mem_reg" was recognized as a true dual port RAM template.
---------------------------------------------------------------------------------------------------
                   State |                     New Encoding |                Previous Encoding 
---------------------------------------------------------------------------------------------------
                    ZERO |                             0001 |                               10
                     ONE |                             0100 |                               11
                     TWO |                             0010 |                               01
                  iSTATE |                             1000 |                               00
*
---------------------------------------------------------------------------------------------------
INFO: [Synth 8-3354] encoded FSM with state register 'state_reg' using encoding 'one-hot' in module 'ddr4_v2_2_18_axic_register_slice__parameterized4'
---------------------------------------------------------------------------------
Finished RTL Optimization Phase 2 : Time (s): cpu = 00:02:32 ; elapsed = 00:02:44 . Memory (MB): peak = 4421.484 ; gain = 1370.559 ; free physical = 100715 ; free virtual = 226682
Synthesis current peak Physical Memory [PSS] (MB): peak = 5460.043; parent = 3368.771; children = 2462.479
Synthesis current peak Virtual Memory [VSS] (MB): peak = 8764.199; parent = 4421.488; children = 4346.629
---------------------------------------------------------------------------------
INFO: [Synth 8-223] decloning instance 'inst/axi_ctrl_top_0/axi_ctrl_reg_bank_0/inst_reg[7].axi_ctrl_reg' (ddr4_v2_2_18_axi_ctrl_reg__parameterized3) to 'inst/axi_ctrl_top_0/axi_ctrl_reg_bank_0/inst_reg[8].axi_ctrl_reg'
INFO: [Synth 8-223] decloning instance 'inst/axi_ctrl_top_0/axi_ctrl_reg_bank_0/inst_reg[7].axi_ctrl_reg' (ddr4_v2_2_18_axi_ctrl_reg__parameterized3) to 'inst/axi_ctrl_top_0/axi_ctrl_reg_bank_0/inst_reg[14].axi_ctrl_reg'
INFO: [Synth 8-223] decloning instance 'inst/axi_ctrl_top_0/axi_ctrl_reg_bank_0/inst_reg[7].axi_ctrl_reg' (ddr4_v2_2_18_axi_ctrl_reg__parameterized3) to 'inst/axi_ctrl_top_0/axi_ctrl_reg_bank_0/inst_reg[15].axi_ctrl_reg'
---------------------------------------------------------------------------------
Start RTL Component Statistics 
---------------------------------------------------------------------------------
---------------------------------------------------------------------------------
Finished RTL Component Statistics 
---------------------------------------------------------------------------------
---------------------------------------------------------------------------------
Start Part Resource Summary
---------------------------------------------------------------------------------
Part Resources:
DSPs: 1968 (col length:264)
BRAMs: 1968 (col length: RAMB18 264 RAMB36 132)
---------------------------------------------------------------------------------
Finished Part Resource Summary
---------------------------------------------------------------------------------
---------------------------------------------------------------------------------
Start Cross Boundary and Area Optimization
---------------------------------------------------------------------------------
WARNING: [Synth 8-3936] Found unconnected internal register 'phy_rden_and_stg_reg' and it is trimmed from '12' to '11' bits. [/home/uni/project/smartssd/host_file_sum64/_x/link/vivado/vpl/prj/prj.gen/my_rm/bd/ulp/ip/ulp_ddrmem_1_0/rtl/cal/ddr4_v2_2_cal_top.sv:1584]
WARNING: [Synth 8-3936] Found unconnected internal register 'phy_rden_or_stg_reg' and it is trimmed from '12' to '11' bits. [/home/uni/project/smartssd/host_file_sum64/_x/link/vivado/vpl/prj/prj.gen/my_rm/bd/ulp/ip/ulp_ddrmem_1_0/rtl/cal/ddr4_v2_2_cal_top.sv:1583]
INFO: [Synth 8-7124] RAM ("inst/u_ddr_cali_7/DDR_XSDB_BRAM/mem_inst/gen_mem[0].inst/mem_reg") is implemented using BRAM instead of URAM. Memory would be severely underutilized if URAMs are used
INFO: [Synth 8-7030] Implemented Non-Cascaded Block Ram (cascade_height = 1) of width 9 for RAM "inst/u_ddr_cali_7/DDR_XSDB_BRAM/mem_inst/gen_mem[0].inst/mem_reg"
INFO: [Synth 8-3971] The signal "inst/u_ddr_cali_7/DDR_XSDB_BRAM/mem_inst/gen_mem[0].inst/mem_reg" was recognized as a true dual port RAM template.
INFO: [Synth 8-4471] merging register 'bgr[1].u_ddr_mc_group/ref_req_dly1_reg' into 'bgr[0].u_ddr_mc_group/ref_req_dly1_reg' [/home/uni/project/smartssd/host_file_sum64/_x/link/vivado/vpl/prj/prj.gen/my_rm/bd/ulp/ip/ulp_ddrmem_1_0/rtl/controller/ddr4_v2_2_mc_group.sv:967]
INFO: [Synth 8-4471] merging register 'bgr[1].u_ddr_mc_group/ref_req_dly2_reg' into 'bgr[0].u_ddr_mc_group/ref_req_dly2_reg' [/home/uni/project/smartssd/host_file_sum64/_x/link/vivado/vpl/prj/prj.gen/my_rm/bd/ulp/ip/ulp_ddrmem_1_0/rtl/controller/ddr4_v2_2_mc_group.sv:968]
INFO: [Synth 8-4471] merging register 'bgr[1].u_ddr_mc_group/ref_req_dly3_reg' into 'bgr[0].u_ddr_mc_group/ref_req_dly3_reg' [/home/uni/project/smartssd/host_file_sum64/_x/link/vivado/vpl/prj/prj.gen/my_rm/bd/ulp/ip/ulp_ddrmem_1_0/rtl/controller/ddr4_v2_2_mc_group.sv:969]
INFO: [Synth 8-4471] merging register 'bgr[1].u_ddr_mc_group/ref_req_dly4_reg' into 'bgr[0].u_ddr_mc_group/ref_req_dly4_reg' [/home/uni/project/smartssd/host_file_sum64/_x/link/vivado/vpl/prj/prj.gen/my_rm/bd/ulp/ip/ulp_ddrmem_1_0/rtl/controller/ddr4_v2_2_mc_group.sv:970]
INFO: [Synth 8-4471] merging register 'bgr[1].u_ddr_mc_group/cmd_l_rank_cas_reg[0:0]' into 'bgr[0].u_ddr_mc_group/cmd_l_rank_cas_reg[0:0]' [/home/uni/project/smartssd/host_file_sum64/_x/link/vivado/vpl/prj/prj.gen/my_rm/bd/ulp/ip/ulp_ddrmem_1_0/rtl/controller/ddr4_v2_2_mc_group.sv:884]
INFO: [Synth 8-4471] merging register 'bgr[2].u_ddr_mc_group/ref_req_dly1_reg' into 'bgr[0].u_ddr_mc_group/ref_req_dly1_reg' [/home/uni/project/smartssd/host_file_sum64/_x/link/vivado/vpl/prj/prj.gen/my_rm/bd/ulp/ip/ulp_ddrmem_1_0/rtl/controller/ddr4_v2_2_mc_group.sv:967]
INFO: [Synth 8-4471] merging register 'bgr[2].u_ddr_mc_group/ref_req_dly2_reg' into 'bgr[0].u_ddr_mc_group/ref_req_dly2_reg' [/home/uni/project/smartssd/host_file_sum64/_x/link/vivado/vpl/prj/prj.gen/my_rm/bd/ulp/ip/ulp_ddrmem_1_0/rtl/controller/ddr4_v2_2_mc_group.sv:968]
INFO: [Synth 8-4471] merging register 'bgr[2].u_ddr_mc_group/ref_req_dly3_reg' into 'bgr[0].u_ddr_mc_group/ref_req_dly3_reg' [/home/uni/project/smartssd/host_file_sum64/_x/link/vivado/vpl/prj/prj.gen/my_rm/bd/ulp/ip/ulp_ddrmem_1_0/rtl/controller/ddr4_v2_2_mc_group.sv:969]
INFO: [Synth 8-4471] merging register 'bgr[2].u_ddr_mc_group/ref_req_dly4_reg' into 'bgr[0].u_ddr_mc_group/ref_req_dly4_reg' [/home/uni/project/smartssd/host_file_sum64/_x/link/vivado/vpl/prj/prj.gen/my_rm/bd/ulp/ip/ulp_ddrmem_1_0/rtl/controller/ddr4_v2_2_mc_group.sv:970]
INFO: [Synth 8-4471] merging register 'bgr[2].u_ddr_mc_group/cmd_l_rank_cas_reg[0:0]' into 'bgr[0].u_ddr_mc_group/cmd_l_rank_cas_reg[0:0]' [/home/uni/project/smartssd/host_file_sum64/_x/link/vivado/vpl/prj/prj.gen/my_rm/bd/ulp/ip/ulp_ddrmem_1_0/rtl/controller/ddr4_v2_2_mc_group.sv:884]
WARNING: [Synth 8-3917] design ddr4_v2_2_18_mc__GB0 has port O4[2] driven by constant 0
WARNING: [Synth 8-3917] design ddr4_v2_2_18_mc__GB0 has port O4[1] driven by constant 0
WARNING: [Synth 8-3917] design ddr4_v2_2_18_mc__GB0 has port O4[0] driven by constant 0
WARNING: [Synth 8-3917] design ddr4_v2_2_18_mc__GB0 has port cmdSize[2] driven by constant 1
WARNING: [Synth 8-3917] design ddr4_v2_2_18_mc__GB0 has port cmdSize[1] driven by constant 1
WARNING: [Synth 8-3917] design ddr4_v2_2_18_mc__GB0 has port cmdSize[0] driven by constant 1
INFO: [Synth 8-3333] propagating constant 0 across sequential element (u_ddr_mc_ctl/\u_ddr_mc_odt/odt_shift_reg[0][0] )
INFO: [Synth 8-3333] propagating constant 0 across sequential element (\bgr[0].u_ddr_mc_group/periodic_read_address_reg[46] )
INFO: [Synth 8-3333] propagating constant 0 across sequential element (\bgr[1].u_ddr_mc_group/periodic_read_address_reg[46] )
INFO: [Synth 8-3333] propagating constant 0 across sequential element (\bgr[2].u_ddr_mc_group/periodic_read_address_reg[46] )
INFO: [Synth 8-3333] propagating constant 0 across sequential element (\bgr[0].u_ddr_mc_group/cmdLRankP_reg[0] )
INFO: [Synth 8-3333] propagating constant 0 across sequential element (\bgr[1].u_ddr_mc_group/cmdLRankP_reg[0] )
INFO: [Synth 8-3333] propagating constant 0 across sequential element (\bgr[2].u_ddr_mc_group/cmdLRankP_reg[0] )
INFO: [Synth 8-3333] propagating constant 0 across sequential element (\bgr[0].u_ddr_mc_group/cmd_l_rank_cas_reg[0] )
INFO: [Synth 8-3333] propagating constant 0 across sequential element (\bgr[2].u_ddr_mc_group/periodic_read_block_dly1_reg )
INFO: [Synth 8-3333] propagating constant 0 across sequential element (\bgr[2].u_ddr_mc_group/periodic_read_block_dly2_reg )
INFO: [Synth 8-3333] propagating constant 0 across sequential element (\bgr[2].u_ddr_mc_group/periodic_read_block_dly3_reg )
INFO: [Synth 8-3333] propagating constant 0 across sequential element (\bgr[2].u_ddr_mc_group/txn_fifo_output_reg[3] )
INFO: [Synth 8-3333] propagating constant 0 across sequential element (\bgr[1].u_ddr_mc_group/cas_pend_fifo_reg[3][48] )
INFO: [Synth 8-3333] propagating constant 0 across sequential element (\bgr[1].u_ddr_mc_group/cas_pend_fifo_reg[2][48] )
INFO: [Synth 8-3333] propagating constant 0 across sequential element (\bgr[1].u_ddr_mc_group/cas_pend_fifo_reg[1][48] )
INFO: [Synth 8-3333] propagating constant 0 across sequential element (\bgr[1].u_ddr_mc_group/cas_pend_fifo_reg[0][48] )
INFO: [Synth 8-3333] propagating constant 0 across sequential element (\bgr[2].u_ddr_mc_group/cas_pend_fifo_reg[3][48] )
INFO: [Synth 8-3333] propagating constant 0 across sequential element (\bgr[2].u_ddr_mc_group/cas_pend_fifo_reg[2][48] )
INFO: [Synth 8-3333] propagating constant 0 across sequential element (\bgr[2].u_ddr_mc_group/cas_pend_fifo_reg[1][48] )
INFO: [Synth 8-3333] propagating constant 0 across sequential element (\bgr[2].u_ddr_mc_group/cas_pend_fifo_reg[0][48] )
INFO: [Synth 8-4471] merging register 'wtrs[1].u_ddr_mc_wtr/casSlot2_dly_reg' into 'wtrs[0].u_ddr_mc_wtr/casSlot2_dly_reg' [/home/uni/project/smartssd/host_file_sum64/_x/link/vivado/vpl/prj/prj.gen/my_rm/bd/ulp/ip/ulp_ddrmem_1_0/rtl/controller/ddr4_v2_2_mc_wtr.sv:110]
INFO: [Synth 8-4471] merging register 'wtrs[2].u_ddr_mc_wtr/casSlot2_dly_reg' into 'wtrs[0].u_ddr_mc_wtr/casSlot2_dly_reg' [/home/uni/project/smartssd/host_file_sum64/_x/link/vivado/vpl/prj/prj.gen/my_rm/bd/ulp/ip/ulp_ddrmem_1_0/rtl/controller/ddr4_v2_2_mc_wtr.sv:110]
INFO: [Synth 8-4471] merging register 'wtrs[3].u_ddr_mc_wtr/casSlot2_dly_reg' into 'wtrs[0].u_ddr_mc_wtr/casSlot2_dly_reg' [/home/uni/project/smartssd/host_file_sum64/_x/link/vivado/vpl/prj/prj.gen/my_rm/bd/ulp/ip/ulp_ddrmem_1_0/rtl/controller/ddr4_v2_2_mc_wtr.sv:110]
INFO: [Common 17-14] Message 'Synth 8-7129' appears 100 times and further instances of the messages will be disabled. Use the Tcl command set_msg_config to change the current settings.
INFO: [Synth 8-3333] propagating constant 0 across sequential element (\u_ddr_mc_arb_c/rdSlot_reg )
INFO: [Synth 8-3333] propagating constant 0 across sequential element (\u_ddr_mc_ecc/u_ddr_mc_ecc_dec_fix /\addr_fifo_reg[15][23] )
INFO: [Synth 8-3333] propagating constant 0 across sequential element (\u_ddr_mc_ecc/u_ddr_mc_ecc_dec_fix /\addr_fifo_reg[14][23] )
INFO: [Synth 8-3333] propagating constant 0 across sequential element (\u_ddr_mc_ecc/u_ddr_mc_ecc_dec_fix /\addr_fifo_reg[13][23] )
INFO: [Synth 8-3333] propagating constant 0 across sequential element (\u_ddr_mc_ecc/u_ddr_mc_ecc_dec_fix /\addr_fifo_reg[12][23] )
INFO: [Synth 8-3333] propagating constant 0 across sequential element (\u_ddr_mc_ecc/u_ddr_mc_ecc_dec_fix /\addr_fifo_reg[11][23] )
INFO: [Synth 8-3333] propagating constant 0 across sequential element (\u_ddr_mc_ecc/u_ddr_mc_ecc_dec_fix /\addr_fifo_reg[10][23] )
INFO: [Synth 8-3333] propagating constant 0 across sequential element (\u_ddr_mc_ecc/u_ddr_mc_ecc_dec_fix /\addr_fifo_reg[9][23] )
INFO: [Synth 8-3333] propagating constant 0 across sequential element (\u_ddr_mc_ecc/u_ddr_mc_ecc_dec_fix /\addr_fifo_reg[8][23] )
INFO: [Synth 8-3333] propagating constant 0 across sequential element (\u_ddr_mc_ecc/u_ddr_mc_ecc_dec_fix /\addr_fifo_reg[7][23] )
INFO: [Synth 8-3333] propagating constant 0 across sequential element (\u_ddr_mc_ecc/u_ddr_mc_ecc_dec_fix /\addr_fifo_reg[6][23] )
INFO: [Synth 8-3333] propagating constant 0 across sequential element (\u_ddr_mc_ecc/u_ddr_mc_ecc_dec_fix /\addr_fifo_reg[5][23] )
INFO: [Synth 8-3333] propagating constant 0 across sequential element (\u_ddr_mc_ecc/u_ddr_mc_ecc_dec_fix /\addr_fifo_reg[4][23] )
INFO: [Synth 8-3333] propagating constant 0 across sequential element (\u_ddr_mc_ecc/u_ddr_mc_ecc_dec_fix /\addr_fifo_reg[3][23] )
INFO: [Synth 8-3333] propagating constant 0 across sequential element (\u_ddr_mc_ecc/u_ddr_mc_ecc_dec_fix /\addr_fifo_reg[2][23] )
INFO: [Synth 8-3333] propagating constant 0 across sequential element (\u_ddr_mc_ecc/u_ddr_mc_ecc_dec_fix /\addr_fifo_reg[1][23] )
INFO: [Synth 8-3333] propagating constant 0 across sequential element (\u_ddr_mc_ecc/u_ddr_mc_ecc_dec_fix /\addr_fifo_reg[0][23] )
INFO: [Synth 8-3333] propagating constant 0 across sequential element (\u_ddr_mc_ecc/u_ddr_mc_ecc_dec_fix /\addr_fifo_reg[15][51] )
INFO: [Synth 8-3333] propagating constant 0 across sequential element (\u_ddr_mc_ecc/u_ddr_mc_ecc_dec_fix /\addr_fifo_reg[14][51] )
INFO: [Synth 8-3333] propagating constant 0 across sequential element (\u_ddr_mc_ecc/u_ddr_mc_ecc_dec_fix /\addr_fifo_reg[13][51] )
INFO: [Synth 8-3333] propagating constant 0 across sequential element (\u_ddr_mc_ecc/u_ddr_mc_ecc_dec_fix /\addr_fifo_reg[12][51] )
INFO: [Synth 8-3333] propagating constant 0 across sequential element (\u_ddr_mc_ecc/u_ddr_mc_ecc_dec_fix /\addr_fifo_reg[11][51] )
INFO: [Synth 8-3333] propagating constant 0 across sequential element (\u_ddr_mc_ecc/u_ddr_mc_ecc_dec_fix /\addr_fifo_reg[10][51] )
INFO: [Synth 8-3333] propagating constant 0 across sequential element (\u_ddr_mc_ecc/u_ddr_mc_ecc_dec_fix /\addr_fifo_reg[9][51] )
INFO: [Synth 8-3333] propagating constant 0 across sequential element (\u_ddr_mc_ecc/u_ddr_mc_ecc_dec_fix /\addr_fifo_reg[8][51] )
INFO: [Synth 8-3333] propagating constant 0 across sequential element (\u_ddr_mc_ecc/u_ddr_mc_ecc_dec_fix /\addr_fifo_reg[7][51] )
INFO: [Synth 8-3333] propagating constant 0 across sequential element (\u_ddr_mc_ecc/u_ddr_mc_ecc_dec_fix /\addr_fifo_reg[6][51] )
INFO: [Synth 8-3333] propagating constant 0 across sequential element (\u_ddr_mc_ecc/u_ddr_mc_ecc_dec_fix /\addr_fifo_reg[5][51] )
INFO: [Synth 8-3333] propagating constant 0 across sequential element (\u_ddr_mc_ecc/u_ddr_mc_ecc_dec_fix /\addr_fifo_reg[4][51] )
INFO: [Synth 8-3333] propagating constant 0 across sequential element (\u_ddr_mc_ecc/u_ddr_mc_ecc_dec_fix /\addr_fifo_reg[3][51] )
INFO: [Synth 8-3333] propagating constant 0 across sequential element (\u_ddr_mc_ecc/u_ddr_mc_ecc_dec_fix /\addr_fifo_reg[2][51] )
INFO: [Synth 8-3333] propagating constant 0 across sequential element (\u_ddr_mc_ecc/u_ddr_mc_ecc_dec_fix /\addr_fifo_reg[1][51] )
INFO: [Synth 8-3333] propagating constant 0 across sequential element (\u_ddr_mc_ecc/u_ddr_mc_ecc_dec_fix /\addr_fifo_reg[0][51] )
INFO: [Synth 8-3333] propagating constant 1 across sequential element (\u_ddr_mc_ref/mcCKt_reg[6] )
INFO: [Synth 8-3333] propagating constant 0 across sequential element (\u_ddr_mc_ref/mcCKt_reg[7] )
INFO: [Synth 8-3333] propagating constant 0 across sequential element (\u_ddr_mc_ref/int_refLRank_reg[0] )
INFO: [Synth 8-3333] propagating constant 0 across sequential element (\u_ddr_mc_ecc/u_ddr_mc_ecc_dec_fix /\ecc_err_addr_reg[51] )
WARNING: [Synth 8-3936] Found unconnected internal register 'wr_cas_delay_line_ff_reg' and it is trimmed from '14' to '13' bits. [/home/uni/project/smartssd/host_file_sum64/_x/link/vivado/vpl/prj/prj.gen/my_rm/bd/ulp/ip/ulp_ddrmem_1_0/rtl/cal/ddr4_v2_2_cal_cplx.sv:702]
INFO: [Synth 8-3886] merging instance 'u_ddr_cal_cplx/wr_cas_delay_line_ff_reg[0]' (FD) to 'u_ddr_cal_cplx/cplx_issue_cas_wr_reg'
INFO: [Synth 8-3333] propagating constant 0 across sequential element (u_ddr_cal_cplx/\cplx_status_reg[1] )
INFO: [Synth 8-3333] propagating constant 0 across sequential element (u_ddr_cal_cplx/\cplx_status_reg[2] )
INFO: [Synth 8-3333] propagating constant 0 across sequential element (u_ddr_cal_cplx/\cplx_status_reg[3] )
INFO: [Synth 8-3333] propagating constant 0 across sequential element (u_ddr_cal_cplx/\cplx_status_reg[4] )
INFO: [Synth 8-3333] propagating constant 0 across sequential element (u_ddr_cal_cplx/\cplx_status_reg[5] )
INFO: [Synth 8-3333] propagating constant 0 across sequential element (u_ddr_cal_cplx/\cplx_status_reg[6] )
INFO: [Synth 8-3333] propagating constant 0 across sequential element (u_ddr_cal_cplx/\cplx_status_reg[7] )
INFO: [Synth 8-3333] propagating constant 0 across sequential element (u_ddr_cal_cplx/\cplx_status_reg[8] )
INFO: [Synth 8-3333] propagating constant 0 across sequential element (u_ddr_cal_cplx/\cplx_status_reg[9] )
INFO: [Synth 8-3333] propagating constant 0 across sequential element (u_ddr_cal_cplx/\cplx_status_reg[10] )
INFO: [Synth 8-3333] propagating constant 0 across sequential element (u_ddr_cal_cplx/\cplx_status_reg[11] )
INFO: [Synth 8-3333] propagating constant 0 across sequential element (u_ddr_cal_cplx/\cplx_status_reg[12] )
INFO: [Synth 8-3333] propagating constant 0 across sequential element (u_ddr_cal_cplx/\cplx_status_reg[13] )
INFO: [Synth 8-3333] propagating constant 0 across sequential element (u_ddr_cal_cplx/\cplx_status_reg[14] )
INFO: [Synth 8-3333] propagating constant 0 across sequential element (u_ddr_cal_cplx/\cplx_status_reg[15] )
INFO: [Synth 8-3333] propagating constant 0 across sequential element (u_ddr_cal_cplx/\cplx_status_reg[16] )
INFO: [Synth 8-3333] propagating constant 0 across sequential element (u_ddr_cal_cplx/\cplx_status_reg[17] )
INFO: [Synth 8-3333] propagating constant 0 across sequential element (u_ddr_cal_cplx/\cplx_status_reg[18] )
INFO: [Synth 8-3333] propagating constant 0 across sequential element (u_ddr_cal_cplx/\cplx_status_reg[19] )
INFO: [Synth 8-3333] propagating constant 0 across sequential element (u_ddr_cal_cplx/\cplx_status_reg[20] )
INFO: [Synth 8-3333] propagating constant 0 across sequential element (u_ddr_cal_cplx/\cplx_status_reg[21] )
INFO: [Synth 8-3333] propagating constant 0 across sequential element (u_ddr_cal_cplx/\cplx_status_reg[22] )
INFO: [Synth 8-3333] propagating constant 0 across sequential element (u_ddr_cal_cplx/\cplx_status_reg[23] )
INFO: [Synth 8-3333] propagating constant 0 across sequential element (u_ddr_cal_cplx/\cplx_status_reg[24] )
INFO: [Synth 8-3333] propagating constant 0 across sequential element (u_ddr_cal_cplx/\cplx_status_reg[25] )
INFO: [Synth 8-3333] propagating constant 0 across sequential element (u_ddr_cal_cplx/\cplx_status_reg[26] )
INFO: [Synth 8-3333] propagating constant 0 across sequential element (u_ddr_cal_cplx/\cplx_status_reg[27] )
INFO: [Synth 8-3333] propagating constant 0 across sequential element (u_ddr_cal_cplx/\cplx_status_reg[28] )
INFO: [Synth 8-3333] propagating constant 0 across sequential element (u_ddr_cal_cplx/\cplx_status_reg[29] )
INFO: [Synth 8-3333] propagating constant 0 across sequential element (u_ddr_cal_cplx/\cplx_status_reg[30] )
INFO: [Synth 8-3886] merging instance 'u_ddr_cal_cplx/cplx_BA_cmd_reg[0]' (FD) to 'u_ddr_cal_cplx/cplx_BG_cmd_reg[0]'
INFO: [Synth 8-3886] merging instance 'dbg_cal_seq_r_reg[2]' (FD) to 'extended_write_mode_reg'
INFO: [Synth 8-3886] merging instance 'u_ddr_cal_cplx/cplx_ADR_cmd_reg[16]' (FDR) to 'u_ddr_cal_cplx/cplx_ADR_cmd_reg[9]'
INFO: [Synth 8-3886] merging instance 'u_ddr_cal_cplx/cplx_ADR_cmd_reg[15]' (FDR) to 'u_ddr_cal_cplx/cplx_ADR_cmd_reg[9]'
INFO: [Synth 8-3886] merging instance 'u_ddr_cal_cplx/cplx_ADR_cmd_reg[14]' (FDR) to 'u_ddr_cal_cplx/cplx_ADR_cmd_reg[9]'
INFO: [Synth 8-3886] merging instance 'u_ddr_cal_cplx/cplx_ADR_cmd_reg[9]' (FDR) to 'u_ddr_cal_cplx/cplx_ADR_cmd_reg[13]'
INFO: [Synth 8-3886] merging instance 'u_ddr_cal_cplx/cplx_ADR_cmd_reg[10]' (FDR) to 'u_ddr_cal_cplx/cplx_ADR_cmd_reg[13]'
INFO: [Synth 8-3886] merging instance 'u_ddr_cal_cplx/cplx_ADR_cmd_reg[11]' (FDR) to 'u_ddr_cal_cplx/cplx_ADR_cmd_reg[13]'
INFO: [Synth 8-3886] merging instance 'u_ddr_cal_cplx/cplx_ADR_cmd_reg[12]' (FDR) to 'u_ddr_cal_cplx/cplx_ADR_cmd_reg[13]'
INFO: [Synth 8-3333] propagating constant 0 across sequential element (u_ddr_cal_cplx/\cplx_ADR_cmd_reg[13] )
INFO: [Synth 8-3886] merging instance 'u_ddr_cal_cplx/cplx_BA_reg[0]' (FD) to 'u_ddr_cal_cplx/cplx_BG_reg[0]'
INFO: [Synth 8-3886] merging instance 'u_ddr_cal_cplx/cplx_DMOut_n_reg[0]' (FDR) to 'u_ddr_cal_cplx/cplx_DMOut_n_reg[8]'
INFO: [Synth 8-3886] merging instance 'u_ddr_cal_cplx/cplx_DMOut_n_reg[1]' (FDR) to 'u_ddr_cal_cplx/cplx_DMOut_n_reg[9]'
INFO: [Synth 8-3886] merging instance 'u_ddr_cal_cplx/cplx_DMOut_n_reg[2]' (FDR) to 'u_ddr_cal_cplx/cplx_DMOut_n_reg[10]'
INFO: [Synth 8-3886] merging instance 'u_ddr_cal_cplx/cplx_DMOut_n_reg[3]' (FDR) to 'u_ddr_cal_cplx/cplx_DMOut_n_reg[11]'
INFO: [Synth 8-3886] merging instance 'u_ddr_cal_cplx/cplx_DMOut_n_reg[4]' (FDR) to 'u_ddr_cal_cplx/cplx_DMOut_n_reg[12]'
INFO: [Synth 8-3886] merging instance 'u_ddr_cal_cplx/cplx_DMOut_n_reg[5]' (FDR) to 'u_ddr_cal_cplx/cplx_DMOut_n_reg[13]'
INFO: [Synth 8-3886] merging instance 'u_ddr_cal_cplx/cplx_DMOut_n_reg[6]' (FDR) to 'u_ddr_cal_cplx/cplx_DMOut_n_reg[14]'
INFO: [Synth 8-3886] merging instance 'u_ddr_cal_cplx/cplx_DMOut_n_reg[7]' (FDR) to 'u_ddr_cal_cplx/cplx_DMOut_n_reg[15]'
INFO: [Synth 8-3886] merging instance 'u_ddr_cal_cplx/cplx_DMOut_n_reg[8]' (FDR) to 'u_ddr_cal_cplx/cplx_DMOut_n_reg[16]'
INFO: [Synth 8-3886] merging instance 'u_ddr_cal_cplx/cplx_DMOut_n_reg[9]' (FDR) to 'u_ddr_cal_cplx/cplx_DMOut_n_reg[17]'
INFO: [Synth 8-3886] merging instance 'u_ddr_cal_cplx/cplx_DMOut_n_reg[10]' (FDR) to 'u_ddr_cal_cplx/cplx_DMOut_n_reg[18]'
INFO: [Synth 8-3886] merging instance 'u_ddr_cal_cplx/cplx_DMOut_n_reg[11]' (FDR) to 'u_ddr_cal_cplx/cplx_DMOut_n_reg[19]'
INFO: [Synth 8-3886] merging instance 'u_ddr_cal_cplx/cplx_DMOut_n_reg[12]' (FDR) to 'u_ddr_cal_cplx/cplx_DMOut_n_reg[20]'
INFO: [Synth 8-3886] merging instance 'u_ddr_cal_cplx/cplx_DMOut_n_reg[13]' (FDR) to 'u_ddr_cal_cplx/cplx_DMOut_n_reg[21]'
INFO: [Synth 8-3886] merging instance 'u_ddr_cal_cplx/cplx_DMOut_n_reg[14]' (FDR) to 'u_ddr_cal_cplx/cplx_DMOut_n_reg[22]'
INFO: [Synth 8-3886] merging instance 'u_ddr_cal_cplx/cplx_DMOut_n_reg[15]' (FDR) to 'u_ddr_cal_cplx/cplx_DMOut_n_reg[23]'
INFO: [Synth 8-3886] merging instance 'u_ddr_cal_cplx/cplx_DMOut_n_reg[16]' (FDR) to 'u_ddr_cal_cplx/cplx_DMOut_n_reg[24]'
INFO: [Synth 8-3886] merging instance 'u_ddr_cal_cplx/cplx_DMOut_n_reg[17]' (FDR) to 'u_ddr_cal_cplx/cplx_DMOut_n_reg[25]'
INFO: [Synth 8-3886] merging instance 'u_ddr_cal_cplx/cplx_DMOut_n_reg[18]' (FDR) to 'u_ddr_cal_cplx/cplx_DMOut_n_reg[26]'
INFO: [Synth 8-3886] merging instance 'u_ddr_cal_cplx/cplx_DMOut_n_reg[19]' (FDR) to 'u_ddr_cal_cplx/cplx_DMOut_n_reg[27]'
INFO: [Synth 8-3886] merging instance 'u_ddr_cal_cplx/cplx_DMOut_n_reg[20]' (FDR) to 'u_ddr_cal_cplx/cplx_DMOut_n_reg[28]'
INFO: [Synth 8-3886] merging instance 'u_ddr_cal_cplx/cplx_DMOut_n_reg[21]' (FDR) to 'u_ddr_cal_cplx/cplx_DMOut_n_reg[29]'
INFO: [Synth 8-3886] merging instance 'u_ddr_cal_cplx/cplx_DMOut_n_reg[22]' (FDR) to 'u_ddr_cal_cplx/cplx_DMOut_n_reg[30]'
INFO: [Synth 8-3886] merging instance 'u_ddr_cal_cplx/cplx_DMOut_n_reg[23]' (FDR) to 'u_ddr_cal_cplx/cplx_DMOut_n_reg[31]'
INFO: [Synth 8-3886] merging instance 'u_ddr_cal_cplx/cplx_DMOut_n_reg[24]' (FDR) to 'u_ddr_cal_cplx/cplx_DMOut_n_reg[32]'
INFO: [Synth 8-3886] merging instance 'u_ddr_cal_cplx/cplx_DMOut_n_reg[25]' (FDR) to 'u_ddr_cal_cplx/cplx_DMOut_n_reg[33]'
INFO: [Synth 8-3886] merging instance 'u_ddr_cal_cplx/cplx_DMOut_n_reg[26]' (FDR) to 'u_ddr_cal_cplx/cplx_DMOut_n_reg[34]'
INFO: [Synth 8-3886] merging instance 'u_ddr_cal_cplx/cplx_DMOut_n_reg[27]' (FDR) to 'u_ddr_cal_cplx/cplx_DMOut_n_reg[35]'
INFO: [Synth 8-3886] merging instance 'u_ddr_cal_cplx/cplx_DMOut_n_reg[28]' (FDR) to 'u_ddr_cal_cplx/cplx_DMOut_n_reg[36]'
INFO: [Synth 8-3886] merging instance 'u_ddr_cal_cplx/cplx_DMOut_n_reg[29]' (FDR) to 'u_ddr_cal_cplx/cplx_DMOut_n_reg[37]'
INFO: [Synth 8-3886] merging instance 'u_ddr_cal_cplx/cplx_DMOut_n_reg[30]' (FDR) to 'u_ddr_cal_cplx/cplx_DMOut_n_reg[38]'
INFO: [Synth 8-3886] merging instance 'u_ddr_cal_cplx/cplx_DMOut_n_reg[31]' (FDR) to 'u_ddr_cal_cplx/cplx_DMOut_n_reg[39]'
INFO: [Synth 8-3886] merging instance 'u_ddr_cal_cplx/cplx_DMOut_n_reg[32]' (FDR) to 'u_ddr_cal_cplx/cplx_DMOut_n_reg[40]'
INFO: [Synth 8-3886] merging instance 'u_ddr_cal_cplx/cplx_DMOut_n_reg[33]' (FDR) to 'u_ddr_cal_cplx/cplx_DMOut_n_reg[41]'
INFO: [Synth 8-3886] merging instance 'u_ddr_cal_cplx/cplx_DMOut_n_reg[34]' (FDR) to 'u_ddr_cal_cplx/cplx_DMOut_n_reg[42]'
INFO: [Synth 8-3886] merging instance 'u_ddr_cal_cplx/cplx_DMOut_n_reg[35]' (FDR) to 'u_ddr_cal_cplx/cplx_DMOut_n_reg[43]'
INFO: [Synth 8-3886] merging instance 'u_ddr_cal_cplx/cplx_DMOut_n_reg[36]' (FDR) to 'u_ddr_cal_cplx/cplx_DMOut_n_reg[44]'
INFO: [Synth 8-3886] merging instance 'u_ddr_cal_cplx/cplx_DMOut_n_reg[37]' (FDR) to 'u_ddr_cal_cplx/cplx_DMOut_n_reg[45]'
INFO: [Synth 8-3886] merging instance 'u_ddr_cal_cplx/cplx_DMOut_n_reg[38]' (FDR) to 'u_ddr_cal_cplx/cplx_DMOut_n_reg[46]'
INFO: [Synth 8-3886] merging instance 'u_ddr_cal_cplx/cplx_DMOut_n_reg[39]' (FDR) to 'u_ddr_cal_cplx/cplx_DMOut_n_reg[47]'
INFO: [Synth 8-3886] merging instance 'u_ddr_cal_cplx/cplx_DMOut_n_reg[40]' (FDR) to 'u_ddr_cal_cplx/cplx_DMOut_n_reg[48]'
INFO: [Synth 8-3886] merging instance 'u_ddr_cal_cplx/cplx_DMOut_n_reg[41]' (FDR) to 'u_ddr_cal_cplx/cplx_DMOut_n_reg[49]'
INFO: [Synth 8-3886] merging instance 'u_ddr_cal_cplx/cplx_DMOut_n_reg[42]' (FDR) to 'u_ddr_cal_cplx/cplx_DMOut_n_reg[50]'
INFO: [Synth 8-3886] merging instance 'u_ddr_cal_cplx/cplx_DMOut_n_reg[43]' (FDR) to 'u_ddr_cal_cplx/cplx_DMOut_n_reg[51]'
INFO: [Synth 8-3886] merging instance 'u_ddr_cal_cplx/cplx_DMOut_n_reg[44]' (FDR) to 'u_ddr_cal_cplx/cplx_DMOut_n_reg[52]'
INFO: [Synth 8-3886] merging instance 'u_ddr_cal_cplx/cplx_DMOut_n_reg[45]' (FDR) to 'u_ddr_cal_cplx/cplx_DMOut_n_reg[53]'
INFO: [Synth 8-3886] merging instance 'u_ddr_cal_cplx/cplx_DMOut_n_reg[46]' (FDR) to 'u_ddr_cal_cplx/cplx_DMOut_n_reg[54]'
INFO: [Synth 8-3886] merging instance 'u_ddr_cal_cplx/cplx_DMOut_n_reg[47]' (FDR) to 'u_ddr_cal_cplx/cplx_DMOut_n_reg[55]'
INFO: [Synth 8-3886] merging instance 'u_ddr_cal_cplx/cplx_DMOut_n_reg[48]' (FDR) to 'u_ddr_cal_cplx/cplx_DMOut_n_reg[56]'
INFO: [Synth 8-3886] merging instance 'u_ddr_cal_cplx/cplx_DMOut_n_reg[49]' (FDR) to 'u_ddr_cal_cplx/cplx_DMOut_n_reg[57]'
INFO: [Synth 8-3886] merging instance 'u_ddr_cal_cplx/cplx_DMOut_n_reg[50]' (FDR) to 'u_ddr_cal_cplx/cplx_DMOut_n_reg[58]'
INFO: [Synth 8-3886] merging instance 'u_ddr_cal_cplx/cplx_DMOut_n_reg[51]' (FDR) to 'u_ddr_cal_cplx/cplx_DMOut_n_reg[59]'
INFO: [Synth 8-3886] merging instance 'u_ddr_cal_cplx/cplx_DMOut_n_reg[52]' (FDR) to 'u_ddr_cal_cplx/cplx_DMOut_n_reg[60]'
INFO: [Synth 8-3886] merging instance 'u_ddr_cal_cplx/cplx_DMOut_n_reg[53]' (FDR) to 'u_ddr_cal_cplx/cplx_DMOut_n_reg[61]'
INFO: [Synth 8-3886] merging instance 'u_ddr_cal_cplx/cplx_DMOut_n_reg[54]' (FDR) to 'u_ddr_cal_cplx/cplx_DMOut_n_reg[62]'
INFO: [Synth 8-3886] merging instance 'u_ddr_cal_cplx/cplx_DMOut_n_reg[55]' (FDR) to 'u_ddr_cal_cplx/cplx_DMOut_n_reg[63]'
INFO: [Synth 8-3886] merging instance 'u_ddr_cal_cplx/cplx_DMOut_n_reg[56]' (FDR) to 'u_ddr_cal_cplx/cplx_DMOut_n_reg[64]'
INFO: [Synth 8-3886] merging instance 'u_ddr_cal_cplx/cplx_DMOut_n_reg[57]' (FDR) to 'u_ddr_cal_cplx/cplx_DMOut_n_reg[65]'
INFO: [Synth 8-3886] merging instance 'u_ddr_cal_cplx/cplx_DMOut_n_reg[58]' (FDR) to 'u_ddr_cal_cplx/cplx_DMOut_n_reg[66]'
INFO: [Synth 8-3886] merging instance 'u_ddr_cal_cplx/cplx_DMOut_n_reg[59]' (FDR) to 'u_ddr_cal_cplx/cplx_DMOut_n_reg[67]'
INFO: [Synth 8-3886] merging instance 'u_ddr_cal_cplx/cplx_DMOut_n_reg[60]' (FDR) to 'u_ddr_cal_cplx/cplx_DMOut_n_reg[68]'
INFO: [Synth 8-3886] merging instance 'u_ddr_cal_cplx/cplx_DMOut_n_reg[61]' (FDR) to 'u_ddr_cal_cplx/cplx_DMOut_n_reg[69]'
INFO: [Synth 8-3886] merging instance 'u_ddr_cal_cplx/cplx_DMOut_n_reg[62]' (FDR) to 'u_ddr_cal_cplx/cplx_DMOut_n_reg[70]'
INFO: [Synth 8-3886] merging instance 'u_ddr_cal_cplx/cplx_DMOut_n_reg[63]' (FDR) to 'u_ddr_cal_cplx/cplx_DMOut_n_reg[71]'
INFO: [Synth 8-3886] merging instance 'u_ddr_cal_cplx/cplx_CS_n_reg[0]' (FDS) to 'u_ddr_cal_cplx/cplx_CS_n_reg[7]'
INFO: [Synth 8-3886] merging instance 'u_ddr_cal_cplx/cplx_CS_n_reg[1]' (FDS) to 'u_ddr_cal_cplx/cplx_CS_n_reg[7]'
INFO: [Synth 8-3886] merging instance 'u_ddr_cal_cplx/cplx_CS_n_reg[2]' (FDS) to 'u_ddr_cal_cplx/cplx_CS_n_reg[7]'
INFO: [Synth 8-3886] merging instance 'u_ddr_cal_cplx/cplx_CS_n_reg[3]' (FDS) to 'u_ddr_cal_cplx/cplx_CS_n_reg[7]'
INFO: [Synth 8-3886] merging instance 'u_ddr_cal_cplx/cplx_CS_n_reg[4]' (FDS) to 'u_ddr_cal_cplx/cplx_CS_n_reg[7]'
INFO: [Synth 8-3886] merging instance 'u_ddr_cal_cplx/cplx_CS_n_reg[5]' (FD) to 'u_ddr_cal_cplx/cplx_CS_n_reg[6]'
INFO: [Synth 8-3886] merging instance 'u_ddr_cal_cplx/cplx_CS_n_reg[7]' (FDS) to 'u_ddr_cal_cplx/cplx_RAS_reg[0]'
INFO: [Synth 8-3886] merging instance 'u_ddr_cal_cplx/cplx_ACT_n_reg[0]' (FDS) to 'u_ddr_cal_cplx/cplx_RAS_reg[0]'
INFO: [Synth 8-3886] merging instance 'u_ddr_cal_cplx/cplx_ACT_n_reg[1]' (FDS) to 'u_ddr_cal_cplx/cplx_RAS_reg[0]'
INFO: [Synth 8-3886] merging instance 'u_ddr_cal_cplx/cplx_ACT_n_reg[2]' (FDS) to 'u_ddr_cal_cplx/cplx_RAS_reg[0]'
INFO: [Synth 8-3886] merging instance 'u_ddr_cal_cplx/cplx_ACT_n_reg[3]' (FDS) to 'u_ddr_cal_cplx/cplx_RAS_reg[0]'
INFO: [Synth 8-3886] merging instance 'u_ddr_cal_cplx/cplx_ACT_n_reg[4]' (FDS) to 'u_ddr_cal_cplx/cplx_RAS_reg[0]'
INFO: [Synth 8-3886] merging instance 'u_ddr_cal_cplx/cplx_ACT_n_reg[5]' (FD) to 'u_ddr_cal_cplx/cplx_ACT_n_reg[6]'
INFO: [Synth 8-3886] merging instance 'u_ddr_cal_cplx/cplx_ACT_n_reg[7]' (FDS) to 'u_ddr_cal_cplx/cplx_RAS_reg[0]'
INFO: [Synth 8-3886] merging instance 'cal_r0_status_reg[63]' (FDRE) to 'cal_r0_status_reg[64]'
INFO: [Synth 8-3886] merging instance 'cal_r0_status_reg[64]' (FDRE) to 'cal_r0_status_reg[65]'
INFO: [Synth 8-3886] merging instance 'cal_r0_status_reg[65]' (FDRE) to 'cal_r0_status_reg[66]'
INFO: [Synth 8-3886] merging instance 'cal_r0_status_reg[66]' (FDRE) to 'cal_r0_status_reg[67]'
INFO: [Synth 8-3886] merging instance 'cal_r0_status_reg[67]' (FDRE) to 'cal_r0_status_reg[68]'
INFO: [Synth 8-3886] merging instance 'cal_r0_status_reg[68]' (FDRE) to 'cal_r0_status_reg[69]'
INFO: [Synth 8-3886] merging instance 'cal_r0_status_reg[69]' (FDRE) to 'cal_r0_status_reg[70]'
INFO: [Synth 8-3886] merging instance 'cal_r0_status_reg[70]' (FDRE) to 'cal_r0_status_reg[71]'
INFO: [Synth 8-3886] merging instance 'cal_r0_status_reg[71]' (FDRE) to 'cal_r0_status_reg[72]'
INFO: [Synth 8-3886] merging instance 'cal_r0_status_reg[72]' (FDRE) to 'cal_r0_status_reg[73]'
INFO: [Synth 8-3886] merging instance 'cal_r0_status_reg[73]' (FDRE) to 'cal_r0_status_reg[74]'
INFO: [Common 17-14] Message 'Synth 8-3886' appears 100 times and further instances of the messages will be disabled. Use the Tcl command set_msg_config to change the current settings.
INFO: [Common 17-14] Message 'Synth 8-3886' appears 100 times and further instances of the messages will be disabled. Use the Tcl command set_msg_config to change the current settings.
INFO: [Synth 8-3333] propagating constant 0 across sequential element (\cal_r1_status_reg[127] )
INFO: [Synth 8-3333] propagating constant 1 across sequential element (u_ddr_cal_cplx/\cplx_RAS_reg[7] )
INFO: [Synth 8-3333] propagating constant 0 across sequential element (u_ddr_cal_cplx/\cplx_ADR_reg[13] )
WARNING: [Synth 8-3917] design ulp_ddrmem_1_0_ddr4_mem_intfc__GC0 has port raw_not_ecc[7] driven by constant 0
WARNING: [Synth 8-3917] design ulp_ddrmem_1_0_ddr4_mem_intfc__GC0 has port raw_not_ecc[6] driven by constant 0
WARNING: [Synth 8-3917] design ulp_ddrmem_1_0_ddr4_mem_intfc__GC0 has port raw_not_ecc[5] driven by constant 0
WARNING: [Synth 8-3917] design ulp_ddrmem_1_0_ddr4_mem_intfc__GC0 has port raw_not_ecc[4] driven by constant 0
WARNING: [Synth 8-3917] design ulp_ddrmem_1_0_ddr4_mem_intfc__GC0 has port raw_not_ecc[3] driven by constant 0
WARNING: [Synth 8-3917] design ulp_ddrmem_1_0_ddr4_mem_intfc__GC0 has port raw_not_ecc[2] driven by constant 0
WARNING: [Synth 8-3917] design ulp_ddrmem_1_0_ddr4_mem_intfc__GC0 has port raw_not_ecc[1] driven by constant 0
WARNING: [Synth 8-3917] design ulp_ddrmem_1_0_ddr4_mem_intfc__GC0 has port raw_not_ecc[0] driven by constant 0
WARNING: [Synth 8-3917] design ulp_ddrmem_1_0_ddr4_mem_intfc__GC0 has port lr[0] driven by constant 0
INFO: [Synth 8-3333] propagating constant 0 across sequential element (\u_ddr_cal_riu/mcs0 /inst/rst_0/U0/\EXT_LPF/ACTIVE_LOW_AUX.ACT_LO_AUX/GENERATE_LEVEL_P_S_CDC.SINGLE_BIT.CROSS_PLEVEL_IN2SCNDRY_IN_cdc_to )
INFO: [Synth 8-3333] propagating constant 0 across sequential element (\u_ddr_cal_riu/mcs0 /inst/microblaze_I/U0/\MicroBlaze_Core_I/Performance.Core/Decode_I/of_set_MSR_IE_hold_reg )
INFO: [Synth 8-3333] propagating constant 0 across sequential element (\u_ddr_cal_riu/mcs0 /inst/microblaze_I/U0/\MicroBlaze_Core_I/No_Master_Debug_Logic.sleep_reset_mode_reg )
INFO: [Synth 8-3333] propagating constant 0 across sequential element (\u_ddr_cal_riu/mcs0 /inst/iomodule_0/U0/\IOModule_Core_I1/intr_ctrl_I1/cipr_rd_dff_all[16].fdr_i/Using_FPGA.Native )
INFO: [Synth 8-3333] propagating constant 0 across sequential element (\u_ddr_cal_riu/mcs0 /inst/iomodule_0/U0/\IOModule_Core_I1/intr_ctrl_I1/cipr_rd_dff_all[0].fdr_i/Using_FPGA.Native )
INFO: [Synth 8-3333] propagating constant 0 across sequential element (\u_ddr_cal_riu/mcs0 /inst/iomodule_0/U0/\IOModule_Core_I1/intr_ctrl_I1/cipr_rd_dff_all[8].fdr_i/Using_FPGA.Native )
INFO: [Synth 8-3333] propagating constant 0 across sequential element (\u_ddr_cal_riu/mcs0 /inst/iomodule_0/U0/\IOModule_Core_I1/intr_ctrl_I1/cipr_rd_dff_all[24].fdr_i/Using_FPGA.Native )
INFO: [Synth 8-3333] propagating constant 0 across sequential element (\u_ddr_cal_riu/mcs0 /inst/iomodule_0/U0/\IOModule_Core_I1/intr_ctrl_I1/cipr_rd_dff_all[17].fdr_i/Using_FPGA.Native )
INFO: [Synth 8-3333] propagating constant 0 across sequential element (\u_ddr_cal_riu/mcs0 /inst/iomodule_0/U0/\IOModule_Core_I1/intr_ctrl_I1/cipr_rd_dff_all[1].fdr_i/Using_FPGA.Native )
INFO: [Common 17-14] Message 'Synth 8-3333' appears 100 times and further instances of the messages will be disabled. Use the Tcl command set_msg_config to change the current settings.
INFO: [Common 17-14] Message 'Synth 8-3333' appears 100 times and further instances of the messages will be disabled. Use the Tcl command set_msg_config to change the current settings.
WARNING: [Synth 8-3332] Sequential element (POR_FF_I) is unused and will be removed from module lmb_v10.
WARNING: [Synth 8-3332] Sequential element (POR_FF_I) is unused and will be removed from module lmb_v10__parameterized1.
WARNING: [Synth 8-3332] Sequential element (IOModule_Core_I1/intr_ctrl_I1/cipr_rd_dff_all[0].fdr_i/Using_FPGA.Native) is unused and will be removed from module iomodule.
WARNING: [Synth 8-3332] Sequential element (IOModule_Core_I1/intr_ctrl_I1/cipr_rd_dff_all[1].fdr_i/Using_FPGA.Native) is unused and will be removed from module iomodule.
WARNING: [Synth 8-3332] Sequential element (IOModule_Core_I1/intr_ctrl_I1/cipr_rd_dff_all[2].fdr_i/Using_FPGA.Native) is unused and will be removed from module iomodule.
WARNING: [Synth 8-3332] Sequential element (IOModule_Core_I1/intr_ctrl_I1/cipr_rd_dff_all[3].fdr_i/Using_FPGA.Native) is unused and will be removed from module iomodule.
WARNING: [Synth 8-3332] Sequential element (IOModule_Core_I1/intr_ctrl_I1/cipr_rd_dff_all[4].fdr_i/Using_FPGA.Native) is unused and will be removed from module iomodule.
WARNING: [Synth 8-3332] Sequential element (IOModule_Core_I1/intr_ctrl_I1/cipr_rd_dff_all[5].fdr_i/Using_FPGA.Native) is unused and will be removed from module iomodule.
WARNING: [Synth 8-3332] Sequential element (IOModule_Core_I1/intr_ctrl_I1/cipr_rd_dff_all[6].fdr_i/Using_FPGA.Native) is unused and will be removed from module iomodule.
WARNING: [Synth 8-3332] Sequential element (IOModule_Core_I1/intr_ctrl_I1/cipr_rd_dff_all[7].fdr_i/Using_FPGA.Native) is unused and will be removed from module iomodule.
WARNING: [Synth 8-3332] Sequential element (IOModule_Core_I1/intr_ctrl_I1/cipr_rd_dff_all[8].fdr_i/Using_FPGA.Native) is unused and will be removed from module iomodule.
WARNING: [Synth 8-3332] Sequential element (IOModule_Core_I1/intr_ctrl_I1/cipr_rd_dff_all[9].fdr_i/Using_FPGA.Native) is unused and will be removed from module iomodule.
WARNING: [Synth 8-3332] Sequential element (IOModule_Core_I1/intr_ctrl_I1/cipr_rd_dff_all[10].fdr_i/Using_FPGA.Native) is unused and will be removed from module iomodule.
WARNING: [Synth 8-3332] Sequential element (IOModule_Core_I1/intr_ctrl_I1/cipr_rd_dff_all[11].fdr_i/Using_FPGA.Native) is unused and will be removed from module iomodule.
WARNING: [Synth 8-3332] Sequential element (IOModule_Core_I1/intr_ctrl_I1/cipr_rd_dff_all[12].fdr_i/Using_FPGA.Native) is unused and will be removed from module iomodule.
WARNING: [Synth 8-3332] Sequential element (IOModule_Core_I1/intr_ctrl_I1/cipr_rd_dff_all[13].fdr_i/Using_FPGA.Native) is unused and will be removed from module iomodule.
WARNING: [Synth 8-3332] Sequential element (IOModule_Core_I1/intr_ctrl_I1/cipr_rd_dff_all[14].fdr_i/Using_FPGA.Native) is unused and will be removed from module iomodule.
WARNING: [Synth 8-3332] Sequential element (IOModule_Core_I1/intr_ctrl_I1/cipr_rd_dff_all[15].fdr_i/Using_FPGA.Native) is unused and will be removed from module iomodule.
WARNING: [Synth 8-3332] Sequential element (IOModule_Core_I1/intr_ctrl_I1/cipr_rd_dff_all[16].fdr_i/Using_FPGA.Native) is unused and will be removed from module iomodule.
WARNING: [Synth 8-3332] Sequential element (IOModule_Core_I1/intr_ctrl_I1/cipr_rd_dff_all[17].fdr_i/Using_FPGA.Native) is unused and will be removed from module iomodule.
WARNING: [Synth 8-3332] Sequential element (IOModule_Core_I1/intr_ctrl_I1/cipr_rd_dff_all[18].fdr_i/Using_FPGA.Native) is unused and will be removed from module iomodule.
WARNING: [Synth 8-3332] Sequential element (IOModule_Core_I1/intr_ctrl_I1/cipr_rd_dff_all[19].fdr_i/Using_FPGA.Native) is unused and will be removed from module iomodule.
WARNING: [Synth 8-3332] Sequential element (IOModule_Core_I1/intr_ctrl_I1/cipr_rd_dff_all[20].fdr_i/Using_FPGA.Native) is unused and will be removed from module iomodule.
WARNING: [Synth 8-3332] Sequential element (IOModule_Core_I1/intr_ctrl_I1/cipr_rd_dff_all[21].fdr_i/Using_FPGA.Native) is unused and will be removed from module iomodule.
WARNING: [Synth 8-3332] Sequential element (IOModule_Core_I1/intr_ctrl_I1/cipr_rd_dff_all[22].fdr_i/Using_FPGA.Native) is unused and will be removed from module iomodule.
WARNING: [Synth 8-3332] Sequential element (IOModule_Core_I1/intr_ctrl_I1/cipr_rd_dff_all[23].fdr_i/Using_FPGA.Native) is unused and will be removed from module iomodule.
WARNING: [Synth 8-3332] Sequential element (IOModule_Core_I1/intr_ctrl_I1/cipr_rd_dff_all[24].fdr_i/Using_FPGA.Native) is unused and will be removed from module iomodule.
WARNING: [Synth 8-3332] Sequential element (IOModule_Core_I1/intr_ctrl_I1/cipr_rd_dff_all[25].fdr_i/Using_FPGA.Native) is unused and will be removed from module iomodule.
WARNING: [Synth 8-3332] Sequential element (IOModule_Core_I1/intr_ctrl_I1/cipr_rd_dff_all[26].fdr_i/Using_FPGA.Native) is unused and will be removed from module iomodule.
WARNING: [Synth 8-3332] Sequential element (IOModule_Core_I1/intr_ctrl_I1/cipr_rd_dff_all[27].fdr_i/Using_FPGA.Native) is unused and will be removed from module iomodule.
WARNING: [Synth 8-3332] Sequential element (IOModule_Core_I1/intr_ctrl_I1/cipr_rd_dff_all[28].fdr_i/Using_FPGA.Native) is unused and will be removed from module iomodule.
WARNING: [Synth 8-3332] Sequential element (IOModule_Core_I1/intr_ctrl_I1/cipr_rd_dff_all[29].fdr_i/Using_FPGA.Native) is unused and will be removed from module iomodule.
WARNING: [Synth 8-3332] Sequential element (IOModule_Core_I1/intr_ctrl_I1/cipr_rd_dff_all[30].fdr_i/Using_FPGA.Native) is unused and will be removed from module iomodule.
WARNING: [Synth 8-3332] Sequential element (IOModule_Core_I1/intr_ctrl_I1/cipr_rd_dff_all[31].fdr_i/Using_FPGA.Native) is unused and will be removed from module iomodule.
INFO: [Synth 8-3332] Sequential element (MicroBlaze_Core_I/Performance.Core/Decode_I/Using_FPGA_2.ex_reverse_mem_access_inst/Using_FPGA.Native) is unused and will be removed from module MicroBlaze.
INFO: [Synth 8-3332] Sequential element (MicroBlaze_Core_I/Performance.Core/Decode_I/Using_FPGA.Gen_Bits[27].MEM_EX_Result_Inst/Using_FPGA.Native) is unused and will be removed from module MicroBlaze.
INFO: [Synth 8-3332] Sequential element (MicroBlaze_Core_I/Performance.Core/Decode_I/Using_FPGA.Gen_Bits[28].MEM_EX_Result_Inst/Using_FPGA.Native) is unused and will be removed from module MicroBlaze.
INFO: [Synth 8-3332] Sequential element (MicroBlaze_Core_I/Performance.Core/Decode_I/Using_FPGA.Gen_Bits[29].MEM_EX_Result_Inst/Using_FPGA.Native) is unused and will be removed from module MicroBlaze.
INFO: [Synth 8-3332] Sequential element (MicroBlaze_Core_I/Performance.Core/Decode_I/Using_FPGA.Gen_Bits[30].MEM_EX_Result_Inst/Using_FPGA.Native) is unused and will be removed from module MicroBlaze.
INFO: [Synth 8-3332] Sequential element (MicroBlaze_Core_I/Performance.Core/Decode_I/Using_FPGA.Gen_Bits[31].MEM_EX_Result_Inst/Using_FPGA.Native) is unused and will be removed from module MicroBlaze.
WARNING: [Synth 8-3332] Sequential element (msr_reg_i/MEM_MSR_Bits[17].Using_FDR.MSR_I/Using_FPGA.Native) is unused and will be removed from module Data_Flow_gti.
WARNING: [Synth 8-3332] Sequential element (msr_reg_i/MEM_MSR_Bits[18].Using_FDR.MSR_I/Using_FPGA.Native) is unused and will be removed from module Data_Flow_gti.
WARNING: [Synth 8-3332] Sequential element (msr_reg_i/MEM_MSR_Bits[19].Using_FDR.MSR_I/Using_FPGA.Native) is unused and will be removed from module Data_Flow_gti.
WARNING: [Synth 8-3332] Sequential element (msr_reg_i/MEM_MSR_Bits[20].Using_FDR.MSR_I/Using_FPGA.Native) is unused and will be removed from module Data_Flow_gti.
WARNING: [Synth 8-3332] Sequential element (msr_reg_i/MEM_MSR_Bits[21].Using_FDR.MSR_I/Using_FPGA.Native) is unused and will be removed from module Data_Flow_gti.
WARNING: [Synth 8-3332] Sequential element (msr_reg_i/MEM_MSR_Bits[22].Using_FDR.MSR_I/Using_FPGA.Native) is unused and will be removed from module Data_Flow_gti.
WARNING: [Synth 8-3332] Sequential element (msr_reg_i/MEM_MSR_Bits[23].Using_FDR.MSR_I/Using_FPGA.Native) is unused and will be removed from module Data_Flow_gti.
WARNING: [Synth 8-3332] Sequential element (msr_reg_i/MEM_MSR_Bits[24].Using_FDR.MSR_I/Using_FPGA.Native) is unused and will be removed from module Data_Flow_gti.
WARNING: [Synth 8-3332] Sequential element (msr_reg_i/MEM_MSR_Bits[26].Using_FDR.MSR_I/Using_FPGA.Native) is unused and will be removed from module Data_Flow_gti.
WARNING: [Synth 8-3332] Sequential element (msr_reg_i/MEM_MSR_Bits[27].Using_FDR.MSR_I/Using_FPGA.Native) is unused and will be removed from module Data_Flow_gti.
WARNING: [Synth 8-3332] Sequential element (msr_reg_i/MEM_MSR_Bits[31].Using_FDR.MSR_I/Using_FPGA.Native) is unused and will be removed from module Data_Flow_gti.
WARNING: [Synth 8-3332] Sequential element (msr_reg_i/OF_EX_MSR_Bits[17].Using_FDR.MSR_ex_I/Using_FPGA.Native) is unused and will be removed from module Data_Flow_gti.
WARNING: [Synth 8-3332] Sequential element (msr_reg_i/OF_EX_MSR_Bits[17].Using_FDR.MSR_of_I/Using_FPGA.Native) is unused and will be removed from module Data_Flow_gti.
WARNING: [Synth 8-3332] Sequential element (msr_reg_i/OF_EX_MSR_Bits[18].Using_FDR.MSR_ex_I/Using_FPGA.Native) is unused and will be removed from module Data_Flow_gti.
WARNING: [Synth 8-3332] Sequential element (msr_reg_i/OF_EX_MSR_Bits[18].Using_FDR.MSR_of_I/Using_FPGA.Native) is unused and will be removed from module Data_Flow_gti.
WARNING: [Synth 8-3332] Sequential element (msr_reg_i/OF_EX_MSR_Bits[19].Using_FDR.MSR_ex_I/Using_FPGA.Native) is unused and will be removed from module Data_Flow_gti.
WARNING: [Synth 8-3332] Sequential element (msr_reg_i/OF_EX_MSR_Bits[19].Using_FDR.MSR_of_I/Using_FPGA.Native) is unused and will be removed from module Data_Flow_gti.
WARNING: [Synth 8-3332] Sequential element (msr_reg_i/OF_EX_MSR_Bits[20].Using_FDR.MSR_ex_I/Using_FPGA.Native) is unused and will be removed from module Data_Flow_gti.
WARNING: [Synth 8-3332] Sequential element (msr_reg_i/OF_EX_MSR_Bits[20].Using_FDR.MSR_of_I/Using_FPGA.Native) is unused and will be removed from module Data_Flow_gti.
WARNING: [Synth 8-3332] Sequential element (msr_reg_i/OF_EX_MSR_Bits[21].Using_FDR.MSR_ex_I/Using_FPGA.Native) is unused and will be removed from module Data_Flow_gti.
WARNING: [Synth 8-3332] Sequential element (msr_reg_i/OF_EX_MSR_Bits[21].Using_FDR.MSR_of_I/Using_FPGA.Native) is unused and will be removed from module Data_Flow_gti.
WARNING: [Synth 8-3332] Sequential element (msr_reg_i/OF_EX_MSR_Bits[22].Using_FDR.MSR_ex_I/Using_FPGA.Native) is unused and will be removed from module Data_Flow_gti.
WARNING: [Synth 8-3332] Sequential element (msr_reg_i/OF_EX_MSR_Bits[22].Using_FDR.MSR_of_I/Using_FPGA.Native) is unused and will be removed from module Data_Flow_gti.
WARNING: [Synth 8-3332] Sequential element (msr_reg_i/OF_EX_MSR_Bits[23].Using_FDR.MSR_ex_I/Using_FPGA.Native) is unused and will be removed from module Data_Flow_gti.
WARNING: [Synth 8-3332] Sequential element (msr_reg_i/OF_EX_MSR_Bits[23].Using_FDR.MSR_of_I/Using_FPGA.Native) is unused and will be removed from module Data_Flow_gti.
WARNING: [Synth 8-3332] Sequential element (msr_reg_i/OF_EX_MSR_Bits[24].Using_FDR.MSR_ex_I/Using_FPGA.Native) is unused and will be removed from module Data_Flow_gti.
WARNING: [Synth 8-3332] Sequential element (msr_reg_i/OF_EX_MSR_Bits[24].Using_FDR.MSR_of_I/Using_FPGA.Native) is unused and will be removed from module Data_Flow_gti.
WARNING: [Synth 8-3332] Sequential element (msr_reg_i/OF_EX_MSR_Bits[25].Using_FDR.MSR_of_I/Using_FPGA.Native) is unused and will be removed from module Data_Flow_gti.
WARNING: [Synth 8-3332] Sequential element (msr_reg_i/OF_EX_MSR_Bits[26].Using_FDR.MSR_ex_I/Using_FPGA.Native) is unused and will be removed from module Data_Flow_gti.
WARNING: [Synth 8-3332] Sequential element (msr_reg_i/OF_EX_MSR_Bits[26].Using_FDR.MSR_of_I/Using_FPGA.Native) is unused and will be removed from module Data_Flow_gti.
WARNING: [Synth 8-3332] Sequential element (msr_reg_i/OF_EX_MSR_Bits[27].Using_FDR.MSR_ex_I/Using_FPGA.Native) is unused and will be removed from module Data_Flow_gti.
WARNING: [Synth 8-3332] Sequential element (msr_reg_i/OF_EX_MSR_Bits[27].Using_FDR.MSR_of_I/Using_FPGA.Native) is unused and will be removed from module Data_Flow_gti.
WARNING: [Synth 8-3332] Sequential element (msr_reg_i/OF_EX_MSR_Bits[28].Using_FDR.MSR_of_I/Using_FPGA.Native) is unused and will be removed from module Data_Flow_gti.
WARNING: [Synth 8-3332] Sequential element (msr_reg_i/OF_EX_MSR_Bits[29].Using_FDR.MSR_of_I/Using_FPGA.Native) is unused and will be removed from module Data_Flow_gti.
WARNING: [Synth 8-3332] Sequential element (msr_reg_i/OF_EX_MSR_Bits[30].Using_FDR.MSR_of_I/Using_FPGA.Native) is unused and will be removed from module Data_Flow_gti.
WARNING: [Synth 8-3332] Sequential element (msr_reg_i/OF_EX_MSR_Bits[31].Using_FDR.MSR_ex_I/Using_FPGA.Native) is unused and will be removed from module Data_Flow_gti.
WARNING: [Synth 8-3332] Sequential element (msr_reg_i/OF_EX_MSR_Bits[31].Using_FDR.MSR_of_I/Using_FPGA.Native) is unused and will be removed from module Data_Flow_gti.
WARNING: [Synth 8-3332] Sequential element (exception_registers_I1/Using_FPGA_LUT6.Gen_Ret_Addr[31].WB_PC_FDRE/Using_FPGA.Native) is unused and will be removed from module Data_Flow_gti.
WARNING: [Synth 8-3332] Sequential element (exception_registers_I1/Using_FPGA_LUT6.Gen_Ret_Addr[30].WB_PC_FDRE/Using_FPGA.Native) is unused and will be removed from module Data_Flow_gti.
WARNING: [Synth 8-3332] Sequential element (exception_registers_I1/Using_FPGA_LUT6.Gen_Ret_Addr[29].WB_PC_FDRE/Using_FPGA.Native) is unused and will be removed from module Data_Flow_gti.
WARNING: [Synth 8-3332] Sequential element (exception_registers_I1/Using_FPGA_LUT6.Gen_Ret_Addr[28].WB_PC_FDRE/Using_FPGA.Native) is unused and will be removed from module Data_Flow_gti.
WARNING: [Synth 8-3332] Sequential element (exception_registers_I1/Using_FPGA_LUT6.Gen_Ret_Addr[27].WB_PC_FDRE/Using_FPGA.Native) is unused and will be removed from module Data_Flow_gti.
WARNING: [Synth 8-3332] Sequential element (exception_registers_I1/Using_FPGA_LUT6.Gen_Ret_Addr[26].WB_PC_FDRE/Using_FPGA.Native) is unused and will be removed from module Data_Flow_gti.
WARNING: [Synth 8-3332] Sequential element (exception_registers_I1/Using_FPGA_LUT6.Gen_Ret_Addr[25].WB_PC_FDRE/Using_FPGA.Native) is unused and will be removed from module Data_Flow_gti.
WARNING: [Synth 8-3332] Sequential element (exception_registers_I1/Using_FPGA_LUT6.Gen_Ret_Addr[24].WB_PC_FDRE/Using_FPGA.Native) is unused and will be removed from module Data_Flow_gti.
WARNING: [Synth 8-3332] Sequential element (exception_registers_I1/Using_FPGA_LUT6.Gen_Ret_Addr[23].WB_PC_FDRE/Using_FPGA.Native) is unused and will be removed from module Data_Flow_gti.
WARNING: [Synth 8-3332] Sequential element (exception_registers_I1/Using_FPGA_LUT6.Gen_Ret_Addr[22].WB_PC_FDRE/Using_FPGA.Native) is unused and will be removed from module Data_Flow_gti.
WARNING: [Synth 8-3332] Sequential element (exception_registers_I1/Using_FPGA_LUT6.Gen_Ret_Addr[21].WB_PC_FDRE/Using_FPGA.Native) is unused and will be removed from module Data_Flow_gti.
WARNING: [Synth 8-3332] Sequential element (exception_registers_I1/Using_FPGA_LUT6.Gen_Ret_Addr[20].WB_PC_FDRE/Using_FPGA.Native) is unused and will be removed from module Data_Flow_gti.
WARNING: [Synth 8-3332] Sequential element (exception_registers_I1/Using_FPGA_LUT6.Gen_Ret_Addr[19].WB_PC_FDRE/Using_FPGA.Native) is unused and will be removed from module Data_Flow_gti.
WARNING: [Synth 8-3332] Sequential element (exception_registers_I1/Using_FPGA_LUT6.Gen_Ret_Addr[18].WB_PC_FDRE/Using_FPGA.Native) is unused and will be removed from module Data_Flow_gti.
WARNING: [Synth 8-3332] Sequential element (exception_registers_I1/Using_FPGA_LUT6.Gen_Ret_Addr[17].WB_PC_FDRE/Using_FPGA.Native) is unused and will be removed from module Data_Flow_gti.
WARNING: [Synth 8-3332] Sequential element (exception_registers_I1/Using_FPGA_LUT6.Gen_Ret_Addr[16].WB_PC_FDRE/Using_FPGA.Native) is unused and will be removed from module Data_Flow_gti.
WARNING: [Synth 8-3332] Sequential element (exception_registers_I1/Using_FPGA_LUT6.Gen_Ret_Addr[15].WB_PC_FDRE/Using_FPGA.Native) is unused and will be removed from module Data_Flow_gti.
WARNING: [Synth 8-3332] Sequential element (exception_registers_I1/Using_FPGA_LUT6.Gen_Ret_Addr[14].WB_PC_FDRE/Using_FPGA.Native) is unused and will be removed from module Data_Flow_gti.
WARNING: [Synth 8-3332] Sequential element (exception_registers_I1/Using_FPGA_LUT6.Gen_Ret_Addr[13].WB_PC_FDRE/Using_FPGA.Native) is unused and will be removed from module Data_Flow_gti.
WARNING: [Synth 8-3332] Sequential element (exception_registers_I1/Using_FPGA_LUT6.Gen_Ret_Addr[12].WB_PC_FDRE/Using_FPGA.Native) is unused and will be removed from module Data_Flow_gti.
WARNING: [Synth 8-3332] Sequential element (exception_registers_I1/Using_FPGA_LUT6.Gen_Ret_Addr[11].WB_PC_FDRE/Using_FPGA.Native) is unused and will be removed from module Data_Flow_gti.
WARNING: [Synth 8-3332] Sequential element (exception_registers_I1/Using_FPGA_LUT6.Gen_Ret_Addr[10].WB_PC_FDRE/Using_FPGA.Native) is unused and will be removed from module Data_Flow_gti.
WARNING: [Synth 8-3332] Sequential element (exception_registers_I1/Using_FPGA_LUT6.Gen_Ret_Addr[9].WB_PC_FDRE/Using_FPGA.Native) is unused and will be removed from module Data_Flow_gti.
INFO: [Common 17-14] Message 'Synth 8-3332' appears 100 times and further instances of the messages will be disabled. Use the Tcl command set_msg_config to change the current settings.
INFO: [Common 17-14] Message 'Synth 8-3332' appears 100 times and further instances of the messages will be disabled. Use the Tcl command set_msg_config to change the current settings.
INFO: [Synth 8-5544] ROM "si_maximum_length" won't be mapped to Block RAM because address size (3) smaller than threshold (5)
INFO: [Synth 8-5544] ROM "cmd_step_ii" won't be mapped to Block RAM because address size (3) smaller than threshold (5)
INFO: [Synth 8-5544] ROM "si_maximum_length" won't be mapped to Block RAM because address size (3) smaller than threshold (5)
INFO: [Synth 8-5544] ROM "cmd_step_ii" won't be mapped to Block RAM because address size (3) smaller than threshold (5)
WARNING: [Synth 8-3936] Found unconnected internal register 'addr_reg' and it is trimmed from '32' to '10' bits. [/home/uni/project/smartssd/host_file_sum64/_x/link/vivado/vpl/prj/prj.gen/my_rm/bd/ulp/ip/ulp_ddrmem_1_0/rtl/axi_ctrl/ddr4_v2_2_axi_ctrl_top.sv:633]
---------------------------------------------------------------------------------
Finished Cross Boundary and Area Optimization : Time (s): cpu = 00:05:32 ; elapsed = 00:05:47 . Memory (MB): peak = 4437.496 ; gain = 1386.570 ; free physical = 97606 ; free virtual = 223687
Synthesis current peak Physical Memory [PSS] (MB): peak = 5601.368; parent = 3368.771; children = 2651.850
Synthesis current peak Virtual Memory [VSS] (MB): peak = 8955.984; parent = 4437.492; children = 4522.406
---------------------------------------------------------------------------------
---------------------------------------------------------------------------------
Start Applying XDC Timing Constraints
---------------------------------------------------------------------------------
INFO: [Synth 8-5578] Moved timing constraint from pin 'u_ddr_cal_riu/mcs0/inst/microblaze_I/U0/Reset' to pin 'u_ddr_cal_riu/mcs0/inst/rst_0/U0/FDRE_inst/Q'
INFO: [Synth 8-5578] Moved timing constraint from pin 'u_ddr4_infrastructure/sys_rst' to pin 'sys_rst'
INFO: [Synth 8-5819] Moved 2 constraints on hierarchical pins to their respective driving/loading pins
---------------------------------------------------------------------------------
Finished Applying XDC Timing Constraints : Time (s): cpu = 00:05:43 ; elapsed = 00:05:58 . Memory (MB): peak = 4512.332 ; gain = 1461.406 ; free physical = 99535 ; free virtual = 225684
Synthesis current peak Physical Memory [PSS] (MB): peak = 5729.556; parent = 3368.771; children = 2651.850
Synthesis current peak Virtual Memory [VSS] (MB): peak = 9034.742; parent = 4512.336; children = 4522.406
---------------------------------------------------------------------------------
---------------------------------------------------------------------------------
Start Timing Optimization
---------------------------------------------------------------------------------
---------------------------------------------------------------------------------
Finished Timing Optimization : Time (s): cpu = 00:06:01 ; elapsed = 00:06:18 . Memory (MB): peak = 4512.332 ; gain = 1461.406 ; free physical = 97455 ; free virtual = 223626
Synthesis current peak Physical Memory [PSS] (MB): peak = 5741.834; parent = 3368.771; children = 2651.850
Synthesis current peak Virtual Memory [VSS] (MB): peak = 9034.742; parent = 4512.336; children = 4522.406
---------------------------------------------------------------------------------
---------------------------------------------------------------------------------
Start Technology Mapping
---------------------------------------------------------------------------------
---------------------------------------------------------------------------------
Finished Technology Mapping : Time (s): cpu = 00:06:34 ; elapsed = 00:07:04 . Memory (MB): peak = 4524.258 ; gain = 1473.332 ; free physical = 107082 ; free virtual = 233278
Synthesis current peak Physical Memory [PSS] (MB): peak = 6427.579; parent = 3368.771; children = 3201.902
Synthesis current peak Virtual Memory [VSS] (MB): peak = 9565.332; parent = 4520.344; children = 5044.992
---------------------------------------------------------------------------------
---------------------------------------------------------------------------------
Start IO Insertion
---------------------------------------------------------------------------------
---------------------------------------------------------------------------------
Start Flattening Before IO Insertion
---------------------------------------------------------------------------------
---------------------------------------------------------------------------------
Finished Flattening Before IO Insertion
---------------------------------------------------------------------------------
---------------------------------------------------------------------------------
Start Final Netlist Cleanup
---------------------------------------------------------------------------------
---------------------------------------------------------------------------------
Finished Final Netlist Cleanup
---------------------------------------------------------------------------------
---------------------------------------------------------------------------------
Finished IO Insertion : Time (s): cpu = 00:06:52 ; elapsed = 00:07:23 . Memory (MB): peak = 4524.258 ; gain = 1473.332 ; free physical = 112647 ; free virtual = 238891
Synthesis current peak Physical Memory [PSS] (MB): peak = 6583.965; parent = 3368.771; children = 3276.800
Synthesis current peak Virtual Memory [VSS] (MB): peak = 9565.332; parent = 4520.344; children = 5044.992
---------------------------------------------------------------------------------
---------------------------------------------------------------------------------
Start Renaming Generated Instances
---------------------------------------------------------------------------------
---------------------------------------------------------------------------------
Finished Renaming Generated Instances : Time (s): cpu = 00:06:52 ; elapsed = 00:07:23 . Memory (MB): peak = 4524.258 ; gain = 1473.332 ; free physical = 112647 ; free virtual = 238891
Synthesis current peak Physical Memory [PSS] (MB): peak = 6583.965; parent = 3368.771; children = 3276.800
Synthesis current peak Virtual Memory [VSS] (MB): peak = 9565.332; parent = 4520.344; children = 5044.992
---------------------------------------------------------------------------------
---------------------------------------------------------------------------------
Start Rebuilding User Hierarchy
---------------------------------------------------------------------------------
---------------------------------------------------------------------------------
Finished Rebuilding User Hierarchy : Time (s): cpu = 00:06:59 ; elapsed = 00:07:31 . Memory (MB): peak = 4524.258 ; gain = 1473.332 ; free physical = 112648 ; free virtual = 238892
Synthesis current peak Physical Memory [PSS] (MB): peak = 6596.664; parent = 3368.771; children = 3276.800
Synthesis current peak Virtual Memory [VSS] (MB): peak = 9565.332; parent = 4520.344; children = 5044.992
---------------------------------------------------------------------------------
---------------------------------------------------------------------------------
Start Renaming Generated Ports
---------------------------------------------------------------------------------
---------------------------------------------------------------------------------
Finished Renaming Generated Ports : Time (s): cpu = 00:06:59 ; elapsed = 00:07:31 . Memory (MB): peak = 4524.258 ; gain = 1473.332 ; free physical = 112649 ; free virtual = 238893
Synthesis current peak Physical Memory [PSS] (MB): peak = 6596.715; parent = 3368.771; children = 3276.800
Synthesis current peak Virtual Memory [VSS] (MB): peak = 9565.332; parent = 4520.344; children = 5044.992
---------------------------------------------------------------------------------
---------------------------------------------------------------------------------
Start Handling Custom Attributes
---------------------------------------------------------------------------------
---------------------------------------------------------------------------------
Finished Handling Custom Attributes : Time (s): cpu = 00:07:04 ; elapsed = 00:07:36 . Memory (MB): peak = 4524.258 ; gain = 1473.332 ; free physical = 112643 ; free virtual = 238887
Synthesis current peak Physical Memory [PSS] (MB): peak = 6602.781; parent = 3368.771; children = 3276.800
Synthesis current peak Virtual Memory [VSS] (MB): peak = 9565.332; parent = 4520.344; children = 5044.992
---------------------------------------------------------------------------------
---------------------------------------------------------------------------------
Start Renaming Generated Nets
---------------------------------------------------------------------------------
---------------------------------------------------------------------------------
Finished Renaming Generated Nets : Time (s): cpu = 00:07:04 ; elapsed = 00:07:37 . Memory (MB): peak = 4524.258 ; gain = 1473.332 ; free physical = 112644 ; free virtual = 238888
Synthesis current peak Physical Memory [PSS] (MB): peak = 6602.812; parent = 3368.771; children = 3276.800
Synthesis current peak Virtual Memory [VSS] (MB): peak = 9565.332; parent = 4520.344; children = 5044.992
---------------------------------------------------------------------------------
---------------------------------------------------------------------------------
Start Writing Synthesis Report
---------------------------------------------------------------------------------

DSP Final Report (the ' indicates corresponding REG is set)
+---------------------------+--------------------+--------+--------+--------+--------+--------+------+------+------+------+-------+------+------+
|Module Name                | DSP Mapping        | A Size | B Size | C Size | D Size | P Size | AREG | BREG | CREG | DREG | ADREG | MREG | PREG | 
+---------------------------+--------------------+--------+--------+--------+--------+--------+------+------+------+------+-------+------+------+
|MB_DSP48E1__parameterized1 | (PCIN>>17+(A*B)')' | 30     | 17     | -      | -      | 48     | 0    | 0    | -    | -    | -     | 1    | 1    | 
|MB_DSP48E1__parameterized3 | PCIN+(A'*B')'      | 17     | 18     | -      | -      | 48     | 1    | 1    | -    | -    | -     | 1    | 0    | 
|MB_DSP48E1                 | (A*B)'             | 17     | 17     | -      | -      | 48     | 0    | 0    | -    | -    | -     | 0    | 1    | 
+---------------------------+--------------------+--------+--------+--------+--------+--------+------+------+------+------+-------+------+------+


Report BlackBoxes: 
+-+--------------+----------+
| |BlackBox name |Instances |
+-+--------------+----------+
+-+--------------+----------+

Report Cell Usage: 
+------+-----------------+------+
|      |Cell             |Count |
+------+-----------------+------+
|1     |AND2B1L          |     1|
|2     |BITSLICE_CONTROL |    22|
|5     |BUFG             |     9|
|6     |CARRY8           |    37|
|7     |DSP48E1          |     3|
|8     |HPIO_VREF        |     9|
|9     |LUT1             |   496|
|10    |LUT2             |  1897|
|11    |LUT3             |  7676|
|12    |LUT4             |  2938|
|13    |LUT5             |  4900|
|14    |LUT6             |  7837|
|16    |MMCME4_ADV       |     1|
|17    |MULT_AND         |     1|
|18    |MUXCY_L          |   153|
|19    |MUXF7            |   415|
|20    |MUXF8            |    66|
|21    |PLLE4_ADV        |     3|
|22    |RAM32M           |   291|
|23    |RAMB18E2         |     1|
|24    |RAMB36E2         |    25|
|27    |RIU_OR           |    11|
|28    |RXTX_BITSLICE    |   115|
|31    |SRL16            |     1|
|32    |SRL16E           |    94|
|33    |SRLC32E          |   604|
|34    |TX_BITSLICE_TRI  |    22|
|35    |XORCY            |   126|
|36    |FDPE             |     2|
|37    |FDR              |    93|
|38    |FDRE             | 24694|
|39    |FDS              |     1|
|40    |FDSE             |   511|
|41    |IOBUFDS          |     9|
|42    |IOBUFE3          |    81|
|43    |OBUF             |    25|
|44    |OBUFDS           |     1|
+------+-----------------+------+
---------------------------------------------------------------------------------
Finished Writing Synthesis Report : Time (s): cpu = 00:07:04 ; elapsed = 00:07:37 . Memory (MB): peak = 4524.258 ; gain = 1473.332 ; free physical = 112644 ; free virtual = 238888
Synthesis current peak Physical Memory [PSS] (MB): peak = 6602.812; parent = 3368.771; children = 3276.800
Synthesis current peak Virtual Memory [VSS] (MB): peak = 9565.332; parent = 4520.344; children = 5044.992
---------------------------------------------------------------------------------
Synthesis finished with 0 errors, 0 critical warnings and 2130 warnings.
Synthesis Optimization Runtime : Time (s): cpu = 00:06:28 ; elapsed = 00:06:57 . Memory (MB): peak = 4524.258 ; gain = 1062.633 ; free physical = 115749 ; free virtual = 241993
Synthesis Optimization Complete : Time (s): cpu = 00:07:09 ; elapsed = 00:07:42 . Memory (MB): peak = 4524.258 ; gain = 1473.332 ; free physical = 115765 ; free virtual = 241987
INFO: [Project 1-571] Translating synthesized netlist
Netlist sorting complete. Time (s): cpu = 00:00:01 ; elapsed = 00:00:01 . Memory (MB): peak = 4524.258 ; gain = 0.000 ; free physical = 115718 ; free virtual = 241939
INFO: [Netlist 29-17] Analyzing 1322 Unisim elements for replacement
INFO: [Netlist 29-28] Unisim Transformation completed in 0 CPU seconds
INFO: [Project 1-570] Preparing netlist for logic optimization
INFO: [Opt 31-138] Pushed 0 inverter(s) to 0 load pin(s).
INFO: [Opt 31-422] The CLOCK_DOMAINS attribute on the BRAM cell inst/u_ddr4_mem_intfc/u_ddr_cal_riu/mcs0/inst/lmb_bram_I/U0/inst_blk_mem_gen/gnbram.gnative_mem_map_bmg.native_mem_map_blk_mem_gen/valid.cstr/ramloop[0].ram.r/prim_noinit.ram/DEVICE_8SERIES.WITH_BMM_INFO.TRUE_DP.SIMPLE_PRIM36.SERIES8_TDP_SP36_NO_ECC_ATTR.ram has been changed from INDEPENDENT to COMMON to match the clocking topology used for the BRAM.
INFO: [Opt 31-422] The CLOCK_DOMAINS attribute on the BRAM cell inst/u_ddr4_mem_intfc/u_ddr_cal_riu/mcs0/inst/lmb_bram_I/U0/inst_blk_mem_gen/gnbram.gnative_mem_map_bmg.native_mem_map_blk_mem_gen/valid.cstr/ramloop[10].ram.r/prim_noinit.ram/DEVICE_8SERIES.WITH_BMM_INFO.TRUE_DP.SIMPLE_PRIM36.SERIES8_TDP_SP36_NO_ECC_ATTR.ram has been changed from INDEPENDENT to COMMON to match the clocking topology used for the BRAM.
INFO: [Opt 31-422] The CLOCK_DOMAINS attribute on the BRAM cell inst/u_ddr4_mem_intfc/u_ddr_cal_riu/mcs0/inst/lmb_bram_I/U0/inst_blk_mem_gen/gnbram.gnative_mem_map_bmg.native_mem_map_blk_mem_gen/valid.cstr/ramloop[11].ram.r/prim_noinit.ram/DEVICE_8SERIES.WITH_BMM_INFO.TRUE_DP.SIMPLE_PRIM36.SERIES8_TDP_SP36_NO_ECC_ATTR.ram has been changed from INDEPENDENT to COMMON to match the clocking topology used for the BRAM.
INFO: [Opt 31-422] The CLOCK_DOMAINS attribute on the BRAM cell inst/u_ddr4_mem_intfc/u_ddr_cal_riu/mcs0/inst/lmb_bram_I/U0/inst_blk_mem_gen/gnbram.gnative_mem_map_bmg.native_mem_map_blk_mem_gen/valid.cstr/ramloop[12].ram.r/prim_noinit.ram/DEVICE_8SERIES.WITH_BMM_INFO.TRUE_DP.SIMPLE_PRIM36.SERIES8_TDP_SP36_NO_ECC_ATTR.ram has been changed from INDEPENDENT to COMMON to match the clocking topology used for the BRAM.
INFO: [Opt 31-422] The CLOCK_DOMAINS attribute on the BRAM cell inst/u_ddr4_mem_intfc/u_ddr_cal_riu/mcs0/inst/lmb_bram_I/U0/inst_blk_mem_gen/gnbram.gnative_mem_map_bmg.native_mem_map_blk_mem_gen/valid.cstr/ramloop[13].ram.r/prim_noinit.ram/DEVICE_8SERIES.WITH_BMM_INFO.TRUE_DP.SIMPLE_PRIM36.SERIES8_TDP_SP36_NO_ECC_ATTR.ram has been changed from INDEPENDENT to COMMON to match the clocking topology used for the BRAM.
INFO: [Opt 31-422] The CLOCK_DOMAINS attribute on the BRAM cell inst/u_ddr4_mem_intfc/u_ddr_cal_riu/mcs0/inst/lmb_bram_I/U0/inst_blk_mem_gen/gnbram.gnative_mem_map_bmg.native_mem_map_blk_mem_gen/valid.cstr/ramloop[14].ram.r/prim_noinit.ram/DEVICE_8SERIES.WITH_BMM_INFO.TRUE_DP.SIMPLE_PRIM36.SERIES8_TDP_SP36_NO_ECC_ATTR.ram has been changed from INDEPENDENT to COMMON to match the clocking topology used for the BRAM.
INFO: [Opt 31-422] The CLOCK_DOMAINS attribute on the BRAM cell inst/u_ddr4_mem_intfc/u_ddr_cal_riu/mcs0/inst/lmb_bram_I/U0/inst_blk_mem_gen/gnbram.gnative_mem_map_bmg.native_mem_map_blk_mem_gen/valid.cstr/ramloop[15].ram.r/prim_noinit.ram/DEVICE_8SERIES.WITH_BMM_INFO.TRUE_DP.SIMPLE_PRIM36.SERIES8_TDP_SP36_NO_ECC_ATTR.ram has been changed from INDEPENDENT to COMMON to match the clocking topology used for the BRAM.
INFO: [Opt 31-422] The CLOCK_DOMAINS attribute on the BRAM cell inst/u_ddr4_mem_intfc/u_ddr_cal_riu/mcs0/inst/lmb_bram_I/U0/inst_blk_mem_gen/gnbram.gnative_mem_map_bmg.native_mem_map_blk_mem_gen/valid.cstr/ramloop[1].ram.r/prim_noinit.ram/DEVICE_8SERIES.WITH_BMM_INFO.TRUE_DP.SIMPLE_PRIM36.SERIES8_TDP_SP36_NO_ECC_ATTR.ram has been changed from INDEPENDENT to COMMON to match the clocking topology used for the BRAM.
INFO: [Opt 31-422] The CLOCK_DOMAINS attribute on the BRAM cell inst/u_ddr4_mem_intfc/u_ddr_cal_riu/mcs0/inst/lmb_bram_I/U0/inst_blk_mem_gen/gnbram.gnative_mem_map_bmg.native_mem_map_blk_mem_gen/valid.cstr/ramloop[2].ram.r/prim_noinit.ram/DEVICE_8SERIES.WITH_BMM_INFO.TRUE_DP.SIMPLE_PRIM36.SERIES8_TDP_SP36_NO_ECC_ATTR.ram has been changed from INDEPENDENT to COMMON to match the clocking topology used for the BRAM.
INFO: [Opt 31-422] The CLOCK_DOMAINS attribute on the BRAM cell inst/u_ddr4_mem_intfc/u_ddr_cal_riu/mcs0/inst/lmb_bram_I/U0/inst_blk_mem_gen/gnbram.gnative_mem_map_bmg.native_mem_map_blk_mem_gen/valid.cstr/ramloop[3].ram.r/prim_noinit.ram/DEVICE_8SERIES.WITH_BMM_INFO.TRUE_DP.SIMPLE_PRIM36.SERIES8_TDP_SP36_NO_ECC_ATTR.ram has been changed from INDEPENDENT to COMMON to match the clocking topology used for the BRAM.
INFO: [Opt 31-422] The CLOCK_DOMAINS attribute on the BRAM cell inst/u_ddr4_mem_intfc/u_ddr_cal_riu/mcs0/inst/lmb_bram_I/U0/inst_blk_mem_gen/gnbram.gnative_mem_map_bmg.native_mem_map_blk_mem_gen/valid.cstr/ramloop[4].ram.r/prim_noinit.ram/DEVICE_8SERIES.WITH_BMM_INFO.TRUE_DP.SIMPLE_PRIM36.SERIES8_TDP_SP36_NO_ECC_ATTR.ram has been changed from INDEPENDENT to COMMON to match the clocking topology used for the BRAM.
INFO: [Opt 31-422] The CLOCK_DOMAINS attribute on the BRAM cell inst/u_ddr4_mem_intfc/u_ddr_cal_riu/mcs0/inst/lmb_bram_I/U0/inst_blk_mem_gen/gnbram.gnative_mem_map_bmg.native_mem_map_blk_mem_gen/valid.cstr/ramloop[5].ram.r/prim_noinit.ram/DEVICE_8SERIES.WITH_BMM_INFO.TRUE_DP.SIMPLE_PRIM36.SERIES8_TDP_SP36_NO_ECC_ATTR.ram has been changed from INDEPENDENT to COMMON to match the clocking topology used for the BRAM.
INFO: [Opt 31-422] The CLOCK_DOMAINS attribute on the BRAM cell inst/u_ddr4_mem_intfc/u_ddr_cal_riu/mcs0/inst/lmb_bram_I/U0/inst_blk_mem_gen/gnbram.gnative_mem_map_bmg.native_mem_map_blk_mem_gen/valid.cstr/ramloop[6].ram.r/prim_noinit.ram/DEVICE_8SERIES.WITH_BMM_INFO.TRUE_DP.SIMPLE_PRIM36.SERIES8_TDP_SP36_NO_ECC_ATTR.ram has been changed from INDEPENDENT to COMMON to match the clocking topology used for the BRAM.
INFO: [Opt 31-422] The CLOCK_DOMAINS attribute on the BRAM cell inst/u_ddr4_mem_intfc/u_ddr_cal_riu/mcs0/inst/lmb_bram_I/U0/inst_blk_mem_gen/gnbram.gnative_mem_map_bmg.native_mem_map_blk_mem_gen/valid.cstr/ramloop[7].ram.r/prim_noinit.ram/DEVICE_8SERIES.WITH_BMM_INFO.TRUE_DP.SIMPLE_PRIM36.SERIES8_TDP_SP36_NO_ECC_ATTR.ram has been changed from INDEPENDENT to COMMON to match the clocking topology used for the BRAM.
INFO: [Opt 31-422] The CLOCK_DOMAINS attribute on the BRAM cell inst/u_ddr4_mem_intfc/u_ddr_cal_riu/mcs0/inst/lmb_bram_I/U0/inst_blk_mem_gen/gnbram.gnative_mem_map_bmg.native_mem_map_blk_mem_gen/valid.cstr/ramloop[8].ram.r/prim_noinit.ram/DEVICE_8SERIES.WITH_BMM_INFO.TRUE_DP.SIMPLE_PRIM36.SERIES8_TDP_SP36_NO_ECC_ATTR.ram has been changed from INDEPENDENT to COMMON to match the clocking topology used for the BRAM.
INFO: [Opt 31-422] The CLOCK_DOMAINS attribute on the BRAM cell inst/u_ddr4_mem_intfc/u_ddr_cal_riu/mcs0/inst/lmb_bram_I/U0/inst_blk_mem_gen/gnbram.gnative_mem_map_bmg.native_mem_map_blk_mem_gen/valid.cstr/ramloop[9].ram.r/prim_noinit.ram/DEVICE_8SERIES.WITH_BMM_INFO.TRUE_DP.SIMPLE_PRIM36.SERIES8_TDP_SP36_NO_ECC_ATTR.ram has been changed from INDEPENDENT to COMMON to match the clocking topology used for the BRAM.
INFO: [Opt 31-422] The CLOCK_DOMAINS attribute on the BRAM cell inst/u_ddr4_mem_intfc/u_ddr_cal_riu/mcs0/inst/second_lmb_bram_I/U0/inst_blk_mem_gen/gnbram.gnative_mem_map_bmg.native_mem_map_blk_mem_gen/valid.cstr/ramloop[0].ram.r/prim_noinit.ram/DEVICE_8SERIES.WITH_BMM_INFO.TRUE_DP.SIMPLE_PRIM36.SERIES8_TDP_SP36_NO_ECC_ATTR.ram has been changed from INDEPENDENT to COMMON to match the clocking topology used for the BRAM.
INFO: [Opt 31-422] The CLOCK_DOMAINS attribute on the BRAM cell inst/u_ddr4_mem_intfc/u_ddr_cal_riu/mcs0/inst/second_lmb_bram_I/U0/inst_blk_mem_gen/gnbram.gnative_mem_map_bmg.native_mem_map_blk_mem_gen/valid.cstr/ramloop[1].ram.r/prim_noinit.ram/DEVICE_8SERIES.WITH_BMM_INFO.TRUE_DP.SIMPLE_PRIM36.SERIES8_TDP_SP36_NO_ECC_ATTR.ram has been changed from INDEPENDENT to COMMON to match the clocking topology used for the BRAM.
INFO: [Opt 31-422] The CLOCK_DOMAINS attribute on the BRAM cell inst/u_ddr4_mem_intfc/u_ddr_cal_riu/mcs0/inst/second_lmb_bram_I/U0/inst_blk_mem_gen/gnbram.gnative_mem_map_bmg.native_mem_map_blk_mem_gen/valid.cstr/ramloop[2].ram.r/prim_noinit.ram/DEVICE_8SERIES.WITH_BMM_INFO.TRUE_DP.SIMPLE_PRIM36.SERIES8_TDP_SP36_NO_ECC_ATTR.ram has been changed from INDEPENDENT to COMMON to match the clocking topology used for the BRAM.
INFO: [Opt 31-422] The CLOCK_DOMAINS attribute on the BRAM cell inst/u_ddr4_mem_intfc/u_ddr_cal_riu/mcs0/inst/second_lmb_bram_I/U0/inst_blk_mem_gen/gnbram.gnative_mem_map_bmg.native_mem_map_blk_mem_gen/valid.cstr/ramloop[3].ram.r/prim_noinit.ram/DEVICE_8SERIES.WITH_BMM_INFO.TRUE_DP.SIMPLE_PRIM36.SERIES8_TDP_SP36_NO_ECC_ATTR.ram has been changed from INDEPENDENT to COMMON to match the clocking topology used for the BRAM.
INFO: [Opt 31-422] The CLOCK_DOMAINS attribute on the BRAM cell inst/u_ddr4_mem_intfc/u_ddr_cal_riu/mcs0/inst/second_lmb_bram_I/U0/inst_blk_mem_gen/gnbram.gnative_mem_map_bmg.native_mem_map_blk_mem_gen/valid.cstr/ramloop[4].ram.r/prim_noinit.ram/DEVICE_8SERIES.WITH_BMM_INFO.TRUE_DP.SIMPLE_PRIM36.SERIES8_TDP_SP36_NO_ECC_ATTR.ram has been changed from INDEPENDENT to COMMON to match the clocking topology used for the BRAM.
INFO: [Opt 31-422] The CLOCK_DOMAINS attribute on the BRAM cell inst/u_ddr4_mem_intfc/u_ddr_cal_riu/mcs0/inst/second_lmb_bram_I/U0/inst_blk_mem_gen/gnbram.gnative_mem_map_bmg.native_mem_map_blk_mem_gen/valid.cstr/ramloop[5].ram.r/prim_noinit.ram/DEVICE_8SERIES.WITH_BMM_INFO.TRUE_DP.SIMPLE_PRIM36.SERIES8_TDP_SP36_NO_ECC_ATTR.ram has been changed from INDEPENDENT to COMMON to match the clocking topology used for the BRAM.
INFO: [Opt 31-422] The CLOCK_DOMAINS attribute on the BRAM cell inst/u_ddr4_mem_intfc/u_ddr_cal_riu/mcs0/inst/second_lmb_bram_I/U0/inst_blk_mem_gen/gnbram.gnative_mem_map_bmg.native_mem_map_blk_mem_gen/valid.cstr/ramloop[6].ram.r/prim_noinit.ram/DEVICE_8SERIES.WITH_BMM_INFO.TRUE_DP.SIMPLE_PRIM36.SERIES8_TDP_SP36_NO_ECC_ATTR.ram has been changed from INDEPENDENT to COMMON to match the clocking topology used for the BRAM.
INFO: [Opt 31-422] The CLOCK_DOMAINS attribute on the BRAM cell inst/u_ddr4_mem_intfc/u_ddr_cal_riu/mcs0/inst/second_lmb_bram_I/U0/inst_blk_mem_gen/gnbram.gnative_mem_map_bmg.native_mem_map_blk_mem_gen/valid.cstr/ramloop[7].ram.r/prim_noinit.ram/DEVICE_8SERIES.WITH_BMM_INFO.TRUE_DP.SIMPLE_PRIM36.SERIES8_TDP_SP36_NO_ECC_ATTR.ram has been changed from INDEPENDENT to COMMON to match the clocking topology used for the BRAM.
INFO: [Opt 31-326] The CLKFBOUT to CLKFBIN net for instance inst/u_ddr4_mem_intfc/u_mig_ddr4_phy/inst/u_ddr4_phy_pll/plle_loop[0].gen_plle4.PLLE4_BASE_INST_OTHER with COMPENSATION=INTERNAL is optimized away to aid design routability
INFO: [Opt 31-326] The CLKFBOUT to CLKFBIN net for instance inst/u_ddr4_mem_intfc/u_mig_ddr4_phy/inst/u_ddr4_phy_pll/plle_loop[1].gen_plle4.PLLE4_BASE_INST_OTHER with COMPENSATION=INTERNAL is optimized away to aid design routability
INFO: [Opt 31-326] The CLKFBOUT to CLKFBIN net for instance inst/u_ddr4_mem_intfc/u_mig_ddr4_phy/inst/u_ddr4_phy_pll/plle_loop[2].gen_plle4.PLLE4_BASE_INST_OTHER with COMPENSATION=INTERNAL is optimized away to aid design routability
Generating merged BMM file for the design top 'ulp_ddrmem_1_0'...
INFO: [Memdata 28-144] Successfully populated the BRAM INIT strings from the following elf files: /home/uni/project/smartssd/host_file_sum64/_x/link/vivado/vpl/prj/prj.gen/my_rm/bd/ulp/ip/ulp_ddrmem_1_0/sw/calibration_0/Debug/calibration_ddr.elf 
Netlist sorting complete. Time (s): cpu = 00:00:00.01 ; elapsed = 00:00:00.01 . Memory (MB): peak = 4524.258 ; gain = 0.000 ; free physical = 115628 ; free virtual = 241850
INFO: [Project 1-111] Unisim Transformation Summary:
  A total of 542 instances were transformed.
  (CARRY4) => CARRY8: 21 instances
  BUFG => BUFGCE: 9 instances
  DSP48E1 => DSP48E2 (DSP_ALU, DSP_A_B_DATA, DSP_C_DATA, DSP_MULTIPLIER, DSP_M_DATA, DSP_OUTPUT, DSP_PREADD, DSP_PREADD_DATA): 3 instances
  FDR => FDRE: 93 instances
  FDS => FDSE: 1 instance 
  IOBUFDS => IOBUFDS (DIFFINBUF, IBUFCTRL, INV, OBUFT(x2)): 9 instances
  IOBUFE3 => IOBUFE3 (IBUFCTRL, INBUF, OBUFT_DCIEN): 81 instances
  LUT6_2 => LUT6_2 (LUT5, LUT6): 31 instances
  MULT_AND => LUT2: 1 instance 
  OBUFDS => OBUFDS_DUAL_BUF (INV, OBUF(x2)): 1 instance 
  RAM32M => RAM32M (RAMD32(x6), RAMS32(x2)): 291 instances
  SRL16 => SRL16E: 1 instance 

Synth Design complete, checksum: 2df52306
INFO: [Common 17-83] Releasing license: Synthesis
701 Infos, 439 Warnings, 0 Critical Warnings and 0 Errors encountered.
synth_design completed successfully
synth_design: Time (s): cpu = 00:07:38 ; elapsed = 00:08:13 . Memory (MB): peak = 4524.258 ; gain = 2584.098 ; free physical = 115889 ; free virtual = 242111
INFO: [Common 17-600] The following parameters have non-default value.
general.maxThreads
INFO: [Common 17-1381] The checkpoint '/home/uni/project/smartssd/host_file_sum64/_x/link/vivado/vpl/prj/prj.runs/ulp_ddrmem_1_0_synth_1/ulp_ddrmem_1_0.dcp' has been generated.
write_checkpoint: Time (s): cpu = 00:00:10 ; elapsed = 00:00:09 . Memory (MB): peak = 4544.348 ; gain = 20.090 ; free physical = 115886 ; free virtual = 242119
write_vhdl: Time (s): cpu = 00:00:07 ; elapsed = 00:00:07 . Memory (MB): peak = 4544.348 ; gain = 0.000 ; free physical = 115849 ; free virtual = 242126
INFO: [Coretcl 2-1648] Added synthesis output to IP cache for IP ulp_ddrmem_1_0, cache-ID = ccb0df9df94c4229
INFO: [Coretcl 2-1174] Renamed 1105 cell refs.
INFO: [Common 17-1381] The checkpoint '/home/uni/project/smartssd/host_file_sum64/_x/link/vivado/vpl/prj/prj.runs/ulp_ddrmem_1_0_synth_1/ulp_ddrmem_1_0.dcp' has been generated.
write_checkpoint: Time (s): cpu = 00:00:09 ; elapsed = 00:00:09 . Memory (MB): peak = 4544.348 ; gain = 0.000 ; free physical = 115856 ; free virtual = 242145
INFO: [runtcl-4] Executing : report_utilization -file ulp_ddrmem_1_0_utilization_synth.rpt -pb ulp_ddrmem_1_0_utilization_synth.pb
write_vhdl: Time (s): cpu = 00:00:07 ; elapsed = 00:00:07 . Memory (MB): peak = 4544.348 ; gain = 0.000 ; free physical = 115794 ; free virtual = 242138
INFO: [Common 17-206] Exiting Vivado at Tue Aug 18 04:10:46 2026...
