
*** Running vivado
    with args -log level0_wrapper.vdi -applog -m64 -product Vivado -messageDb vivado.pb -mode batch -source level0_wrapper.tcl -notrace


****** Vivado v2022.2.2 (64-bit)
  **** SW Build 3788238 on Tue Feb 21 19:59:23 MST 2023
  **** IP Build 3783773 on Tue Feb 21 23:41:56 MST 2023
    ** Copyright 1986-2023 Xilinx, Inc. All Rights Reserved.

source level0_wrapper.tcl -notrace
INFO: Dispatch client connection id - 42595
source /home/uni/project/smartssd/host_file_sum64/_x/link/vivado/vpl/scripts/impl_1/_full_init_pre.tcl
create_project: Time (s): cpu = 00:00:08 ; elapsed = 00:00:08 . Memory (MB): peak = 1833.070 ; gain = 90.961 ; free physical = 118160 ; free virtual = 244284
INFO: [IP_Flow 19-234] Refreshing IP repositories
WARNING: [IP_Flow 19-1694] Ignoring duplicate Bus Definition IP file 'xilinx.com:display_pcie4:pcie4_gt_if:1.0' found within IP repository '/home/uni/project/smartssd/host_file_sum64/_x/link/vivado/vpl/.local/hw_platform/iprepo'.
File in use: /home/uni/project/smartssd/host_file_sum64/_x/link/vivado/vpl/.local/hw_platform/iprepo/ipdefs/other_ipdefs/xdma_v4_1/interfaces/pcie4_gt_if.xml
File ignored: /home/uni/project/smartssd/host_file_sum64/_x/link/vivado/vpl/.local/hw_platform/iprepo/ipdefs/other_ipdefs/pcie4_uscale_plus_v1_3/interfaces/pcie4_gt_if.xml
WARNING: [IP_Flow 19-1694] Ignoring duplicate Bus Definition IP file 'xilinx.com:display_pcie4_uscaleplus:ext_gtcom:1.0' found within IP repository '/home/uni/project/smartssd/host_file_sum64/_x/link/vivado/vpl/.local/hw_platform/iprepo'.
File in use: /home/uni/project/smartssd/host_file_sum64/_x/link/vivado/vpl/.local/hw_platform/iprepo/ipdefs/other_ipdefs/xdma_v4_1/interfaces/pcie4_usp_ext_gtcom.xml
File ignored: /home/uni/project/smartssd/host_file_sum64/_x/link/vivado/vpl/.local/hw_platform/iprepo/ipdefs/other_ipdefs/pcie4_uscale_plus_v1_3/interfaces/pcie4_usp_ext_gtcom.xml
WARNING: [IP_Flow 19-1694] Ignoring duplicate Bus Abstraction IP file 'xilinx.com:display_pcie4:pcie4_gt_if_rtl:1.0' found within IP repository '/home/uni/project/smartssd/host_file_sum64/_x/link/vivado/vpl/.local/hw_platform/iprepo'.
File in use: /home/uni/project/smartssd/host_file_sum64/_x/link/vivado/vpl/.local/hw_platform/iprepo/ipdefs/other_ipdefs/xdma_v4_1/interfaces/pcie4_gt_if_rtl.xml
File ignored: /home/uni/project/smartssd/host_file_sum64/_x/link/vivado/vpl/.local/hw_platform/iprepo/ipdefs/other_ipdefs/pcie4_uscale_plus_v1_3/interfaces/pcie4_gt_if_rtl.xml
WARNING: [IP_Flow 19-1694] Ignoring duplicate Bus Abstraction IP file 'xilinx.com:display_pcie4_uscaleplus:int_gtcom_rtl:1.0' found within IP repository '/home/uni/project/smartssd/host_file_sum64/_x/link/vivado/vpl/.local/hw_platform/iprepo'.
File in use: /home/uni/project/smartssd/host_file_sum64/_x/link/vivado/vpl/.local/hw_platform/iprepo/ipdefs/other_ipdefs/xdma_v4_1/interfaces/pcie4_usp_int_gtcom_rtl.xml
File ignored: /home/uni/project/smartssd/host_file_sum64/_x/link/vivado/vpl/.local/hw_platform/iprepo/ipdefs/other_ipdefs/pcie4_uscale_plus_v1_3/interfaces/pcie4_usp_int_gtcom_rtl.xml
WARNING: [IP_Flow 19-1694] Ignoring duplicate Bus Abstraction IP file 'xilinx.com:display_pcie4_uscaleplus:ext_gtcom_rtl:1.0' found within IP repository '/home/uni/project/smartssd/host_file_sum64/_x/link/vivado/vpl/.local/hw_platform/iprepo'.
File in use: /home/uni/project/smartssd/host_file_sum64/_x/link/vivado/vpl/.local/hw_platform/iprepo/ipdefs/other_ipdefs/xdma_v4_1/interfaces/pcie4_usp_ext_gtcom_rtl.xml
File ignored: /home/uni/project/smartssd/host_file_sum64/_x/link/vivado/vpl/.local/hw_platform/iprepo/ipdefs/other_ipdefs/pcie4_uscale_plus_v1_3/interfaces/pcie4_usp_ext_gtcom_rtl.xml
WARNING: [IP_Flow 19-1694] Ignoring duplicate Bus Definition IP file 'xilinx.com:display_pcie4_uscaleplus:int_gtcom:1.0' found within IP repository '/home/uni/project/smartssd/host_file_sum64/_x/link/vivado/vpl/.local/hw_platform/iprepo'.
File in use: /home/uni/project/smartssd/host_file_sum64/_x/link/vivado/vpl/.local/hw_platform/iprepo/ipdefs/other_ipdefs/xdma_v4_1/interfaces/pcie4_usp_int_gtcom.xml
File ignored: /home/uni/project/smartssd/host_file_sum64/_x/link/vivado/vpl/.local/hw_platform/iprepo/ipdefs/other_ipdefs/pcie4_uscale_plus_v1_3/interfaces/pcie4_usp_int_gtcom.xml
INFO: [IP_Flow 19-1700] Loaded user IP repository '/home/uni/project/smartssd/host_file_sum64/_x/link/vivado/vpl/.local/hw_platform/iprepo'.
INFO: [IP_Flow 19-1700] Loaded user IP repository '/home/uni/project/smartssd/host_file_sum64/_x/link/int/xo/ip_repo/xilinx_com_hls_file_sum64_1_0'.
WARNING: [IP_Flow 19-2207] Repository '/home/uni/project/smartssd/host_file_sum64/_x/link/vivado/vpl/.local/hw_platform/iprepo' already exists; ignoring attempt to add it again.
INFO: [IP_Flow 19-1700] Loaded user IP repository '/home/uni/project/smartssd/host_file_sum64/_x/link/vivado/vpl/.local/hw_platform/iprepo'.
INFO: [IP_Flow 19-1700] Loaded user IP repository '/home/uni/project/smartssd/host_file_sum64/_x/link/vivado/vpl/.local/hw_platform/ipcache'.
INFO: [IP_Flow 19-1700] Loaded user IP repository '/home/dess/workspace/Xilinx/Vitis/2022.2/data/ip'.
INFO: [IP_Flow 19-2313] Loaded Vivado IP repository '/home/dess/workspace/Xilinx/Vivado/2022.2/data/ip'.
WARNING: [IP_Flow 19-1663] Duplicate IP found for 'xilinx.com:ip:icap_arb:1.0'. The one found in IP location '/home/uni/project/smartssd/host_file_sum64/_x/link/vivado/vpl/.local/hw_platform/iprepo/ipdefs/other_ipdefs/icap_arb_v1_0' will take precedence over the same IP in the Xilinx installed IP.
WARNING: [IP_Flow 19-1663] Duplicate IP found for 'xilinx.com:ip:axi_clk_metadata_adapter:1.0'. The one found in IP location '/home/uni/project/smartssd/host_file_sum64/_x/link/vivado/vpl/.local/hw_platform/iprepo/ipdefs/other_ipdefs/axi_clk_metadata_adapter_v1_0' will take precedence over the same IP in location /home/uni/project/smartssd/host_file_sum64/_x/link/vivado/vpl/.local/hw_platform/iprepo/ipdefs/ii_infra_ipdefs/axi_clk_metadata_adapter_v1_0
WARNING: [IP_Flow 19-1663] Duplicate IP found for 'xilinx.com:ip:axis_clk_metadata_adapter:1.0'. The one found in IP location '/home/uni/project/smartssd/host_file_sum64/_x/link/vivado/vpl/.local/hw_platform/iprepo/ipdefs/other_ipdefs/axis_clk_metadata_adapter_v1_0' will take precedence over the same IP in location /home/uni/project/smartssd/host_file_sum64/_x/link/vivado/vpl/.local/hw_platform/iprepo/ipdefs/ii_infra_ipdefs/axis_clk_metadata_adapter_v1_0
WARNING: [IP_Flow 19-1663] Duplicate IP found for 'xilinx.com:ip:hbm_memory_subsystem:2.0'. The one found in IP location '/home/uni/project/smartssd/host_file_sum64/_x/link/vivado/vpl/.local/hw_platform/iprepo/ipdefs/other_ipdefs/hbm_memory_subsystem_v2_0' will take precedence over the same IP in the Xilinx installed IP.
WARNING: [IP_Flow 19-1663] Duplicate IP found for 'xilinx.com:ip:shell_utils_build_info:1.0'. The one found in IP location '/home/uni/project/smartssd/host_file_sum64/_x/link/vivado/vpl/.local/hw_platform/iprepo/ipdefs/other_ipdefs/shell_utils_build_info_v1_0' will take precedence over the same IP in the Xilinx installed IP.
WARNING: [IP_Flow 19-1663] Duplicate IP found for 'xilinx.com:ip:xdma:4.1'. The one found in IP location '/home/uni/project/smartssd/host_file_sum64/_x/link/vivado/vpl/.local/hw_platform/iprepo/ipdefs/other_ipdefs/xdma_v4_1' will take precedence over the same IP in the Xilinx installed IP.
WARNING: [IP_Flow 19-1663] Duplicate IP found for 'xilinx.com:ip:shell_utils_msp432_bsl_crc_gen:1.0'. The one found in IP location '/home/uni/project/smartssd/host_file_sum64/_x/link/vivado/vpl/.local/hw_platform/iprepo/ipdefs/other_ipdefs/shell_utils_msp432_bsl_crc_gen_v1_0' will take precedence over the same IP in the Xilinx installed IP.
WARNING: [IP_Flow 19-1663] Duplicate IP found for 'xilinx.com:ip:axi_hwicap:3.0'. The one found in IP location '/home/uni/project/smartssd/host_file_sum64/_x/link/vivado/vpl/.local/hw_platform/iprepo/ipdefs/other_ipdefs/axi_hwicap_v3_0' will take precedence over the same IP in the Xilinx installed IP.
WARNING: [IP_Flow 19-1663] Duplicate IP found for 'xilinx.com:ip:pcie4_uscale_plus:1.3'. The one found in IP location '/home/uni/project/smartssd/host_file_sum64/_x/link/vivado/vpl/.local/hw_platform/iprepo/ipdefs/other_ipdefs/pcie4_uscale_plus_v1_3' will take precedence over the same IP in the Xilinx installed IP.
WARNING: [IP_Flow 19-1663] Duplicate IP found for 'xilinx.com:ip:mailbox:2.1'. The one found in IP location '/home/uni/project/smartssd/host_file_sum64/_x/link/vivado/vpl/.local/hw_platform/iprepo/ipdefs/other_ipdefs/mailbox_v2_1' will take precedence over the same IP in the Xilinx installed IP.
WARNING: [IP_Flow 19-1663] Duplicate IP found for 'xilinx.com:ip:clk_metadata_adapter:1.0'. The one found in IP location '/home/uni/project/smartssd/host_file_sum64/_x/link/vivado/vpl/.local/hw_platform/iprepo/ipdefs/other_ipdefs/clk_metadata_adapter_v1_0' will take precedence over the same IP in location /home/uni/project/smartssd/host_file_sum64/_x/link/vivado/vpl/.local/hw_platform/iprepo/ipdefs/ii_infra_ipdefs/clk_metadata_adapter_v1_0
WARNING: [IP_Flow 19-1663] Duplicate IP found for 'xilinx.com:ip:pipeline_reg:1.0'. The one found in IP location '/home/uni/project/smartssd/host_file_sum64/_x/link/vivado/vpl/.local/hw_platform/iprepo/ipdefs/other_ipdefs/pipeline_reg_v1_0' will take precedence over the same IP in location /home/uni/project/smartssd/host_file_sum64/_x/link/vivado/vpl/.local/hw_platform/iprepo/ipdefs/ii_infra_ipdefs/pipeline_reg_v1_0
WARNING: [IP_Flow 19-4830] Duplicate Interface found for 'xilinx.com:display_pcie3_ultrascale:pcie3_us_gt_if:1.0'. The one found in location '/home/uni/project/smartssd/host_file_sum64/_x/link/vivado/vpl/.local/hw_platform/iprepo/ipdefs/other_ipdefs/xdma_v4_1/interfaces/pcie3_us_gt_if.xml' will take precedence over the same Interface in location '/home/dess/workspace/Xilinx/Vivado/2022.2/data/ip/xilinx/pcie3_ultrascale_v4_4/interfaces/pcie3_us_gt_if.xml'
WARNING: [IP_Flow 19-4830] Duplicate Interface found for 'xilinx.com:display_pcie4:pcie4_gt_if:1.0'. The one found in location '/home/uni/project/smartssd/host_file_sum64/_x/link/vivado/vpl/.local/hw_platform/iprepo/ipdefs/other_ipdefs/xdma_v4_1/interfaces/pcie4_gt_if.xml' will take precedence over the same Interface in location '/home/dess/workspace/Xilinx/Vivado/2022.2/data/ip/xilinx/pcie4_uscale_plus_v1_3/interfaces/pcie4_gt_if.xml'
WARNING: [IP_Flow 19-4830] Duplicate Interface found for 'xilinx.com:display_xdma:pcie3_7x_transceiver_debug:1.0'. The one found in location '/home/uni/project/smartssd/host_file_sum64/_x/link/vivado/vpl/.local/hw_platform/iprepo/ipdefs/other_ipdefs/xdma_v4_1/interfaces/pcie3_7x_transceiver_debug.xml' will take precedence over the same Interface in location '/home/dess/workspace/Xilinx/Vivado/2022.2/data/ip/xilinx/qdma_v5_0/interfaces/pcie3_7x_transceiver_debug.xml'
WARNING: [IP_Flow 19-4830] Duplicate Interface found for 'xilinx.com:display_xdma:int_shared_logic:1.0'. The one found in location '/home/uni/project/smartssd/host_file_sum64/_x/link/vivado/vpl/.local/hw_platform/iprepo/ipdefs/other_ipdefs/xdma_v4_1/interfaces/pcie3_us_int_shared_logic.xml' will take precedence over the same Interface in location '/home/dess/workspace/Xilinx/Vivado/2022.2/data/ip/xilinx/qdma_v5_0/interfaces/pcie3_us_int_shared_logic.xml'
WARNING: [IP_Flow 19-4830] Duplicate Interface found for 'xilinx.com:display_pcie4_uscaleplus:ext_gtcom:1.0'. The one found in location '/home/uni/project/smartssd/host_file_sum64/_x/link/vivado/vpl/.local/hw_platform/iprepo/ipdefs/other_ipdefs/xdma_v4_1/interfaces/pcie4_usp_ext_gtcom.xml' will take precedence over the same Interface in location '/home/dess/workspace/Xilinx/Vivado/2022.2/data/ip/xilinx/pcie4_uscale_plus_v1_3/interfaces/pcie4_usp_ext_gtcom.xml'
WARNING: [IP_Flow 19-4830] Duplicate Interface found for 'xilinx.com:display_xdma:pcie_cfg_external_msix:1.0'. The one found in location '/home/uni/project/smartssd/host_file_sum64/_x/link/vivado/vpl/.local/hw_platform/iprepo/ipdefs/other_ipdefs/xdma_v4_1/interfaces/pcie_cfg_ext_msix.xml' will take precedence over the same Interface in location '/home/dess/workspace/Xilinx/Vivado/2022.2/data/ip/xilinx/xdma_v4_1/interfaces/pcie_cfg_ext_msix.xml'
WARNING: [IP_Flow 19-4830] Duplicate Interface found for 'xilinx.com:display_xdma:pcie3_us_transceiver_debug:1.0'. The one found in location '/home/uni/project/smartssd/host_file_sum64/_x/link/vivado/vpl/.local/hw_platform/iprepo/ipdefs/other_ipdefs/xdma_v4_1/interfaces/pcie3_us_transceiver_debug.xml' will take precedence over the same Interface in location '/home/dess/workspace/Xilinx/Vivado/2022.2/data/ip/xilinx/qdma_v5_0/interfaces/pcie3_us_transceiver_debug.xml'
WARNING: [IP_Flow 19-4830] Duplicate Interface found for 'xilinx.com:display_xdma:xdma_debug_ports:1.0'. The one found in location '/home/uni/project/smartssd/host_file_sum64/_x/link/vivado/vpl/.local/hw_platform/iprepo/ipdefs/other_ipdefs/xdma_v4_1/interfaces/xdma_debug_ports.xml' will take precedence over the same Interface in location '/home/dess/workspace/Xilinx/Vivado/2022.2/data/ip/xilinx/qdma_v5_0/interfaces/xdma_debug_ports.xml'
WARNING: [IP_Flow 19-4830] Duplicate Interface found for 'xilinx.com:display_xdma:pcie4_us_plus_transceiver_debug:1.0'. The one found in location '/home/uni/project/smartssd/host_file_sum64/_x/link/vivado/vpl/.local/hw_platform/iprepo/ipdefs/other_ipdefs/xdma_v4_1/interfaces/pcie4_us_plus_transceiver_debug.xml' will take precedence over the same Interface in location '/home/dess/workspace/Xilinx/Vivado/2022.2/data/ip/xilinx/qdma_v5_0/interfaces/pcie4_us_plus_transceiver_debug.xml'
WARNING: [IP_Flow 19-4830] Duplicate Interface found for 'xilinx.com:display_xdma:pcie_debug:1.0'. The one found in location '/home/uni/project/smartssd/host_file_sum64/_x/link/vivado/vpl/.local/hw_platform/iprepo/ipdefs/other_ipdefs/xdma_v4_1/interfaces/pcie_debug.xml' will take precedence over the same Interface in location '/home/dess/workspace/Xilinx/Vivado/2022.2/data/ip/xilinx/qdma_v5_0/interfaces/pcie_debug.xml'
WARNING: [IP_Flow 19-4830] Duplicate Interface found for 'xilinx.com:display_xdma:xdma_status_ports:1.0'. The one found in location '/home/uni/project/smartssd/host_file_sum64/_x/link/vivado/vpl/.local/hw_platform/iprepo/ipdefs/other_ipdefs/xdma_v4_1/interfaces/xdma_status_ports.xml' will take precedence over the same Interface in location '/home/dess/workspace/Xilinx/Vivado/2022.2/data/ip/xilinx/qdma_v5_0/interfaces/xdma_status_ports.xml'
WARNING: [IP_Flow 19-4830] Duplicate Interface found for 'xilinx.com:display_xdma:ext_shared_logic:1.0'. The one found in location '/home/uni/project/smartssd/host_file_sum64/_x/link/vivado/vpl/.local/hw_platform/iprepo/ipdefs/other_ipdefs/xdma_v4_1/interfaces/pcie3_us_ext_shared_logic.xml' will take precedence over the same Interface in location '/home/dess/workspace/Xilinx/Vivado/2022.2/data/ip/xilinx/xdma_v4_1/interfaces/pcie3_us_ext_shared_logic.xml'
WARNING: [IP_Flow 19-4830] Duplicate Interface found for 'xilinx.com:display_qdma:usr_flr:1.0'. The one found in location '/home/uni/project/smartssd/host_file_sum64/_x/link/vivado/vpl/.local/hw_platform/iprepo/ipdefs/other_ipdefs/xdma_v4_1/interfaces/usr_flr.xml' will take precedence over the same Interface in location '/home/dess/workspace/Xilinx/Vivado/2022.2/data/ip/xilinx/xdma_v4_1/interfaces/usr_flr.xml'
WARNING: [IP_Flow 19-4830] Duplicate Interface found for 'xilinx.com:display_pcie4_uscaleplus:int_gtcom:1.0'. The one found in location '/home/uni/project/smartssd/host_file_sum64/_x/link/vivado/vpl/.local/hw_platform/iprepo/ipdefs/other_ipdefs/xdma_v4_1/interfaces/pcie4_usp_int_gtcom.xml' will take precedence over the same Interface in location '/home/dess/workspace/Xilinx/Vivado/2022.2/data/ip/xilinx/pcie4_uscale_plus_v1_3/interfaces/pcie4_usp_int_gtcom.xml'
WARNING: [IP_Flow 19-4830] Duplicate Interface found for 'xilinx.com:display_xdma:dsc_bypass:1.0'. The one found in location '/home/uni/project/smartssd/host_file_sum64/_x/link/vivado/vpl/.local/hw_platform/iprepo/ipdefs/other_ipdefs/xdma_v4_1/interfaces/dsc_bypass.xml' will take precedence over the same Interface in location '/home/dess/workspace/Xilinx/Vivado/2022.2/data/ip/xilinx/xdma_v4_1/interfaces/dsc_bypass.xml'
WARNING: [IP_Flow 19-4830] Duplicate Interface found for 'xilinx.com:display_pcie4_uscaleplus:transceiver_debug:1.0'. The one found in location '/home/uni/project/smartssd/host_file_sum64/_x/link/vivado/vpl/.local/hw_platform/iprepo/ipdefs/other_ipdefs/pcie4_uscale_plus_v1_3/interfaces/transceiver_debug.xml' will take precedence over the same Interface in location '/home/dess/workspace/Xilinx/Vivado/2022.2/data/ip/xilinx/pcie4_uscale_plus_v1_3/interfaces/transceiver_debug.xml'
WARNING: [IP_Flow 19-4830] Duplicate Interface found for 'xilinx.com:display_pcie4:pcie4_cfg_external_msix:1.0'. The one found in location '/home/uni/project/smartssd/host_file_sum64/_x/link/vivado/vpl/.local/hw_platform/iprepo/ipdefs/other_ipdefs/pcie4_uscale_plus_v1_3/interfaces/pcie4_cfg_ext_msix.xml' will take precedence over the same Interface in location '/home/dess/workspace/Xilinx/Vivado/2022.2/data/ip/xilinx/pcie4_uscale_plus_v1_3/interfaces/pcie4_cfg_ext_msix.xml'
WARNING: [IP_Flow 19-4830] Duplicate Interface found for 'xilinx.com:display_pcie4:pcie4_cfg_msix_internal:1.0'. The one found in location '/home/uni/project/smartssd/host_file_sum64/_x/link/vivado/vpl/.local/hw_platform/iprepo/ipdefs/other_ipdefs/pcie4_uscale_plus_v1_3/interfaces/pcie4_cfg_msix_int.xml' will take precedence over the same Interface in location '/home/dess/workspace/Xilinx/Vivado/2022.2/data/ip/xilinx/pcie4_uscale_plus_v1_3/interfaces/pcie4_cfg_msix_int.xml'
WARNING: [IP_Flow 19-4830] Duplicate Interface found for 'xilinx.com:display_pcie4:pcie4_rbar:1.0'. The one found in location '/home/uni/project/smartssd/host_file_sum64/_x/link/vivado/vpl/.local/hw_platform/iprepo/ipdefs/other_ipdefs/pcie4_uscale_plus_v1_3/interfaces/pcie4_rbar.xml' will take precedence over the same Interface in location '/home/dess/workspace/Xilinx/Vivado/2022.2/data/ip/xilinx/pcie4_uscale_plus_v1_3/interfaces/pcie4_rbar.xml'
WARNING: [IP_Flow 19-4830] Duplicate Interface found for 'xilinx.com:display_pcie4:pcie4_cfg_control:1.0'. The one found in location '/home/uni/project/smartssd/host_file_sum64/_x/link/vivado/vpl/.local/hw_platform/iprepo/ipdefs/other_ipdefs/pcie4_uscale_plus_v1_3/interfaces/pcie4_cfg_control.xml' will take precedence over the same Interface in location '/home/dess/workspace/Xilinx/Vivado/2022.2/data/ip/xilinx/pcie4_uscale_plus_v1_3/interfaces/pcie4_cfg_control.xml'
WARNING: [IP_Flow 19-4830] Duplicate Interface found for 'xilinx.com:display_pcie4:pcie4_cfg_mgmt:1.0'. The one found in location '/home/uni/project/smartssd/host_file_sum64/_x/link/vivado/vpl/.local/hw_platform/iprepo/ipdefs/other_ipdefs/pcie4_uscale_plus_v1_3/interfaces/pcie4_cfg_mgmt.xml' will take precedence over the same Interface in location '/home/dess/workspace/Xilinx/Vivado/2022.2/data/ip/xilinx/pcie4_uscale_plus_v1_3/interfaces/pcie4_cfg_mgmt.xml'
WARNING: [IP_Flow 19-4830] Duplicate Interface found for 'xilinx.com:display_pcie4:pcie4_pl:1.0'. The one found in location '/home/uni/project/smartssd/host_file_sum64/_x/link/vivado/vpl/.local/hw_platform/iprepo/ipdefs/other_ipdefs/pcie4_uscale_plus_v1_3/interfaces/pcie4_pl.xml' will take precedence over the same Interface in location '/home/dess/workspace/Xilinx/Vivado/2022.2/data/ip/xilinx/pcie4_uscale_plus_v1_3/interfaces/pcie4_pl.xml'
WARNING: [IP_Flow 19-4830] Duplicate Interface found for 'xilinx.com:display_pcie4:pcie4_cfg_status:1.0'. The one found in location '/home/uni/project/smartssd/host_file_sum64/_x/link/vivado/vpl/.local/hw_platform/iprepo/ipdefs/other_ipdefs/pcie4_uscale_plus_v1_3/interfaces/pcie4_cfg_status.xml' will take precedence over the same Interface in location '/home/dess/workspace/Xilinx/Vivado/2022.2/data/ip/xilinx/pcie4_uscale_plus_v1_3/interfaces/pcie4_cfg_status.xml'
WARNING: [IP_Flow 19-4830] Duplicate Interface found for 'xilinx.com:display_pcie4:pcie4_pcie_id:1.0'. The one found in location '/home/uni/project/smartssd/host_file_sum64/_x/link/vivado/vpl/.local/hw_platform/iprepo/ipdefs/other_ipdefs/pcie4_uscale_plus_v1_3/interfaces/pcie4_pcie_id.xml' will take precedence over the same Interface in location '/home/dess/workspace/Xilinx/Vivado/2022.2/data/ip/xilinx/pcie4_uscale_plus_v1_3/interfaces/pcie4_pcie_id.xml'
WARNING: [IP_Flow 19-4830] Duplicate Interface found for 'xilinx.com:display_pcie4:pcie4_cfg_msix_external:1.0'. The one found in location '/home/uni/project/smartssd/host_file_sum64/_x/link/vivado/vpl/.local/hw_platform/iprepo/ipdefs/other_ipdefs/pcie4_uscale_plus_v1_3/interfaces/pcie4_cfg_msix.xml' will take precedence over the same Interface in location '/home/dess/workspace/Xilinx/Vivado/2022.2/data/ip/xilinx/pcie4_uscale_plus_v1_3/interfaces/pcie4_cfg_msix.xml'
WARNING: [IP_Flow 19-4830] Duplicate Interface found for 'xilinx.com:display_pcie4:pcie4_cfg_pm:1.0'. The one found in location '/home/uni/project/smartssd/host_file_sum64/_x/link/vivado/vpl/.local/hw_platform/iprepo/ipdefs/other_ipdefs/pcie4_uscale_plus_v1_3/interfaces/pcie4_cfg_pm.xml' will take precedence over the same Interface in location '/home/dess/workspace/Xilinx/Vivado/2022.2/data/ip/xilinx/pcie4_uscale_plus_v1_3/interfaces/pcie4_cfg_pm.xml'
WARNING: [IP_Flow 19-4830] Duplicate Interface found for 'xilinx.com:display_pcie4:pcie4_drp:1.0'. The one found in location '/home/uni/project/smartssd/host_file_sum64/_x/link/vivado/vpl/.local/hw_platform/iprepo/ipdefs/other_ipdefs/pcie4_uscale_plus_v1_3/interfaces/pcie4_drp.xml' will take precedence over the same Interface in location '/home/dess/workspace/Xilinx/Vivado/2022.2/data/ip/xilinx/pcie4_uscale_plus_v1_3/interfaces/pcie4_drp.xml'
Command: link_design -part xcku15p-ffva1156-2LV-e -reconfig_partitions level0_i/ulp
Design is defaulting to srcset: sources_1
Design is defaulting to constrset: constrs_1
Design is defaulting to dcp top: level0_wrapper
INFO: [Device 21-403] Loading part xcku15p-ffva1156-2LV-e
INFO: [Project 1-454] Reading design checkpoint '/home/uni/project/smartssd/host_file_sum64/_x/link/vivado/vpl/prj/prj.runs/my_rm_synth_1/ulp.dcp' for cell 'level0_i/ulp'
WARNING: [Netlist 29-5] Replacement cell view : ulp has additional ports (io_ddr_00_odt[0]) not seen in its original version.
INFO: [Project 1-454] Reading design checkpoint '/home/uni/project/smartssd/host_file_sum64/_x/link/vivado/vpl/prj/prj.gen/my_rm/bd/ulp/ip/ulp_axi_bram_ctrl_0_0/ulp_axi_bram_ctrl_0_0.dcp' for cell 'level0_i/ulp/axi_bram_ctrl_0'
INFO: [Project 1-454] Reading design checkpoint '/home/uni/project/smartssd/host_file_sum64/_x/link/vivado/vpl/prj/prj.gen/my_rm/bd/ulp/ip/ulp_axi_bram_ctrl_0_bram_0/ulp_axi_bram_ctrl_0_bram_0.dcp' for cell 'level0_i/ulp/axi_bram_ctrl_0_bram'
INFO: [Project 1-454] Reading design checkpoint '/home/uni/project/smartssd/host_file_sum64/_x/link/vivado/vpl/prj/prj.gen/my_rm/bd/ulp/ip/ulp_axi_protocol_convert_0_0/ulp_axi_protocol_convert_0_0.dcp' for cell 'level0_i/ulp/axi_protocol_convert_0'
INFO: [Project 1-454] Reading design checkpoint '/home/uni/project/smartssd/host_file_sum64/_x/link/vivado/vpl/prj/prj.gen/my_rm/bd/ulp/ip/ulp_axi_vip_0_0/ulp_axi_vip_0_0.dcp' for cell 'level0_i/ulp/axi_vip_0'
INFO: [Project 1-454] Reading design checkpoint '/home/uni/project/smartssd/host_file_sum64/_x/link/vivado/vpl/prj/prj.gen/my_rm/bd/ulp/ip/ulp_axi_vip_0_p_0/ulp_axi_vip_0_p_0.dcp' for cell 'level0_i/ulp/axi_vip_0_p'
INFO: [Project 1-454] Reading design checkpoint '/home/uni/project/smartssd/host_file_sum64/_x/link/vivado/vpl/prj/prj.gen/my_rm/bd/ulp/ip/ulp_ddr1_clk_bufg_0/ulp_ddr1_clk_bufg_0.dcp' for cell 'level0_i/ulp/ddr1_clk_bufg'
INFO: [Project 1-454] Reading design checkpoint '/home/uni/project/smartssd/host_file_sum64/_x/link/vivado/vpl/prj/prj.gen/my_rm/bd/ulp/ip/ulp_ddr1_clk_ibufds_0/ulp_ddr1_clk_ibufds_0.dcp' for cell 'level0_i/ulp/ddr1_clk_ibufds'
INFO: [Project 1-454] Reading design checkpoint '/home/uni/project/smartssd/host_file_sum64/_x/link/vivado/vpl/prj/prj.gen/my_rm/bd/ulp/ip/ulp_ddrmem_1_0/ulp_ddrmem_1_0.dcp' for cell 'level0_i/ulp/ddrmem_1'
INFO: [Project 1-454] Reading design checkpoint '/home/uni/project/smartssd/host_file_sum64/_x/link/vivado/vpl/prj/prj.gen/my_rm/bd/ulp/ip/ulp_debug_bridge_xsdbm_0/ulp_debug_bridge_xsdbm_0.dcp' for cell 'level0_i/ulp/debug_bridge_xsdbm'
INFO: [Project 1-454] Reading design checkpoint '/home/uni/project/smartssd/host_file_sum64/_x/link/vivado/vpl/prj/prj.gen/my_rm/bd/ulp/ip/ulp_file_sum64_1_0/ulp_file_sum64_1_0.dcp' for cell 'level0_i/ulp/file_sum64_1'
INFO: [Project 1-454] Reading design checkpoint '/home/uni/project/smartssd/host_file_sum64/_x/link/vivado/vpl/prj/prj.gen/my_rm/bd/ulp/ip/ulp_fpga_dna_module_0_0/ulp_fpga_dna_module_0_0.dcp' for cell 'level0_i/ulp/fpga_dna_module_0'
INFO: [Project 1-454] Reading design checkpoint '/home/uni/project/smartssd/host_file_sum64/_x/link/vivado/vpl/prj/prj.gen/my_rm/bd/ulp/ip/ulp_ii_level0_wire_0/ulp_ii_level0_wire_0.dcp' for cell 'level0_i/ulp/ii_level0_wire'
INFO: [Project 1-454] Reading design checkpoint '/home/uni/project/smartssd/host_file_sum64/_x/link/vivado/vpl/prj/prj.gen/my_rm/bd/ulp/ip/ulp_psreset_ddrmem_n_1_0/ulp_psreset_ddrmem_n_1_0.dcp' for cell 'level0_i/ulp/psreset_ddrmem_n_1'
INFO: [Project 1-454] Reading design checkpoint '/home/uni/project/smartssd/host_file_sum64/_x/link/vivado/vpl/prj/prj.gen/my_rm/bd/ulp/ip/ulp_regslice_periph_null_0/ulp_regslice_periph_null_0.dcp' for cell 'level0_i/ulp/regslice_periph_null'
INFO: [Project 1-454] Reading design checkpoint '/home/uni/project/smartssd/host_file_sum64/_x/link/vivado/vpl/prj/prj.gen/my_rm/bd/ulp/ip/ulp_user_debug_bridge_0/ulp_user_debug_bridge_0.dcp' for cell 'level0_i/ulp/user_debug_bridge'
INFO: [Project 1-454] Reading design checkpoint '/home/uni/project/smartssd/host_file_sum64/_x/link/vivado/vpl/prj/prj.gen/my_rm/bd/ulp/ip/ulp_xbar_4/ulp_xbar_4.dcp' for cell 'level0_i/ulp/axi_interconnect_0/xbar'
INFO: [Project 1-454] Reading design checkpoint '/home/uni/project/smartssd/host_file_sum64/_x/link/vivado/vpl/prj/prj.gen/my_rm/bd/ulp/ip/ulp_s00_regslice_19/ulp_s00_regslice_19.dcp' for cell 'level0_i/ulp/axi_interconnect_0/s00_couplers/s00_regslice'
INFO: [Project 1-454] Reading design checkpoint '/home/uni/project/smartssd/host_file_sum64/_x/link/vivado/vpl/prj/prj.gen/my_rm/bd/ulp/ip/ulp_auto_us_cc_df_0/ulp_auto_us_cc_df_0.dcp' for cell 'level0_i/ulp/axi_interconnect_0/s01_couplers/auto_us_cc_df'
INFO: [Project 1-454] Reading design checkpoint '/home/uni/project/smartssd/host_file_sum64/_x/link/vivado/vpl/prj/prj.gen/my_rm/bd/ulp/ip/ulp_s01_regslice_1/ulp_s01_regslice_1.dcp' for cell 'level0_i/ulp/axi_interconnect_0/s01_couplers/s01_regslice'
INFO: [Project 1-454] Reading design checkpoint '/home/uni/project/smartssd/host_file_sum64/_x/link/vivado/vpl/prj/prj.gen/my_rm/bd/ulp/ip/ulp_auto_us_cc_df_1/ulp_auto_us_cc_df_1.dcp' for cell 'level0_i/ulp/axi_interconnect_0/s02_couplers/auto_us_cc_df'
INFO: [Project 1-454] Reading design checkpoint '/home/uni/project/smartssd/host_file_sum64/_x/link/vivado/vpl/prj/prj.gen/my_rm/bd/ulp/ip/ulp_s02_regslice_1/ulp_s02_regslice_1.dcp' for cell 'level0_i/ulp/axi_interconnect_0/s02_couplers/s02_regslice'
INFO: [Project 1-454] Reading design checkpoint '/home/uni/project/smartssd/host_file_sum64/_x/link/vivado/vpl/prj/prj.gen/my_rm/bd/ulp/ip/ulp_s00_regslice_20/ulp_s00_regslice_20.dcp' for cell 'level0_i/ulp/axi_interconnect_0_p/s00_couplers/s00_regslice'
INFO: [Project 1-454] Reading design checkpoint '/home/uni/project/smartssd/host_file_sum64/_x/link/vivado/vpl/prj/prj.gen/my_rm/bd/ulp/ip/ulp_s03_mmu_0/ulp_s03_mmu_0.dcp' for cell 'level0_i/ulp/axi_interconnect_1/s03_mmu'
INFO: [Project 1-454] Reading design checkpoint '/home/uni/project/smartssd/host_file_sum64/_x/link/vivado/vpl/prj/prj.gen/my_rm/bd/ulp/ip/ulp_xbar_2/ulp_xbar_2.dcp' for cell 'level0_i/ulp/axi_interconnect_1/xbar'
INFO: [Project 1-454] Reading design checkpoint '/home/uni/project/smartssd/host_file_sum64/_x/link/vivado/vpl/prj/prj.gen/my_rm/bd/ulp/ip/ulp_auto_cc_2/ulp_auto_cc_2.dcp' for cell 'level0_i/ulp/axi_interconnect_1/m00_couplers/auto_cc'
INFO: [Project 1-454] Reading design checkpoint '/home/uni/project/smartssd/host_file_sum64/_x/link/vivado/vpl/prj/prj.gen/my_rm/bd/ulp/ip/ulp_s00_regslice_21/ulp_s00_regslice_21.dcp' for cell 'level0_i/ulp/axi_interconnect_1/s00_couplers/s00_regslice'
INFO: [Project 1-454] Reading design checkpoint '/home/uni/project/smartssd/host_file_sum64/_x/link/vivado/vpl/prj/prj.gen/my_rm/bd/ulp/ip/ulp_s01_regslice_2/ulp_s01_regslice_2.dcp' for cell 'level0_i/ulp/axi_interconnect_1/s01_couplers/s01_regslice'
INFO: [Project 1-454] Reading design checkpoint '/home/uni/project/smartssd/host_file_sum64/_x/link/vivado/vpl/prj/prj.gen/my_rm/bd/ulp/ip/ulp_s02_regslice_2/ulp_s02_regslice_2.dcp' for cell 'level0_i/ulp/axi_interconnect_1/s02_couplers/s02_regslice'
INFO: [Project 1-454] Reading design checkpoint '/home/uni/project/smartssd/host_file_sum64/_x/link/vivado/vpl/prj/prj.gen/my_rm/bd/ulp/ip/ulp_auto_rs_w_0/ulp_auto_rs_w_0.dcp' for cell 'level0_i/ulp/axi_interconnect_1/s03_couplers/auto_rs_w'
INFO: [Project 1-454] Reading design checkpoint '/home/uni/project/smartssd/host_file_sum64/_x/link/vivado/vpl/prj/prj.gen/my_rm/bd/ulp/ip/ulp_auto_us_0/ulp_auto_us_0.dcp' for cell 'level0_i/ulp/axi_interconnect_1/s03_couplers/auto_us'
INFO: [Project 1-454] Reading design checkpoint '/home/uni/project/smartssd/host_file_sum64/_x/link/vivado/vpl/prj/prj.gen/my_rm/bd/ulp/ip/ulp_s03_regslice_0/ulp_s03_regslice_0.dcp' for cell 'level0_i/ulp/axi_interconnect_1/s03_couplers/s03_regslice'
INFO: [Project 1-454] Reading design checkpoint '/home/uni/project/smartssd/host_file_sum64/_x/link/vivado/vpl/prj/prj.gen/my_rm/bd/ulp/ip/ulp_axi_cdc_data_static_0/ulp_axi_cdc_data_static_0.dcp' for cell 'level0_i/ulp/slr1/axi_cdc_data_static'
INFO: [Project 1-454] Reading design checkpoint '/home/uni/project/smartssd/host_file_sum64/_x/link/vivado/vpl/prj/prj.gen/my_rm/bd/ulp/ip/ulp_axi_cdc_data_static1_0/ulp_axi_cdc_data_static1_0.dcp' for cell 'level0_i/ulp/slr1/axi_cdc_data_static1'
INFO: [Project 1-454] Reading design checkpoint '/home/uni/project/smartssd/host_file_sum64/_x/link/vivado/vpl/prj/prj.gen/my_rm/bd/ulp/ip/ulp_axi_gpio_null_0/ulp_axi_gpio_null_0.dcp' for cell 'level0_i/ulp/slr1/axi_gpio_null'
INFO: [Project 1-454] Reading design checkpoint '/home/uni/project/smartssd/host_file_sum64/_x/link/vivado/vpl/prj/prj.gen/my_rm/bd/ulp/ip/ulp_axi_vip_ctrl_mgntpf_0/ulp_axi_vip_ctrl_mgntpf_0.dcp' for cell 'level0_i/ulp/slr1/axi_vip_ctrl_mgntpf'
INFO: [Project 1-454] Reading design checkpoint '/home/uni/project/smartssd/host_file_sum64/_x/link/vivado/vpl/prj/prj.gen/my_rm/bd/ulp/ip/ulp_axi_vip_ctrl_userpf_0/ulp_axi_vip_ctrl_userpf_0.dcp' for cell 'level0_i/ulp/slr1/axi_vip_ctrl_userpf'
INFO: [Project 1-454] Reading design checkpoint '/home/uni/project/smartssd/host_file_sum64/_x/link/vivado/vpl/prj/prj.gen/my_rm/bd/ulp/ip/ulp_axi_vip_data_static_0/ulp_axi_vip_data_static_0.dcp' for cell 'level0_i/ulp/slr1/axi_vip_data_static'
INFO: [Project 1-454] Reading design checkpoint '/home/uni/project/smartssd/host_file_sum64/_x/link/vivado/vpl/prj/prj.gen/my_rm/bd/ulp/ip/ulp_axi_vip_data_static1_0/ulp_axi_vip_data_static1_0.dcp' for cell 'level0_i/ulp/slr1/axi_vip_data_static1'
INFO: [Project 1-454] Reading design checkpoint '/home/uni/project/smartssd/host_file_sum64/_x/link/vivado/vpl/prj/prj.gen/my_rm/bd/ulp/ip/ulp_freq_counter_0_0/ulp_freq_counter_0_0.dcp' for cell 'level0_i/ulp/slr1/freq_counter_0'
INFO: [Project 1-454] Reading design checkpoint '/home/uni/project/smartssd/host_file_sum64/_x/link/vivado/vpl/prj/prj.gen/my_rm/bd/ulp/ip/ulp_regslice_control_mgntpf_0/ulp_regslice_control_mgntpf_0.dcp' for cell 'level0_i/ulp/slr1/regslice_control_mgntpf'
INFO: [Project 1-454] Reading design checkpoint '/home/uni/project/smartssd/host_file_sum64/_x/link/vivado/vpl/prj/prj.gen/my_rm/bd/ulp/ip/ulp_regslice_control_userpf_0/ulp_regslice_control_userpf_0.dcp' for cell 'level0_i/ulp/slr1/regslice_control_userpf'
INFO: [Project 1-454] Reading design checkpoint '/home/uni/project/smartssd/host_file_sum64/_x/link/vivado/vpl/prj/prj.gen/my_rm/bd/ulp/ip/ulp_regslice_data_static_0/ulp_regslice_data_static_0.dcp' for cell 'level0_i/ulp/slr1/regslice_data_static'
INFO: [Project 1-454] Reading design checkpoint '/home/uni/project/smartssd/host_file_sum64/_x/link/vivado/vpl/prj/prj.gen/my_rm/bd/ulp/ip/ulp_regslice_data_static1_0/ulp_regslice_data_static1_0.dcp' for cell 'level0_i/ulp/slr1/regslice_data_static1'
INFO: [Project 1-454] Reading design checkpoint '/home/uni/project/smartssd/host_file_sum64/_x/link/vivado/vpl/prj/prj.gen/my_rm/bd/ulp/ip/ulp_xbar_3/ulp_xbar_3.dcp' for cell 'level0_i/ulp/slr1/axi_interconnect_0/xbar'
INFO: [Project 1-454] Reading design checkpoint '/home/uni/project/smartssd/host_file_sum64/_x/link/vivado/vpl/prj/prj.gen/my_rm/bd/ulp/ip/ulp_auto_cc_0/ulp_auto_cc_0.dcp' for cell 'level0_i/ulp/slr1/axi_interconnect_0/m00_couplers/auto_cc'
INFO: [Project 1-454] Reading design checkpoint '/home/uni/project/smartssd/host_file_sum64/_x/link/vivado/vpl/prj/prj.gen/my_rm/bd/ulp/ip/ulp_xbar_5/ulp_xbar_5.dcp' for cell 'level0_i/ulp/slr1/interconnect_axilite_user/xbar'
INFO: [Project 1-454] Reading design checkpoint '/home/uni/project/smartssd/host_file_sum64/_x/link/vivado/vpl/prj/prj.gen/my_rm/bd/ulp/ip/ulp_m00_regslice_0/ulp_m00_regslice_0.dcp' for cell 'level0_i/ulp/slr1/interconnect_axilite_user/m00_couplers/m00_regslice'
INFO: [Project 1-454] Reading design checkpoint '/home/uni/project/smartssd/host_file_sum64/_x/link/vivado/vpl/prj/prj.gen/my_rm/bd/ulp/ip/ulp_auto_cc_1/ulp_auto_cc_1.dcp' for cell 'level0_i/ulp/slr1/interconnect_axilite_user/m01_couplers/auto_cc'
INFO: [Project 1-454] Reading design checkpoint '/home/uni/project/smartssd/host_file_sum64/_x/link/vivado/vpl/prj/prj.gen/my_rm/bd/ulp/ip/ulp_m01_regslice_0/ulp_m01_regslice_0.dcp' for cell 'level0_i/ulp/slr1/interconnect_axilite_user/m01_couplers/m01_regslice'
INFO: [Project 1-454] Reading design checkpoint '/home/uni/project/smartssd/host_file_sum64/_x/link/vivado/vpl/prj/prj.gen/my_rm/bd/ulp/ip/ulp_s00_regslice_22/ulp_s00_regslice_22.dcp' for cell 'level0_i/ulp/slr1/interconnect_axilite_user/s00_couplers/s00_regslice'
INFO: [Project 1-454] Reading design checkpoint '/home/uni/project/smartssd/host_file_sum64/_x/link/vivado/vpl/prj/prj.gen/my_rm/bd/ulp/ip/ulp_logic_reset_op_0/ulp_logic_reset_op_0.dcp' for cell 'level0_i/ulp/slr1/reset_controllers/logic_reset_op'
INFO: [Project 1-454] Reading design checkpoint '/home/uni/project/smartssd/host_file_sum64/_x/link/vivado/vpl/prj/prj.gen/my_rm/bd/ulp/ip/ulp_psreset_gate_pr_control_0/ulp_psreset_gate_pr_control_0.dcp' for cell 'level0_i/ulp/slr1/reset_controllers/psreset_gate_pr_control'
INFO: [Project 1-454] Reading design checkpoint '/home/uni/project/smartssd/host_file_sum64/_x/link/vivado/vpl/prj/prj.gen/my_rm/bd/ulp/ip/ulp_psreset_gate_pr_data_0/ulp_psreset_gate_pr_data_0.dcp' for cell 'level0_i/ulp/slr1/reset_controllers/psreset_gate_pr_data'
INFO: [Project 1-454] Reading design checkpoint '/home/uni/project/smartssd/host_file_sum64/_x/link/vivado/vpl/prj/prj.gen/my_rm/bd/ulp/ip/ulp_psreset_gate_pr_ddrmem_1_0/ulp_psreset_gate_pr_ddrmem_1_0.dcp' for cell 'level0_i/ulp/slr1/reset_controllers/psreset_gate_pr_ddrmem_1'
INFO: [Project 1-454] Reading design checkpoint '/home/uni/project/smartssd/host_file_sum64/_x/link/vivado/vpl/prj/prj.gen/my_rm/bd/ulp/ip/ulp_psreset_gate_pr_kernel_0/ulp_psreset_gate_pr_kernel_0.dcp' for cell 'level0_i/ulp/slr1/reset_controllers/psreset_gate_pr_kernel'
INFO: [Project 1-454] Reading design checkpoint '/home/uni/project/smartssd/host_file_sum64/_x/link/vivado/vpl/prj/prj.gen/my_rm/bd/ulp/ip/ulp_psreset_gate_pr_kernel2_0/ulp_psreset_gate_pr_kernel2_0.dcp' for cell 'level0_i/ulp/slr1/reset_controllers/psreset_gate_pr_kernel2'
INFO: [Project 1-454] Reading design checkpoint '/home/uni/project/smartssd/host_file_sum64/_x/link/vivado/vpl/prj/prj.gen/my_rm/bd/ulp/ip/ulp_debug_bridge_xsdbm_0/bd_0/ip/ip_1/bd_0349_lut_buffer_0.dcp' for cell 'level0_i/ulp/debug_bridge_xsdbm/inst/lut_buffer'
INFO: [Project 1-454] Reading design checkpoint '/home/uni/project/smartssd/host_file_sum64/_x/link/vivado/vpl/prj/prj.gen/my_rm/bd/ulp/ip/ulp_debug_bridge_xsdbm_0/bd_0/ip/ip_0/bd_0349_xsdbm_0.dcp' for cell 'level0_i/ulp/debug_bridge_xsdbm/inst/xsdbm'
INFO: [Project 1-454] Reading design checkpoint '/home/uni/project/smartssd/host_file_sum64/_x/link/vivado/vpl/prj/prj.gen/my_rm/bd/ulp/ip/ulp_user_debug_bridge_0/bd_0/ip/ip_0/bd_9997_axi_jtag_0.dcp' for cell 'level0_i/ulp/user_debug_bridge/inst/axi_jtag'
INFO: [Project 1-454] Reading design checkpoint '/home/uni/project/smartssd/host_file_sum64/_x/link/vivado/vpl/prj/prj.gen/my_rm/bd/ulp/ip/ulp_user_debug_bridge_0/bd_0/ip/ip_2/bd_9997_bs_switch_1_0.dcp' for cell 'level0_i/ulp/user_debug_bridge/inst/bs_switch_1'
INFO: [Project 1-454] Reading design checkpoint '/home/uni/project/smartssd/host_file_sum64/_x/link/vivado/vpl/prj/prj.gen/my_rm/bd/ulp/ip/ulp_user_debug_bridge_0/bd_0/ip/ip_1/bd_9997_bsip_0.dcp' for cell 'level0_i/ulp/user_debug_bridge/inst/bsip'
Netlist sorting complete. Time (s): cpu = 00:00:07 ; elapsed = 00:00:07 . Memory (MB): peak = 3945.172 ; gain = 0.000 ; free physical = 116065 ; free virtual = 242190
INFO: [Netlist 29-17] Analyzing 5644 Unisim elements for replacement
INFO: [Netlist 29-28] Unisim Transformation completed in 5 CPU seconds
WARNING: [Netlist 29-1115] Found multi-term driver net: level0_i/ulp/ddr1_clk_ibufds/U0/<const0>.
INFO: [Project 1-479] Netlist was created with Vivado 2022.2.2
INFO: [Project 1-570] Preparing netlist for logic optimization
WARNING: [Constraints 18-550] Could not create 'IBUF_LOW_PWR' constraint because net 'level0_i/blp/blp_i/blp_static_region_ss/inst/static_region/slr1/memc/ddr1_clk_ibufds/IBUF_OUT[0]' is not directly connected to top level port. Synthesis is ignored for IBUF_LOW_PWR but preserved for implementation.
WARNING: [Constraints 18-550] Could not create 'IBUF_LOW_PWR' constraint because net 'level0_i/blp/io_perst_n_00[0]' is not directly connected to top level port. Synthesis is ignored for IBUF_LOW_PWR but preserved for implementation.
WARNING: [Constraints 18-550] Could not create 'IBUF_LOW_PWR' constraint because net 'level0_i/blp/ulp_m_data_perstn_out_00[2]' is not directly connected to top level port. Synthesis is ignored for IBUF_LOW_PWR but preserved for implementation.
WARNING: [Constraints 18-550] Could not create 'DRIVE' constraint because net 'level0_i/blp/ulp_m_data_perstn_out_00[2]' is not directly connected to top level port. Synthesis is ignored for DRIVE but preserved for implementation.
WARNING: [Constraints 18-550] Could not create 'SLEW' constraint because net 'level0_i/blp/ulp_m_data_perstn_out_00[2]' is not directly connected to top level port. Synthesis is ignored for SLEW but preserved for implementation.
WARNING: [Constraints 18-550] Could not create 'IBUF_LOW_PWR' constraint because net 'level0_i/ulp/ddr1_clk_ibufds/IBUF_OUT[0]' is not directly connected to top level port. Synthesis is ignored for IBUF_LOW_PWR but preserved for implementation.
INFO: [Designutils 20-2277] Running 'update_design -black_box' on cell level0_i/ulp. The cell has HD.RECONFIGURABLE property set to true and it will be turned into a black-box cell after this command.
INFO: [Chipscope 16-324] Core: level0_i/ulp/ddrmem_1 UUID: c4677e12-a496-5564-bf05-f0009abeacff 
Parsing XDC File [/home/uni/project/smartssd/host_file_sum64/_x/link/vivado/vpl/prj/prj.gen/my_rm/bd/ulp/ip/ulp_axi_gpio_null_0/ulp_axi_gpio_null_0.xdc] for cell 'level0_i/ulp/slr1/axi_gpio_null/U0'
Finished Parsing XDC File [/home/uni/project/smartssd/host_file_sum64/_x/link/vivado/vpl/prj/prj.gen/my_rm/bd/ulp/ip/ulp_axi_gpio_null_0/ulp_axi_gpio_null_0.xdc] for cell 'level0_i/ulp/slr1/axi_gpio_null/U0'
Parsing XDC File [/home/uni/project/smartssd/host_file_sum64/_x/link/vivado/vpl/prj/prj.gen/my_rm/bd/ulp/ip/ulp_psreset_ddrmem_n_1_0/ulp_psreset_ddrmem_n_1_0_board.xdc] for cell 'level0_i/ulp/psreset_ddrmem_n_1/U0'
Finished Parsing XDC File [/home/uni/project/smartssd/host_file_sum64/_x/link/vivado/vpl/prj/prj.gen/my_rm/bd/ulp/ip/ulp_psreset_ddrmem_n_1_0/ulp_psreset_ddrmem_n_1_0_board.xdc] for cell 'level0_i/ulp/psreset_ddrmem_n_1/U0'
Parsing XDC File [/home/uni/project/smartssd/host_file_sum64/_x/link/vivado/vpl/prj/prj.gen/my_rm/bd/ulp/ip/ulp_psreset_ddrmem_n_1_0/ulp_psreset_ddrmem_n_1_0.xdc] for cell 'level0_i/ulp/psreset_ddrmem_n_1/U0'
Finished Parsing XDC File [/home/uni/project/smartssd/host_file_sum64/_x/link/vivado/vpl/prj/prj.gen/my_rm/bd/ulp/ip/ulp_psreset_ddrmem_n_1_0/ulp_psreset_ddrmem_n_1_0.xdc] for cell 'level0_i/ulp/psreset_ddrmem_n_1/U0'
Parsing XDC File [/home/uni/project/smartssd/host_file_sum64/_x/link/vivado/vpl/prj/prj.gen/my_rm/bd/ulp/ip/ulp_psreset_gate_pr_control_0/ulp_psreset_gate_pr_control_0_board.xdc] for cell 'level0_i/ulp/slr1/reset_controllers/psreset_gate_pr_control/U0'
Finished Parsing XDC File [/home/uni/project/smartssd/host_file_sum64/_x/link/vivado/vpl/prj/prj.gen/my_rm/bd/ulp/ip/ulp_psreset_gate_pr_control_0/ulp_psreset_gate_pr_control_0_board.xdc] for cell 'level0_i/ulp/slr1/reset_controllers/psreset_gate_pr_control/U0'
Parsing XDC File [/home/uni/project/smartssd/host_file_sum64/_x/link/vivado/vpl/prj/prj.gen/my_rm/bd/ulp/ip/ulp_psreset_gate_pr_control_0/ulp_psreset_gate_pr_control_0.xdc] for cell 'level0_i/ulp/slr1/reset_controllers/psreset_gate_pr_control/U0'
Finished Parsing XDC File [/home/uni/project/smartssd/host_file_sum64/_x/link/vivado/vpl/prj/prj.gen/my_rm/bd/ulp/ip/ulp_psreset_gate_pr_control_0/ulp_psreset_gate_pr_control_0.xdc] for cell 'level0_i/ulp/slr1/reset_controllers/psreset_gate_pr_control/U0'
Parsing XDC File [/home/uni/project/smartssd/host_file_sum64/_x/link/vivado/vpl/prj/prj.gen/my_rm/bd/ulp/ip/ulp_psreset_gate_pr_data_0/ulp_psreset_gate_pr_data_0_board.xdc] for cell 'level0_i/ulp/slr1/reset_controllers/psreset_gate_pr_data/U0'
Finished Parsing XDC File [/home/uni/project/smartssd/host_file_sum64/_x/link/vivado/vpl/prj/prj.gen/my_rm/bd/ulp/ip/ulp_psreset_gate_pr_data_0/ulp_psreset_gate_pr_data_0_board.xdc] for cell 'level0_i/ulp/slr1/reset_controllers/psreset_gate_pr_data/U0'
Parsing XDC File [/home/uni/project/smartssd/host_file_sum64/_x/link/vivado/vpl/prj/prj.gen/my_rm/bd/ulp/ip/ulp_psreset_gate_pr_data_0/ulp_psreset_gate_pr_data_0.xdc] for cell 'level0_i/ulp/slr1/reset_controllers/psreset_gate_pr_data/U0'
Finished Parsing XDC File [/home/uni/project/smartssd/host_file_sum64/_x/link/vivado/vpl/prj/prj.gen/my_rm/bd/ulp/ip/ulp_psreset_gate_pr_data_0/ulp_psreset_gate_pr_data_0.xdc] for cell 'level0_i/ulp/slr1/reset_controllers/psreset_gate_pr_data/U0'
Parsing XDC File [/home/uni/project/smartssd/host_file_sum64/_x/link/vivado/vpl/prj/prj.gen/my_rm/bd/ulp/ip/ulp_psreset_gate_pr_ddrmem_1_0/ulp_psreset_gate_pr_ddrmem_1_0_board.xdc] for cell 'level0_i/ulp/slr1/reset_controllers/psreset_gate_pr_ddrmem_1/U0'
Finished Parsing XDC File [/home/uni/project/smartssd/host_file_sum64/_x/link/vivado/vpl/prj/prj.gen/my_rm/bd/ulp/ip/ulp_psreset_gate_pr_ddrmem_1_0/ulp_psreset_gate_pr_ddrmem_1_0_board.xdc] for cell 'level0_i/ulp/slr1/reset_controllers/psreset_gate_pr_ddrmem_1/U0'
Parsing XDC File [/home/uni/project/smartssd/host_file_sum64/_x/link/vivado/vpl/prj/prj.gen/my_rm/bd/ulp/ip/ulp_psreset_gate_pr_ddrmem_1_0/ulp_psreset_gate_pr_ddrmem_1_0.xdc] for cell 'level0_i/ulp/slr1/reset_controllers/psreset_gate_pr_ddrmem_1/U0'
Finished Parsing XDC File [/home/uni/project/smartssd/host_file_sum64/_x/link/vivado/vpl/prj/prj.gen/my_rm/bd/ulp/ip/ulp_psreset_gate_pr_ddrmem_1_0/ulp_psreset_gate_pr_ddrmem_1_0.xdc] for cell 'level0_i/ulp/slr1/reset_controllers/psreset_gate_pr_ddrmem_1/U0'
Parsing XDC File [/home/uni/project/smartssd/host_file_sum64/_x/link/vivado/vpl/prj/prj.gen/my_rm/bd/ulp/ip/ulp_psreset_gate_pr_kernel_0/ulp_psreset_gate_pr_kernel_0_board.xdc] for cell 'level0_i/ulp/slr1/reset_controllers/psreset_gate_pr_kernel/U0'
Finished Parsing XDC File [/home/uni/project/smartssd/host_file_sum64/_x/link/vivado/vpl/prj/prj.gen/my_rm/bd/ulp/ip/ulp_psreset_gate_pr_kernel_0/ulp_psreset_gate_pr_kernel_0_board.xdc] for cell 'level0_i/ulp/slr1/reset_controllers/psreset_gate_pr_kernel/U0'
Parsing XDC File [/home/uni/project/smartssd/host_file_sum64/_x/link/vivado/vpl/prj/prj.gen/my_rm/bd/ulp/ip/ulp_psreset_gate_pr_kernel_0/ulp_psreset_gate_pr_kernel_0.xdc] for cell 'level0_i/ulp/slr1/reset_controllers/psreset_gate_pr_kernel/U0'
Finished Parsing XDC File [/home/uni/project/smartssd/host_file_sum64/_x/link/vivado/vpl/prj/prj.gen/my_rm/bd/ulp/ip/ulp_psreset_gate_pr_kernel_0/ulp_psreset_gate_pr_kernel_0.xdc] for cell 'level0_i/ulp/slr1/reset_controllers/psreset_gate_pr_kernel/U0'
Parsing XDC File [/home/uni/project/smartssd/host_file_sum64/_x/link/vivado/vpl/prj/prj.gen/my_rm/bd/ulp/ip/ulp_psreset_gate_pr_kernel2_0/ulp_psreset_gate_pr_kernel2_0_board.xdc] for cell 'level0_i/ulp/slr1/reset_controllers/psreset_gate_pr_kernel2/U0'
Finished Parsing XDC File [/home/uni/project/smartssd/host_file_sum64/_x/link/vivado/vpl/prj/prj.gen/my_rm/bd/ulp/ip/ulp_psreset_gate_pr_kernel2_0/ulp_psreset_gate_pr_kernel2_0_board.xdc] for cell 'level0_i/ulp/slr1/reset_controllers/psreset_gate_pr_kernel2/U0'
Parsing XDC File [/home/uni/project/smartssd/host_file_sum64/_x/link/vivado/vpl/prj/prj.gen/my_rm/bd/ulp/ip/ulp_psreset_gate_pr_kernel2_0/ulp_psreset_gate_pr_kernel2_0.xdc] for cell 'level0_i/ulp/slr1/reset_controllers/psreset_gate_pr_kernel2/U0'
Finished Parsing XDC File [/home/uni/project/smartssd/host_file_sum64/_x/link/vivado/vpl/prj/prj.gen/my_rm/bd/ulp/ip/ulp_psreset_gate_pr_kernel2_0/ulp_psreset_gate_pr_kernel2_0.xdc] for cell 'level0_i/ulp/slr1/reset_controllers/psreset_gate_pr_kernel2/U0'
Parsing XDC File [/home/uni/project/smartssd/host_file_sum64/_x/link/vivado/vpl/prj/prj.gen/my_rm/bd/ulp/ip/ulp_axi_gpio_null_0/ulp_axi_gpio_null_0_board.xdc] for cell 'level0_i/ulp/slr1/axi_gpio_null/U0'
Finished Parsing XDC File [/home/uni/project/smartssd/host_file_sum64/_x/link/vivado/vpl/prj/prj.gen/my_rm/bd/ulp/ip/ulp_axi_gpio_null_0/ulp_axi_gpio_null_0_board.xdc] for cell 'level0_i/ulp/slr1/axi_gpio_null/U0'
Parsing XDC File [/home/uni/project/smartssd/host_file_sum64/_x/link/vivado/vpl/prj/prj.gen/my_rm/bd/ulp/ip/ulp_ddr1_clk_bufg_0/ulp_ddr1_clk_bufg_0_board.xdc] for cell 'level0_i/ulp/ddr1_clk_bufg/U0'
Finished Parsing XDC File [/home/uni/project/smartssd/host_file_sum64/_x/link/vivado/vpl/prj/prj.gen/my_rm/bd/ulp/ip/ulp_ddr1_clk_bufg_0/ulp_ddr1_clk_bufg_0_board.xdc] for cell 'level0_i/ulp/ddr1_clk_bufg/U0'
Parsing XDC File [/home/uni/project/smartssd/host_file_sum64/_x/link/vivado/vpl/prj/prj.gen/my_rm/bd/ulp/ip/ulp_ddr1_clk_ibufds_0/ulp_ddr1_clk_ibufds_0_board.xdc] for cell 'level0_i/ulp/ddr1_clk_ibufds/U0'
Finished Parsing XDC File [/home/uni/project/smartssd/host_file_sum64/_x/link/vivado/vpl/prj/prj.gen/my_rm/bd/ulp/ip/ulp_ddr1_clk_ibufds_0/ulp_ddr1_clk_ibufds_0_board.xdc] for cell 'level0_i/ulp/ddr1_clk_ibufds/U0'
Parsing XDC File [/home/uni/project/smartssd/host_file_sum64/_x/link/vivado/vpl/prj/prj.gen/my_rm/bd/ulp/ip/ulp_ddrmem_1_0/bd_0/ip/ip_0/bd_8f7d_microblaze_I_0.xdc] for cell 'level0_i/ulp/ddrmem_1/inst/u_ddr4_mem_intfc/u_ddr_cal_riu/mcs0/inst/microblaze_I/U0'
Finished Parsing XDC File [/home/uni/project/smartssd/host_file_sum64/_x/link/vivado/vpl/prj/prj.gen/my_rm/bd/ulp/ip/ulp_ddrmem_1_0/bd_0/ip/ip_0/bd_8f7d_microblaze_I_0.xdc] for cell 'level0_i/ulp/ddrmem_1/inst/u_ddr4_mem_intfc/u_ddr_cal_riu/mcs0/inst/microblaze_I/U0'
Parsing XDC File [/home/uni/project/smartssd/host_file_sum64/_x/link/vivado/vpl/prj/prj.gen/my_rm/bd/ulp/ip/ulp_ddrmem_1_0/bd_0/ip/ip_1/bd_8f7d_rst_0_0_board.xdc] for cell 'level0_i/ulp/ddrmem_1/inst/u_ddr4_mem_intfc/u_ddr_cal_riu/mcs0/inst/rst_0/U0'
Finished Parsing XDC File [/home/uni/project/smartssd/host_file_sum64/_x/link/vivado/vpl/prj/prj.gen/my_rm/bd/ulp/ip/ulp_ddrmem_1_0/bd_0/ip/ip_1/bd_8f7d_rst_0_0_board.xdc] for cell 'level0_i/ulp/ddrmem_1/inst/u_ddr4_mem_intfc/u_ddr_cal_riu/mcs0/inst/rst_0/U0'
Parsing XDC File [/home/uni/project/smartssd/host_file_sum64/_x/link/vivado/vpl/prj/prj.gen/my_rm/bd/ulp/ip/ulp_ddrmem_1_0/bd_0/ip/ip_1/bd_8f7d_rst_0_0.xdc] for cell 'level0_i/ulp/ddrmem_1/inst/u_ddr4_mem_intfc/u_ddr_cal_riu/mcs0/inst/rst_0/U0'
Finished Parsing XDC File [/home/uni/project/smartssd/host_file_sum64/_x/link/vivado/vpl/prj/prj.gen/my_rm/bd/ulp/ip/ulp_ddrmem_1_0/bd_0/ip/ip_1/bd_8f7d_rst_0_0.xdc] for cell 'level0_i/ulp/ddrmem_1/inst/u_ddr4_mem_intfc/u_ddr_cal_riu/mcs0/inst/rst_0/U0'
Parsing XDC File [/home/uni/project/smartssd/host_file_sum64/_x/link/vivado/vpl/prj/prj.gen/my_rm/bd/ulp/ip/ulp_ddrmem_1_0/bd_0/ip/ip_2/bd_8f7d_ilmb_0.xdc] for cell 'level0_i/ulp/ddrmem_1/inst/u_ddr4_mem_intfc/u_ddr_cal_riu/mcs0/inst/ilmb/U0'
Finished Parsing XDC File [/home/uni/project/smartssd/host_file_sum64/_x/link/vivado/vpl/prj/prj.gen/my_rm/bd/ulp/ip/ulp_ddrmem_1_0/bd_0/ip/ip_2/bd_8f7d_ilmb_0.xdc] for cell 'level0_i/ulp/ddrmem_1/inst/u_ddr4_mem_intfc/u_ddr_cal_riu/mcs0/inst/ilmb/U0'
Parsing XDC File [/home/uni/project/smartssd/host_file_sum64/_x/link/vivado/vpl/prj/prj.gen/my_rm/bd/ulp/ip/ulp_ddrmem_1_0/bd_0/ip/ip_3/bd_8f7d_dlmb_0.xdc] for cell 'level0_i/ulp/ddrmem_1/inst/u_ddr4_mem_intfc/u_ddr_cal_riu/mcs0/inst/dlmb/U0'
Finished Parsing XDC File [/home/uni/project/smartssd/host_file_sum64/_x/link/vivado/vpl/prj/prj.gen/my_rm/bd/ulp/ip/ulp_ddrmem_1_0/bd_0/ip/ip_3/bd_8f7d_dlmb_0.xdc] for cell 'level0_i/ulp/ddrmem_1/inst/u_ddr4_mem_intfc/u_ddr_cal_riu/mcs0/inst/dlmb/U0'
Parsing XDC File [/home/uni/project/smartssd/host_file_sum64/_x/link/vivado/vpl/prj/prj.gen/my_rm/bd/ulp/ip/ulp_ddrmem_1_0/bd_0/ip/ip_10/bd_8f7d_iomodule_0_0_board.xdc] for cell 'level0_i/ulp/ddrmem_1/inst/u_ddr4_mem_intfc/u_ddr_cal_riu/mcs0/inst/iomodule_0/U0'
Finished Parsing XDC File [/home/uni/project/smartssd/host_file_sum64/_x/link/vivado/vpl/prj/prj.gen/my_rm/bd/ulp/ip/ulp_ddrmem_1_0/bd_0/ip/ip_10/bd_8f7d_iomodule_0_0_board.xdc] for cell 'level0_i/ulp/ddrmem_1/inst/u_ddr4_mem_intfc/u_ddr_cal_riu/mcs0/inst/iomodule_0/U0'
Parsing XDC File [/home/uni/project/smartssd/host_file_sum64/_x/link/vivado/vpl/prj/prj.gen/my_rm/bd/ulp/ip/ulp_ddrmem_1_0/ip_0/ulp_ddrmem_1_0_microblaze_mcs_board.xdc] for cell 'level0_i/ulp/ddrmem_1/inst/u_ddr4_mem_intfc/u_ddr_cal_riu/mcs0/inst'
Finished Parsing XDC File [/home/uni/project/smartssd/host_file_sum64/_x/link/vivado/vpl/prj/prj.gen/my_rm/bd/ulp/ip/ulp_ddrmem_1_0/ip_0/ulp_ddrmem_1_0_microblaze_mcs_board.xdc] for cell 'level0_i/ulp/ddrmem_1/inst/u_ddr4_mem_intfc/u_ddr_cal_riu/mcs0/inst'
Parsing XDC File [/home/uni/project/smartssd/host_file_sum64/_x/link/vivado/vpl/prj/prj.gen/my_rm/bd/ulp/ip/ulp_ddrmem_1_0/par/ulp_ddrmem_1_0.xdc] for cell 'level0_i/ulp/ddrmem_1/inst'
Finished Parsing XDC File [/home/uni/project/smartssd/host_file_sum64/_x/link/vivado/vpl/prj/prj.gen/my_rm/bd/ulp/ip/ulp_ddrmem_1_0/par/ulp_ddrmem_1_0.xdc] for cell 'level0_i/ulp/ddrmem_1/inst'
Parsing XDC File [/home/uni/project/smartssd/host_file_sum64/_x/link/vivado/vpl/prj/prj.gen/my_rm/bd/ulp/ip/ulp_user_debug_bridge_0/bd_0/ip/ip_2/constraints/bs_switch.xdc] for cell 'level0_i/ulp/user_debug_bridge/inst/bs_switch_1/inst'
Finished Parsing XDC File [/home/uni/project/smartssd/host_file_sum64/_x/link/vivado/vpl/prj/prj.gen/my_rm/bd/ulp/ip/ulp_user_debug_bridge_0/bd_0/ip/ip_2/constraints/bs_switch.xdc] for cell 'level0_i/ulp/user_debug_bridge/inst/bs_switch_1/inst'
Parsing XDC File [/home/uni/project/smartssd/host_file_sum64/_x/link/vivado/vpl/prj/prj.gen/my_rm/bd/ulp/ip/ulp_ddrmem_1_0/bd_0/ip/ip_1/bd_8f7d_rst_0_0_board.xdc] for cell 'level0_i/ulp/ddrmem_1/inst/u_ddr4_mem_intfc/u_ddr_cal_riu/mcs0/inst/rst_0/U0'
Finished Parsing XDC File [/home/uni/project/smartssd/host_file_sum64/_x/link/vivado/vpl/prj/prj.gen/my_rm/bd/ulp/ip/ulp_ddrmem_1_0/bd_0/ip/ip_1/bd_8f7d_rst_0_0_board.xdc] for cell 'level0_i/ulp/ddrmem_1/inst/u_ddr4_mem_intfc/u_ddr_cal_riu/mcs0/inst/rst_0/U0'
Parsing XDC File [/home/uni/project/smartssd/host_file_sum64/_x/link/vivado/vpl/prj/prj.gen/my_rm/bd/ulp/ip/ulp_psreset_gate_pr_data_0/ulp_psreset_gate_pr_data_0.xdc] for cell 'level0_i/ulp/slr1/reset_controllers/psreset_gate_pr_data/U0'
Finished Parsing XDC File [/home/uni/project/smartssd/host_file_sum64/_x/link/vivado/vpl/prj/prj.gen/my_rm/bd/ulp/ip/ulp_psreset_gate_pr_data_0/ulp_psreset_gate_pr_data_0.xdc] for cell 'level0_i/ulp/slr1/reset_controllers/psreset_gate_pr_data/U0'
Parsing XDC File [/home/uni/project/smartssd/host_file_sum64/_x/link/vivado/vpl/prj/prj.gen/my_rm/bd/ulp/ip/ulp_psreset_gate_pr_control_0/ulp_psreset_gate_pr_control_0_board.xdc] for cell 'level0_i/ulp/slr1/reset_controllers/psreset_gate_pr_control/U0'
Finished Parsing XDC File [/home/uni/project/smartssd/host_file_sum64/_x/link/vivado/vpl/prj/prj.gen/my_rm/bd/ulp/ip/ulp_psreset_gate_pr_control_0/ulp_psreset_gate_pr_control_0_board.xdc] for cell 'level0_i/ulp/slr1/reset_controllers/psreset_gate_pr_control/U0'
Parsing XDC File [/home/uni/project/smartssd/host_file_sum64/_x/link/vivado/vpl/prj/prj.gen/my_rm/bd/ulp/ip/ulp_psreset_gate_pr_control_0/ulp_psreset_gate_pr_control_0.xdc] for cell 'level0_i/ulp/slr1/reset_controllers/psreset_gate_pr_control/U0'
Finished Parsing XDC File [/home/uni/project/smartssd/host_file_sum64/_x/link/vivado/vpl/prj/prj.gen/my_rm/bd/ulp/ip/ulp_psreset_gate_pr_control_0/ulp_psreset_gate_pr_control_0.xdc] for cell 'level0_i/ulp/slr1/reset_controllers/psreset_gate_pr_control/U0'
Parsing XDC File [/home/uni/project/smartssd/host_file_sum64/_x/link/vivado/vpl/prj/prj.gen/my_rm/bd/ulp/ip/ulp_psreset_gate_pr_kernel2_0/ulp_psreset_gate_pr_kernel2_0_board.xdc] for cell 'level0_i/ulp/slr1/reset_controllers/psreset_gate_pr_kernel2/U0'
Finished Parsing XDC File [/home/uni/project/smartssd/host_file_sum64/_x/link/vivado/vpl/prj/prj.gen/my_rm/bd/ulp/ip/ulp_psreset_gate_pr_kernel2_0/ulp_psreset_gate_pr_kernel2_0_board.xdc] for cell 'level0_i/ulp/slr1/reset_controllers/psreset_gate_pr_kernel2/U0'
Parsing XDC File [/home/uni/project/smartssd/host_file_sum64/_x/link/vivado/vpl/prj/prj.gen/my_rm/bd/ulp/ip/ulp_psreset_gate_pr_kernel2_0/ulp_psreset_gate_pr_kernel2_0.xdc] for cell 'level0_i/ulp/slr1/reset_controllers/psreset_gate_pr_kernel2/U0'
Finished Parsing XDC File [/home/uni/project/smartssd/host_file_sum64/_x/link/vivado/vpl/prj/prj.gen/my_rm/bd/ulp/ip/ulp_psreset_gate_pr_kernel2_0/ulp_psreset_gate_pr_kernel2_0.xdc] for cell 'level0_i/ulp/slr1/reset_controllers/psreset_gate_pr_kernel2/U0'
Parsing XDC File [/home/uni/project/smartssd/host_file_sum64/_x/link/vivado/vpl/prj/prj.gen/my_rm/bd/ulp/ip/ulp_psreset_gate_pr_kernel_0/ulp_psreset_gate_pr_kernel_0_board.xdc] for cell 'level0_i/ulp/slr1/reset_controllers/psreset_gate_pr_kernel/U0'
Finished Parsing XDC File [/home/uni/project/smartssd/host_file_sum64/_x/link/vivado/vpl/prj/prj.gen/my_rm/bd/ulp/ip/ulp_psreset_gate_pr_kernel_0/ulp_psreset_gate_pr_kernel_0_board.xdc] for cell 'level0_i/ulp/slr1/reset_controllers/psreset_gate_pr_kernel/U0'
Parsing XDC File [/home/uni/project/smartssd/host_file_sum64/_x/link/vivado/vpl/prj/prj.gen/my_rm/bd/ulp/ip/ulp_psreset_gate_pr_kernel_0/ulp_psreset_gate_pr_kernel_0.xdc] for cell 'level0_i/ulp/slr1/reset_controllers/psreset_gate_pr_kernel/U0'
Finished Parsing XDC File [/home/uni/project/smartssd/host_file_sum64/_x/link/vivado/vpl/prj/prj.gen/my_rm/bd/ulp/ip/ulp_psreset_gate_pr_kernel_0/ulp_psreset_gate_pr_kernel_0.xdc] for cell 'level0_i/ulp/slr1/reset_controllers/psreset_gate_pr_kernel/U0'
Parsing XDC File [/home/uni/project/smartssd/host_file_sum64/_x/link/vivado/vpl/prj/prj.gen/my_rm/bd/ulp/ip/ulp_psreset_gate_pr_ddrmem_1_0/ulp_psreset_gate_pr_ddrmem_1_0_board.xdc] for cell 'level0_i/ulp/slr1/reset_controllers/psreset_gate_pr_ddrmem_1/U0'
Finished Parsing XDC File [/home/uni/project/smartssd/host_file_sum64/_x/link/vivado/vpl/prj/prj.gen/my_rm/bd/ulp/ip/ulp_psreset_gate_pr_ddrmem_1_0/ulp_psreset_gate_pr_ddrmem_1_0_board.xdc] for cell 'level0_i/ulp/slr1/reset_controllers/psreset_gate_pr_ddrmem_1/U0'
Parsing XDC File [/home/uni/project/smartssd/host_file_sum64/_x/link/vivado/vpl/prj/prj.gen/my_rm/bd/ulp/ip/ulp_psreset_gate_pr_ddrmem_1_0/ulp_psreset_gate_pr_ddrmem_1_0.xdc] for cell 'level0_i/ulp/slr1/reset_controllers/psreset_gate_pr_ddrmem_1/U0'
Finished Parsing XDC File [/home/uni/project/smartssd/host_file_sum64/_x/link/vivado/vpl/prj/prj.gen/my_rm/bd/ulp/ip/ulp_psreset_gate_pr_ddrmem_1_0/ulp_psreset_gate_pr_ddrmem_1_0.xdc] for cell 'level0_i/ulp/slr1/reset_controllers/psreset_gate_pr_ddrmem_1/U0'
Parsing XDC File [/home/uni/project/smartssd/host_file_sum64/_x/link/vivado/vpl/prj/prj.gen/my_rm/bd/ulp/ip/ulp_axi_gpio_null_0/ulp_axi_gpio_null_0_board.xdc] for cell 'level0_i/ulp/slr1/axi_gpio_null/U0'
Finished Parsing XDC File [/home/uni/project/smartssd/host_file_sum64/_x/link/vivado/vpl/prj/prj.gen/my_rm/bd/ulp/ip/ulp_axi_gpio_null_0/ulp_axi_gpio_null_0_board.xdc] for cell 'level0_i/ulp/slr1/axi_gpio_null/U0'
Parsing XDC File [/home/uni/project/smartssd/host_file_sum64/_x/link/vivado/vpl/prj/prj.gen/my_rm/bd/ulp/ip/ulp_axi_gpio_null_0/ulp_axi_gpio_null_0.xdc] for cell 'level0_i/ulp/slr1/axi_gpio_null/U0'
Finished Parsing XDC File [/home/uni/project/smartssd/host_file_sum64/_x/link/vivado/vpl/prj/prj.gen/my_rm/bd/ulp/ip/ulp_axi_gpio_null_0/ulp_axi_gpio_null_0.xdc] for cell 'level0_i/ulp/slr1/axi_gpio_null/U0'
Parsing XDC File [/home/uni/project/smartssd/host_file_sum64/_x/link/vivado/vpl/prj/prj.gen/my_rm/bd/ulp/ip/ulp_ddr1_clk_ibufds_0/ulp_ddr1_clk_ibufds_0_board.xdc] for cell 'level0_i/ulp/ddr1_clk_ibufds/U0'
Finished Parsing XDC File [/home/uni/project/smartssd/host_file_sum64/_x/link/vivado/vpl/prj/prj.gen/my_rm/bd/ulp/ip/ulp_ddr1_clk_ibufds_0/ulp_ddr1_clk_ibufds_0_board.xdc] for cell 'level0_i/ulp/ddr1_clk_ibufds/U0'
Parsing XDC File [/home/uni/project/smartssd/host_file_sum64/_x/link/vivado/vpl/prj/prj.gen/my_rm/bd/ulp/ip/ulp_ddrmem_1_0/bd_0/ip/ip_0/bd_8f7d_microblaze_I_0.xdc] for cell 'level0_i/ulp/ddrmem_1/inst/u_ddr4_mem_intfc/u_ddr_cal_riu/mcs0/inst/microblaze_I/U0'
Finished Parsing XDC File [/home/uni/project/smartssd/host_file_sum64/_x/link/vivado/vpl/prj/prj.gen/my_rm/bd/ulp/ip/ulp_ddrmem_1_0/bd_0/ip/ip_0/bd_8f7d_microblaze_I_0.xdc] for cell 'level0_i/ulp/ddrmem_1/inst/u_ddr4_mem_intfc/u_ddr_cal_riu/mcs0/inst/microblaze_I/U0'
Parsing XDC File [/home/uni/project/smartssd/host_file_sum64/_x/link/vivado/vpl/prj/prj.gen/my_rm/bd/ulp/ip/ulp_psreset_gate_pr_data_0/ulp_psreset_gate_pr_data_0_board.xdc] for cell 'level0_i/ulp/slr1/reset_controllers/psreset_gate_pr_data/U0'
Finished Parsing XDC File [/home/uni/project/smartssd/host_file_sum64/_x/link/vivado/vpl/prj/prj.gen/my_rm/bd/ulp/ip/ulp_psreset_gate_pr_data_0/ulp_psreset_gate_pr_data_0_board.xdc] for cell 'level0_i/ulp/slr1/reset_controllers/psreset_gate_pr_data/U0'
Parsing XDC File [/home/uni/project/smartssd/host_file_sum64/_x/link/vivado/vpl/prj/prj.gen/my_rm/bd/ulp/ip/ulp_ddrmem_1_0/bd_0/ip/ip_1/bd_8f7d_rst_0_0.xdc] for cell 'level0_i/ulp/ddrmem_1/inst/u_ddr4_mem_intfc/u_ddr_cal_riu/mcs0/inst/rst_0/U0'
Finished Parsing XDC File [/home/uni/project/smartssd/host_file_sum64/_x/link/vivado/vpl/prj/prj.gen/my_rm/bd/ulp/ip/ulp_ddrmem_1_0/bd_0/ip/ip_1/bd_8f7d_rst_0_0.xdc] for cell 'level0_i/ulp/ddrmem_1/inst/u_ddr4_mem_intfc/u_ddr_cal_riu/mcs0/inst/rst_0/U0'
Parsing XDC File [/home/uni/project/smartssd/host_file_sum64/_x/link/vivado/vpl/prj/prj.gen/my_rm/bd/ulp/ip/ulp_ddrmem_1_0/bd_0/ip/ip_2/bd_8f7d_ilmb_0.xdc] for cell 'level0_i/ulp/ddrmem_1/inst/u_ddr4_mem_intfc/u_ddr_cal_riu/mcs0/inst/ilmb/U0'
Finished Parsing XDC File [/home/uni/project/smartssd/host_file_sum64/_x/link/vivado/vpl/prj/prj.gen/my_rm/bd/ulp/ip/ulp_ddrmem_1_0/bd_0/ip/ip_2/bd_8f7d_ilmb_0.xdc] for cell 'level0_i/ulp/ddrmem_1/inst/u_ddr4_mem_intfc/u_ddr_cal_riu/mcs0/inst/ilmb/U0'
Parsing XDC File [/home/uni/project/smartssd/host_file_sum64/_x/link/vivado/vpl/prj/prj.gen/my_rm/bd/ulp/ip/ulp_ddrmem_1_0/bd_0/ip/ip_3/bd_8f7d_dlmb_0.xdc] for cell 'level0_i/ulp/ddrmem_1/inst/u_ddr4_mem_intfc/u_ddr_cal_riu/mcs0/inst/dlmb/U0'
Finished Parsing XDC File [/home/uni/project/smartssd/host_file_sum64/_x/link/vivado/vpl/prj/prj.gen/my_rm/bd/ulp/ip/ulp_ddrmem_1_0/bd_0/ip/ip_3/bd_8f7d_dlmb_0.xdc] for cell 'level0_i/ulp/ddrmem_1/inst/u_ddr4_mem_intfc/u_ddr_cal_riu/mcs0/inst/dlmb/U0'
Parsing XDC File [/home/uni/project/smartssd/host_file_sum64/_x/link/vivado/vpl/prj/prj.gen/my_rm/bd/ulp/ip/ulp_ddrmem_1_0/bd_0/ip/ip_10/bd_8f7d_iomodule_0_0_board.xdc] for cell 'level0_i/ulp/ddrmem_1/inst/u_ddr4_mem_intfc/u_ddr_cal_riu/mcs0/inst/iomodule_0/U0'
Finished Parsing XDC File [/home/uni/project/smartssd/host_file_sum64/_x/link/vivado/vpl/prj/prj.gen/my_rm/bd/ulp/ip/ulp_ddrmem_1_0/bd_0/ip/ip_10/bd_8f7d_iomodule_0_0_board.xdc] for cell 'level0_i/ulp/ddrmem_1/inst/u_ddr4_mem_intfc/u_ddr_cal_riu/mcs0/inst/iomodule_0/U0'
Parsing XDC File [/home/uni/project/smartssd/host_file_sum64/_x/link/vivado/vpl/prj/prj.gen/my_rm/bd/ulp/ip/ulp_ddrmem_1_0/ip_0/ulp_ddrmem_1_0_microblaze_mcs_board.xdc] for cell 'level0_i/ulp/ddrmem_1/inst/u_ddr4_mem_intfc/u_ddr_cal_riu/mcs0/inst'
Finished Parsing XDC File [/home/uni/project/smartssd/host_file_sum64/_x/link/vivado/vpl/prj/prj.gen/my_rm/bd/ulp/ip/ulp_ddrmem_1_0/ip_0/ulp_ddrmem_1_0_microblaze_mcs_board.xdc] for cell 'level0_i/ulp/ddrmem_1/inst/u_ddr4_mem_intfc/u_ddr_cal_riu/mcs0/inst'
Parsing XDC File [/home/uni/project/smartssd/host_file_sum64/_x/link/vivado/vpl/prj/prj.gen/my_rm/bd/ulp/ip/ulp_ddrmem_1_0/par/ulp_ddrmem_1_0.xdc] for cell 'level0_i/ulp/ddrmem_1/inst'
WARNING: [Vivado_Tcl 4-935] Waiver ID 'CLKC-55' is a duplicate and will not be added again. [/home/uni/project/smartssd/host_file_sum64/_x/link/vivado/vpl/prj/prj.gen/my_rm/bd/ulp/ip/ulp_ddrmem_1_0/par/ulp_ddrmem_1_0.xdc:324]
WARNING: [Vivado_Tcl 4-935] Waiver ID 'CLKC-56' is a duplicate and will not be added again. [/home/uni/project/smartssd/host_file_sum64/_x/link/vivado/vpl/prj/prj.gen/my_rm/bd/ulp/ip/ulp_ddrmem_1_0/par/ulp_ddrmem_1_0.xdc:325]
WARNING: [Vivado_Tcl 4-935] Waiver ID 'CLKC-57' is a duplicate and will not be added again. [/home/uni/project/smartssd/host_file_sum64/_x/link/vivado/vpl/prj/prj.gen/my_rm/bd/ulp/ip/ulp_ddrmem_1_0/par/ulp_ddrmem_1_0.xdc:326]
WARNING: [Vivado_Tcl 4-935] Waiver ID 'CLKC-58' is a duplicate and will not be added again. [/home/uni/project/smartssd/host_file_sum64/_x/link/vivado/vpl/prj/prj.gen/my_rm/bd/ulp/ip/ulp_ddrmem_1_0/par/ulp_ddrmem_1_0.xdc:327]
WARNING: [Vivado_Tcl 4-935] Waiver ID 'CLKC-40' is a duplicate and will not be added again. [/home/uni/project/smartssd/host_file_sum64/_x/link/vivado/vpl/prj/prj.gen/my_rm/bd/ulp/ip/ulp_ddrmem_1_0/par/ulp_ddrmem_1_0.xdc:328]
Finished Parsing XDC File [/home/uni/project/smartssd/host_file_sum64/_x/link/vivado/vpl/prj/prj.gen/my_rm/bd/ulp/ip/ulp_ddrmem_1_0/par/ulp_ddrmem_1_0.xdc] for cell 'level0_i/ulp/ddrmem_1/inst'
Parsing XDC File [/home/uni/project/smartssd/host_file_sum64/_x/link/vivado/vpl/prj/prj.gen/my_rm/bd/ulp/ip/ulp_ddr1_clk_bufg_0/ulp_ddr1_clk_bufg_0_board.xdc] for cell 'level0_i/ulp/ddr1_clk_bufg/U0'
Finished Parsing XDC File [/home/uni/project/smartssd/host_file_sum64/_x/link/vivado/vpl/prj/prj.gen/my_rm/bd/ulp/ip/ulp_ddr1_clk_bufg_0/ulp_ddr1_clk_bufg_0_board.xdc] for cell 'level0_i/ulp/ddr1_clk_bufg/U0'
Parsing XDC File [/home/uni/project/smartssd/host_file_sum64/_x/link/vivado/vpl/prj/prj.gen/my_rm/bd/ulp/ip/ulp_psreset_ddrmem_n_1_0/ulp_psreset_ddrmem_n_1_0_board.xdc] for cell 'level0_i/ulp/psreset_ddrmem_n_1/U0'
Finished Parsing XDC File [/home/uni/project/smartssd/host_file_sum64/_x/link/vivado/vpl/prj/prj.gen/my_rm/bd/ulp/ip/ulp_psreset_ddrmem_n_1_0/ulp_psreset_ddrmem_n_1_0_board.xdc] for cell 'level0_i/ulp/psreset_ddrmem_n_1/U0'
Parsing XDC File [/home/uni/project/smartssd/host_file_sum64/_x/link/vivado/vpl/prj/prj.gen/my_rm/bd/ulp/ip/ulp_psreset_ddrmem_n_1_0/ulp_psreset_ddrmem_n_1_0.xdc] for cell 'level0_i/ulp/psreset_ddrmem_n_1/U0'
Finished Parsing XDC File [/home/uni/project/smartssd/host_file_sum64/_x/link/vivado/vpl/prj/prj.gen/my_rm/bd/ulp/ip/ulp_psreset_ddrmem_n_1_0/ulp_psreset_ddrmem_n_1_0.xdc] for cell 'level0_i/ulp/psreset_ddrmem_n_1/U0'
Parsing XDC File [/home/uni/project/smartssd/host_file_sum64/_x/link/vivado/vpl/prj/prj.gen/my_rm/bd/ulp/ip/ulp_user_debug_bridge_0/bd_0/ip/ip_2/constraints/bs_switch.xdc] for cell 'level0_i/ulp/user_debug_bridge/inst/bs_switch_1/inst'
Finished Parsing XDC File [/home/uni/project/smartssd/host_file_sum64/_x/link/vivado/vpl/prj/prj.gen/my_rm/bd/ulp/ip/ulp_user_debug_bridge_0/bd_0/ip/ip_2/constraints/bs_switch.xdc] for cell 'level0_i/ulp/user_debug_bridge/inst/bs_switch_1/inst'
Parsing XDC File [/home/uni/project/smartssd/host_file_sum64/_x/link/vivado/vpl/prj/prj.gen/my_rm/bd/ulp/ip/ulp_user_debug_bridge_0/bd_0/ip/ip_2/constraints/bs_switch.xdc] for cell 'level0_i/ulp/user_debug_bridge/inst/bs_switch_1/inst'
Finished Parsing XDC File [/home/uni/project/smartssd/host_file_sum64/_x/link/vivado/vpl/prj/prj.gen/my_rm/bd/ulp/ip/ulp_user_debug_bridge_0/bd_0/ip/ip_2/constraints/bs_switch.xdc] for cell 'level0_i/ulp/user_debug_bridge/inst/bs_switch_1/inst'
Parsing XDC File [/home/uni/project/smartssd/host_file_sum64/_x/link/vivado/vpl/.local/hw_platform/hw_bb_locked/level0_wrapper_board.xdc]
Finished Parsing XDC File [/home/uni/project/smartssd/host_file_sum64/_x/link/vivado/vpl/.local/hw_platform/hw_bb_locked/level0_wrapper_board.xdc]
Parsing XDC File [/home/uni/project/smartssd/host_file_sum64/_x/link/vivado/vpl/.local/hw_platform/hw_bb_locked/level0_wrapper_early.xdc]
create_clock: Time (s): cpu = 00:00:06 ; elapsed = 00:00:06 . Memory (MB): peak = 4927.148 ; gain = 0.000 ; free physical = 115189 ; free virtual = 241314
INFO: [Power 33-23] Power model is not available for STARTUP_8SERIES_GEN.STARTUP3_8SERIES_inst [ip_pcie4_uscale_plus_x1y1.xdc:239]
INFO: [Power 33-23] Power model is not available for DNA_PORTE2_inst [ip_pcie4_uscale_plus_x1y1.xdc:239]
INFO: [Power 33-23] Power model is not available for xiphy_riu_or [ip_pcie4_uscale_plus_x1y1.xdc:239]
INFO: [Power 33-23] Power model is not available for genVref.u_hpio_vref [ip_pcie4_uscale_plus_x1y1.xdc:239]
INFO: [Timing 38-35] Done setting XDC timing constraints. [ip_pcie4_uscale_plus_x1y1.xdc:239]
set_switching_activity: Time (s): cpu = 00:02:40 ; elapsed = 00:01:06 . Memory (MB): peak = 6867.770 ; gain = 1940.621 ; free physical = 113658 ; free virtual = 239783
set_switching_activity: Time (s): cpu = 00:00:33 ; elapsed = 00:00:08 . Memory (MB): peak = 6883.770 ; gain = 16.000 ; free physical = 113747 ; free virtual = 239872
Finished Parsing XDC File [/home/uni/project/smartssd/host_file_sum64/_x/link/vivado/vpl/.local/hw_platform/hw_bb_locked/level0_wrapper_early.xdc]
Parsing XDC File [/home/uni/project/smartssd/host_file_sum64/_x/link/vivado/vpl/.local/hw_platform/tcl_hooks/impl.xdc]
get_pins: Time (s): cpu = 00:00:08 ; elapsed = 00:00:08 . Memory (MB): peak = 7618.809 ; gain = 735.039 ; free physical = 112768 ; free virtual = 238893
Finished Parsing XDC File [/home/uni/project/smartssd/host_file_sum64/_x/link/vivado/vpl/.local/hw_platform/tcl_hooks/impl.xdc]
Parsing XDC File [/home/uni/project/smartssd/host_file_sum64/_x/link/vivado/vpl/output/dont_partition.xdc]
Finished Parsing XDC File [/home/uni/project/smartssd/host_file_sum64/_x/link/vivado/vpl/output/dont_partition.xdc]
Parsing XDC File [/home/uni/project/smartssd/host_file_sum64/_x/link/vivado/vpl/.local/hw_platform/hw_bb_locked/level0_wrapper.xdc]
WARNING: [Constraints 18-619] A clock with name 'c0_sys_clk_p' already exists, overwriting the previous clock with the same name. [impl.pins.xdc:412]
INFO: [Timing 38-2] Deriving generated clocks [xsdbm_gc_late_late.xdc:55]
all_fanout: Time (s): cpu = 00:00:38 ; elapsed = 00:00:11 . Memory (MB): peak = 7618.809 ; gain = 0.000 ; free physical = 113667 ; free virtual = 239792
Finished Parsing XDC File [/home/uni/project/smartssd/host_file_sum64/_x/link/vivado/vpl/.local/hw_platform/hw_bb_locked/level0_wrapper.xdc]
Parsing XDC File [/home/uni/project/smartssd/host_file_sum64/_x/link/vivado/vpl/.local/hw_platform/hw_bb_locked/level0_wrapper_late.xdc]
get_clocks: Time (s): cpu = 00:00:19 ; elapsed = 00:00:07 . Memory (MB): peak = 7618.809 ; gain = 0.000 ; free physical = 113656 ; free virtual = 239781
INFO: [Constraints 18-4422] SNAPPING_MODE is set so implementation will use the DERIVED_RANGES which may be different then the GRID_RANGES. [impl.pblocks.xdc:35]
INFO: [Vivado 12-2286] Implicit search of objects for pattern 'clk_sck' matched to 'clock' objects. [impl.clocks.xdc:66]
Resolution: To avoid ambiguous patterns, provide proper objects using get commands e.g. [get_nets xyz].
INFO: [Vivado 12-2286] Implicit search of objects for pattern 'clk_sck' matched to 'clock' objects. [impl.clocks.xdc:67]
Resolution: To avoid ambiguous patterns, provide proper objects using get commands e.g. [get_nets xyz].
INFO: [Vivado 12-2286] Implicit search of objects for pattern 'clk_sck' matched to 'clock' objects. [impl.clocks.xdc:70]
Resolution: To avoid ambiguous patterns, provide proper objects using get commands e.g. [get_nets xyz].
Finished Parsing XDC File [/home/uni/project/smartssd/host_file_sum64/_x/link/vivado/vpl/.local/hw_platform/hw_bb_locked/level0_wrapper_late.xdc]
Reading XDEF placement.
Reading placer database...
CRITICAL WARNING: [Designutils 20-2294] Restore dedicated route partition: failed to restore pin io_clk_ddr_00_clk_n on instance level0_i/ulp
CRITICAL WARNING: [Designutils 20-2294] Restore dedicated route partition: failed to restore pin io_clk_ddr_00_clk_p on instance level0_i/ulp
CRITICAL WARNING: [Designutils 20-2294] Restore dedicated route partition: failed to restore pin io_ddr_00_bg on instance level0_i/ulp
CRITICAL WARNING: [Designutils 20-2294] Restore dedicated route partition: failed to restore pin io_ddr_00_ck_c on instance level0_i/ulp
CRITICAL WARNING: [Designutils 20-2294] Restore dedicated route partition: failed to restore pin io_ddr_00_ck_t on instance level0_i/ulp
CRITICAL WARNING: [Designutils 20-2294] Restore dedicated route partition: failed to restore pin io_ddr_00_cke on instance level0_i/ulp
CRITICAL WARNING: [Designutils 20-2294] Restore dedicated route partition: failed to restore pin io_ddr_00_cs_n on instance level0_i/ulp
CRITICAL WARNING: [Designutils 20-2294] Restore dedicated route partition: failed to restore pin io_ddr_00_odt on instance level0_i/ulp
Reading XDEF routing.
Read XDEF File: Time (s): cpu = 00:00:21 ; elapsed = 00:00:22 . Memory (MB): peak = 7618.809 ; gain = 0.000 ; free physical = 113320 ; free virtual = 239445
Restored from archive | CPU: 21.930000 secs | Memory: 216.353661 MB |
Finished XDEF File Restore: Time (s): cpu = 00:00:22 ; elapsed = 00:00:22 . Memory (MB): peak = 7618.809 ; gain = 0.000 ; free physical = 113320 ; free virtual = 239444
WARNING: [Constraints 18-4434] Global Clock Buffer 'level0_i/blp/blp_i/blp_static_region_ss/inst/static_region/slr1/base_clocking/clk_freq_scaler_0/inst/BUFGCE_inst' is LOCed to site 'BUFGCE_X0Y57'. Using a LOC constraint to assign the placement of a Global Clock Buffer can result in sub-optimal placement results.
Resolution: Remove the LOC constraint and use the CLOCK_REGION constraint to assign a Global Clock Buffer to a CLOCK_REGION.
WARNING: [Constraints 18-4434] Global Clock Buffer 'level0_i/blp/blp_i/blp_static_region_ss/inst/static_region/slr1/base_clocking/clk_wiz_0/inst/clkout1_buf' is LOCed to site 'BUFGCE_X0Y10'. Using a LOC constraint to assign the placement of a Global Clock Buffer can result in sub-optimal placement results.
Resolution: Remove the LOC constraint and use the CLOCK_REGION constraint to assign a Global Clock Buffer to a CLOCK_REGION.
WARNING: [Constraints 18-4434] Global Clock Buffer 'level0_i/blp/blp_i/blp_static_region_ss/inst/static_region/slr1/base_clocking/clkwiz_kernel/inst/CLK_CORE_DRP_I/clk_inst/clkout1_buf' is LOCed to site 'BUFGCE_X0Y71'. Using a LOC constraint to assign the placement of a Global Clock Buffer can result in sub-optimal placement results.
Resolution: Remove the LOC constraint and use the CLOCK_REGION constraint to assign a Global Clock Buffer to a CLOCK_REGION.
WARNING: [Constraints 18-4434] Global Clock Buffer 'level0_i/blp/blp_i/blp_static_region_ss/inst/static_region/slr1/base_clocking/clkwiz_kernel2/inst/CLK_CORE_DRP_I/clk_inst/clkout1_buf' is LOCed to site 'BUFGCE_X0Y77'. Using a LOC constraint to assign the placement of a Global Clock Buffer can result in sub-optimal placement results.
Resolution: Remove the LOC constraint and use the CLOCK_REGION constraint to assign a Global Clock Buffer to a CLOCK_REGION.
WARNING: [Constraints 18-4434] Global Clock Buffer 'level0_i/blp/blp_i/blp_static_region_ss/inst/static_region/slr1/base_clocking/clkwiz_pcie/inst/clkout1_buf' is LOCed to site 'BUFGCE_X0Y72'. Using a LOC constraint to assign the placement of a Global Clock Buffer can result in sub-optimal placement results.
Resolution: Remove the LOC constraint and use the CLOCK_REGION constraint to assign a Global Clock Buffer to a CLOCK_REGION.
WARNING: [Constraints 18-4434] Global Clock Buffer 'level0_i/blp/blp_i/blp_static_region_ss/inst/static_region/slr1/base_clocking/clkwiz_scheduler/inst/clkout1_buf' is LOCed to site 'BUFGCE_X0Y2'. Using a LOC constraint to assign the placement of a Global Clock Buffer can result in sub-optimal placement results.
Resolution: Remove the LOC constraint and use the CLOCK_REGION constraint to assign a Global Clock Buffer to a CLOCK_REGION.
WARNING: [Constraints 18-4434] Global Clock Buffer 'level0_i/blp/blp_i/blp_static_region_ss/inst/static_region/slr1/base_clocking/clkwiz_sysclks/inst/clkout2_buf' is LOCed to site 'BUFGCE_X0Y19'. Using a LOC constraint to assign the placement of a Global Clock Buffer can result in sub-optimal placement results.
Resolution: Remove the LOC constraint and use the CLOCK_REGION constraint to assign a Global Clock Buffer to a CLOCK_REGION.
WARNING: [Constraints 18-4434] Global Clock Buffer 'level0_i/blp/blp_i/blp_static_region_ss/inst/static_region/slr1/brd_mgmt_scheduler/mdm_board_control/U0/No_Dbg_Reg_Access.BUFG_DRCK/Using_FPGA.Native' is LOCed to site 'BUFGCE_X0Y73'. Using a LOC constraint to assign the placement of a Global Clock Buffer can result in sub-optimal placement results.
Resolution: Remove the LOC constraint and use the CLOCK_REGION constraint to assign a Global Clock Buffer to a CLOCK_REGION.
WARNING: [Constraints 18-4434] Global Clock Buffer 'level0_i/blp/blp_i/blp_static_region_ss/inst/static_region/slr1/brd_mgmt_scheduler/mdm_board_control/U0/Use_External.Use_BSCANID.No_Dbg_Reg_Access.BUFG_UPDATE/Using_FPGA.Native' is LOCed to site 'BUFGCE_X0Y83'. Using a LOC constraint to assign the placement of a Global Clock Buffer can result in sub-optimal placement results.
Resolution: Remove the LOC constraint and use the CLOCK_REGION constraint to assign a Global Clock Buffer to a CLOCK_REGION.
WARNING: [Constraints 18-4434] Global Clock Buffer 'level0_i/blp/blp_i/blp_static_region_ss/inst/static_region/slr1/jtag_fallback/inst/bs_switch/inst/BSCAN_SWITCH.N_EXT_BSCAN.u_bufg_icon_tck' is LOCed to site 'BUFGCE_X0Y75'. Using a LOC constraint to assign the placement of a Global Clock Buffer can result in sub-optimal placement results.
Resolution: Remove the LOC constraint and use the CLOCK_REGION constraint to assign a Global Clock Buffer to a CLOCK_REGION.
WARNING: [Constraints 18-4434] Global Clock Buffer 'level0_i/blp/blp_i/blp_static_region_ss/inst/static_region/slr1/memc/ddr1_clk_bufg/U0/USE_BUFG.GEN_BUFG[0].BUFG_U' is LOCed to site 'BUFGCE_X0Y47'. Using a LOC constraint to assign the placement of a Global Clock Buffer can result in sub-optimal placement results.
Resolution: Remove the LOC constraint and use the CLOCK_REGION constraint to assign a Global Clock Buffer to a CLOCK_REGION.
WARNING: [Constraints 18-4434] Global Clock Buffer 'level0_i/blp/blp_i/blp_static_region_ss/inst/static_region/slr1/mgmt_debug_bridge/inst/bs_mux/inst/u_bufg_mux' is LOCed to site 'BUFGCTRL_X0Y7'. Using a LOC constraint to assign the placement of a Global Clock Buffer can result in sub-optimal placement results.
Resolution: Remove the LOC constraint and use the CLOCK_REGION constraint to assign a Global Clock Buffer to a CLOCK_REGION.
WARNING: [Constraints 18-4434] Global Clock Buffer 'level0_i/blp/blp_i/blp_static_region_ss/inst/static_region/slr1/mgmt_debug_bridge/inst/bsip/inst/USE_SOFTBSCAN.U_TAP_TCKBUFG' is LOCed to site 'BUFGCE_X0Y52'. Using a LOC constraint to assign the placement of a Global Clock Buffer can result in sub-optimal placement results.
Resolution: Remove the LOC constraint and use the CLOCK_REGION constraint to assign a Global Clock Buffer to a CLOCK_REGION.
WARNING: [Constraints 18-4434] Global Clock Buffer 'level0_i/blp/blp_i/blp_static_region_ss/inst/static_region/slr1/pcie_3port_switch_0/inst/downstream_port_i/ds_port_pcie.p4usp_dp_i/inst/bd_aabe_pcie_3port_switch_0_0_ds_port_gt_top_i/diablo_gt.diablo_gt_phy_wrapper/gt_wizard.gtwizard_top_i/bd_aabe_pcie_3port_switch_0_0_ds_port_gt_i/inst/gen_gtwizard_gthe4_top.bd_aabe_pcie_3port_switch_0_0_ds_port_gt_gtwizard_gthe4_inst/gen_gtwizard_gthe4.gen_cpll_cal_gthe4.gen_cpll_cal_inst[0].gen_inst_cpll_cal.gtwizard_ultrascale_v1_7_10_gthe4_cpll_cal_inst/gtwizard_ultrascale_v1_7_10_gthe4_cpll_cal_tx_i/bufg_gt_txoutclkmon_inst' is LOCed to site 'BUFG_GT_X1Y65'. Using a LOC constraint to assign the placement of a Global Clock Buffer can result in sub-optimal placement results.
Resolution: Remove the LOC constraint and use the CLOCK_REGION constraint to assign a Global Clock Buffer to a CLOCK_REGION.
WARNING: [Constraints 18-4434] Global Clock Buffer 'level0_i/blp/blp_i/blp_static_region_ss/inst/static_region/slr1/pcie_3port_switch_0/inst/downstream_port_i/ds_port_pcie.p4usp_dp_i/inst/bd_aabe_pcie_3port_switch_0_0_ds_port_gt_top_i/diablo_gt.diablo_gt_phy_wrapper/gt_wizard.gtwizard_top_i/bd_aabe_pcie_3port_switch_0_0_ds_port_gt_i/inst/gen_gtwizard_gthe4_top.bd_aabe_pcie_3port_switch_0_0_ds_port_gt_gtwizard_gthe4_inst/gen_gtwizard_gthe4.gen_cpll_cal_gthe4.gen_cpll_cal_inst[1].gen_inst_cpll_cal.gtwizard_ultrascale_v1_7_10_gthe4_cpll_cal_inst/gtwizard_ultrascale_v1_7_10_gthe4_cpll_cal_tx_i/bufg_gt_txoutclkmon_inst' is LOCed to site 'BUFG_GT_X1Y54'. Using a LOC constraint to assign the placement of a Global Clock Buffer can result in sub-optimal placement results.
Resolution: Remove the LOC constraint and use the CLOCK_REGION constraint to assign a Global Clock Buffer to a CLOCK_REGION.
WARNING: [Constraints 18-4434] Global Clock Buffer 'level0_i/blp/blp_i/blp_static_region_ss/inst/static_region/slr1/pcie_3port_switch_0/inst/downstream_port_i/ds_port_pcie.p4usp_dp_i/inst/bd_aabe_pcie_3port_switch_0_0_ds_port_gt_top_i/diablo_gt.diablo_gt_phy_wrapper/gt_wizard.gtwizard_top_i/bd_aabe_pcie_3port_switch_0_0_ds_port_gt_i/inst/gen_gtwizard_gthe4_top.bd_aabe_pcie_3port_switch_0_0_ds_port_gt_gtwizard_gthe4_inst/gen_gtwizard_gthe4.gen_cpll_cal_gthe4.gen_cpll_cal_inst[2].gen_inst_cpll_cal.gtwizard_ultrascale_v1_7_10_gthe4_cpll_cal_inst/gtwizard_ultrascale_v1_7_10_gthe4_cpll_cal_tx_i/bufg_gt_txoutclkmon_inst' is LOCed to site 'BUFG_GT_X1Y71'. Using a LOC constraint to assign the placement of a Global Clock Buffer can result in sub-optimal placement results.
Resolution: Remove the LOC constraint and use the CLOCK_REGION constraint to assign a Global Clock Buffer to a CLOCK_REGION.
WARNING: [Constraints 18-4434] Global Clock Buffer 'level0_i/blp/blp_i/blp_static_region_ss/inst/static_region/slr1/pcie_3port_switch_0/inst/downstream_port_i/ds_port_pcie.p4usp_dp_i/inst/bd_aabe_pcie_3port_switch_0_0_ds_port_gt_top_i/diablo_gt.diablo_gt_phy_wrapper/gt_wizard.gtwizard_top_i/bd_aabe_pcie_3port_switch_0_0_ds_port_gt_i/inst/gen_gtwizard_gthe4_top.bd_aabe_pcie_3port_switch_0_0_ds_port_gt_gtwizard_gthe4_inst/gen_gtwizard_gthe4.gen_cpll_cal_gthe4.gen_cpll_cal_inst[3].gen_inst_cpll_cal.gtwizard_ultrascale_v1_7_10_gthe4_cpll_cal_inst/gtwizard_ultrascale_v1_7_10_gthe4_cpll_cal_tx_i/bufg_gt_txoutclkmon_inst' is LOCed to site 'BUFG_GT_X1Y63'. Using a LOC constraint to assign the placement of a Global Clock Buffer can result in sub-optimal placement results.
Resolution: Remove the LOC constraint and use the CLOCK_REGION constraint to assign a Global Clock Buffer to a CLOCK_REGION.
WARNING: [Constraints 18-4434] Global Clock Buffer 'level0_i/blp/blp_i/blp_static_region_ss/inst/static_region/slr1/pcie_3port_switch_0/inst/downstream_port_i/ds_port_pcie.p4usp_dp_i/inst/bd_aabe_pcie_3port_switch_0_0_ds_port_gt_top_i/diablo_gt.diablo_gt_phy_wrapper/phy_clk_i/bufg_gt_coreclk' is LOCed to site 'BUFG_GT_X1Y64'. Using a LOC constraint to assign the placement of a Global Clock Buffer can result in sub-optimal placement results.
Resolution: Remove the LOC constraint and use the CLOCK_REGION constraint to assign a Global Clock Buffer to a CLOCK_REGION.
WARNING: [Constraints 18-4434] Global Clock Buffer 'level0_i/blp/blp_i/blp_static_region_ss/inst/static_region/slr1/pcie_3port_switch_0/inst/downstream_port_i/ds_port_pcie.p4usp_dp_i/inst/bd_aabe_pcie_3port_switch_0_0_ds_port_gt_top_i/diablo_gt.diablo_gt_phy_wrapper/phy_clk_i/bufg_gt_intclk' is LOCed to site 'BUFG_GT_X1Y60'. Using a LOC constraint to assign the placement of a Global Clock Buffer can result in sub-optimal placement results.
Resolution: Remove the LOC constraint and use the CLOCK_REGION constraint to assign a Global Clock Buffer to a CLOCK_REGION.
WARNING: [Constraints 18-4434] Global Clock Buffer 'level0_i/blp/blp_i/blp_static_region_ss/inst/static_region/slr1/pcie_3port_switch_0/inst/downstream_port_i/ds_port_pcie.p4usp_dp_i/inst/bd_aabe_pcie_3port_switch_0_0_ds_port_gt_top_i/diablo_gt.diablo_gt_phy_wrapper/phy_clk_i/bufg_gt_mcapclk' is LOCed to site 'BUFG_GT_X1Y70'. Using a LOC constraint to assign the placement of a Global Clock Buffer can result in sub-optimal placement results.
Resolution: Remove the LOC constraint and use the CLOCK_REGION constraint to assign a Global Clock Buffer to a CLOCK_REGION.
WARNING: [Constraints 18-4434] Global Clock Buffer 'level0_i/blp/blp_i/blp_static_region_ss/inst/static_region/slr1/pcie_3port_switch_0/inst/downstream_port_i/ds_port_pcie.p4usp_dp_i/inst/bd_aabe_pcie_3port_switch_0_0_ds_port_gt_top_i/diablo_gt.diablo_gt_phy_wrapper/phy_clk_i/bufg_gt_pclk' is LOCed to site 'BUFG_GT_X1Y68'. Using a LOC constraint to assign the placement of a Global Clock Buffer can result in sub-optimal placement results.
Resolution: Remove the LOC constraint and use the CLOCK_REGION constraint to assign a Global Clock Buffer to a CLOCK_REGION.
WARNING: [Constraints 18-4434] Global Clock Buffer 'level0_i/blp/blp_i/blp_static_region_ss/inst/static_region/slr1/pcie_3port_switch_0/inst/downstream_port_i/ds_port_pcie.p4usp_dp_i/inst/bufg_gt_sysclk' is LOCed to site 'BUFG_GT_X1Y56'. Using a LOC constraint to assign the placement of a Global Clock Buffer can result in sub-optimal placement results.
Resolution: Remove the LOC constraint and use the CLOCK_REGION constraint to assign a Global Clock Buffer to a CLOCK_REGION.
WARNING: [Constraints 18-4434] Global Clock Buffer 'level0_i/blp/blp_i/blp_static_region_ss/inst/static_region/slr1/pcie_3port_switch_0/inst/upstream_port_i/us_port_pcie.p4usp_up_i/inst/bd_aabe_pcie_3port_switch_0_0_us_port_gt_top_i/diablo_gt.diablo_gt_phy_wrapper/gt_wizard.gtwizard_top_i/bd_aabe_pcie_3port_switch_0_0_us_port_gt_i/inst/gen_gtwizard_gthe4_top.bd_aabe_pcie_3port_switch_0_0_us_port_gt_gtwizard_gthe4_inst/gen_gtwizard_gthe4.gen_cpll_cal_gthe4.gen_cpll_cal_inst[0].gen_inst_cpll_cal.gtwizard_ultrascale_v1_7_10_gthe4_cpll_cal_inst/gtwizard_ultrascale_v1_7_10_gthe4_cpll_cal_tx_i/bufg_gt_txoutclkmon_inst' is LOCed to site 'BUFG_GT_X1Y41'. Using a LOC constraint to assign the placement of a Global Clock Buffer can result in sub-optimal placement results.
Resolution: Remove the LOC constraint and use the CLOCK_REGION constraint to assign a Global Clock Buffer to a CLOCK_REGION.
WARNING: [Constraints 18-4434] Global Clock Buffer 'level0_i/blp/blp_i/blp_static_region_ss/inst/static_region/slr1/pcie_3port_switch_0/inst/upstream_port_i/us_port_pcie.p4usp_up_i/inst/bd_aabe_pcie_3port_switch_0_0_us_port_gt_top_i/diablo_gt.diablo_gt_phy_wrapper/gt_wizard.gtwizard_top_i/bd_aabe_pcie_3port_switch_0_0_us_port_gt_i/inst/gen_gtwizard_gthe4_top.bd_aabe_pcie_3port_switch_0_0_us_port_gt_gtwizard_gthe4_inst/gen_gtwizard_gthe4.gen_cpll_cal_gthe4.gen_cpll_cal_inst[1].gen_inst_cpll_cal.gtwizard_ultrascale_v1_7_10_gthe4_cpll_cal_inst/gtwizard_ultrascale_v1_7_10_gthe4_cpll_cal_tx_i/bufg_gt_txoutclkmon_inst' is LOCed to site 'BUFG_GT_X1Y31'. Using a LOC constraint to assign the placement of a Global Clock Buffer can result in sub-optimal placement results.
Resolution: Remove the LOC constraint and use the CLOCK_REGION constraint to assign a Global Clock Buffer to a CLOCK_REGION.
WARNING: [Constraints 18-4434] Global Clock Buffer 'level0_i/blp/blp_i/blp_static_region_ss/inst/static_region/slr1/pcie_3port_switch_0/inst/upstream_port_i/us_port_pcie.p4usp_up_i/inst/bd_aabe_pcie_3port_switch_0_0_us_port_gt_top_i/diablo_gt.diablo_gt_phy_wrapper/gt_wizard.gtwizard_top_i/bd_aabe_pcie_3port_switch_0_0_us_port_gt_i/inst/gen_gtwizard_gthe4_top.bd_aabe_pcie_3port_switch_0_0_us_port_gt_gtwizard_gthe4_inst/gen_gtwizard_gthe4.gen_cpll_cal_gthe4.gen_cpll_cal_inst[2].gen_inst_cpll_cal.gtwizard_ultrascale_v1_7_10_gthe4_cpll_cal_inst/gtwizard_ultrascale_v1_7_10_gthe4_cpll_cal_tx_i/bufg_gt_txoutclkmon_inst' is LOCed to site 'BUFG_GT_X1Y14'. Using a LOC constraint to assign the placement of a Global Clock Buffer can result in sub-optimal placement results.
Resolution: Remove the LOC constraint and use the CLOCK_REGION constraint to assign a Global Clock Buffer to a CLOCK_REGION.
WARNING: [Constraints 18-4434] Global Clock Buffer 'level0_i/blp/blp_i/blp_static_region_ss/inst/static_region/slr1/pcie_3port_switch_0/inst/upstream_port_i/us_port_pcie.p4usp_up_i/inst/bd_aabe_pcie_3port_switch_0_0_us_port_gt_top_i/diablo_gt.diablo_gt_phy_wrapper/gt_wizard.gtwizard_top_i/bd_aabe_pcie_3port_switch_0_0_us_port_gt_i/inst/gen_gtwizard_gthe4_top.bd_aabe_pcie_3port_switch_0_0_us_port_gt_gtwizard_gthe4_inst/gen_gtwizard_gthe4.gen_cpll_cal_gthe4.gen_cpll_cal_inst[3].gen_inst_cpll_cal.gtwizard_ultrascale_v1_7_10_gthe4_cpll_cal_inst/gtwizard_ultrascale_v1_7_10_gthe4_cpll_cal_tx_i/bufg_gt_txoutclkmon_inst' is LOCed to site 'BUFG_GT_X1Y17'. Using a LOC constraint to assign the placement of a Global Clock Buffer can result in sub-optimal placement results.
Resolution: Remove the LOC constraint and use the CLOCK_REGION constraint to assign a Global Clock Buffer to a CLOCK_REGION.
WARNING: [Constraints 18-4434] Global Clock Buffer 'level0_i/blp/blp_i/blp_static_region_ss/inst/static_region/slr1/pcie_3port_switch_0/inst/upstream_port_i/us_port_pcie.p4usp_up_i/inst/bd_aabe_pcie_3port_switch_0_0_us_port_gt_top_i/diablo_gt.diablo_gt_phy_wrapper/phy_clk_i/bufg_gt_coreclk' is LOCed to site 'BUFG_GT_X1Y18'. Using a LOC constraint to assign the placement of a Global Clock Buffer can result in sub-optimal placement results.
Resolution: Remove the LOC constraint and use the CLOCK_REGION constraint to assign a Global Clock Buffer to a CLOCK_REGION.
WARNING: [Constraints 18-4434] Global Clock Buffer 'level0_i/blp/blp_i/blp_static_region_ss/inst/static_region/slr1/pcie_3port_switch_0/inst/upstream_port_i/us_port_pcie.p4usp_up_i/inst/bd_aabe_pcie_3port_switch_0_0_us_port_gt_top_i/diablo_gt.diablo_gt_phy_wrapper/phy_clk_i/bufg_gt_intclk' is LOCed to site 'BUFG_GT_X1Y15'. Using a LOC constraint to assign the placement of a Global Clock Buffer can result in sub-optimal placement results.
Resolution: Remove the LOC constraint and use the CLOCK_REGION constraint to assign a Global Clock Buffer to a CLOCK_REGION.
WARNING: [Constraints 18-4434] Global Clock Buffer 'level0_i/blp/blp_i/blp_static_region_ss/inst/static_region/slr1/pcie_3port_switch_0/inst/upstream_port_i/us_port_pcie.p4usp_up_i/inst/bd_aabe_pcie_3port_switch_0_0_us_port_gt_top_i/diablo_gt.diablo_gt_phy_wrapper/phy_clk_i/bufg_gt_mcapclk' is LOCed to site 'BUFG_GT_X1Y13'. Using a LOC constraint to assign the placement of a Global Clock Buffer can result in sub-optimal placement results.
Resolution: Remove the LOC constraint and use the CLOCK_REGION constraint to assign a Global Clock Buffer to a CLOCK_REGION.
WARNING: [Constraints 18-4434] Global Clock Buffer 'level0_i/blp/blp_i/blp_static_region_ss/inst/static_region/slr1/pcie_3port_switch_0/inst/upstream_port_i/us_port_pcie.p4usp_up_i/inst/bd_aabe_pcie_3port_switch_0_0_us_port_gt_top_i/diablo_gt.diablo_gt_phy_wrapper/phy_clk_i/bufg_gt_pclk' is LOCed to site 'BUFG_GT_X1Y12'. Using a LOC constraint to assign the placement of a Global Clock Buffer can result in sub-optimal placement results.
Resolution: Remove the LOC constraint and use the CLOCK_REGION constraint to assign a Global Clock Buffer to a CLOCK_REGION.
WARNING: [Constraints 18-4434] Global Clock Buffer 'level0_i/blp/blp_i/blp_static_region_ss/inst/static_region/slr1/pcie_3port_switch_0/inst/upstream_port_i/us_port_pcie.p4usp_up_i/inst/bufg_gt_sysclk' is LOCed to site 'BUFG_GT_X1Y22'. Using a LOC constraint to assign the placement of a Global Clock Buffer can result in sub-optimal placement results.
Resolution: Remove the LOC constraint and use the CLOCK_REGION constraint to assign a Global Clock Buffer to a CLOCK_REGION.
Parsing XDC File [/home/uni/project/smartssd/host_file_sum64/_x/link/vivado/vpl/prj/prj.gen/my_rm/bd/ulp/ip/ulp_regslice_data_static1_0/ulp_regslice_data_static1_0_clocks.xdc] for cell 'level0_i/ulp/slr1/regslice_data_static1/inst'
WARNING: [Vivado_Tcl 4-921] Waiver ID 'CDC-7' -to list should not be empty. [/home/uni/project/smartssd/host_file_sum64/_x/link/vivado/vpl/prj/prj.gen/my_rm/bd/ulp/ip/ulp_regslice_data_static1_0/ulp_regslice_data_static1_0_clocks.xdc:10]
Finished Parsing XDC File [/home/uni/project/smartssd/host_file_sum64/_x/link/vivado/vpl/prj/prj.gen/my_rm/bd/ulp/ip/ulp_regslice_data_static1_0/ulp_regslice_data_static1_0_clocks.xdc] for cell 'level0_i/ulp/slr1/regslice_data_static1/inst'
Parsing XDC File [/home/uni/project/smartssd/host_file_sum64/_x/link/vivado/vpl/prj/prj.gen/my_rm/bd/ulp/ip/ulp_regslice_control_userpf_0/ulp_regslice_control_userpf_0_clocks.xdc] for cell 'level0_i/ulp/slr1/regslice_control_userpf/inst'
WARNING: [Vivado_Tcl 4-921] Waiver ID 'CDC-7' -to list should not be empty. [/home/uni/project/smartssd/host_file_sum64/_x/link/vivado/vpl/prj/prj.gen/my_rm/bd/ulp/ip/ulp_regslice_control_userpf_0/ulp_regslice_control_userpf_0_clocks.xdc:10]
Finished Parsing XDC File [/home/uni/project/smartssd/host_file_sum64/_x/link/vivado/vpl/prj/prj.gen/my_rm/bd/ulp/ip/ulp_regslice_control_userpf_0/ulp_regslice_control_userpf_0_clocks.xdc] for cell 'level0_i/ulp/slr1/regslice_control_userpf/inst'
Parsing XDC File [/home/uni/project/smartssd/host_file_sum64/_x/link/vivado/vpl/prj/prj.gen/my_rm/bd/ulp/ip/ulp_regslice_control_mgntpf_0/ulp_regslice_control_mgntpf_0_clocks.xdc] for cell 'level0_i/ulp/slr1/regslice_control_mgntpf/inst'
WARNING: [Vivado_Tcl 4-921] Waiver ID 'CDC-7' -to list should not be empty. [/home/uni/project/smartssd/host_file_sum64/_x/link/vivado/vpl/prj/prj.gen/my_rm/bd/ulp/ip/ulp_regslice_control_mgntpf_0/ulp_regslice_control_mgntpf_0_clocks.xdc:10]
Finished Parsing XDC File [/home/uni/project/smartssd/host_file_sum64/_x/link/vivado/vpl/prj/prj.gen/my_rm/bd/ulp/ip/ulp_regslice_control_mgntpf_0/ulp_regslice_control_mgntpf_0_clocks.xdc] for cell 'level0_i/ulp/slr1/regslice_control_mgntpf/inst'
Parsing XDC File [/home/uni/project/smartssd/host_file_sum64/_x/link/vivado/vpl/prj/prj.gen/my_rm/bd/ulp/ip/ulp_regslice_data_static_0/ulp_regslice_data_static_0_clocks.xdc] for cell 'level0_i/ulp/slr1/regslice_data_static/inst'
WARNING: [Vivado_Tcl 4-921] Waiver ID 'CDC-7' -to list should not be empty. [/home/uni/project/smartssd/host_file_sum64/_x/link/vivado/vpl/prj/prj.gen/my_rm/bd/ulp/ip/ulp_regslice_data_static_0/ulp_regslice_data_static_0_clocks.xdc:10]
Finished Parsing XDC File [/home/uni/project/smartssd/host_file_sum64/_x/link/vivado/vpl/prj/prj.gen/my_rm/bd/ulp/ip/ulp_regslice_data_static_0/ulp_regslice_data_static_0_clocks.xdc] for cell 'level0_i/ulp/slr1/regslice_data_static/inst'
Parsing XDC File [/home/uni/project/smartssd/host_file_sum64/_x/link/vivado/vpl/prj/prj.gen/my_rm/bd/ulp/ip/ulp_axi_cdc_data_static1_0/ulp_axi_cdc_data_static1_0_clocks.xdc] for cell 'level0_i/ulp/slr1/axi_cdc_data_static1/inst'
Finished Parsing XDC File [/home/uni/project/smartssd/host_file_sum64/_x/link/vivado/vpl/prj/prj.gen/my_rm/bd/ulp/ip/ulp_axi_cdc_data_static1_0/ulp_axi_cdc_data_static1_0_clocks.xdc] for cell 'level0_i/ulp/slr1/axi_cdc_data_static1/inst'
Parsing XDC File [/home/uni/project/smartssd/host_file_sum64/_x/link/vivado/vpl/prj/prj.gen/my_rm/bd/ulp/ip/ulp_axi_cdc_data_static_0/ulp_axi_cdc_data_static_0_clocks.xdc] for cell 'level0_i/ulp/slr1/axi_cdc_data_static/inst'
Finished Parsing XDC File [/home/uni/project/smartssd/host_file_sum64/_x/link/vivado/vpl/prj/prj.gen/my_rm/bd/ulp/ip/ulp_axi_cdc_data_static_0/ulp_axi_cdc_data_static_0_clocks.xdc] for cell 'level0_i/ulp/slr1/axi_cdc_data_static/inst'
Parsing XDC File [/home/uni/project/smartssd/host_file_sum64/_x/link/vivado/vpl/prj/prj.gen/my_rm/bd/ulp/ip/ulp_ii_level0_wire_0/bd_0/ip/ip_7/bd_5941_s_ip_axi_ctrl_user_00_0_clocks.xdc] for cell 'level0_i/ulp/ii_level0_wire/inst/pxi_ii_core/inst/s_ip_axi_ctrl_user_00/inst'
WARNING: [Vivado_Tcl 4-921] Waiver ID 'CDC-7' -to list should not be empty. [/home/uni/project/smartssd/host_file_sum64/_x/link/vivado/vpl/prj/prj.gen/my_rm/bd/ulp/ip/ulp_ii_level0_wire_0/bd_0/ip/ip_7/bd_5941_s_ip_axi_ctrl_user_00_0_clocks.xdc:10]
Finished Parsing XDC File [/home/uni/project/smartssd/host_file_sum64/_x/link/vivado/vpl/prj/prj.gen/my_rm/bd/ulp/ip/ulp_ii_level0_wire_0/bd_0/ip/ip_7/bd_5941_s_ip_axi_ctrl_user_00_0_clocks.xdc] for cell 'level0_i/ulp/ii_level0_wire/inst/pxi_ii_core/inst/s_ip_axi_ctrl_user_00/inst'
Parsing XDC File [/home/uni/project/smartssd/host_file_sum64/_x/link/vivado/vpl/prj/prj.gen/my_rm/bd/ulp/ip/ulp_ii_level0_wire_0/bd_0/ip/ip_8/bd_5941_m_ip_axi_ctrl_user_00_0_clocks.xdc] for cell 'level0_i/ulp/ii_level0_wire/inst/pxi_ii_core/inst/m_ip_axi_ctrl_user_00/inst'
WARNING: [Vivado_Tcl 4-921] Waiver ID 'CDC-7' -to list should not be empty. [/home/uni/project/smartssd/host_file_sum64/_x/link/vivado/vpl/prj/prj.gen/my_rm/bd/ulp/ip/ulp_ii_level0_wire_0/bd_0/ip/ip_8/bd_5941_m_ip_axi_ctrl_user_00_0_clocks.xdc:10]
Finished Parsing XDC File [/home/uni/project/smartssd/host_file_sum64/_x/link/vivado/vpl/prj/prj.gen/my_rm/bd/ulp/ip/ulp_ii_level0_wire_0/bd_0/ip/ip_8/bd_5941_m_ip_axi_ctrl_user_00_0_clocks.xdc] for cell 'level0_i/ulp/ii_level0_wire/inst/pxi_ii_core/inst/m_ip_axi_ctrl_user_00/inst'
Parsing XDC File [/home/uni/project/smartssd/host_file_sum64/_x/link/vivado/vpl/prj/prj.gen/my_rm/bd/ulp/ip/ulp_ii_level0_wire_0/bd_0/ip/ip_9/bd_5941_s_ip_axi_ctrl_user_01_0_clocks.xdc] for cell 'level0_i/ulp/ii_level0_wire/inst/pxi_ii_core/inst/s_ip_axi_ctrl_user_01/inst'
WARNING: [Vivado_Tcl 4-921] Waiver ID 'CDC-7' -to list should not be empty. [/home/uni/project/smartssd/host_file_sum64/_x/link/vivado/vpl/prj/prj.gen/my_rm/bd/ulp/ip/ulp_ii_level0_wire_0/bd_0/ip/ip_9/bd_5941_s_ip_axi_ctrl_user_01_0_clocks.xdc:10]
Finished Parsing XDC File [/home/uni/project/smartssd/host_file_sum64/_x/link/vivado/vpl/prj/prj.gen/my_rm/bd/ulp/ip/ulp_ii_level0_wire_0/bd_0/ip/ip_9/bd_5941_s_ip_axi_ctrl_user_01_0_clocks.xdc] for cell 'level0_i/ulp/ii_level0_wire/inst/pxi_ii_core/inst/s_ip_axi_ctrl_user_01/inst'
Parsing XDC File [/home/uni/project/smartssd/host_file_sum64/_x/link/vivado/vpl/prj/prj.gen/my_rm/bd/ulp/ip/ulp_ii_level0_wire_0/bd_0/ip/ip_10/bd_5941_m_ip_axi_ctrl_user_01_0_clocks.xdc] for cell 'level0_i/ulp/ii_level0_wire/inst/pxi_ii_core/inst/m_ip_axi_ctrl_user_01/inst'
WARNING: [Vivado_Tcl 4-921] Waiver ID 'CDC-7' -to list should not be empty. [/home/uni/project/smartssd/host_file_sum64/_x/link/vivado/vpl/prj/prj.gen/my_rm/bd/ulp/ip/ulp_ii_level0_wire_0/bd_0/ip/ip_10/bd_5941_m_ip_axi_ctrl_user_01_0_clocks.xdc:10]
Finished Parsing XDC File [/home/uni/project/smartssd/host_file_sum64/_x/link/vivado/vpl/prj/prj.gen/my_rm/bd/ulp/ip/ulp_ii_level0_wire_0/bd_0/ip/ip_10/bd_5941_m_ip_axi_ctrl_user_01_0_clocks.xdc] for cell 'level0_i/ulp/ii_level0_wire/inst/pxi_ii_core/inst/m_ip_axi_ctrl_user_01/inst'
Parsing XDC File [/home/uni/project/smartssd/host_file_sum64/_x/link/vivado/vpl/prj/prj.gen/my_rm/bd/ulp/ip/ulp_ii_level0_wire_0/bd_0/ip/ip_11/bd_5941_s_ip_axi_ctrl_user_02_0_clocks.xdc] for cell 'level0_i/ulp/ii_level0_wire/inst/pxi_ii_core/inst/s_ip_axi_ctrl_user_02/inst'
WARNING: [Vivado_Tcl 4-921] Waiver ID 'CDC-7' -to list should not be empty. [/home/uni/project/smartssd/host_file_sum64/_x/link/vivado/vpl/prj/prj.gen/my_rm/bd/ulp/ip/ulp_ii_level0_wire_0/bd_0/ip/ip_11/bd_5941_s_ip_axi_ctrl_user_02_0_clocks.xdc:10]
Finished Parsing XDC File [/home/uni/project/smartssd/host_file_sum64/_x/link/vivado/vpl/prj/prj.gen/my_rm/bd/ulp/ip/ulp_ii_level0_wire_0/bd_0/ip/ip_11/bd_5941_s_ip_axi_ctrl_user_02_0_clocks.xdc] for cell 'level0_i/ulp/ii_level0_wire/inst/pxi_ii_core/inst/s_ip_axi_ctrl_user_02/inst'
Parsing XDC File [/home/uni/project/smartssd/host_file_sum64/_x/link/vivado/vpl/prj/prj.gen/my_rm/bd/ulp/ip/ulp_ii_level0_wire_0/bd_0/ip/ip_12/bd_5941_m_ip_axi_ctrl_user_02_0_clocks.xdc] for cell 'level0_i/ulp/ii_level0_wire/inst/pxi_ii_core/inst/m_ip_axi_ctrl_user_02/inst'
WARNING: [Vivado_Tcl 4-921] Waiver ID 'CDC-7' -to list should not be empty. [/home/uni/project/smartssd/host_file_sum64/_x/link/vivado/vpl/prj/prj.gen/my_rm/bd/ulp/ip/ulp_ii_level0_wire_0/bd_0/ip/ip_12/bd_5941_m_ip_axi_ctrl_user_02_0_clocks.xdc:10]
Finished Parsing XDC File [/home/uni/project/smartssd/host_file_sum64/_x/link/vivado/vpl/prj/prj.gen/my_rm/bd/ulp/ip/ulp_ii_level0_wire_0/bd_0/ip/ip_12/bd_5941_m_ip_axi_ctrl_user_02_0_clocks.xdc] for cell 'level0_i/ulp/ii_level0_wire/inst/pxi_ii_core/inst/m_ip_axi_ctrl_user_02/inst'
Parsing XDC File [/home/uni/project/smartssd/host_file_sum64/_x/link/vivado/vpl/prj/prj.gen/my_rm/bd/ulp/ip/ulp_ii_level0_wire_0/bd_0/ip/ip_13/bd_5941_s_ip_axi_data_h2c_00_0_clocks.xdc] for cell 'level0_i/ulp/ii_level0_wire/inst/pxi_ii_core/inst/s_ip_axi_data_h2c_00/inst'
WARNING: [Vivado_Tcl 4-921] Waiver ID 'CDC-7' -to list should not be empty. [/home/uni/project/smartssd/host_file_sum64/_x/link/vivado/vpl/prj/prj.gen/my_rm/bd/ulp/ip/ulp_ii_level0_wire_0/bd_0/ip/ip_13/bd_5941_s_ip_axi_data_h2c_00_0_clocks.xdc:10]
Finished Parsing XDC File [/home/uni/project/smartssd/host_file_sum64/_x/link/vivado/vpl/prj/prj.gen/my_rm/bd/ulp/ip/ulp_ii_level0_wire_0/bd_0/ip/ip_13/bd_5941_s_ip_axi_data_h2c_00_0_clocks.xdc] for cell 'level0_i/ulp/ii_level0_wire/inst/pxi_ii_core/inst/s_ip_axi_data_h2c_00/inst'
Parsing XDC File [/home/uni/project/smartssd/host_file_sum64/_x/link/vivado/vpl/prj/prj.gen/my_rm/bd/ulp/ip/ulp_ii_level0_wire_0/bd_0/ip/ip_14/bd_5941_m_ip_axi_data_h2c_00_0_clocks.xdc] for cell 'level0_i/ulp/ii_level0_wire/inst/pxi_ii_core/inst/m_ip_axi_data_h2c_00/inst'
WARNING: [Vivado_Tcl 4-921] Waiver ID 'CDC-7' -to list should not be empty. [/home/uni/project/smartssd/host_file_sum64/_x/link/vivado/vpl/prj/prj.gen/my_rm/bd/ulp/ip/ulp_ii_level0_wire_0/bd_0/ip/ip_14/bd_5941_m_ip_axi_data_h2c_00_0_clocks.xdc:10]
Finished Parsing XDC File [/home/uni/project/smartssd/host_file_sum64/_x/link/vivado/vpl/prj/prj.gen/my_rm/bd/ulp/ip/ulp_ii_level0_wire_0/bd_0/ip/ip_14/bd_5941_m_ip_axi_data_h2c_00_0_clocks.xdc] for cell 'level0_i/ulp/ii_level0_wire/inst/pxi_ii_core/inst/m_ip_axi_data_h2c_00/inst'
Parsing XDC File [/home/uni/project/smartssd/host_file_sum64/_x/link/vivado/vpl/prj/prj.gen/my_rm/bd/ulp/ip/ulp_ii_level0_wire_0/bd_0/ip/ip_15/bd_5941_s_ip_axi_data_h2c_01_0_clocks.xdc] for cell 'level0_i/ulp/ii_level0_wire/inst/pxi_ii_core/inst/s_ip_axi_data_h2c_01/inst'
WARNING: [Vivado_Tcl 4-921] Waiver ID 'CDC-7' -to list should not be empty. [/home/uni/project/smartssd/host_file_sum64/_x/link/vivado/vpl/prj/prj.gen/my_rm/bd/ulp/ip/ulp_ii_level0_wire_0/bd_0/ip/ip_15/bd_5941_s_ip_axi_data_h2c_01_0_clocks.xdc:10]
Finished Parsing XDC File [/home/uni/project/smartssd/host_file_sum64/_x/link/vivado/vpl/prj/prj.gen/my_rm/bd/ulp/ip/ulp_ii_level0_wire_0/bd_0/ip/ip_15/bd_5941_s_ip_axi_data_h2c_01_0_clocks.xdc] for cell 'level0_i/ulp/ii_level0_wire/inst/pxi_ii_core/inst/s_ip_axi_data_h2c_01/inst'
Parsing XDC File [/home/uni/project/smartssd/host_file_sum64/_x/link/vivado/vpl/prj/prj.gen/my_rm/bd/ulp/ip/ulp_ii_level0_wire_0/bd_0/ip/ip_16/bd_5941_m_ip_axi_data_h2c_01_0_clocks.xdc] for cell 'level0_i/ulp/ii_level0_wire/inst/pxi_ii_core/inst/m_ip_axi_data_h2c_01/inst'
WARNING: [Vivado_Tcl 4-921] Waiver ID 'CDC-7' -to list should not be empty. [/home/uni/project/smartssd/host_file_sum64/_x/link/vivado/vpl/prj/prj.gen/my_rm/bd/ulp/ip/ulp_ii_level0_wire_0/bd_0/ip/ip_16/bd_5941_m_ip_axi_data_h2c_01_0_clocks.xdc:10]
Finished Parsing XDC File [/home/uni/project/smartssd/host_file_sum64/_x/link/vivado/vpl/prj/prj.gen/my_rm/bd/ulp/ip/ulp_ii_level0_wire_0/bd_0/ip/ip_16/bd_5941_m_ip_axi_data_h2c_01_0_clocks.xdc] for cell 'level0_i/ulp/ii_level0_wire/inst/pxi_ii_core/inst/m_ip_axi_data_h2c_01/inst'
Parsing XDC File [/home/uni/project/smartssd/host_file_sum64/_x/link/vivado/vpl/prj/prj.gen/my_rm/bd/ulp/ip/ulp_ii_level0_wire_0/bd_0/ip/ip_17/bd_5941_s_ip_axi_data_h2c_02_0_clocks.xdc] for cell 'level0_i/ulp/ii_level0_wire/inst/pxi_ii_core/inst/s_ip_axi_data_h2c_02/inst'
WARNING: [Vivado_Tcl 4-921] Waiver ID 'CDC-7' -to list should not be empty. [/home/uni/project/smartssd/host_file_sum64/_x/link/vivado/vpl/prj/prj.gen/my_rm/bd/ulp/ip/ulp_ii_level0_wire_0/bd_0/ip/ip_17/bd_5941_s_ip_axi_data_h2c_02_0_clocks.xdc:10]
Finished Parsing XDC File [/home/uni/project/smartssd/host_file_sum64/_x/link/vivado/vpl/prj/prj.gen/my_rm/bd/ulp/ip/ulp_ii_level0_wire_0/bd_0/ip/ip_17/bd_5941_s_ip_axi_data_h2c_02_0_clocks.xdc] for cell 'level0_i/ulp/ii_level0_wire/inst/pxi_ii_core/inst/s_ip_axi_data_h2c_02/inst'
Parsing XDC File [/home/uni/project/smartssd/host_file_sum64/_x/link/vivado/vpl/prj/prj.gen/my_rm/bd/ulp/ip/ulp_ii_level0_wire_0/bd_0/ip/ip_18/bd_5941_m_ip_axi_data_h2c_02_0_clocks.xdc] for cell 'level0_i/ulp/ii_level0_wire/inst/pxi_ii_core/inst/m_ip_axi_data_h2c_02/inst'
WARNING: [Vivado_Tcl 4-921] Waiver ID 'CDC-7' -to list should not be empty. [/home/uni/project/smartssd/host_file_sum64/_x/link/vivado/vpl/prj/prj.gen/my_rm/bd/ulp/ip/ulp_ii_level0_wire_0/bd_0/ip/ip_18/bd_5941_m_ip_axi_data_h2c_02_0_clocks.xdc:10]
Finished Parsing XDC File [/home/uni/project/smartssd/host_file_sum64/_x/link/vivado/vpl/prj/prj.gen/my_rm/bd/ulp/ip/ulp_ii_level0_wire_0/bd_0/ip/ip_18/bd_5941_m_ip_axi_data_h2c_02_0_clocks.xdc] for cell 'level0_i/ulp/ii_level0_wire/inst/pxi_ii_core/inst/m_ip_axi_data_h2c_02/inst'
Parsing XDC File [/home/uni/project/smartssd/host_file_sum64/_x/link/vivado/vpl/prj/prj.gen/my_rm/bd/ulp/ip/ulp_ii_level0_wire_0/bd_0/ip/ip_19/bd_5941_s_ip_axi_data_h2c_03_0_clocks.xdc] for cell 'level0_i/ulp/ii_level0_wire/inst/pxi_ii_core/inst/s_ip_axi_data_h2c_03/inst'
WARNING: [Vivado_Tcl 4-921] Waiver ID 'CDC-7' -to list should not be empty. [/home/uni/project/smartssd/host_file_sum64/_x/link/vivado/vpl/prj/prj.gen/my_rm/bd/ulp/ip/ulp_ii_level0_wire_0/bd_0/ip/ip_19/bd_5941_s_ip_axi_data_h2c_03_0_clocks.xdc:10]
Finished Parsing XDC File [/home/uni/project/smartssd/host_file_sum64/_x/link/vivado/vpl/prj/prj.gen/my_rm/bd/ulp/ip/ulp_ii_level0_wire_0/bd_0/ip/ip_19/bd_5941_s_ip_axi_data_h2c_03_0_clocks.xdc] for cell 'level0_i/ulp/ii_level0_wire/inst/pxi_ii_core/inst/s_ip_axi_data_h2c_03/inst'
Parsing XDC File [/home/uni/project/smartssd/host_file_sum64/_x/link/vivado/vpl/prj/prj.gen/my_rm/bd/ulp/ip/ulp_ii_level0_wire_0/bd_0/ip/ip_20/bd_5941_m_ip_axi_data_h2c_03_0_clocks.xdc] for cell 'level0_i/ulp/ii_level0_wire/inst/pxi_ii_core/inst/m_ip_axi_data_h2c_03/inst'
WARNING: [Vivado_Tcl 4-921] Waiver ID 'CDC-7' -to list should not be empty. [/home/uni/project/smartssd/host_file_sum64/_x/link/vivado/vpl/prj/prj.gen/my_rm/bd/ulp/ip/ulp_ii_level0_wire_0/bd_0/ip/ip_20/bd_5941_m_ip_axi_data_h2c_03_0_clocks.xdc:10]
Finished Parsing XDC File [/home/uni/project/smartssd/host_file_sum64/_x/link/vivado/vpl/prj/prj.gen/my_rm/bd/ulp/ip/ulp_ii_level0_wire_0/bd_0/ip/ip_20/bd_5941_m_ip_axi_data_h2c_03_0_clocks.xdc] for cell 'level0_i/ulp/ii_level0_wire/inst/pxi_ii_core/inst/m_ip_axi_data_h2c_03/inst'
Parsing XDC File [/home/uni/project/smartssd/host_file_sum64/_x/link/vivado/vpl/prj/prj.gen/my_rm/bd/ulp/ip/ulp_ddrmem_1_0/ulp_ddrmem_1_0_board.xdc] for cell 'level0_i/ulp/ddrmem_1/inst'
Finished Parsing XDC File [/home/uni/project/smartssd/host_file_sum64/_x/link/vivado/vpl/prj/prj.gen/my_rm/bd/ulp/ip/ulp_ddrmem_1_0/ulp_ddrmem_1_0_board.xdc] for cell 'level0_i/ulp/ddrmem_1/inst'
Parsing XDC File [/home/uni/project/smartssd/host_file_sum64/_x/link/vivado/vpl/prj/prj.gen/my_rm/bd/ulp/ip/ulp_user_debug_bridge_0/bd_0/ip/ip_0/constraints/axi_jtag.xdc] for cell 'level0_i/ulp/user_debug_bridge/inst/axi_jtag/inst'
Finished Parsing XDC File [/home/uni/project/smartssd/host_file_sum64/_x/link/vivado/vpl/prj/prj.gen/my_rm/bd/ulp/ip/ulp_user_debug_bridge_0/bd_0/ip/ip_0/constraints/axi_jtag.xdc] for cell 'level0_i/ulp/user_debug_bridge/inst/axi_jtag/inst'
Parsing XDC File [/home/uni/project/smartssd/host_file_sum64/_x/link/vivado/vpl/prj/prj.gen/my_rm/bd/ulp/ip/ulp_user_debug_bridge_0/bd_0/ip/ip_1/constraints/bsip.xdc] for cell 'level0_i/ulp/user_debug_bridge/inst/bsip/inst'
Finished Parsing XDC File [/home/uni/project/smartssd/host_file_sum64/_x/link/vivado/vpl/prj/prj.gen/my_rm/bd/ulp/ip/ulp_user_debug_bridge_0/bd_0/ip/ip_1/constraints/bsip.xdc] for cell 'level0_i/ulp/user_debug_bridge/inst/bsip/inst'
Parsing XDC File [/home/uni/project/smartssd/host_file_sum64/_x/link/vivado/vpl/prj/prj.gen/my_rm/bd/ulp/ip/ulp_regslice_periph_null_0/ulp_regslice_periph_null_0_clocks.xdc] for cell 'level0_i/ulp/regslice_periph_null/inst'
WARNING: [Vivado_Tcl 4-921] Waiver ID 'CDC-7' -to list should not be empty. [/home/uni/project/smartssd/host_file_sum64/_x/link/vivado/vpl/prj/prj.gen/my_rm/bd/ulp/ip/ulp_regslice_periph_null_0/ulp_regslice_periph_null_0_clocks.xdc:10]
Finished Parsing XDC File [/home/uni/project/smartssd/host_file_sum64/_x/link/vivado/vpl/prj/prj.gen/my_rm/bd/ulp/ip/ulp_regslice_periph_null_0/ulp_regslice_periph_null_0_clocks.xdc] for cell 'level0_i/ulp/regslice_periph_null/inst'
Parsing XDC File [/home/uni/project/smartssd/host_file_sum64/_x/link/vivado/vpl/prj/prj.gen/my_rm/bd/ulp/ip/ulp_user_debug_bridge_0/bd_0/ip/ip_0/constraints/axi_jtag.xdc] for cell 'level0_i/ulp/user_debug_bridge/inst/axi_jtag/inst'
WARNING: [Constraints 18-619] A clock with name 'level0_i/ulp/user_debug_bridge/inst/axi_jtag/inst/u_jtag_proc/tck_i_reg/Q' already exists, overwriting the previous clock with the same name. [/home/uni/project/smartssd/host_file_sum64/_x/link/vivado/vpl/prj/prj.gen/my_rm/bd/ulp/ip/ulp_user_debug_bridge_0/bd_0/ip/ip_0/constraints/axi_jtag.xdc:8]
WARNING: [Vivado_Tcl 4-935] Waiver ID 'CDC-1' is a duplicate and will not be added again. [/home/uni/project/smartssd/host_file_sum64/_x/link/vivado/vpl/prj/prj.gen/my_rm/bd/ulp/ip/ulp_user_debug_bridge_0/bd_0/ip/ip_0/constraints/axi_jtag.xdc:16]
WARNING: [Vivado_Tcl 4-935] Waiver ID 'CDC-1' is a duplicate and will not be added again. [/home/uni/project/smartssd/host_file_sum64/_x/link/vivado/vpl/prj/prj.gen/my_rm/bd/ulp/ip/ulp_user_debug_bridge_0/bd_0/ip/ip_0/constraints/axi_jtag.xdc:17]
WARNING: [Vivado_Tcl 4-935] Waiver ID 'CDC-15' is a duplicate and will not be added again. [/home/uni/project/smartssd/host_file_sum64/_x/link/vivado/vpl/prj/prj.gen/my_rm/bd/ulp/ip/ulp_user_debug_bridge_0/bd_0/ip/ip_0/constraints/axi_jtag.xdc:18]
Finished Parsing XDC File [/home/uni/project/smartssd/host_file_sum64/_x/link/vivado/vpl/prj/prj.gen/my_rm/bd/ulp/ip/ulp_user_debug_bridge_0/bd_0/ip/ip_0/constraints/axi_jtag.xdc] for cell 'level0_i/ulp/user_debug_bridge/inst/axi_jtag/inst'
Parsing XDC File [/home/uni/project/smartssd/host_file_sum64/_x/link/vivado/vpl/prj/prj.gen/my_rm/bd/ulp/ip/ulp_user_debug_bridge_0/bd_0/ip/ip_1/constraints/bsip.xdc] for cell 'level0_i/ulp/user_debug_bridge/inst/bsip/inst'
WARNING: [Constraints 18-619] A clock with name 'level0_i/ulp/user_debug_bridge/inst/bsip/inst/USE_SOFTBSCAN.U_BSCAN_TAP/U_BASETAP/U_TAP/UPDATEDR_O_reg/Q' already exists, overwriting the previous clock with the same name. [/home/uni/project/smartssd/host_file_sum64/_x/link/vivado/vpl/prj/prj.gen/my_rm/bd/ulp/ip/ulp_user_debug_bridge_0/bd_0/ip/ip_1/constraints/bsip.xdc:8]
Finished Parsing XDC File [/home/uni/project/smartssd/host_file_sum64/_x/link/vivado/vpl/prj/prj.gen/my_rm/bd/ulp/ip/ulp_user_debug_bridge_0/bd_0/ip/ip_1/constraints/bsip.xdc] for cell 'level0_i/ulp/user_debug_bridge/inst/bsip/inst'
Parsing XDC File [/home/uni/project/smartssd/host_file_sum64/_x/link/vivado/vpl/prj/prj.gen/my_rm/bd/ulp/ip/ulp_auto_cc_2/ulp_auto_cc_2_clocks.xdc] for cell 'level0_i/ulp/axi_interconnect_1/m00_couplers/auto_cc/inst'
Finished Parsing XDC File [/home/uni/project/smartssd/host_file_sum64/_x/link/vivado/vpl/prj/prj.gen/my_rm/bd/ulp/ip/ulp_auto_cc_2/ulp_auto_cc_2_clocks.xdc] for cell 'level0_i/ulp/axi_interconnect_1/m00_couplers/auto_cc/inst'
Parsing XDC File [/home/uni/project/smartssd/host_file_sum64/_x/link/vivado/vpl/prj/prj.gen/my_rm/bd/ulp/ip/ulp_auto_cc_0/ulp_auto_cc_0_clocks.xdc] for cell 'level0_i/ulp/slr1/axi_interconnect_0/m00_couplers/auto_cc/inst'
WARNING: [Vivado_Tcl 4-921] Waiver ID 'CDC-10' -to list should not be empty. [/home/uni/project/smartssd/host_file_sum64/_x/link/vivado/vpl/prj/prj.gen/my_rm/bd/ulp/ip/ulp_auto_cc_0/ulp_auto_cc_0_clocks.xdc:7]
WARNING: [Vivado_Tcl 4-921] Waiver ID 'CDC-11' -to list should not be empty. [/home/uni/project/smartssd/host_file_sum64/_x/link/vivado/vpl/prj/prj.gen/my_rm/bd/ulp/ip/ulp_auto_cc_0/ulp_auto_cc_0_clocks.xdc:10]
WARNING: [Vivado_Tcl 4-921] Waiver ID 'CDC-15' -to list should not be empty. [/home/uni/project/smartssd/host_file_sum64/_x/link/vivado/vpl/prj/prj.gen/my_rm/bd/ulp/ip/ulp_auto_cc_0/ulp_auto_cc_0_clocks.xdc:13]
WARNING: [Vivado_Tcl 4-939] Waiver ID 'LUTAR-1' object list should not be empty (perhaps an invalid wildcard was used or only unsupported objects). [/home/uni/project/smartssd/host_file_sum64/_x/link/vivado/vpl/prj/prj.gen/my_rm/bd/ulp/ip/ulp_auto_cc_0/ulp_auto_cc_0_clocks.xdc:17]
Finished Parsing XDC File [/home/uni/project/smartssd/host_file_sum64/_x/link/vivado/vpl/prj/prj.gen/my_rm/bd/ulp/ip/ulp_auto_cc_0/ulp_auto_cc_0_clocks.xdc] for cell 'level0_i/ulp/slr1/axi_interconnect_0/m00_couplers/auto_cc/inst'
Parsing XDC File [/home/uni/project/smartssd/host_file_sum64/_x/link/vivado/vpl/prj/prj.gen/my_rm/bd/ulp/ip/ulp_s00_regslice_19/ulp_s00_regslice_19_clocks.xdc] for cell 'level0_i/ulp/axi_interconnect_0/s00_couplers/s00_regslice/inst'
WARNING: [Vivado_Tcl 4-921] Waiver ID 'CDC-7' -to list should not be empty. [/home/uni/project/smartssd/host_file_sum64/_x/link/vivado/vpl/prj/prj.gen/my_rm/bd/ulp/ip/ulp_s00_regslice_19/ulp_s00_regslice_19_clocks.xdc:10]
Finished Parsing XDC File [/home/uni/project/smartssd/host_file_sum64/_x/link/vivado/vpl/prj/prj.gen/my_rm/bd/ulp/ip/ulp_s00_regslice_19/ulp_s00_regslice_19_clocks.xdc] for cell 'level0_i/ulp/axi_interconnect_0/s00_couplers/s00_regslice/inst'
Parsing XDC File [/home/uni/project/smartssd/host_file_sum64/_x/link/vivado/vpl/prj/prj.gen/my_rm/bd/ulp/ip/ulp_m00_regslice_0/ulp_m00_regslice_0_clocks.xdc] for cell 'level0_i/ulp/slr1/interconnect_axilite_user/m00_couplers/m00_regslice/inst'
WARNING: [Vivado_Tcl 4-921] Waiver ID 'CDC-7' -to list should not be empty. [/home/uni/project/smartssd/host_file_sum64/_x/link/vivado/vpl/prj/prj.gen/my_rm/bd/ulp/ip/ulp_m00_regslice_0/ulp_m00_regslice_0_clocks.xdc:10]
Finished Parsing XDC File [/home/uni/project/smartssd/host_file_sum64/_x/link/vivado/vpl/prj/prj.gen/my_rm/bd/ulp/ip/ulp_m00_regslice_0/ulp_m00_regslice_0_clocks.xdc] for cell 'level0_i/ulp/slr1/interconnect_axilite_user/m00_couplers/m00_regslice/inst'
Parsing XDC File [/home/uni/project/smartssd/host_file_sum64/_x/link/vivado/vpl/prj/prj.gen/my_rm/bd/ulp/ip/ulp_m01_regslice_0/ulp_m01_regslice_0_clocks.xdc] for cell 'level0_i/ulp/slr1/interconnect_axilite_user/m01_couplers/m01_regslice/inst'
WARNING: [Vivado_Tcl 4-921] Waiver ID 'CDC-7' -to list should not be empty. [/home/uni/project/smartssd/host_file_sum64/_x/link/vivado/vpl/prj/prj.gen/my_rm/bd/ulp/ip/ulp_m01_regslice_0/ulp_m01_regslice_0_clocks.xdc:10]
Finished Parsing XDC File [/home/uni/project/smartssd/host_file_sum64/_x/link/vivado/vpl/prj/prj.gen/my_rm/bd/ulp/ip/ulp_m01_regslice_0/ulp_m01_regslice_0_clocks.xdc] for cell 'level0_i/ulp/slr1/interconnect_axilite_user/m01_couplers/m01_regslice/inst'
Parsing XDC File [/home/uni/project/smartssd/host_file_sum64/_x/link/vivado/vpl/prj/prj.gen/my_rm/bd/ulp/ip/ulp_s00_regslice_22/ulp_s00_regslice_22_clocks.xdc] for cell 'level0_i/ulp/slr1/interconnect_axilite_user/s00_couplers/s00_regslice/inst'
WARNING: [Vivado_Tcl 4-921] Waiver ID 'CDC-7' -to list should not be empty. [/home/uni/project/smartssd/host_file_sum64/_x/link/vivado/vpl/prj/prj.gen/my_rm/bd/ulp/ip/ulp_s00_regslice_22/ulp_s00_regslice_22_clocks.xdc:10]
Finished Parsing XDC File [/home/uni/project/smartssd/host_file_sum64/_x/link/vivado/vpl/prj/prj.gen/my_rm/bd/ulp/ip/ulp_s00_regslice_22/ulp_s00_regslice_22_clocks.xdc] for cell 'level0_i/ulp/slr1/interconnect_axilite_user/s00_couplers/s00_regslice/inst'
Parsing XDC File [/home/uni/project/smartssd/host_file_sum64/_x/link/vivado/vpl/prj/prj.gen/my_rm/bd/ulp/ip/ulp_auto_cc_1/ulp_auto_cc_1_clocks.xdc] for cell 'level0_i/ulp/slr1/interconnect_axilite_user/m01_couplers/auto_cc/inst'
WARNING: [Vivado_Tcl 4-921] Waiver ID 'CDC-10' -to list should not be empty. [/home/uni/project/smartssd/host_file_sum64/_x/link/vivado/vpl/prj/prj.gen/my_rm/bd/ulp/ip/ulp_auto_cc_1/ulp_auto_cc_1_clocks.xdc:7]
WARNING: [Vivado_Tcl 4-921] Waiver ID 'CDC-11' -to list should not be empty. [/home/uni/project/smartssd/host_file_sum64/_x/link/vivado/vpl/prj/prj.gen/my_rm/bd/ulp/ip/ulp_auto_cc_1/ulp_auto_cc_1_clocks.xdc:10]
WARNING: [Vivado_Tcl 4-921] Waiver ID 'CDC-15' -to list should not be empty. [/home/uni/project/smartssd/host_file_sum64/_x/link/vivado/vpl/prj/prj.gen/my_rm/bd/ulp/ip/ulp_auto_cc_1/ulp_auto_cc_1_clocks.xdc:13]
WARNING: [Vivado_Tcl 4-939] Waiver ID 'LUTAR-1' object list should not be empty (perhaps an invalid wildcard was used or only unsupported objects). [/home/uni/project/smartssd/host_file_sum64/_x/link/vivado/vpl/prj/prj.gen/my_rm/bd/ulp/ip/ulp_auto_cc_1/ulp_auto_cc_1_clocks.xdc:17]
Finished Parsing XDC File [/home/uni/project/smartssd/host_file_sum64/_x/link/vivado/vpl/prj/prj.gen/my_rm/bd/ulp/ip/ulp_auto_cc_1/ulp_auto_cc_1_clocks.xdc] for cell 'level0_i/ulp/slr1/interconnect_axilite_user/m01_couplers/auto_cc/inst'
Parsing XDC File [/home/uni/project/smartssd/host_file_sum64/_x/link/vivado/vpl/prj/prj.gen/my_rm/bd/ulp/ip/ulp_auto_us_cc_df_1/ulp_auto_us_cc_df_1_clocks.xdc] for cell 'level0_i/ulp/axi_interconnect_0/s02_couplers/auto_us_cc_df/inst'
Finished Parsing XDC File [/home/uni/project/smartssd/host_file_sum64/_x/link/vivado/vpl/prj/prj.gen/my_rm/bd/ulp/ip/ulp_auto_us_cc_df_1/ulp_auto_us_cc_df_1_clocks.xdc] for cell 'level0_i/ulp/axi_interconnect_0/s02_couplers/auto_us_cc_df/inst'
Parsing XDC File [/home/uni/project/smartssd/host_file_sum64/_x/link/vivado/vpl/prj/prj.gen/my_rm/bd/ulp/ip/ulp_s00_regslice_20/ulp_s00_regslice_20_clocks.xdc] for cell 'level0_i/ulp/axi_interconnect_0_p/s00_couplers/s00_regslice/inst'
WARNING: [Vivado_Tcl 4-921] Waiver ID 'CDC-7' -to list should not be empty. [/home/uni/project/smartssd/host_file_sum64/_x/link/vivado/vpl/prj/prj.gen/my_rm/bd/ulp/ip/ulp_s00_regslice_20/ulp_s00_regslice_20_clocks.xdc:10]
Finished Parsing XDC File [/home/uni/project/smartssd/host_file_sum64/_x/link/vivado/vpl/prj/prj.gen/my_rm/bd/ulp/ip/ulp_s00_regslice_20/ulp_s00_regslice_20_clocks.xdc] for cell 'level0_i/ulp/axi_interconnect_0_p/s00_couplers/s00_regslice/inst'
Parsing XDC File [/home/uni/project/smartssd/host_file_sum64/_x/link/vivado/vpl/prj/prj.gen/my_rm/bd/ulp/ip/ulp_s02_regslice_1/ulp_s02_regslice_1_clocks.xdc] for cell 'level0_i/ulp/axi_interconnect_0/s02_couplers/s02_regslice/inst'
WARNING: [Vivado_Tcl 4-921] Waiver ID 'CDC-7' -to list should not be empty. [/home/uni/project/smartssd/host_file_sum64/_x/link/vivado/vpl/prj/prj.gen/my_rm/bd/ulp/ip/ulp_s02_regslice_1/ulp_s02_regslice_1_clocks.xdc:10]
Finished Parsing XDC File [/home/uni/project/smartssd/host_file_sum64/_x/link/vivado/vpl/prj/prj.gen/my_rm/bd/ulp/ip/ulp_s02_regslice_1/ulp_s02_regslice_1_clocks.xdc] for cell 'level0_i/ulp/axi_interconnect_0/s02_couplers/s02_regslice/inst'
Parsing XDC File [/home/uni/project/smartssd/host_file_sum64/_x/link/vivado/vpl/prj/prj.gen/my_rm/bd/ulp/ip/ulp_s01_regslice_1/ulp_s01_regslice_1_clocks.xdc] for cell 'level0_i/ulp/axi_interconnect_0/s01_couplers/s01_regslice/inst'
WARNING: [Vivado_Tcl 4-921] Waiver ID 'CDC-7' -to list should not be empty. [/home/uni/project/smartssd/host_file_sum64/_x/link/vivado/vpl/prj/prj.gen/my_rm/bd/ulp/ip/ulp_s01_regslice_1/ulp_s01_regslice_1_clocks.xdc:10]
Finished Parsing XDC File [/home/uni/project/smartssd/host_file_sum64/_x/link/vivado/vpl/prj/prj.gen/my_rm/bd/ulp/ip/ulp_s01_regslice_1/ulp_s01_regslice_1_clocks.xdc] for cell 'level0_i/ulp/axi_interconnect_0/s01_couplers/s01_regslice/inst'
Parsing XDC File [/home/uni/project/smartssd/host_file_sum64/_x/link/vivado/vpl/prj/prj.gen/my_rm/bd/ulp/ip/ulp_auto_us_cc_df_0/ulp_auto_us_cc_df_0_clocks.xdc] for cell 'level0_i/ulp/axi_interconnect_0/s01_couplers/auto_us_cc_df/inst'
Finished Parsing XDC File [/home/uni/project/smartssd/host_file_sum64/_x/link/vivado/vpl/prj/prj.gen/my_rm/bd/ulp/ip/ulp_auto_us_cc_df_0/ulp_auto_us_cc_df_0_clocks.xdc] for cell 'level0_i/ulp/axi_interconnect_0/s01_couplers/auto_us_cc_df/inst'
Parsing XDC File [/home/uni/project/smartssd/host_file_sum64/_x/link/vivado/vpl/prj/prj.gen/my_rm/bd/ulp/ip/ulp_s02_regslice_2/ulp_s02_regslice_2_clocks.xdc] for cell 'level0_i/ulp/axi_interconnect_1/s02_couplers/s02_regslice/inst'
WARNING: [Vivado_Tcl 4-921] Waiver ID 'CDC-7' -to list should not be empty. [/home/uni/project/smartssd/host_file_sum64/_x/link/vivado/vpl/prj/prj.gen/my_rm/bd/ulp/ip/ulp_s02_regslice_2/ulp_s02_regslice_2_clocks.xdc:10]
Finished Parsing XDC File [/home/uni/project/smartssd/host_file_sum64/_x/link/vivado/vpl/prj/prj.gen/my_rm/bd/ulp/ip/ulp_s02_regslice_2/ulp_s02_regslice_2_clocks.xdc] for cell 'level0_i/ulp/axi_interconnect_1/s02_couplers/s02_regslice/inst'
Parsing XDC File [/home/uni/project/smartssd/host_file_sum64/_x/link/vivado/vpl/prj/prj.gen/my_rm/bd/ulp/ip/ulp_s01_regslice_2/ulp_s01_regslice_2_clocks.xdc] for cell 'level0_i/ulp/axi_interconnect_1/s01_couplers/s01_regslice/inst'
WARNING: [Vivado_Tcl 4-921] Waiver ID 'CDC-7' -to list should not be empty. [/home/uni/project/smartssd/host_file_sum64/_x/link/vivado/vpl/prj/prj.gen/my_rm/bd/ulp/ip/ulp_s01_regslice_2/ulp_s01_regslice_2_clocks.xdc:10]
Finished Parsing XDC File [/home/uni/project/smartssd/host_file_sum64/_x/link/vivado/vpl/prj/prj.gen/my_rm/bd/ulp/ip/ulp_s01_regslice_2/ulp_s01_regslice_2_clocks.xdc] for cell 'level0_i/ulp/axi_interconnect_1/s01_couplers/s01_regslice/inst'
Parsing XDC File [/home/uni/project/smartssd/host_file_sum64/_x/link/vivado/vpl/prj/prj.gen/my_rm/bd/ulp/ip/ulp_s00_regslice_21/ulp_s00_regslice_21_clocks.xdc] for cell 'level0_i/ulp/axi_interconnect_1/s00_couplers/s00_regslice/inst'
WARNING: [Vivado_Tcl 4-921] Waiver ID 'CDC-7' -to list should not be empty. [/home/uni/project/smartssd/host_file_sum64/_x/link/vivado/vpl/prj/prj.gen/my_rm/bd/ulp/ip/ulp_s00_regslice_21/ulp_s00_regslice_21_clocks.xdc:10]
Finished Parsing XDC File [/home/uni/project/smartssd/host_file_sum64/_x/link/vivado/vpl/prj/prj.gen/my_rm/bd/ulp/ip/ulp_s00_regslice_21/ulp_s00_regslice_21_clocks.xdc] for cell 'level0_i/ulp/axi_interconnect_1/s00_couplers/s00_regslice/inst'
Parsing XDC File [/home/uni/project/smartssd/host_file_sum64/_x/link/vivado/vpl/prj/prj.gen/my_rm/bd/ulp/ip/ulp_s03_regslice_0/ulp_s03_regslice_0_clocks.xdc] for cell 'level0_i/ulp/axi_interconnect_1/s03_couplers/s03_regslice/inst'
WARNING: [Vivado_Tcl 4-921] Waiver ID 'CDC-7' -to list should not be empty. [/home/uni/project/smartssd/host_file_sum64/_x/link/vivado/vpl/prj/prj.gen/my_rm/bd/ulp/ip/ulp_s03_regslice_0/ulp_s03_regslice_0_clocks.xdc:10]
Finished Parsing XDC File [/home/uni/project/smartssd/host_file_sum64/_x/link/vivado/vpl/prj/prj.gen/my_rm/bd/ulp/ip/ulp_s03_regslice_0/ulp_s03_regslice_0_clocks.xdc] for cell 'level0_i/ulp/axi_interconnect_1/s03_couplers/s03_regslice/inst'
Parsing XDC File [/home/uni/project/smartssd/host_file_sum64/_x/link/vivado/vpl/prj/prj.gen/my_rm/bd/ulp/ip/ulp_auto_us_0/ulp_auto_us_0_clocks.xdc] for cell 'level0_i/ulp/axi_interconnect_1/s03_couplers/auto_us/inst'
Finished Parsing XDC File [/home/uni/project/smartssd/host_file_sum64/_x/link/vivado/vpl/prj/prj.gen/my_rm/bd/ulp/ip/ulp_auto_us_0/ulp_auto_us_0_clocks.xdc] for cell 'level0_i/ulp/axi_interconnect_1/s03_couplers/auto_us/inst'
Parsing XDC File [/home/uni/project/smartssd/host_file_sum64/_x/link/vivado/vpl/prj/prj.gen/my_rm/bd/ulp/ip/ulp_auto_rs_w_0/ulp_auto_rs_w_0_clocks.xdc] for cell 'level0_i/ulp/axi_interconnect_1/s03_couplers/auto_rs_w/inst'
WARNING: [Vivado_Tcl 4-921] Waiver ID 'CDC-7' -to list should not be empty. [/home/uni/project/smartssd/host_file_sum64/_x/link/vivado/vpl/prj/prj.gen/my_rm/bd/ulp/ip/ulp_auto_rs_w_0/ulp_auto_rs_w_0_clocks.xdc:10]
Finished Parsing XDC File [/home/uni/project/smartssd/host_file_sum64/_x/link/vivado/vpl/prj/prj.gen/my_rm/bd/ulp/ip/ulp_auto_rs_w_0/ulp_auto_rs_w_0_clocks.xdc] for cell 'level0_i/ulp/axi_interconnect_1/s03_couplers/auto_rs_w/inst'
Parsing XDC File [/home/uni/project/smartssd/host_file_sum64/_x/link/vivado/vpl/prj/prj.gen/my_rm/bd/ulp/ip/ulp_ii_level0_wire_0/bd_0/ip/ip_7/bd_5941_s_ip_axi_ctrl_user_00_0_clocks.xdc] for cell 'level0_i/ulp/ii_level0_wire/inst/pxi_ii_core/inst/s_ip_axi_ctrl_user_00/inst'
WARNING: [Vivado_Tcl 4-921] Waiver ID 'CDC-7' -to list should not be empty. [/home/uni/project/smartssd/host_file_sum64/_x/link/vivado/vpl/prj/prj.gen/my_rm/bd/ulp/ip/ulp_ii_level0_wire_0/bd_0/ip/ip_7/bd_5941_s_ip_axi_ctrl_user_00_0_clocks.xdc:10]
Finished Parsing XDC File [/home/uni/project/smartssd/host_file_sum64/_x/link/vivado/vpl/prj/prj.gen/my_rm/bd/ulp/ip/ulp_ii_level0_wire_0/bd_0/ip/ip_7/bd_5941_s_ip_axi_ctrl_user_00_0_clocks.xdc] for cell 'level0_i/ulp/ii_level0_wire/inst/pxi_ii_core/inst/s_ip_axi_ctrl_user_00/inst'
Parsing XDC File [/home/uni/project/smartssd/host_file_sum64/_x/link/vivado/vpl/prj/prj.gen/my_rm/bd/ulp/ip/ulp_ii_level0_wire_0/bd_0/ip/ip_8/bd_5941_m_ip_axi_ctrl_user_00_0_clocks.xdc] for cell 'level0_i/ulp/ii_level0_wire/inst/pxi_ii_core/inst/m_ip_axi_ctrl_user_00/inst'
WARNING: [Vivado_Tcl 4-921] Waiver ID 'CDC-7' -to list should not be empty. [/home/uni/project/smartssd/host_file_sum64/_x/link/vivado/vpl/prj/prj.gen/my_rm/bd/ulp/ip/ulp_ii_level0_wire_0/bd_0/ip/ip_8/bd_5941_m_ip_axi_ctrl_user_00_0_clocks.xdc:10]
Finished Parsing XDC File [/home/uni/project/smartssd/host_file_sum64/_x/link/vivado/vpl/prj/prj.gen/my_rm/bd/ulp/ip/ulp_ii_level0_wire_0/bd_0/ip/ip_8/bd_5941_m_ip_axi_ctrl_user_00_0_clocks.xdc] for cell 'level0_i/ulp/ii_level0_wire/inst/pxi_ii_core/inst/m_ip_axi_ctrl_user_00/inst'
Parsing XDC File [/home/uni/project/smartssd/host_file_sum64/_x/link/vivado/vpl/prj/prj.gen/my_rm/bd/ulp/ip/ulp_ii_level0_wire_0/bd_0/ip/ip_9/bd_5941_s_ip_axi_ctrl_user_01_0_clocks.xdc] for cell 'level0_i/ulp/ii_level0_wire/inst/pxi_ii_core/inst/s_ip_axi_ctrl_user_01/inst'
WARNING: [Vivado_Tcl 4-921] Waiver ID 'CDC-7' -to list should not be empty. [/home/uni/project/smartssd/host_file_sum64/_x/link/vivado/vpl/prj/prj.gen/my_rm/bd/ulp/ip/ulp_ii_level0_wire_0/bd_0/ip/ip_9/bd_5941_s_ip_axi_ctrl_user_01_0_clocks.xdc:10]
Finished Parsing XDC File [/home/uni/project/smartssd/host_file_sum64/_x/link/vivado/vpl/prj/prj.gen/my_rm/bd/ulp/ip/ulp_ii_level0_wire_0/bd_0/ip/ip_9/bd_5941_s_ip_axi_ctrl_user_01_0_clocks.xdc] for cell 'level0_i/ulp/ii_level0_wire/inst/pxi_ii_core/inst/s_ip_axi_ctrl_user_01/inst'
Parsing XDC File [/home/uni/project/smartssd/host_file_sum64/_x/link/vivado/vpl/prj/prj.gen/my_rm/bd/ulp/ip/ulp_ii_level0_wire_0/bd_0/ip/ip_10/bd_5941_m_ip_axi_ctrl_user_01_0_clocks.xdc] for cell 'level0_i/ulp/ii_level0_wire/inst/pxi_ii_core/inst/m_ip_axi_ctrl_user_01/inst'
WARNING: [Vivado_Tcl 4-921] Waiver ID 'CDC-7' -to list should not be empty. [/home/uni/project/smartssd/host_file_sum64/_x/link/vivado/vpl/prj/prj.gen/my_rm/bd/ulp/ip/ulp_ii_level0_wire_0/bd_0/ip/ip_10/bd_5941_m_ip_axi_ctrl_user_01_0_clocks.xdc:10]
Finished Parsing XDC File [/home/uni/project/smartssd/host_file_sum64/_x/link/vivado/vpl/prj/prj.gen/my_rm/bd/ulp/ip/ulp_ii_level0_wire_0/bd_0/ip/ip_10/bd_5941_m_ip_axi_ctrl_user_01_0_clocks.xdc] for cell 'level0_i/ulp/ii_level0_wire/inst/pxi_ii_core/inst/m_ip_axi_ctrl_user_01/inst'
Parsing XDC File [/home/uni/project/smartssd/host_file_sum64/_x/link/vivado/vpl/prj/prj.gen/my_rm/bd/ulp/ip/ulp_ii_level0_wire_0/bd_0/ip/ip_11/bd_5941_s_ip_axi_ctrl_user_02_0_clocks.xdc] for cell 'level0_i/ulp/ii_level0_wire/inst/pxi_ii_core/inst/s_ip_axi_ctrl_user_02/inst'
WARNING: [Vivado_Tcl 4-921] Waiver ID 'CDC-7' -to list should not be empty. [/home/uni/project/smartssd/host_file_sum64/_x/link/vivado/vpl/prj/prj.gen/my_rm/bd/ulp/ip/ulp_ii_level0_wire_0/bd_0/ip/ip_11/bd_5941_s_ip_axi_ctrl_user_02_0_clocks.xdc:10]
Finished Parsing XDC File [/home/uni/project/smartssd/host_file_sum64/_x/link/vivado/vpl/prj/prj.gen/my_rm/bd/ulp/ip/ulp_ii_level0_wire_0/bd_0/ip/ip_11/bd_5941_s_ip_axi_ctrl_user_02_0_clocks.xdc] for cell 'level0_i/ulp/ii_level0_wire/inst/pxi_ii_core/inst/s_ip_axi_ctrl_user_02/inst'
Parsing XDC File [/home/uni/project/smartssd/host_file_sum64/_x/link/vivado/vpl/prj/prj.gen/my_rm/bd/ulp/ip/ulp_ii_level0_wire_0/bd_0/ip/ip_12/bd_5941_m_ip_axi_ctrl_user_02_0_clocks.xdc] for cell 'level0_i/ulp/ii_level0_wire/inst/pxi_ii_core/inst/m_ip_axi_ctrl_user_02/inst'
WARNING: [Vivado_Tcl 4-921] Waiver ID 'CDC-7' -to list should not be empty. [/home/uni/project/smartssd/host_file_sum64/_x/link/vivado/vpl/prj/prj.gen/my_rm/bd/ulp/ip/ulp_ii_level0_wire_0/bd_0/ip/ip_12/bd_5941_m_ip_axi_ctrl_user_02_0_clocks.xdc:10]
Finished Parsing XDC File [/home/uni/project/smartssd/host_file_sum64/_x/link/vivado/vpl/prj/prj.gen/my_rm/bd/ulp/ip/ulp_ii_level0_wire_0/bd_0/ip/ip_12/bd_5941_m_ip_axi_ctrl_user_02_0_clocks.xdc] for cell 'level0_i/ulp/ii_level0_wire/inst/pxi_ii_core/inst/m_ip_axi_ctrl_user_02/inst'
Parsing XDC File [/home/uni/project/smartssd/host_file_sum64/_x/link/vivado/vpl/prj/prj.gen/my_rm/bd/ulp/ip/ulp_ii_level0_wire_0/bd_0/ip/ip_13/bd_5941_s_ip_axi_data_h2c_00_0_clocks.xdc] for cell 'level0_i/ulp/ii_level0_wire/inst/pxi_ii_core/inst/s_ip_axi_data_h2c_00/inst'
WARNING: [Vivado_Tcl 4-921] Waiver ID 'CDC-7' -to list should not be empty. [/home/uni/project/smartssd/host_file_sum64/_x/link/vivado/vpl/prj/prj.gen/my_rm/bd/ulp/ip/ulp_ii_level0_wire_0/bd_0/ip/ip_13/bd_5941_s_ip_axi_data_h2c_00_0_clocks.xdc:10]
Finished Parsing XDC File [/home/uni/project/smartssd/host_file_sum64/_x/link/vivado/vpl/prj/prj.gen/my_rm/bd/ulp/ip/ulp_ii_level0_wire_0/bd_0/ip/ip_13/bd_5941_s_ip_axi_data_h2c_00_0_clocks.xdc] for cell 'level0_i/ulp/ii_level0_wire/inst/pxi_ii_core/inst/s_ip_axi_data_h2c_00/inst'
Parsing XDC File [/home/uni/project/smartssd/host_file_sum64/_x/link/vivado/vpl/prj/prj.gen/my_rm/bd/ulp/ip/ulp_ii_level0_wire_0/bd_0/ip/ip_14/bd_5941_m_ip_axi_data_h2c_00_0_clocks.xdc] for cell 'level0_i/ulp/ii_level0_wire/inst/pxi_ii_core/inst/m_ip_axi_data_h2c_00/inst'
WARNING: [Vivado_Tcl 4-921] Waiver ID 'CDC-7' -to list should not be empty. [/home/uni/project/smartssd/host_file_sum64/_x/link/vivado/vpl/prj/prj.gen/my_rm/bd/ulp/ip/ulp_ii_level0_wire_0/bd_0/ip/ip_14/bd_5941_m_ip_axi_data_h2c_00_0_clocks.xdc:10]
Finished Parsing XDC File [/home/uni/project/smartssd/host_file_sum64/_x/link/vivado/vpl/prj/prj.gen/my_rm/bd/ulp/ip/ulp_ii_level0_wire_0/bd_0/ip/ip_14/bd_5941_m_ip_axi_data_h2c_00_0_clocks.xdc] for cell 'level0_i/ulp/ii_level0_wire/inst/pxi_ii_core/inst/m_ip_axi_data_h2c_00/inst'
Parsing XDC File [/home/uni/project/smartssd/host_file_sum64/_x/link/vivado/vpl/prj/prj.gen/my_rm/bd/ulp/ip/ulp_ii_level0_wire_0/bd_0/ip/ip_15/bd_5941_s_ip_axi_data_h2c_01_0_clocks.xdc] for cell 'level0_i/ulp/ii_level0_wire/inst/pxi_ii_core/inst/s_ip_axi_data_h2c_01/inst'
WARNING: [Vivado_Tcl 4-921] Waiver ID 'CDC-7' -to list should not be empty. [/home/uni/project/smartssd/host_file_sum64/_x/link/vivado/vpl/prj/prj.gen/my_rm/bd/ulp/ip/ulp_ii_level0_wire_0/bd_0/ip/ip_15/bd_5941_s_ip_axi_data_h2c_01_0_clocks.xdc:10]
Finished Parsing XDC File [/home/uni/project/smartssd/host_file_sum64/_x/link/vivado/vpl/prj/prj.gen/my_rm/bd/ulp/ip/ulp_ii_level0_wire_0/bd_0/ip/ip_15/bd_5941_s_ip_axi_data_h2c_01_0_clocks.xdc] for cell 'level0_i/ulp/ii_level0_wire/inst/pxi_ii_core/inst/s_ip_axi_data_h2c_01/inst'
Parsing XDC File [/home/uni/project/smartssd/host_file_sum64/_x/link/vivado/vpl/prj/prj.gen/my_rm/bd/ulp/ip/ulp_ii_level0_wire_0/bd_0/ip/ip_16/bd_5941_m_ip_axi_data_h2c_01_0_clocks.xdc] for cell 'level0_i/ulp/ii_level0_wire/inst/pxi_ii_core/inst/m_ip_axi_data_h2c_01/inst'
WARNING: [Vivado_Tcl 4-921] Waiver ID 'CDC-7' -to list should not be empty. [/home/uni/project/smartssd/host_file_sum64/_x/link/vivado/vpl/prj/prj.gen/my_rm/bd/ulp/ip/ulp_ii_level0_wire_0/bd_0/ip/ip_16/bd_5941_m_ip_axi_data_h2c_01_0_clocks.xdc:10]
Finished Parsing XDC File [/home/uni/project/smartssd/host_file_sum64/_x/link/vivado/vpl/prj/prj.gen/my_rm/bd/ulp/ip/ulp_ii_level0_wire_0/bd_0/ip/ip_16/bd_5941_m_ip_axi_data_h2c_01_0_clocks.xdc] for cell 'level0_i/ulp/ii_level0_wire/inst/pxi_ii_core/inst/m_ip_axi_data_h2c_01/inst'
Parsing XDC File [/home/uni/project/smartssd/host_file_sum64/_x/link/vivado/vpl/prj/prj.gen/my_rm/bd/ulp/ip/ulp_ii_level0_wire_0/bd_0/ip/ip_17/bd_5941_s_ip_axi_data_h2c_02_0_clocks.xdc] for cell 'level0_i/ulp/ii_level0_wire/inst/pxi_ii_core/inst/s_ip_axi_data_h2c_02/inst'
WARNING: [Vivado_Tcl 4-921] Waiver ID 'CDC-7' -to list should not be empty. [/home/uni/project/smartssd/host_file_sum64/_x/link/vivado/vpl/prj/prj.gen/my_rm/bd/ulp/ip/ulp_ii_level0_wire_0/bd_0/ip/ip_17/bd_5941_s_ip_axi_data_h2c_02_0_clocks.xdc:10]
Finished Parsing XDC File [/home/uni/project/smartssd/host_file_sum64/_x/link/vivado/vpl/prj/prj.gen/my_rm/bd/ulp/ip/ulp_ii_level0_wire_0/bd_0/ip/ip_17/bd_5941_s_ip_axi_data_h2c_02_0_clocks.xdc] for cell 'level0_i/ulp/ii_level0_wire/inst/pxi_ii_core/inst/s_ip_axi_data_h2c_02/inst'
Parsing XDC File [/home/uni/project/smartssd/host_file_sum64/_x/link/vivado/vpl/prj/prj.gen/my_rm/bd/ulp/ip/ulp_ii_level0_wire_0/bd_0/ip/ip_18/bd_5941_m_ip_axi_data_h2c_02_0_clocks.xdc] for cell 'level0_i/ulp/ii_level0_wire/inst/pxi_ii_core/inst/m_ip_axi_data_h2c_02/inst'
WARNING: [Vivado_Tcl 4-921] Waiver ID 'CDC-7' -to list should not be empty. [/home/uni/project/smartssd/host_file_sum64/_x/link/vivado/vpl/prj/prj.gen/my_rm/bd/ulp/ip/ulp_ii_level0_wire_0/bd_0/ip/ip_18/bd_5941_m_ip_axi_data_h2c_02_0_clocks.xdc:10]
Finished Parsing XDC File [/home/uni/project/smartssd/host_file_sum64/_x/link/vivado/vpl/prj/prj.gen/my_rm/bd/ulp/ip/ulp_ii_level0_wire_0/bd_0/ip/ip_18/bd_5941_m_ip_axi_data_h2c_02_0_clocks.xdc] for cell 'level0_i/ulp/ii_level0_wire/inst/pxi_ii_core/inst/m_ip_axi_data_h2c_02/inst'
Parsing XDC File [/home/uni/project/smartssd/host_file_sum64/_x/link/vivado/vpl/prj/prj.gen/my_rm/bd/ulp/ip/ulp_ii_level0_wire_0/bd_0/ip/ip_19/bd_5941_s_ip_axi_data_h2c_03_0_clocks.xdc] for cell 'level0_i/ulp/ii_level0_wire/inst/pxi_ii_core/inst/s_ip_axi_data_h2c_03/inst'
WARNING: [Vivado_Tcl 4-921] Waiver ID 'CDC-7' -to list should not be empty. [/home/uni/project/smartssd/host_file_sum64/_x/link/vivado/vpl/prj/prj.gen/my_rm/bd/ulp/ip/ulp_ii_level0_wire_0/bd_0/ip/ip_19/bd_5941_s_ip_axi_data_h2c_03_0_clocks.xdc:10]
Finished Parsing XDC File [/home/uni/project/smartssd/host_file_sum64/_x/link/vivado/vpl/prj/prj.gen/my_rm/bd/ulp/ip/ulp_ii_level0_wire_0/bd_0/ip/ip_19/bd_5941_s_ip_axi_data_h2c_03_0_clocks.xdc] for cell 'level0_i/ulp/ii_level0_wire/inst/pxi_ii_core/inst/s_ip_axi_data_h2c_03/inst'
Parsing XDC File [/home/uni/project/smartssd/host_file_sum64/_x/link/vivado/vpl/prj/prj.gen/my_rm/bd/ulp/ip/ulp_ii_level0_wire_0/bd_0/ip/ip_20/bd_5941_m_ip_axi_data_h2c_03_0_clocks.xdc] for cell 'level0_i/ulp/ii_level0_wire/inst/pxi_ii_core/inst/m_ip_axi_data_h2c_03/inst'
WARNING: [Vivado_Tcl 4-921] Waiver ID 'CDC-7' -to list should not be empty. [/home/uni/project/smartssd/host_file_sum64/_x/link/vivado/vpl/prj/prj.gen/my_rm/bd/ulp/ip/ulp_ii_level0_wire_0/bd_0/ip/ip_20/bd_5941_m_ip_axi_data_h2c_03_0_clocks.xdc:10]
Finished Parsing XDC File [/home/uni/project/smartssd/host_file_sum64/_x/link/vivado/vpl/prj/prj.gen/my_rm/bd/ulp/ip/ulp_ii_level0_wire_0/bd_0/ip/ip_20/bd_5941_m_ip_axi_data_h2c_03_0_clocks.xdc] for cell 'level0_i/ulp/ii_level0_wire/inst/pxi_ii_core/inst/m_ip_axi_data_h2c_03/inst'
Parsing XDC File [/home/uni/project/smartssd/host_file_sum64/_x/link/vivado/vpl/prj/prj.gen/my_rm/bd/ulp/ip/ulp_auto_cc_0/ulp_auto_cc_0_clocks.xdc] for cell 'level0_i/ulp/slr1/axi_interconnect_0/m00_couplers/auto_cc/inst'
WARNING: [Vivado_Tcl 4-921] Waiver ID 'CDC-10' -to list should not be empty. [/home/uni/project/smartssd/host_file_sum64/_x/link/vivado/vpl/prj/prj.gen/my_rm/bd/ulp/ip/ulp_auto_cc_0/ulp_auto_cc_0_clocks.xdc:7]
WARNING: [Vivado_Tcl 4-921] Waiver ID 'CDC-11' -to list should not be empty. [/home/uni/project/smartssd/host_file_sum64/_x/link/vivado/vpl/prj/prj.gen/my_rm/bd/ulp/ip/ulp_auto_cc_0/ulp_auto_cc_0_clocks.xdc:10]
WARNING: [Vivado_Tcl 4-921] Waiver ID 'CDC-15' -to list should not be empty. [/home/uni/project/smartssd/host_file_sum64/_x/link/vivado/vpl/prj/prj.gen/my_rm/bd/ulp/ip/ulp_auto_cc_0/ulp_auto_cc_0_clocks.xdc:13]
WARNING: [Vivado_Tcl 4-939] Waiver ID 'LUTAR-1' object list should not be empty (perhaps an invalid wildcard was used or only unsupported objects). [/home/uni/project/smartssd/host_file_sum64/_x/link/vivado/vpl/prj/prj.gen/my_rm/bd/ulp/ip/ulp_auto_cc_0/ulp_auto_cc_0_clocks.xdc:17]
Finished Parsing XDC File [/home/uni/project/smartssd/host_file_sum64/_x/link/vivado/vpl/prj/prj.gen/my_rm/bd/ulp/ip/ulp_auto_cc_0/ulp_auto_cc_0_clocks.xdc] for cell 'level0_i/ulp/slr1/axi_interconnect_0/m00_couplers/auto_cc/inst'
Parsing XDC File [/home/uni/project/smartssd/host_file_sum64/_x/link/vivado/vpl/prj/prj.gen/my_rm/bd/ulp/ip/ulp_s00_regslice_22/ulp_s00_regslice_22_clocks.xdc] for cell 'level0_i/ulp/slr1/interconnect_axilite_user/s00_couplers/s00_regslice/inst'
WARNING: [Vivado_Tcl 4-921] Waiver ID 'CDC-7' -to list should not be empty. [/home/uni/project/smartssd/host_file_sum64/_x/link/vivado/vpl/prj/prj.gen/my_rm/bd/ulp/ip/ulp_s00_regslice_22/ulp_s00_regslice_22_clocks.xdc:10]
Finished Parsing XDC File [/home/uni/project/smartssd/host_file_sum64/_x/link/vivado/vpl/prj/prj.gen/my_rm/bd/ulp/ip/ulp_s00_regslice_22/ulp_s00_regslice_22_clocks.xdc] for cell 'level0_i/ulp/slr1/interconnect_axilite_user/s00_couplers/s00_regslice/inst'
Parsing XDC File [/home/uni/project/smartssd/host_file_sum64/_x/link/vivado/vpl/prj/prj.gen/my_rm/bd/ulp/ip/ulp_m00_regslice_0/ulp_m00_regslice_0_clocks.xdc] for cell 'level0_i/ulp/slr1/interconnect_axilite_user/m00_couplers/m00_regslice/inst'
WARNING: [Vivado_Tcl 4-921] Waiver ID 'CDC-7' -to list should not be empty. [/home/uni/project/smartssd/host_file_sum64/_x/link/vivado/vpl/prj/prj.gen/my_rm/bd/ulp/ip/ulp_m00_regslice_0/ulp_m00_regslice_0_clocks.xdc:10]
Finished Parsing XDC File [/home/uni/project/smartssd/host_file_sum64/_x/link/vivado/vpl/prj/prj.gen/my_rm/bd/ulp/ip/ulp_m00_regslice_0/ulp_m00_regslice_0_clocks.xdc] for cell 'level0_i/ulp/slr1/interconnect_axilite_user/m00_couplers/m00_regslice/inst'
Parsing XDC File [/home/uni/project/smartssd/host_file_sum64/_x/link/vivado/vpl/prj/prj.gen/my_rm/bd/ulp/ip/ulp_m01_regslice_0/ulp_m01_regslice_0_clocks.xdc] for cell 'level0_i/ulp/slr1/interconnect_axilite_user/m01_couplers/m01_regslice/inst'
WARNING: [Vivado_Tcl 4-921] Waiver ID 'CDC-7' -to list should not be empty. [/home/uni/project/smartssd/host_file_sum64/_x/link/vivado/vpl/prj/prj.gen/my_rm/bd/ulp/ip/ulp_m01_regslice_0/ulp_m01_regslice_0_clocks.xdc:10]
Finished Parsing XDC File [/home/uni/project/smartssd/host_file_sum64/_x/link/vivado/vpl/prj/prj.gen/my_rm/bd/ulp/ip/ulp_m01_regslice_0/ulp_m01_regslice_0_clocks.xdc] for cell 'level0_i/ulp/slr1/interconnect_axilite_user/m01_couplers/m01_regslice/inst'
Parsing XDC File [/home/uni/project/smartssd/host_file_sum64/_x/link/vivado/vpl/prj/prj.gen/my_rm/bd/ulp/ip/ulp_auto_cc_1/ulp_auto_cc_1_clocks.xdc] for cell 'level0_i/ulp/slr1/interconnect_axilite_user/m01_couplers/auto_cc/inst'
WARNING: [Vivado_Tcl 4-921] Waiver ID 'CDC-10' -to list should not be empty. [/home/uni/project/smartssd/host_file_sum64/_x/link/vivado/vpl/prj/prj.gen/my_rm/bd/ulp/ip/ulp_auto_cc_1/ulp_auto_cc_1_clocks.xdc:7]
WARNING: [Vivado_Tcl 4-921] Waiver ID 'CDC-11' -to list should not be empty. [/home/uni/project/smartssd/host_file_sum64/_x/link/vivado/vpl/prj/prj.gen/my_rm/bd/ulp/ip/ulp_auto_cc_1/ulp_auto_cc_1_clocks.xdc:10]
WARNING: [Vivado_Tcl 4-921] Waiver ID 'CDC-15' -to list should not be empty. [/home/uni/project/smartssd/host_file_sum64/_x/link/vivado/vpl/prj/prj.gen/my_rm/bd/ulp/ip/ulp_auto_cc_1/ulp_auto_cc_1_clocks.xdc:13]
WARNING: [Vivado_Tcl 4-939] Waiver ID 'LUTAR-1' object list should not be empty (perhaps an invalid wildcard was used or only unsupported objects). [/home/uni/project/smartssd/host_file_sum64/_x/link/vivado/vpl/prj/prj.gen/my_rm/bd/ulp/ip/ulp_auto_cc_1/ulp_auto_cc_1_clocks.xdc:17]
Finished Parsing XDC File [/home/uni/project/smartssd/host_file_sum64/_x/link/vivado/vpl/prj/prj.gen/my_rm/bd/ulp/ip/ulp_auto_cc_1/ulp_auto_cc_1_clocks.xdc] for cell 'level0_i/ulp/slr1/interconnect_axilite_user/m01_couplers/auto_cc/inst'
Parsing XDC File [/home/uni/project/smartssd/host_file_sum64/_x/link/vivado/vpl/prj/prj.gen/my_rm/bd/ulp/ip/ulp_axi_cdc_data_static_0/ulp_axi_cdc_data_static_0_clocks.xdc] for cell 'level0_i/ulp/slr1/axi_cdc_data_static/inst'
WARNING: [Vivado_Tcl 4-935] Waiver ID 'CDC-10' is a duplicate and will not be added again. [/home/uni/project/smartssd/host_file_sum64/_x/link/vivado/vpl/prj/prj.gen/my_rm/bd/ulp/ip/ulp_axi_cdc_data_static_0/ulp_axi_cdc_data_static_0_clocks.xdc:20]
WARNING: [Vivado_Tcl 4-935] Waiver ID 'CDC-11' is a duplicate and will not be added again. [/home/uni/project/smartssd/host_file_sum64/_x/link/vivado/vpl/prj/prj.gen/my_rm/bd/ulp/ip/ulp_axi_cdc_data_static_0/ulp_axi_cdc_data_static_0_clocks.xdc:23]
WARNING: [Vivado_Tcl 4-935] Waiver ID 'CDC-15' is a duplicate and will not be added again. [/home/uni/project/smartssd/host_file_sum64/_x/link/vivado/vpl/prj/prj.gen/my_rm/bd/ulp/ip/ulp_axi_cdc_data_static_0/ulp_axi_cdc_data_static_0_clocks.xdc:26]
WARNING: [Vivado_Tcl 4-935] Waiver ID 'LUTAR-1' is a duplicate and will not be added again. [/home/uni/project/smartssd/host_file_sum64/_x/link/vivado/vpl/prj/prj.gen/my_rm/bd/ulp/ip/ulp_axi_cdc_data_static_0/ulp_axi_cdc_data_static_0_clocks.xdc:30]
Finished Parsing XDC File [/home/uni/project/smartssd/host_file_sum64/_x/link/vivado/vpl/prj/prj.gen/my_rm/bd/ulp/ip/ulp_axi_cdc_data_static_0/ulp_axi_cdc_data_static_0_clocks.xdc] for cell 'level0_i/ulp/slr1/axi_cdc_data_static/inst'
Parsing XDC File [/home/uni/project/smartssd/host_file_sum64/_x/link/vivado/vpl/prj/prj.gen/my_rm/bd/ulp/ip/ulp_axi_cdc_data_static1_0/ulp_axi_cdc_data_static1_0_clocks.xdc] for cell 'level0_i/ulp/slr1/axi_cdc_data_static1/inst'
WARNING: [Vivado_Tcl 4-935] Waiver ID 'CDC-10' is a duplicate and will not be added again. [/home/uni/project/smartssd/host_file_sum64/_x/link/vivado/vpl/prj/prj.gen/my_rm/bd/ulp/ip/ulp_axi_cdc_data_static1_0/ulp_axi_cdc_data_static1_0_clocks.xdc:20]
WARNING: [Vivado_Tcl 4-935] Waiver ID 'CDC-11' is a duplicate and will not be added again. [/home/uni/project/smartssd/host_file_sum64/_x/link/vivado/vpl/prj/prj.gen/my_rm/bd/ulp/ip/ulp_axi_cdc_data_static1_0/ulp_axi_cdc_data_static1_0_clocks.xdc:23]
WARNING: [Vivado_Tcl 4-935] Waiver ID 'CDC-15' is a duplicate and will not be added again. [/home/uni/project/smartssd/host_file_sum64/_x/link/vivado/vpl/prj/prj.gen/my_rm/bd/ulp/ip/ulp_axi_cdc_data_static1_0/ulp_axi_cdc_data_static1_0_clocks.xdc:26]
WARNING: [Vivado_Tcl 4-935] Waiver ID 'LUTAR-1' is a duplicate and will not be added again. [/home/uni/project/smartssd/host_file_sum64/_x/link/vivado/vpl/prj/prj.gen/my_rm/bd/ulp/ip/ulp_axi_cdc_data_static1_0/ulp_axi_cdc_data_static1_0_clocks.xdc:30]
Finished Parsing XDC File [/home/uni/project/smartssd/host_file_sum64/_x/link/vivado/vpl/prj/prj.gen/my_rm/bd/ulp/ip/ulp_axi_cdc_data_static1_0/ulp_axi_cdc_data_static1_0_clocks.xdc] for cell 'level0_i/ulp/slr1/axi_cdc_data_static1/inst'
Parsing XDC File [/home/uni/project/smartssd/host_file_sum64/_x/link/vivado/vpl/prj/prj.gen/my_rm/bd/ulp/ip/ulp_regslice_control_mgntpf_0/ulp_regslice_control_mgntpf_0_clocks.xdc] for cell 'level0_i/ulp/slr1/regslice_control_mgntpf/inst'
WARNING: [Vivado_Tcl 4-921] Waiver ID 'CDC-7' -to list should not be empty. [/home/uni/project/smartssd/host_file_sum64/_x/link/vivado/vpl/prj/prj.gen/my_rm/bd/ulp/ip/ulp_regslice_control_mgntpf_0/ulp_regslice_control_mgntpf_0_clocks.xdc:10]
Finished Parsing XDC File [/home/uni/project/smartssd/host_file_sum64/_x/link/vivado/vpl/prj/prj.gen/my_rm/bd/ulp/ip/ulp_regslice_control_mgntpf_0/ulp_regslice_control_mgntpf_0_clocks.xdc] for cell 'level0_i/ulp/slr1/regslice_control_mgntpf/inst'
Parsing XDC File [/home/uni/project/smartssd/host_file_sum64/_x/link/vivado/vpl/prj/prj.gen/my_rm/bd/ulp/ip/ulp_regslice_control_userpf_0/ulp_regslice_control_userpf_0_clocks.xdc] for cell 'level0_i/ulp/slr1/regslice_control_userpf/inst'
WARNING: [Vivado_Tcl 4-921] Waiver ID 'CDC-7' -to list should not be empty. [/home/uni/project/smartssd/host_file_sum64/_x/link/vivado/vpl/prj/prj.gen/my_rm/bd/ulp/ip/ulp_regslice_control_userpf_0/ulp_regslice_control_userpf_0_clocks.xdc:10]
Finished Parsing XDC File [/home/uni/project/smartssd/host_file_sum64/_x/link/vivado/vpl/prj/prj.gen/my_rm/bd/ulp/ip/ulp_regslice_control_userpf_0/ulp_regslice_control_userpf_0_clocks.xdc] for cell 'level0_i/ulp/slr1/regslice_control_userpf/inst'
Parsing XDC File [/home/uni/project/smartssd/host_file_sum64/_x/link/vivado/vpl/prj/prj.gen/my_rm/bd/ulp/ip/ulp_regslice_data_static_0/ulp_regslice_data_static_0_clocks.xdc] for cell 'level0_i/ulp/slr1/regslice_data_static/inst'
WARNING: [Vivado_Tcl 4-921] Waiver ID 'CDC-7' -to list should not be empty. [/home/uni/project/smartssd/host_file_sum64/_x/link/vivado/vpl/prj/prj.gen/my_rm/bd/ulp/ip/ulp_regslice_data_static_0/ulp_regslice_data_static_0_clocks.xdc:10]
Finished Parsing XDC File [/home/uni/project/smartssd/host_file_sum64/_x/link/vivado/vpl/prj/prj.gen/my_rm/bd/ulp/ip/ulp_regslice_data_static_0/ulp_regslice_data_static_0_clocks.xdc] for cell 'level0_i/ulp/slr1/regslice_data_static/inst'
Parsing XDC File [/home/uni/project/smartssd/host_file_sum64/_x/link/vivado/vpl/prj/prj.gen/my_rm/bd/ulp/ip/ulp_regslice_data_static1_0/ulp_regslice_data_static1_0_clocks.xdc] for cell 'level0_i/ulp/slr1/regslice_data_static1/inst'
WARNING: [Vivado_Tcl 4-921] Waiver ID 'CDC-7' -to list should not be empty. [/home/uni/project/smartssd/host_file_sum64/_x/link/vivado/vpl/prj/prj.gen/my_rm/bd/ulp/ip/ulp_regslice_data_static1_0/ulp_regslice_data_static1_0_clocks.xdc:10]
Finished Parsing XDC File [/home/uni/project/smartssd/host_file_sum64/_x/link/vivado/vpl/prj/prj.gen/my_rm/bd/ulp/ip/ulp_regslice_data_static1_0/ulp_regslice_data_static1_0_clocks.xdc] for cell 'level0_i/ulp/slr1/regslice_data_static1/inst'
Parsing XDC File [/home/uni/project/smartssd/host_file_sum64/_x/link/vivado/vpl/prj/prj.gen/my_rm/bd/ulp/ip/ulp_s00_regslice_19/ulp_s00_regslice_19_clocks.xdc] for cell 'level0_i/ulp/axi_interconnect_0/s00_couplers/s00_regslice/inst'
WARNING: [Vivado_Tcl 4-921] Waiver ID 'CDC-7' -to list should not be empty. [/home/uni/project/smartssd/host_file_sum64/_x/link/vivado/vpl/prj/prj.gen/my_rm/bd/ulp/ip/ulp_s00_regslice_19/ulp_s00_regslice_19_clocks.xdc:10]
Finished Parsing XDC File [/home/uni/project/smartssd/host_file_sum64/_x/link/vivado/vpl/prj/prj.gen/my_rm/bd/ulp/ip/ulp_s00_regslice_19/ulp_s00_regslice_19_clocks.xdc] for cell 'level0_i/ulp/axi_interconnect_0/s00_couplers/s00_regslice/inst'
Parsing XDC File [/home/uni/project/smartssd/host_file_sum64/_x/link/vivado/vpl/prj/prj.gen/my_rm/bd/ulp/ip/ulp_s01_regslice_1/ulp_s01_regslice_1_clocks.xdc] for cell 'level0_i/ulp/axi_interconnect_0/s01_couplers/s01_regslice/inst'
WARNING: [Vivado_Tcl 4-921] Waiver ID 'CDC-7' -to list should not be empty. [/home/uni/project/smartssd/host_file_sum64/_x/link/vivado/vpl/prj/prj.gen/my_rm/bd/ulp/ip/ulp_s01_regslice_1/ulp_s01_regslice_1_clocks.xdc:10]
Finished Parsing XDC File [/home/uni/project/smartssd/host_file_sum64/_x/link/vivado/vpl/prj/prj.gen/my_rm/bd/ulp/ip/ulp_s01_regslice_1/ulp_s01_regslice_1_clocks.xdc] for cell 'level0_i/ulp/axi_interconnect_0/s01_couplers/s01_regslice/inst'
Parsing XDC File [/home/uni/project/smartssd/host_file_sum64/_x/link/vivado/vpl/prj/prj.gen/my_rm/bd/ulp/ip/ulp_auto_us_cc_df_0/ulp_auto_us_cc_df_0_clocks.xdc] for cell 'level0_i/ulp/axi_interconnect_0/s01_couplers/auto_us_cc_df/inst'
Finished Parsing XDC File [/home/uni/project/smartssd/host_file_sum64/_x/link/vivado/vpl/prj/prj.gen/my_rm/bd/ulp/ip/ulp_auto_us_cc_df_0/ulp_auto_us_cc_df_0_clocks.xdc] for cell 'level0_i/ulp/axi_interconnect_0/s01_couplers/auto_us_cc_df/inst'
Parsing XDC File [/home/uni/project/smartssd/host_file_sum64/_x/link/vivado/vpl/prj/prj.gen/my_rm/bd/ulp/ip/ulp_s02_regslice_1/ulp_s02_regslice_1_clocks.xdc] for cell 'level0_i/ulp/axi_interconnect_0/s02_couplers/s02_regslice/inst'
WARNING: [Vivado_Tcl 4-921] Waiver ID 'CDC-7' -to list should not be empty. [/home/uni/project/smartssd/host_file_sum64/_x/link/vivado/vpl/prj/prj.gen/my_rm/bd/ulp/ip/ulp_s02_regslice_1/ulp_s02_regslice_1_clocks.xdc:10]
Finished Parsing XDC File [/home/uni/project/smartssd/host_file_sum64/_x/link/vivado/vpl/prj/prj.gen/my_rm/bd/ulp/ip/ulp_s02_regslice_1/ulp_s02_regslice_1_clocks.xdc] for cell 'level0_i/ulp/axi_interconnect_0/s02_couplers/s02_regslice/inst'
Parsing XDC File [/home/uni/project/smartssd/host_file_sum64/_x/link/vivado/vpl/prj/prj.gen/my_rm/bd/ulp/ip/ulp_auto_us_cc_df_1/ulp_auto_us_cc_df_1_clocks.xdc] for cell 'level0_i/ulp/axi_interconnect_0/s02_couplers/auto_us_cc_df/inst'
Finished Parsing XDC File [/home/uni/project/smartssd/host_file_sum64/_x/link/vivado/vpl/prj/prj.gen/my_rm/bd/ulp/ip/ulp_auto_us_cc_df_1/ulp_auto_us_cc_df_1_clocks.xdc] for cell 'level0_i/ulp/axi_interconnect_0/s02_couplers/auto_us_cc_df/inst'
Parsing XDC File [/home/uni/project/smartssd/host_file_sum64/_x/link/vivado/vpl/prj/prj.gen/my_rm/bd/ulp/ip/ulp_s00_regslice_20/ulp_s00_regslice_20_clocks.xdc] for cell 'level0_i/ulp/axi_interconnect_0_p/s00_couplers/s00_regslice/inst'
WARNING: [Vivado_Tcl 4-921] Waiver ID 'CDC-7' -to list should not be empty. [/home/uni/project/smartssd/host_file_sum64/_x/link/vivado/vpl/prj/prj.gen/my_rm/bd/ulp/ip/ulp_s00_regslice_20/ulp_s00_regslice_20_clocks.xdc:10]
Finished Parsing XDC File [/home/uni/project/smartssd/host_file_sum64/_x/link/vivado/vpl/prj/prj.gen/my_rm/bd/ulp/ip/ulp_s00_regslice_20/ulp_s00_regslice_20_clocks.xdc] for cell 'level0_i/ulp/axi_interconnect_0_p/s00_couplers/s00_regslice/inst'
Parsing XDC File [/home/uni/project/smartssd/host_file_sum64/_x/link/vivado/vpl/prj/prj.gen/my_rm/bd/ulp/ip/ulp_s00_regslice_21/ulp_s00_regslice_21_clocks.xdc] for cell 'level0_i/ulp/axi_interconnect_1/s00_couplers/s00_regslice/inst'
WARNING: [Vivado_Tcl 4-921] Waiver ID 'CDC-7' -to list should not be empty. [/home/uni/project/smartssd/host_file_sum64/_x/link/vivado/vpl/prj/prj.gen/my_rm/bd/ulp/ip/ulp_s00_regslice_21/ulp_s00_regslice_21_clocks.xdc:10]
Finished Parsing XDC File [/home/uni/project/smartssd/host_file_sum64/_x/link/vivado/vpl/prj/prj.gen/my_rm/bd/ulp/ip/ulp_s00_regslice_21/ulp_s00_regslice_21_clocks.xdc] for cell 'level0_i/ulp/axi_interconnect_1/s00_couplers/s00_regslice/inst'
Parsing XDC File [/home/uni/project/smartssd/host_file_sum64/_x/link/vivado/vpl/prj/prj.gen/my_rm/bd/ulp/ip/ulp_s01_regslice_2/ulp_s01_regslice_2_clocks.xdc] for cell 'level0_i/ulp/axi_interconnect_1/s01_couplers/s01_regslice/inst'
WARNING: [Vivado_Tcl 4-921] Waiver ID 'CDC-7' -to list should not be empty. [/home/uni/project/smartssd/host_file_sum64/_x/link/vivado/vpl/prj/prj.gen/my_rm/bd/ulp/ip/ulp_s01_regslice_2/ulp_s01_regslice_2_clocks.xdc:10]
Finished Parsing XDC File [/home/uni/project/smartssd/host_file_sum64/_x/link/vivado/vpl/prj/prj.gen/my_rm/bd/ulp/ip/ulp_s01_regslice_2/ulp_s01_regslice_2_clocks.xdc] for cell 'level0_i/ulp/axi_interconnect_1/s01_couplers/s01_regslice/inst'
Parsing XDC File [/home/uni/project/smartssd/host_file_sum64/_x/link/vivado/vpl/prj/prj.gen/my_rm/bd/ulp/ip/ulp_s02_regslice_2/ulp_s02_regslice_2_clocks.xdc] for cell 'level0_i/ulp/axi_interconnect_1/s02_couplers/s02_regslice/inst'
WARNING: [Vivado_Tcl 4-921] Waiver ID 'CDC-7' -to list should not be empty. [/home/uni/project/smartssd/host_file_sum64/_x/link/vivado/vpl/prj/prj.gen/my_rm/bd/ulp/ip/ulp_s02_regslice_2/ulp_s02_regslice_2_clocks.xdc:10]
Finished Parsing XDC File [/home/uni/project/smartssd/host_file_sum64/_x/link/vivado/vpl/prj/prj.gen/my_rm/bd/ulp/ip/ulp_s02_regslice_2/ulp_s02_regslice_2_clocks.xdc] for cell 'level0_i/ulp/axi_interconnect_1/s02_couplers/s02_regslice/inst'
Parsing XDC File [/home/uni/project/smartssd/host_file_sum64/_x/link/vivado/vpl/prj/prj.gen/my_rm/bd/ulp/ip/ulp_s03_regslice_0/ulp_s03_regslice_0_clocks.xdc] for cell 'level0_i/ulp/axi_interconnect_1/s03_couplers/s03_regslice/inst'
WARNING: [Vivado_Tcl 4-921] Waiver ID 'CDC-7' -to list should not be empty. [/home/uni/project/smartssd/host_file_sum64/_x/link/vivado/vpl/prj/prj.gen/my_rm/bd/ulp/ip/ulp_s03_regslice_0/ulp_s03_regslice_0_clocks.xdc:10]
Finished Parsing XDC File [/home/uni/project/smartssd/host_file_sum64/_x/link/vivado/vpl/prj/prj.gen/my_rm/bd/ulp/ip/ulp_s03_regslice_0/ulp_s03_regslice_0_clocks.xdc] for cell 'level0_i/ulp/axi_interconnect_1/s03_couplers/s03_regslice/inst'
Parsing XDC File [/home/uni/project/smartssd/host_file_sum64/_x/link/vivado/vpl/prj/prj.gen/my_rm/bd/ulp/ip/ulp_auto_us_0/ulp_auto_us_0_clocks.xdc] for cell 'level0_i/ulp/axi_interconnect_1/s03_couplers/auto_us/inst'
Finished Parsing XDC File [/home/uni/project/smartssd/host_file_sum64/_x/link/vivado/vpl/prj/prj.gen/my_rm/bd/ulp/ip/ulp_auto_us_0/ulp_auto_us_0_clocks.xdc] for cell 'level0_i/ulp/axi_interconnect_1/s03_couplers/auto_us/inst'
Parsing XDC File [/home/uni/project/smartssd/host_file_sum64/_x/link/vivado/vpl/prj/prj.gen/my_rm/bd/ulp/ip/ulp_auto_rs_w_0/ulp_auto_rs_w_0_clocks.xdc] for cell 'level0_i/ulp/axi_interconnect_1/s03_couplers/auto_rs_w/inst'
WARNING: [Vivado_Tcl 4-921] Waiver ID 'CDC-7' -to list should not be empty. [/home/uni/project/smartssd/host_file_sum64/_x/link/vivado/vpl/prj/prj.gen/my_rm/bd/ulp/ip/ulp_auto_rs_w_0/ulp_auto_rs_w_0_clocks.xdc:10]
Finished Parsing XDC File [/home/uni/project/smartssd/host_file_sum64/_x/link/vivado/vpl/prj/prj.gen/my_rm/bd/ulp/ip/ulp_auto_rs_w_0/ulp_auto_rs_w_0_clocks.xdc] for cell 'level0_i/ulp/axi_interconnect_1/s03_couplers/auto_rs_w/inst'
Parsing XDC File [/home/uni/project/smartssd/host_file_sum64/_x/link/vivado/vpl/prj/prj.gen/my_rm/bd/ulp/ip/ulp_auto_cc_2/ulp_auto_cc_2_clocks.xdc] for cell 'level0_i/ulp/axi_interconnect_1/m00_couplers/auto_cc/inst'
WARNING: [Vivado_Tcl 4-935] Waiver ID 'CDC-10' is a duplicate and will not be added again. [/home/uni/project/smartssd/host_file_sum64/_x/link/vivado/vpl/prj/prj.gen/my_rm/bd/ulp/ip/ulp_auto_cc_2/ulp_auto_cc_2_clocks.xdc:20]
WARNING: [Vivado_Tcl 4-935] Waiver ID 'CDC-11' is a duplicate and will not be added again. [/home/uni/project/smartssd/host_file_sum64/_x/link/vivado/vpl/prj/prj.gen/my_rm/bd/ulp/ip/ulp_auto_cc_2/ulp_auto_cc_2_clocks.xdc:23]
WARNING: [Vivado_Tcl 4-935] Waiver ID 'CDC-15' is a duplicate and will not be added again. [/home/uni/project/smartssd/host_file_sum64/_x/link/vivado/vpl/prj/prj.gen/my_rm/bd/ulp/ip/ulp_auto_cc_2/ulp_auto_cc_2_clocks.xdc:26]
WARNING: [Vivado_Tcl 4-935] Waiver ID 'LUTAR-1' is a duplicate and will not be added again. [/home/uni/project/smartssd/host_file_sum64/_x/link/vivado/vpl/prj/prj.gen/my_rm/bd/ulp/ip/ulp_auto_cc_2/ulp_auto_cc_2_clocks.xdc:30]
Finished Parsing XDC File [/home/uni/project/smartssd/host_file_sum64/_x/link/vivado/vpl/prj/prj.gen/my_rm/bd/ulp/ip/ulp_auto_cc_2/ulp_auto_cc_2_clocks.xdc] for cell 'level0_i/ulp/axi_interconnect_1/m00_couplers/auto_cc/inst'
Parsing XDC File [/home/uni/project/smartssd/host_file_sum64/_x/link/vivado/vpl/prj/prj.gen/my_rm/bd/ulp/ip/ulp_ddrmem_1_0/ulp_ddrmem_1_0_board.xdc] for cell 'level0_i/ulp/ddrmem_1/inst'
Finished Parsing XDC File [/home/uni/project/smartssd/host_file_sum64/_x/link/vivado/vpl/prj/prj.gen/my_rm/bd/ulp/ip/ulp_ddrmem_1_0/ulp_ddrmem_1_0_board.xdc] for cell 'level0_i/ulp/ddrmem_1/inst'
Parsing XDC File [/home/uni/project/smartssd/host_file_sum64/_x/link/vivado/vpl/prj/prj.gen/my_rm/bd/ulp/ip/ulp_regslice_periph_null_0/ulp_regslice_periph_null_0_clocks.xdc] for cell 'level0_i/ulp/regslice_periph_null/inst'
WARNING: [Vivado_Tcl 4-921] Waiver ID 'CDC-7' -to list should not be empty. [/home/uni/project/smartssd/host_file_sum64/_x/link/vivado/vpl/prj/prj.gen/my_rm/bd/ulp/ip/ulp_regslice_periph_null_0/ulp_regslice_periph_null_0_clocks.xdc:10]
Finished Parsing XDC File [/home/uni/project/smartssd/host_file_sum64/_x/link/vivado/vpl/prj/prj.gen/my_rm/bd/ulp/ip/ulp_regslice_periph_null_0/ulp_regslice_periph_null_0_clocks.xdc] for cell 'level0_i/ulp/regslice_periph_null/inst'
Parsing XDC File [/home/uni/project/smartssd/host_file_sum64/_x/link/vivado/vpl/prj/prj.gen/my_rm/bd/ulp/ip/ulp_user_debug_bridge_0/bd_0/ip/ip_0/constraints/axi_jtag.xdc] for cell 'level0_i/ulp/user_debug_bridge/inst/axi_jtag/inst'
WARNING: [Constraints 18-619] A clock with name 'level0_i/ulp/user_debug_bridge/inst/axi_jtag/inst/u_jtag_proc/tck_i_reg/Q' already exists, overwriting the previous clock with the same name. [/home/uni/project/smartssd/host_file_sum64/_x/link/vivado/vpl/prj/prj.gen/my_rm/bd/ulp/ip/ulp_user_debug_bridge_0/bd_0/ip/ip_0/constraints/axi_jtag.xdc:8]
WARNING: [Vivado_Tcl 4-935] Waiver ID 'CDC-1' is a duplicate and will not be added again. [/home/uni/project/smartssd/host_file_sum64/_x/link/vivado/vpl/prj/prj.gen/my_rm/bd/ulp/ip/ulp_user_debug_bridge_0/bd_0/ip/ip_0/constraints/axi_jtag.xdc:16]
WARNING: [Vivado_Tcl 4-935] Waiver ID 'CDC-1' is a duplicate and will not be added again. [/home/uni/project/smartssd/host_file_sum64/_x/link/vivado/vpl/prj/prj.gen/my_rm/bd/ulp/ip/ulp_user_debug_bridge_0/bd_0/ip/ip_0/constraints/axi_jtag.xdc:17]
WARNING: [Vivado_Tcl 4-935] Waiver ID 'CDC-15' is a duplicate and will not be added again. [/home/uni/project/smartssd/host_file_sum64/_x/link/vivado/vpl/prj/prj.gen/my_rm/bd/ulp/ip/ulp_user_debug_bridge_0/bd_0/ip/ip_0/constraints/axi_jtag.xdc:18]
Finished Parsing XDC File [/home/uni/project/smartssd/host_file_sum64/_x/link/vivado/vpl/prj/prj.gen/my_rm/bd/ulp/ip/ulp_user_debug_bridge_0/bd_0/ip/ip_0/constraints/axi_jtag.xdc] for cell 'level0_i/ulp/user_debug_bridge/inst/axi_jtag/inst'
Parsing XDC File [/home/uni/project/smartssd/host_file_sum64/_x/link/vivado/vpl/prj/prj.gen/my_rm/bd/ulp/ip/ulp_user_debug_bridge_0/bd_0/ip/ip_1/constraints/bsip.xdc] for cell 'level0_i/ulp/user_debug_bridge/inst/bsip/inst'
WARNING: [Constraints 18-619] A clock with name 'level0_i/ulp/user_debug_bridge/inst/bsip/inst/USE_SOFTBSCAN.U_BSCAN_TAP/U_BASETAP/U_TAP/UPDATEDR_O_reg/Q' already exists, overwriting the previous clock with the same name. [/home/uni/project/smartssd/host_file_sum64/_x/link/vivado/vpl/prj/prj.gen/my_rm/bd/ulp/ip/ulp_user_debug_bridge_0/bd_0/ip/ip_1/constraints/bsip.xdc:8]
Finished Parsing XDC File [/home/uni/project/smartssd/host_file_sum64/_x/link/vivado/vpl/prj/prj.gen/my_rm/bd/ulp/ip/ulp_user_debug_bridge_0/bd_0/ip/ip_1/constraints/bsip.xdc] for cell 'level0_i/ulp/user_debug_bridge/inst/bsip/inst'
WARNING: [Vivado_Tcl 4-935] Waiver ID 'CDC-6' is a duplicate and will not be added again. [/home/dess/workspace/Xilinx/Vivado/2022.2/data/ip/xpm/xpm_cdc/tcl/xpm_cdc_gray.tcl:23]
WARNING: [Vivado_Tcl 4-935] Waiver ID 'CDC-6' is a duplicate and will not be added again. [/home/dess/workspace/Xilinx/Vivado/2022.2/data/ip/xpm/xpm_cdc/tcl/xpm_cdc_gray.tcl:23]
WARNING: [Vivado_Tcl 4-935] Waiver ID 'CDC-6' is a duplicate and will not be added again. [/home/dess/workspace/Xilinx/Vivado/2022.2/data/ip/xpm/xpm_cdc/tcl/xpm_cdc_gray.tcl:23]
WARNING: [Vivado_Tcl 4-935] Waiver ID 'CDC-6' is a duplicate and will not be added again. [/home/dess/workspace/Xilinx/Vivado/2022.2/data/ip/xpm/xpm_cdc/tcl/xpm_cdc_gray.tcl:23]
WARNING: [Vivado_Tcl 4-935] Waiver ID 'CDC-6' is a duplicate and will not be added again. [/home/dess/workspace/Xilinx/Vivado/2022.2/data/ip/xpm/xpm_cdc/tcl/xpm_cdc_gray.tcl:23]
WARNING: [Vivado_Tcl 4-935] Waiver ID 'CDC-6' is a duplicate and will not be added again. [/home/dess/workspace/Xilinx/Vivado/2022.2/data/ip/xpm/xpm_cdc/tcl/xpm_cdc_gray.tcl:23]
WARNING: [Vivado_Tcl 4-935] Waiver ID 'CDC-6' is a duplicate and will not be added again. [/home/dess/workspace/Xilinx/Vivado/2022.2/data/ip/xpm/xpm_cdc/tcl/xpm_cdc_gray.tcl:23]
WARNING: [Vivado_Tcl 4-935] Waiver ID 'CDC-6' is a duplicate and will not be added again. [/home/dess/workspace/Xilinx/Vivado/2022.2/data/ip/xpm/xpm_cdc/tcl/xpm_cdc_gray.tcl:23]
WARNING: [Vivado_Tcl 4-935] Waiver ID 'CDC-6' is a duplicate and will not be added again. [/home/dess/workspace/Xilinx/Vivado/2022.2/data/ip/xpm/xpm_cdc/tcl/xpm_cdc_gray.tcl:23]
WARNING: [Vivado_Tcl 4-935] Waiver ID 'CDC-6' is a duplicate and will not be added again. [/home/dess/workspace/Xilinx/Vivado/2022.2/data/ip/xpm/xpm_cdc/tcl/xpm_cdc_gray.tcl:23]
WARNING: [Vivado_Tcl 4-935] Waiver ID 'CDC-6' is a duplicate and will not be added again. [/home/dess/workspace/Xilinx/Vivado/2022.2/data/ip/xpm/xpm_cdc/tcl/xpm_cdc_gray.tcl:23]
WARNING: [Vivado_Tcl 4-935] Waiver ID 'CDC-6' is a duplicate and will not be added again. [/home/dess/workspace/Xilinx/Vivado/2022.2/data/ip/xpm/xpm_cdc/tcl/xpm_cdc_gray.tcl:23]
WARNING: [Vivado_Tcl 4-935] Waiver ID 'CDC-6' is a duplicate and will not be added again. [/home/dess/workspace/Xilinx/Vivado/2022.2/data/ip/xpm/xpm_cdc/tcl/xpm_cdc_gray.tcl:23]
WARNING: [Vivado_Tcl 4-935] Waiver ID 'CDC-6' is a duplicate and will not be added again. [/home/dess/workspace/Xilinx/Vivado/2022.2/data/ip/xpm/xpm_cdc/tcl/xpm_cdc_gray.tcl:23]
WARNING: [Vivado_Tcl 4-935] Waiver ID 'CDC-6' is a duplicate and will not be added again. [/home/dess/workspace/Xilinx/Vivado/2022.2/data/ip/xpm/xpm_cdc/tcl/xpm_cdc_gray.tcl:23]
WARNING: [Vivado_Tcl 4-935] Waiver ID 'CDC-6' is a duplicate and will not be added again. [/home/dess/workspace/Xilinx/Vivado/2022.2/data/ip/xpm/xpm_cdc/tcl/xpm_cdc_gray.tcl:23]
WARNING: [Vivado_Tcl 4-935] Waiver ID 'CDC-6' is a duplicate and will not be added again. [/home/dess/workspace/Xilinx/Vivado/2022.2/data/ip/xpm/xpm_cdc/tcl/xpm_cdc_gray.tcl:23]
WARNING: [Vivado_Tcl 4-935] Waiver ID 'CDC-6' is a duplicate and will not be added again. [/home/dess/workspace/Xilinx/Vivado/2022.2/data/ip/xpm/xpm_cdc/tcl/xpm_cdc_gray.tcl:23]
WARNING: [Vivado_Tcl 4-935] Waiver ID 'CDC-6' is a duplicate and will not be added again. [/home/dess/workspace/Xilinx/Vivado/2022.2/data/ip/xpm/xpm_cdc/tcl/xpm_cdc_gray.tcl:23]
WARNING: [Vivado_Tcl 4-935] Waiver ID 'CDC-6' is a duplicate and will not be added again. [/home/dess/workspace/Xilinx/Vivado/2022.2/data/ip/xpm/xpm_cdc/tcl/xpm_cdc_gray.tcl:23]
WARNING: [XPM_CDC_GRAY: TCL-1000] The source and destination clocks are the same. 
     Instance: level0_i/blp/blp_i/blp_static_region_ss/inst/static_region/slr1/axi_hwicap/U0/ICAP_NOT_SHARED.HWICAP_CTRL_I/IPIC_IF_I/WRFIFO.WRDATA_FIFO_I/xpm_fifo_instance.xpm_fifo_async_inst/gnuram_async_fifo.xpm_fifo_base_inst/gen_cdc_pntr.rd_pntr_cdc_inst 
  This will add unnecessary latency to the design. Please check the design for the following: 
 1) Manually instantiated XPM_CDC modules: Xilinx recommends that you remove these modules. 
 2) Xilinx IP that contains XPM_CDC modules: Verify the connections to the IP to determine whether you can safely ignore this message.
 [/home/dess/workspace/Xilinx/Vivado/2022.2/data/ip/xpm/xpm_cdc/tcl/xpm_cdc_gray.tcl:16]
WARNING: [Vivado_Tcl 4-935] Waiver ID 'CDC-6' is a duplicate and will not be added again. [/home/dess/workspace/Xilinx/Vivado/2022.2/data/ip/xpm/xpm_cdc/tcl/xpm_cdc_gray.tcl:23]
WARNING: [XPM_CDC_GRAY: TCL-1000] The source and destination clocks are the same. 
     Instance: level0_i/blp/blp_i/blp_static_region_ss/inst/static_region/slr1/axi_hwicap/U0/ICAP_NOT_SHARED.HWICAP_CTRL_I/IPIC_IF_I/WRFIFO.WRDATA_FIFO_I/xpm_fifo_instance.xpm_fifo_async_inst/gnuram_async_fifo.xpm_fifo_base_inst/gen_cdc_pntr.wr_pntr_cdc_inst 
  This will add unnecessary latency to the design. Please check the design for the following: 
 1) Manually instantiated XPM_CDC modules: Xilinx recommends that you remove these modules. 
 2) Xilinx IP that contains XPM_CDC modules: Verify the connections to the IP to determine whether you can safely ignore this message.
 [/home/dess/workspace/Xilinx/Vivado/2022.2/data/ip/xpm/xpm_cdc/tcl/xpm_cdc_gray.tcl:16]
WARNING: [Vivado_Tcl 4-935] Waiver ID 'CDC-6' is a duplicate and will not be added again. [/home/dess/workspace/Xilinx/Vivado/2022.2/data/ip/xpm/xpm_cdc/tcl/xpm_cdc_gray.tcl:23]
WARNING: [XPM_CDC_GRAY: TCL-1000] The source and destination clocks are the same. 
     Instance: level0_i/blp/blp_i/blp_static_region_ss/inst/static_region/slr1/axi_hwicap/U0/ICAP_NOT_SHARED.HWICAP_CTRL_I/IPIC_IF_I/WRFIFO.WRDATA_FIFO_I/xpm_fifo_instance.xpm_fifo_async_inst/gnuram_async_fifo.xpm_fifo_base_inst/gen_cdc_pntr.rd_pntr_cdc_dc_inst 
  This will add unnecessary latency to the design. Please check the design for the following: 
 1) Manually instantiated XPM_CDC modules: Xilinx recommends that you remove these modules. 
 2) Xilinx IP that contains XPM_CDC modules: Verify the connections to the IP to determine whether you can safely ignore this message.
 [/home/dess/workspace/Xilinx/Vivado/2022.2/data/ip/xpm/xpm_cdc/tcl/xpm_cdc_gray.tcl:16]
WARNING: [Vivado_Tcl 4-935] Waiver ID 'CDC-6' is a duplicate and will not be added again. [/home/dess/workspace/Xilinx/Vivado/2022.2/data/ip/xpm/xpm_cdc/tcl/xpm_cdc_gray.tcl:23]
WARNING: [XPM_CDC_GRAY: TCL-1000] The source and destination clocks are the same. 
     Instance: level0_i/blp/blp_i/blp_static_region_ss/inst/static_region/slr1/axi_hwicap/U0/ICAP_NOT_SHARED.HWICAP_CTRL_I/IPIC_IF_I/RD_FIFO.RDDATA_FIFO_I/xpm_fifo_instance.xpm_fifo_async_inst/gnuram_async_fifo.xpm_fifo_base_inst/gen_cdc_pntr.rd_pntr_cdc_inst 
  This will add unnecessary latency to the design. Please check the design for the following: 
 1) Manually instantiated XPM_CDC modules: Xilinx recommends that you remove these modules. 
 2) Xilinx IP that contains XPM_CDC modules: Verify the connections to the IP to determine whether you can safely ignore this message.
 [/home/dess/workspace/Xilinx/Vivado/2022.2/data/ip/xpm/xpm_cdc/tcl/xpm_cdc_gray.tcl:16]
WARNING: [Vivado_Tcl 4-935] Waiver ID 'CDC-6' is a duplicate and will not be added again. [/home/dess/workspace/Xilinx/Vivado/2022.2/data/ip/xpm/xpm_cdc/tcl/xpm_cdc_gray.tcl:23]
WARNING: [XPM_CDC_GRAY: TCL-1000] The source and destination clocks are the same. 
     Instance: level0_i/blp/blp_i/blp_static_region_ss/inst/static_region/slr1/axi_hwicap/U0/ICAP_NOT_SHARED.HWICAP_CTRL_I/IPIC_IF_I/RD_FIFO.RDDATA_FIFO_I/xpm_fifo_instance.xpm_fifo_async_inst/gnuram_async_fifo.xpm_fifo_base_inst/gen_cdc_pntr.wr_pntr_cdc_inst 
  This will add unnecessary latency to the design. Please check the design for the following: 
 1) Manually instantiated XPM_CDC modules: Xilinx recommends that you remove these modules. 
 2) Xilinx IP that contains XPM_CDC modules: Verify the connections to the IP to determine whether you can safely ignore this message.
 [/home/dess/workspace/Xilinx/Vivado/2022.2/data/ip/xpm/xpm_cdc/tcl/xpm_cdc_gray.tcl:16]
WARNING: [Vivado_Tcl 4-935] Waiver ID 'CDC-6' is a duplicate and will not be added again. [/home/dess/workspace/Xilinx/Vivado/2022.2/data/ip/xpm/xpm_cdc/tcl/xpm_cdc_gray.tcl:23]
WARNING: [XPM_CDC_GRAY: TCL-1000] The source and destination clocks are the same. 
     Instance: level0_i/blp/blp_i/blp_static_region_ss/inst/static_region/slr1/axi_hwicap/U0/ICAP_NOT_SHARED.HWICAP_CTRL_I/IPIC_IF_I/RD_FIFO.RDDATA_FIFO_I/xpm_fifo_instance.xpm_fifo_async_inst/gnuram_async_fifo.xpm_fifo_base_inst/gen_cdc_pntr.rd_pntr_cdc_dc_inst 
  This will add unnecessary latency to the design. Please check the design for the following: 
 1) Manually instantiated XPM_CDC modules: Xilinx recommends that you remove these modules. 
 2) Xilinx IP that contains XPM_CDC modules: Verify the connections to the IP to determine whether you can safely ignore this message.
 [/home/dess/workspace/Xilinx/Vivado/2022.2/data/ip/xpm/xpm_cdc/tcl/xpm_cdc_gray.tcl:16]
WARNING: [Vivado_Tcl 4-935] Waiver ID 'CDC-6' is a duplicate and will not be added again. [/home/dess/workspace/Xilinx/Vivado/2022.2/data/ip/xpm/xpm_cdc/tcl/xpm_cdc_gray.tcl:23]
WARNING: [XPM_CDC_GRAY: TCL-1000] The source and destination clocks are the same. 
     Instance: level0_i/blp/blp_i/blp_static_region_ss/inst/static_region/slr1/axi_hwicap/U0/ICAP_NOT_SHARED.HWICAP_CTRL_I/IPIC_IF_I/RD_FIFO.RDDATA_FIFO_I/xpm_fifo_instance.xpm_fifo_async_inst/gnuram_async_fifo.xpm_fifo_base_inst/gen_cdc_pntr.wr_pntr_cdc_dc_inst 
  This will add unnecessary latency to the design. Please check the design for the following: 
 1) Manually instantiated XPM_CDC modules: Xilinx recommends that you remove these modules. 
 2) Xilinx IP that contains XPM_CDC modules: Verify the connections to the IP to determine whether you can safely ignore this message.
 [/home/dess/workspace/Xilinx/Vivado/2022.2/data/ip/xpm/xpm_cdc/tcl/xpm_cdc_gray.tcl:16]
WARNING: [Vivado_Tcl 4-935] Waiver ID 'CDC-6' is a duplicate and will not be added again. [/home/dess/workspace/Xilinx/Vivado/2022.2/data/ip/xpm/xpm_cdc/tcl/xpm_cdc_gray.tcl:23]
WARNING: [XPM_CDC_GRAY: TCL-1000] The source and destination clocks are the same. 
     Instance: level0_i/blp/blp_i/blp_static_region_ss/inst/static_region/slr1/flash_programmer/U0/DUAL_QUAD_MODE.QSPI_DUAL_QUAD/QSPI_LEGACY_MD_GEN.QSPI_CORE_INTERFACE_I/FIFO_EXISTS.TX_FIFO_II/xpm_fifo_instance.xpm_fifo_async_inst/gnuram_async_fifo.xpm_fifo_base_inst/gen_cdc_pntr.rd_pntr_cdc_inst 
  This will add unnecessary latency to the design. Please check the design for the following: 
 1) Manually instantiated XPM_CDC modules: Xilinx recommends that you remove these modules. 
 2) Xilinx IP that contains XPM_CDC modules: Verify the connections to the IP to determine whether you can safely ignore this message.
 [/home/dess/workspace/Xilinx/Vivado/2022.2/data/ip/xpm/xpm_cdc/tcl/xpm_cdc_gray.tcl:16]
WARNING: [Vivado_Tcl 4-935] Waiver ID 'CDC-6' is a duplicate and will not be added again. [/home/dess/workspace/Xilinx/Vivado/2022.2/data/ip/xpm/xpm_cdc/tcl/xpm_cdc_gray.tcl:23]
WARNING: [XPM_CDC_GRAY: TCL-1000] The source and destination clocks are the same. 
     Instance: level0_i/blp/blp_i/blp_static_region_ss/inst/static_region/slr1/flash_programmer/U0/DUAL_QUAD_MODE.QSPI_DUAL_QUAD/QSPI_LEGACY_MD_GEN.QSPI_CORE_INTERFACE_I/FIFO_EXISTS.RX_FIFO_II/gnuram_async_fifo.xpm_fifo_base_inst/gen_cdc_pntr.wr_pntr_cdc_inst 
  This will add unnecessary latency to the design. Please check the design for the following: 
 1) Manually instantiated XPM_CDC modules: Xilinx recommends that you remove these modules. 
 2) Xilinx IP that contains XPM_CDC modules: Verify the connections to the IP to determine whether you can safely ignore this message.
 [/home/dess/workspace/Xilinx/Vivado/2022.2/data/ip/xpm/xpm_cdc/tcl/xpm_cdc_gray.tcl:16]
WARNING: [Vivado_Tcl 4-935] Waiver ID 'CDC-6' is a duplicate and will not be added again. [/home/dess/workspace/Xilinx/Vivado/2022.2/data/ip/xpm/xpm_cdc/tcl/xpm_cdc_gray.tcl:23]
WARNING: [XPM_CDC_GRAY: TCL-1000] The source and destination clocks are the same. 
     Instance: level0_i/blp/blp_i/blp_static_region_ss/inst/static_region/slr1/flash_programmer/U0/DUAL_QUAD_MODE.QSPI_DUAL_QUAD/QSPI_LEGACY_MD_GEN.QSPI_CORE_INTERFACE_I/FIFO_EXISTS.RX_FIFO_II/gnuram_async_fifo.xpm_fifo_base_inst/gen_cdc_pntr.rd_pntr_cdc_inst 
  This will add unnecessary latency to the design. Please check the design for the following: 
 1) Manually instantiated XPM_CDC modules: Xilinx recommends that you remove these modules. 
 2) Xilinx IP that contains XPM_CDC modules: Verify the connections to the IP to determine whether you can safely ignore this message.
 [/home/dess/workspace/Xilinx/Vivado/2022.2/data/ip/xpm/xpm_cdc/tcl/xpm_cdc_gray.tcl:16]
WARNING: [Vivado_Tcl 4-935] Waiver ID 'CDC-6' is a duplicate and will not be added again. [/home/dess/workspace/Xilinx/Vivado/2022.2/data/ip/xpm/xpm_cdc/tcl/xpm_cdc_gray.tcl:23]
WARNING: [XPM_CDC_GRAY: TCL-1000] The source and destination clocks are the same. 
     Instance: level0_i/blp/blp_i/blp_static_region_ss/inst/static_region/slr1/flash_programmer/U0/DUAL_QUAD_MODE.QSPI_DUAL_QUAD/QSPI_LEGACY_MD_GEN.QSPI_CORE_INTERFACE_I/FIFO_EXISTS.TX_FIFO_II/xpm_fifo_instance.xpm_fifo_async_inst/gnuram_async_fifo.xpm_fifo_base_inst/gen_cdc_pntr.wr_pntr_cdc_inst 
  This will add unnecessary latency to the design. Please check the design for the following: 
 1) Manually instantiated XPM_CDC modules: Xilinx recommends that you remove these modules. 
 2) Xilinx IP that contains XPM_CDC modules: Verify the connections to the IP to determine whether you can safely ignore this message.
 [/home/dess/workspace/Xilinx/Vivado/2022.2/data/ip/xpm/xpm_cdc/tcl/xpm_cdc_gray.tcl:16]
WARNING: [Vivado_Tcl 4-935] Waiver ID 'CDC-6' is a duplicate and will not be added again. [/home/dess/workspace/Xilinx/Vivado/2022.2/data/ip/xpm/xpm_cdc/tcl/xpm_cdc_gray.tcl:23]
WARNING: [XPM_CDC_GRAY: TCL-1000] The source and destination clocks are the same. 
     Instance: level0_i/blp/blp_i/blp_static_region_ss/inst/static_region/slr1/flash_programmer/U0/DUAL_QUAD_MODE.QSPI_DUAL_QUAD/QSPI_LEGACY_MD_GEN.QSPI_CORE_INTERFACE_I/FIFO_EXISTS.RX_FIFO_II/gnuram_async_fifo.xpm_fifo_base_inst/gen_cdc_pntr.wr_pntr_cdc_dc_inst 
  This will add unnecessary latency to the design. Please check the design for the following: 
 1) Manually instantiated XPM_CDC modules: Xilinx recommends that you remove these modules. 
 2) Xilinx IP that contains XPM_CDC modules: Verify the connections to the IP to determine whether you can safely ignore this message.
 [/home/dess/workspace/Xilinx/Vivado/2022.2/data/ip/xpm/xpm_cdc/tcl/xpm_cdc_gray.tcl:16]
WARNING: [Vivado_Tcl 4-935] Waiver ID 'CDC-6' is a duplicate and will not be added again. [/home/dess/workspace/Xilinx/Vivado/2022.2/data/ip/xpm/xpm_cdc/tcl/xpm_cdc_gray.tcl:23]
WARNING: [XPM_CDC_GRAY: TCL-1000] The source and destination clocks are the same. 
     Instance: level0_i/blp/blp_i/blp_static_region_ss/inst/static_region/slr1/flash_programmer/U0/DUAL_QUAD_MODE.QSPI_DUAL_QUAD/QSPI_LEGACY_MD_GEN.QSPI_CORE_INTERFACE_I/FIFO_EXISTS.TX_FIFO_II/xpm_fifo_instance.xpm_fifo_async_inst/gnuram_async_fifo.xpm_fifo_base_inst/gen_cdc_pntr.rd_pntr_cdc_dc_inst 
  This will add unnecessary latency to the design. Please check the design for the following: 
 1) Manually instantiated XPM_CDC modules: Xilinx recommends that you remove these modules. 
 2) Xilinx IP that contains XPM_CDC modules: Verify the connections to the IP to determine whether you can safely ignore this message.
 [/home/dess/workspace/Xilinx/Vivado/2022.2/data/ip/xpm/xpm_cdc/tcl/xpm_cdc_gray.tcl:16]
WARNING: [Vivado_Tcl 4-935] Waiver ID 'CDC-6' is a duplicate and will not be added again. [/home/dess/workspace/Xilinx/Vivado/2022.2/data/ip/xpm/xpm_cdc/tcl/xpm_cdc_gray.tcl:23]
WARNING: [Vivado_Tcl 4-935] Waiver ID 'CDC-6' is a duplicate and will not be added again. [/home/dess/workspace/Xilinx/Vivado/2022.2/data/ip/xpm/xpm_cdc/tcl/xpm_cdc_gray.tcl:23]
WARNING: [Vivado_Tcl 4-935] Waiver ID 'CDC-6' is a duplicate and will not be added again. [/home/dess/workspace/Xilinx/Vivado/2022.2/data/ip/xpm/xpm_cdc/tcl/xpm_cdc_gray.tcl:23]
WARNING: [Vivado_Tcl 4-935] Waiver ID 'CDC-6' is a duplicate and will not be added again. [/home/dess/workspace/Xilinx/Vivado/2022.2/data/ip/xpm/xpm_cdc/tcl/xpm_cdc_gray.tcl:23]
WARNING: [Vivado_Tcl 4-935] Waiver ID 'CDC-6' is a duplicate and will not be added again. [/home/dess/workspace/Xilinx/Vivado/2022.2/data/ip/xpm/xpm_cdc/tcl/xpm_cdc_gray.tcl:23]
WARNING: [Vivado_Tcl 4-935] Waiver ID 'CDC-6' is a duplicate and will not be added again. [/home/dess/workspace/Xilinx/Vivado/2022.2/data/ip/xpm/xpm_cdc/tcl/xpm_cdc_gray.tcl:23]
WARNING: [Vivado_Tcl 4-935] Waiver ID 'CDC-6' is a duplicate and will not be added again. [/home/dess/workspace/Xilinx/Vivado/2022.2/data/ip/xpm/xpm_cdc/tcl/xpm_cdc_gray.tcl:23]
WARNING: [Vivado_Tcl 4-935] Waiver ID 'CDC-6' is a duplicate and will not be added again. [/home/dess/workspace/Xilinx/Vivado/2022.2/data/ip/xpm/xpm_cdc/tcl/xpm_cdc_gray.tcl:23]
WARNING: [Vivado_Tcl 4-935] Waiver ID 'CDC-6' is a duplicate and will not be added again. [/home/dess/workspace/Xilinx/Vivado/2022.2/data/ip/xpm/xpm_cdc/tcl/xpm_cdc_gray.tcl:23]
WARNING: [Vivado_Tcl 4-935] Waiver ID 'CDC-6' is a duplicate and will not be added again. [/home/dess/workspace/Xilinx/Vivado/2022.2/data/ip/xpm/xpm_cdc/tcl/xpm_cdc_gray.tcl:23]
WARNING: [Vivado_Tcl 4-935] Waiver ID 'CDC-6' is a duplicate and will not be added again. [/home/dess/workspace/Xilinx/Vivado/2022.2/data/ip/xpm/xpm_cdc/tcl/xpm_cdc_gray.tcl:23]
WARNING: [Vivado_Tcl 4-935] Waiver ID 'CDC-6' is a duplicate and will not be added again. [/home/dess/workspace/Xilinx/Vivado/2022.2/data/ip/xpm/xpm_cdc/tcl/xpm_cdc_gray.tcl:23]
WARNING: [Vivado_Tcl 4-935] Waiver ID 'CDC-6' is a duplicate and will not be added again. [/home/dess/workspace/Xilinx/Vivado/2022.2/data/ip/xpm/xpm_cdc/tcl/xpm_cdc_gray.tcl:23]
WARNING: [Vivado_Tcl 4-935] Waiver ID 'CDC-6' is a duplicate and will not be added again. [/home/dess/workspace/Xilinx/Vivado/2022.2/data/ip/xpm/xpm_cdc/tcl/xpm_cdc_gray.tcl:23]
WARNING: [Vivado_Tcl 4-935] Waiver ID 'CDC-6' is a duplicate and will not be added again. [/home/dess/workspace/Xilinx/Vivado/2022.2/data/ip/xpm/xpm_cdc/tcl/xpm_cdc_gray.tcl:23]
WARNING: [Vivado_Tcl 4-935] Waiver ID 'CDC-6' is a duplicate and will not be added again. [/home/dess/workspace/Xilinx/Vivado/2022.2/data/ip/xpm/xpm_cdc/tcl/xpm_cdc_gray.tcl:23]
WARNING: [Vivado_Tcl 4-935] Waiver ID 'CDC-6' is a duplicate and will not be added again. [/home/dess/workspace/Xilinx/Vivado/2022.2/data/ip/xpm/xpm_cdc/tcl/xpm_cdc_gray.tcl:23]
WARNING: [Vivado_Tcl 4-935] Waiver ID 'CDC-6' is a duplicate and will not be added again. [/home/dess/workspace/Xilinx/Vivado/2022.2/data/ip/xpm/xpm_cdc/tcl/xpm_cdc_gray.tcl:23]
WARNING: [Vivado_Tcl 4-935] Waiver ID 'CDC-6' is a duplicate and will not be added again. [/home/dess/workspace/Xilinx/Vivado/2022.2/data/ip/xpm/xpm_cdc/tcl/xpm_cdc_gray.tcl:23]
WARNING: [Vivado_Tcl 4-935] Waiver ID 'CDC-6' is a duplicate and will not be added again. [/home/dess/workspace/Xilinx/Vivado/2022.2/data/ip/xpm/xpm_cdc/tcl/xpm_cdc_gray.tcl:23]
WARNING: [Vivado_Tcl 4-935] Waiver ID 'CDC-6' is a duplicate and will not be added again. [/home/dess/workspace/Xilinx/Vivado/2022.2/data/ip/xpm/xpm_cdc/tcl/xpm_cdc_gray.tcl:23]
WARNING: [XPM_CDC_GRAY: TCL-1000] The source and destination clocks are the same. 
     Instance: level0_i/ulp/axi_interconnect_0/s01_couplers/auto_us_cc_df/inst/gen_upsizer.gen_full_upsizer.axi_upsizer_inst/USE_READ.gen_pktfifo_r_upsizer.pktfifo_read_data_inst/dw_fifogen_ar/inst_fifo_gen/gaxi_full_lite.gread_ch.grach2.axi_rach/grf.rf/gntv_or_sync_fifo.gcx.clkx/rd_pntr_cdc_inst 
  This will add unnecessary latency to the design. Please check the design for the following: 
 1) Manually instantiated XPM_CDC modules: Xilinx recommends that you remove these modules. 
 2) Xilinx IP that contains XPM_CDC modules: Verify the connections to the IP to determine whether you can safely ignore this message.
 [/home/dess/workspace/Xilinx/Vivado/2022.2/data/ip/xpm/xpm_cdc/tcl/xpm_cdc_gray.tcl:16]
WARNING: [XPM_CDC_GRAY: TCL-1000] The source and destination clocks are the same. 
     Instance: level0_i/ulp/axi_interconnect_0/s01_couplers/auto_us_cc_df/inst/gen_upsizer.gen_full_upsizer.axi_upsizer_inst/USE_READ.gen_pktfifo_r_upsizer.pktfifo_read_data_inst/dw_fifogen_ar/inst_fifo_gen/gaxi_full_lite.gread_ch.grach2.axi_rach/grf.rf/gntv_or_sync_fifo.gcx.clkx/wr_pntr_cdc_inst 
  This will add unnecessary latency to the design. Please check the design for the following: 
 1) Manually instantiated XPM_CDC modules: Xilinx recommends that you remove these modules. 
 2) Xilinx IP that contains XPM_CDC modules: Verify the connections to the IP to determine whether you can safely ignore this message.
 [/home/dess/workspace/Xilinx/Vivado/2022.2/data/ip/xpm/xpm_cdc/tcl/xpm_cdc_gray.tcl:16]
WARNING: [XPM_CDC_GRAY: TCL-1000] The source and destination clocks are the same. 
     Instance: level0_i/ulp/axi_interconnect_0/s01_couplers/auto_us_cc_df/inst/gen_upsizer.gen_full_upsizer.axi_upsizer_inst/USE_READ.gen_pktfifo_r_upsizer.pktfifo_read_data_inst/dw_fifogen_rresp/inst_fifo_gen/gconvfifo.rf/grf.rf/gntv_or_sync_fifo.gcx.clkx/rd_pntr_cdc_inst 
  This will add unnecessary latency to the design. Please check the design for the following: 
 1) Manually instantiated XPM_CDC modules: Xilinx recommends that you remove these modules. 
 2) Xilinx IP that contains XPM_CDC modules: Verify the connections to the IP to determine whether you can safely ignore this message.
 [/home/dess/workspace/Xilinx/Vivado/2022.2/data/ip/xpm/xpm_cdc/tcl/xpm_cdc_gray.tcl:16]
WARNING: [XPM_CDC_GRAY: TCL-1000] The source and destination clocks are the same. 
     Instance: level0_i/ulp/axi_interconnect_0/s01_couplers/auto_us_cc_df/inst/gen_upsizer.gen_full_upsizer.axi_upsizer_inst/USE_READ.gen_pktfifo_r_upsizer.pktfifo_read_data_inst/dw_fifogen_rresp/inst_fifo_gen/gconvfifo.rf/grf.rf/gntv_or_sync_fifo.gcx.clkx/wr_pntr_cdc_inst 
  This will add unnecessary latency to the design. Please check the design for the following: 
 1) Manually instantiated XPM_CDC modules: Xilinx recommends that you remove these modules. 
 2) Xilinx IP that contains XPM_CDC modules: Verify the connections to the IP to determine whether you can safely ignore this message.
 [/home/dess/workspace/Xilinx/Vivado/2022.2/data/ip/xpm/xpm_cdc/tcl/xpm_cdc_gray.tcl:16]
WARNING: [XPM_CDC_GRAY: TCL-1000] The source and destination clocks are the same. 
     Instance: level0_i/ulp/axi_interconnect_0/s02_couplers/auto_us_cc_df/inst/gen_upsizer.gen_full_upsizer.axi_upsizer_inst/USE_WRITE.gen_b_clk_conv.gen_b_async_conv.dw_fifogen_b_async/inst_fifo_gen/gaxi_full_lite.gwrite_ch.gwrch2.axi_wrch/grf.rf/gntv_or_sync_fifo.gcx.clkx/rd_pntr_cdc_inst 
  This will add unnecessary latency to the design. Please check the design for the following: 
 1) Manually instantiated XPM_CDC modules: Xilinx recommends that you remove these modules. 
 2) Xilinx IP that contains XPM_CDC modules: Verify the connections to the IP to determine whether you can safely ignore this message.
 [/home/dess/workspace/Xilinx/Vivado/2022.2/data/ip/xpm/xpm_cdc/tcl/xpm_cdc_gray.tcl:16]
WARNING: [XPM_CDC_GRAY: TCL-1000] The source and destination clocks are the same. 
     Instance: level0_i/ulp/axi_interconnect_0/s02_couplers/auto_us_cc_df/inst/gen_upsizer.gen_full_upsizer.axi_upsizer_inst/USE_WRITE.gen_b_clk_conv.gen_b_async_conv.dw_fifogen_b_async/inst_fifo_gen/gaxi_full_lite.gwrite_ch.gwrch2.axi_wrch/grf.rf/gntv_or_sync_fifo.gcx.clkx/wr_pntr_cdc_inst 
  This will add unnecessary latency to the design. Please check the design for the following: 
 1) Manually instantiated XPM_CDC modules: Xilinx recommends that you remove these modules. 
 2) Xilinx IP that contains XPM_CDC modules: Verify the connections to the IP to determine whether you can safely ignore this message.
 [/home/dess/workspace/Xilinx/Vivado/2022.2/data/ip/xpm/xpm_cdc/tcl/xpm_cdc_gray.tcl:16]
WARNING: [XPM_CDC_GRAY: TCL-1000] The source and destination clocks are the same. 
     Instance: level0_i/ulp/axi_interconnect_0/s02_couplers/auto_us_cc_df/inst/gen_upsizer.gen_full_upsizer.axi_upsizer_inst/USE_WRITE.gen_pktfifo_w_upsizer.pktfifo_write_data_inst/gen_awpop_fifo.dw_fifogen_awpop/inst_fifo_gen/gconvfifo.rf/grf.rf/gntv_or_sync_fifo.gcx.clkx/wr_pntr_cdc_inst 
  This will add unnecessary latency to the design. Please check the design for the following: 
 1) Manually instantiated XPM_CDC modules: Xilinx recommends that you remove these modules. 
 2) Xilinx IP that contains XPM_CDC modules: Verify the connections to the IP to determine whether you can safely ignore this message.
 [/home/dess/workspace/Xilinx/Vivado/2022.2/data/ip/xpm/xpm_cdc/tcl/xpm_cdc_gray.tcl:16]
WARNING: [XPM_CDC_GRAY: TCL-1000] The source and destination clocks are the same. 
     Instance: level0_i/ulp/axi_interconnect_0/s02_couplers/auto_us_cc_df/inst/gen_upsizer.gen_full_upsizer.axi_upsizer_inst/USE_WRITE.gen_pktfifo_w_upsizer.pktfifo_write_data_inst/gen_awpop_fifo.dw_fifogen_awpop/inst_fifo_gen/gconvfifo.rf/grf.rf/gntv_or_sync_fifo.gcx.clkx/rd_pntr_cdc_inst 
  This will add unnecessary latency to the design. Please check the design for the following: 
 1) Manually instantiated XPM_CDC modules: Xilinx recommends that you remove these modules. 
 2) Xilinx IP that contains XPM_CDC modules: Verify the connections to the IP to determine whether you can safely ignore this message.
 [/home/dess/workspace/Xilinx/Vivado/2022.2/data/ip/xpm/xpm_cdc/tcl/xpm_cdc_gray.tcl:16]
WARNING: [XPM_CDC_GRAY: TCL-1000] The source and destination clocks are the same. 
     Instance: level0_i/ulp/axi_interconnect_0/s02_couplers/auto_us_cc_df/inst/gen_upsizer.gen_full_upsizer.axi_upsizer_inst/USE_WRITE.gen_pktfifo_w_upsizer.pktfifo_write_data_inst/dw_fifogen_aw/inst_fifo_gen/gaxi_full_lite.gwrite_ch.gwach2.axi_wach/grf.rf/gntv_or_sync_fifo.gcx.clkx/wr_pntr_cdc_inst 
  This will add unnecessary latency to the design. Please check the design for the following: 
 1) Manually instantiated XPM_CDC modules: Xilinx recommends that you remove these modules. 
 2) Xilinx IP that contains XPM_CDC modules: Verify the connections to the IP to determine whether you can safely ignore this message.
 [/home/dess/workspace/Xilinx/Vivado/2022.2/data/ip/xpm/xpm_cdc/tcl/xpm_cdc_gray.tcl:16]
WARNING: [XPM_CDC_GRAY: TCL-1000] The source and destination clocks are the same. 
     Instance: level0_i/ulp/axi_interconnect_0/s02_couplers/auto_us_cc_df/inst/gen_upsizer.gen_full_upsizer.axi_upsizer_inst/USE_WRITE.gen_pktfifo_w_upsizer.pktfifo_write_data_inst/dw_fifogen_aw/inst_fifo_gen/gaxi_full_lite.gwrite_ch.gwach2.axi_wach/grf.rf/gntv_or_sync_fifo.gcx.clkx/rd_pntr_cdc_inst 
  This will add unnecessary latency to the design. Please check the design for the following: 
 1) Manually instantiated XPM_CDC modules: Xilinx recommends that you remove these modules. 
 2) Xilinx IP that contains XPM_CDC modules: Verify the connections to the IP to determine whether you can safely ignore this message.
 [/home/dess/workspace/Xilinx/Vivado/2022.2/data/ip/xpm/xpm_cdc/tcl/xpm_cdc_gray.tcl:16]
WARNING: [Vivado_Tcl 4-935] Waiver ID 'CDC-15' is a duplicate and will not be added again. [/home/dess/workspace/Xilinx/Vivado/2022.2/data/ip/xpm/xpm_cdc/tcl/xpm_cdc_handshake.tcl:30]
WARNING: [Vivado_Tcl 4-935] Waiver ID 'CDC-15' is a duplicate and will not be added again. [/home/dess/workspace/Xilinx/Vivado/2022.2/data/ip/xpm/xpm_cdc/tcl/xpm_cdc_handshake.tcl:30]
WARNING: [Vivado_Tcl 4-921] Waiver ID 'CDC-15' -to list should not be empty. [/home/dess/workspace/Xilinx/Vivado/2022.2/data/ip/xpm/xpm_cdc/tcl/xpm_cdc_handshake.tcl:30]
WARNING: [Vivado_Tcl 4-935] Waiver ID 'CDC-15' is a duplicate and will not be added again. [/home/dess/workspace/Xilinx/Vivado/2022.2/data/ip/xpm/xpm_cdc/tcl/xpm_cdc_handshake.tcl:30]
WARNING: [Vivado_Tcl 4-935] Waiver ID 'CDC-15' is a duplicate and will not be added again. [/home/dess/workspace/Xilinx/Vivado/2022.2/data/ip/xpm/xpm_cdc/tcl/xpm_cdc_handshake.tcl:30]
WARNING: [Vivado_Tcl 4-935] Waiver ID 'CDC-15' is a duplicate and will not be added again. [/home/dess/workspace/Xilinx/Vivado/2022.2/data/ip/xpm/xpm_cdc/tcl/xpm_cdc_handshake.tcl:30]
WARNING: [Vivado_Tcl 4-935] Waiver ID 'CDC-15' is a duplicate and will not be added again. [/home/dess/workspace/Xilinx/Vivado/2022.2/data/ip/xpm/xpm_cdc/tcl/xpm_cdc_handshake.tcl:30]
WARNING: [Vivado_Tcl 4-921] Waiver ID 'CDC-15' -to list should not be empty. [/home/dess/workspace/Xilinx/Vivado/2022.2/data/ip/xpm/xpm_cdc/tcl/xpm_cdc_handshake.tcl:30]
WARNING: [Vivado_Tcl 4-935] Waiver ID 'CDC-15' is a duplicate and will not be added again. [/home/dess/workspace/Xilinx/Vivado/2022.2/data/ip/xpm/xpm_cdc/tcl/xpm_cdc_handshake.tcl:30]
WARNING: [Vivado_Tcl 4-935] Waiver ID 'CDC-15' is a duplicate and will not be added again. [/home/dess/workspace/Xilinx/Vivado/2022.2/data/ip/xpm/xpm_cdc/tcl/xpm_cdc_handshake.tcl:30]
WARNING: [Vivado_Tcl 4-935] Waiver ID 'CDC-15' is a duplicate and will not be added again. [/home/dess/workspace/Xilinx/Vivado/2022.2/data/ip/xpm/xpm_cdc/tcl/xpm_cdc_handshake.tcl:30]
WARNING: [Vivado_Tcl 4-935] Waiver ID 'CDC-15' is a duplicate and will not be added again. [/home/dess/workspace/Xilinx/Vivado/2022.2/data/ip/xpm/xpm_cdc/tcl/xpm_cdc_handshake.tcl:30]
WARNING: [Vivado_Tcl 4-935] Waiver ID 'CDC-15' is a duplicate and will not be added again. [/home/dess/workspace/Xilinx/Vivado/2022.2/data/ip/xpm/xpm_cdc/tcl/xpm_cdc_handshake.tcl:30]
WARNING: [Vivado_Tcl 4-935] Waiver ID 'CDC-15' is a duplicate and will not be added again. [/home/dess/workspace/Xilinx/Vivado/2022.2/data/ip/xpm/xpm_cdc/tcl/xpm_cdc_handshake.tcl:30]
WARNING: [Vivado_Tcl 4-935] Waiver ID 'CDC-15' is a duplicate and will not be added again. [/home/dess/workspace/Xilinx/Vivado/2022.2/data/ip/xpm/xpm_cdc/tcl/xpm_cdc_handshake.tcl:30]
WARNING: [Vivado_Tcl 4-935] Waiver ID 'CDC-15' is a duplicate and will not be added again. [/home/dess/workspace/Xilinx/Vivado/2022.2/data/ip/xpm/xpm_cdc/tcl/xpm_cdc_handshake.tcl:30]
WARNING: [Vivado_Tcl 4-935] Waiver ID 'CDC-15' is a duplicate and will not be added again. [/home/dess/workspace/Xilinx/Vivado/2022.2/data/ip/xpm/xpm_cdc/tcl/xpm_cdc_handshake.tcl:30]
WARNING: [Vivado_Tcl 4-935] Waiver ID 'CDC-15' is a duplicate and will not be added again. [/home/dess/workspace/Xilinx/Vivado/2022.2/data/ip/xpm/xpm_cdc/tcl/xpm_cdc_handshake.tcl:30]
WARNING: [Vivado_Tcl 4-935] Waiver ID 'CDC-15' is a duplicate and will not be added again. [/home/dess/workspace/Xilinx/Vivado/2022.2/data/ip/xpm/xpm_cdc/tcl/xpm_cdc_handshake.tcl:30]
WARNING: [Vivado_Tcl 4-935] Waiver ID 'CDC-15' is a duplicate and will not be added again. [/home/dess/workspace/Xilinx/Vivado/2022.2/data/ip/xpm/xpm_cdc/tcl/xpm_cdc_handshake.tcl:30]
WARNING: [Vivado_Tcl 4-935] Waiver ID 'CDC-15' is a duplicate and will not be added again. [/home/dess/workspace/Xilinx/Vivado/2022.2/data/ip/xpm/xpm_cdc/tcl/xpm_cdc_handshake.tcl:30]
WARNING: [Vivado_Tcl 4-935] Waiver ID 'CDC-15' is a duplicate and will not be added again. [/home/dess/workspace/Xilinx/Vivado/2022.2/data/ip/xpm/xpm_cdc/tcl/xpm_cdc_handshake.tcl:30]
WARNING: [Vivado_Tcl 4-935] Waiver ID 'CDC-15' is a duplicate and will not be added again. [/home/dess/workspace/Xilinx/Vivado/2022.2/data/ip/xpm/xpm_cdc/tcl/xpm_cdc_handshake.tcl:30]
WARNING: [Vivado_Tcl 4-935] Waiver ID 'CDC-15' is a duplicate and will not be added again. [/home/dess/workspace/Xilinx/Vivado/2022.2/data/ip/xpm/xpm_cdc/tcl/xpm_cdc_handshake.tcl:30]
WARNING: [Vivado_Tcl 4-935] Waiver ID 'CDC-15' is a duplicate and will not be added again. [/home/dess/workspace/Xilinx/Vivado/2022.2/data/ip/xpm/xpm_cdc/tcl/xpm_cdc_handshake.tcl:30]
WARNING: [Vivado_Tcl 4-935] Waiver ID 'CDC-15' is a duplicate and will not be added again. [/home/dess/workspace/Xilinx/Vivado/2022.2/data/ip/xpm/xpm_cdc/tcl/xpm_cdc_handshake.tcl:30]
WARNING: [Vivado_Tcl 4-921] Waiver ID 'CDC-15' -to list should not be empty. [/home/dess/workspace/Xilinx/Vivado/2022.2/data/ip/xpm/xpm_cdc/tcl/xpm_cdc_handshake.tcl:30]
WARNING: [Vivado_Tcl 4-921] Waiver ID 'CDC-15' -to list should not be empty. [/home/dess/workspace/Xilinx/Vivado/2022.2/data/ip/xpm/xpm_cdc/tcl/xpm_cdc_handshake.tcl:30]
WARNING: [Vivado_Tcl 4-921] Waiver ID 'CDC-15' -to list should not be empty. [/home/dess/workspace/Xilinx/Vivado/2022.2/data/ip/xpm/xpm_cdc/tcl/xpm_cdc_handshake.tcl:30]
WARNING: [Vivado_Tcl 4-921] Waiver ID 'CDC-15' -to list should not be empty. [/home/dess/workspace/Xilinx/Vivado/2022.2/data/ip/xpm/xpm_cdc/tcl/xpm_cdc_handshake.tcl:30]
WARNING: [Vivado_Tcl 4-921] Waiver ID 'CDC-15' -to list should not be empty. [/home/dess/workspace/Xilinx/Vivado/2022.2/data/ip/xpm/xpm_cdc/tcl/xpm_cdc_handshake.tcl:30]
WARNING: [Vivado_Tcl 4-921] Waiver ID 'CDC-15' -to list should not be empty. [/home/dess/workspace/Xilinx/Vivado/2022.2/data/ip/xpm/xpm_cdc/tcl/xpm_cdc_handshake.tcl:30]
WARNING: [Vivado_Tcl 4-921] Waiver ID 'CDC-15' -to list should not be empty. [/home/dess/workspace/Xilinx/Vivado/2022.2/data/ip/xpm/xpm_cdc/tcl/xpm_cdc_handshake.tcl:30]
WARNING: [Vivado_Tcl 4-921] Waiver ID 'CDC-15' -to list should not be empty. [/home/dess/workspace/Xilinx/Vivado/2022.2/data/ip/xpm/xpm_cdc/tcl/xpm_cdc_handshake.tcl:30]
WARNING: [Vivado_Tcl 4-921] Waiver ID 'CDC-15' -to list should not be empty. [/home/dess/workspace/Xilinx/Vivado/2022.2/data/ip/xpm/xpm_cdc/tcl/xpm_cdc_handshake.tcl:30]
WARNING: [Vivado_Tcl 4-921] Waiver ID 'CDC-15' -to list should not be empty. [/home/dess/workspace/Xilinx/Vivado/2022.2/data/ip/xpm/xpm_cdc/tcl/xpm_cdc_handshake.tcl:30]
WARNING: [Vivado_Tcl 4-921] Waiver ID 'CDC-15' -to list should not be empty. [/home/dess/workspace/Xilinx/Vivado/2022.2/data/ip/xpm/xpm_cdc/tcl/xpm_cdc_handshake.tcl:30]
WARNING: [Vivado_Tcl 4-921] Waiver ID 'CDC-15' -to list should not be empty. [/home/dess/workspace/Xilinx/Vivado/2022.2/data/ip/xpm/xpm_cdc/tcl/xpm_cdc_handshake.tcl:30]
WARNING: [Vivado_Tcl 4-921] Waiver ID 'CDC-15' -to list should not be empty. [/home/dess/workspace/Xilinx/Vivado/2022.2/data/ip/xpm/xpm_cdc/tcl/xpm_cdc_handshake.tcl:30]
WARNING: [Vivado_Tcl 4-921] Waiver ID 'CDC-15' -to list should not be empty. [/home/dess/workspace/Xilinx/Vivado/2022.2/data/ip/xpm/xpm_cdc/tcl/xpm_cdc_handshake.tcl:30]
WARNING: [Vivado_Tcl 4-921] Waiver ID 'CDC-15' -to list should not be empty. [/home/dess/workspace/Xilinx/Vivado/2022.2/data/ip/xpm/xpm_cdc/tcl/xpm_cdc_handshake.tcl:30]
WARNING: [Vivado_Tcl 4-921] Waiver ID 'CDC-15' -to list should not be empty. [/home/dess/workspace/Xilinx/Vivado/2022.2/data/ip/xpm/xpm_cdc/tcl/xpm_cdc_handshake.tcl:30]
WARNING: [Vivado_Tcl 4-921] Waiver ID 'CDC-15' -to list should not be empty. [/home/dess/workspace/Xilinx/Vivado/2022.2/data/ip/xpm/xpm_cdc/tcl/xpm_cdc_handshake.tcl:30]
WARNING: [Vivado_Tcl 4-921] Waiver ID 'CDC-15' -to list should not be empty. [/home/dess/workspace/Xilinx/Vivado/2022.2/data/ip/xpm/xpm_cdc/tcl/xpm_cdc_handshake.tcl:30]
WARNING: [Vivado_Tcl 4-921] Waiver ID 'CDC-15' -to list should not be empty. [/home/dess/workspace/Xilinx/Vivado/2022.2/data/ip/xpm/xpm_cdc/tcl/xpm_cdc_handshake.tcl:30]
WARNING: [Vivado_Tcl 4-921] Waiver ID 'CDC-15' -to list should not be empty. [/home/dess/workspace/Xilinx/Vivado/2022.2/data/ip/xpm/xpm_cdc/tcl/xpm_cdc_handshake.tcl:30]
WARNING: [Vivado_Tcl 4-921] Waiver ID 'CDC-15' -to list should not be empty. [/home/dess/workspace/Xilinx/Vivado/2022.2/data/ip/xpm/xpm_cdc/tcl/xpm_cdc_handshake.tcl:30]
WARNING: [Vivado_Tcl 4-921] Waiver ID 'CDC-15' -to list should not be empty. [/home/dess/workspace/Xilinx/Vivado/2022.2/data/ip/xpm/xpm_cdc/tcl/xpm_cdc_handshake.tcl:30]
WARNING: [XPM_CDC_SINGLE: TCL-1000] The source and destination clocks are the same. 
     Instance: level0_i/ulp/axi_interconnect_0/s01_couplers/auto_us_cc_df/inst/gen_upsizer.gen_full_upsizer.axi_upsizer_inst/USE_READ.gen_pktfifo_r_upsizer.pktfifo_read_data_inst/dw_fifogen_ar/inst_fifo_gen/gaxi_full_lite.gread_ch.grach2.cdc_wr_rst_busy_ic_3.xpm_cdc_single_inst3 
  This will add unnecessary latency to the design. Please check the design for the following: 
 1) Manually instantiated XPM_CDC modules: Xilinx recommends that you remove these modules. 
 2) Xilinx IP that contains XPM_CDC modules: Verify the connections to the IP to determine whether you can safely ignore this message.
 [/home/dess/workspace/Xilinx/Vivado/2022.2/data/ip/xpm/xpm_cdc/tcl/xpm_cdc_single.tcl:5]
WARNING: [XPM_CDC_SINGLE: TCL-1000] The source and destination clocks are the same. 
     Instance: level0_i/ulp/axi_interconnect_0/s02_couplers/auto_us_cc_df/inst/gen_upsizer.gen_full_upsizer.axi_upsizer_inst/USE_WRITE.gen_pktfifo_w_upsizer.pktfifo_write_data_inst/dw_fifogen_aw/inst_fifo_gen/gaxi_full_lite.gwrite_ch.gwach2.cdc_wr_rst_busy_ic_1.xpm_cdc_single_inst1 
  This will add unnecessary latency to the design. Please check the design for the following: 
 1) Manually instantiated XPM_CDC modules: Xilinx recommends that you remove these modules. 
 2) Xilinx IP that contains XPM_CDC modules: Verify the connections to the IP to determine whether you can safely ignore this message.
 [/home/dess/workspace/Xilinx/Vivado/2022.2/data/ip/xpm/xpm_cdc/tcl/xpm_cdc_single.tcl:5]
INFO: [Project 1-1714] 839 XPM XDC files have been applied to the design.
INFO: [Opt 31-138] Pushed 0 inverter(s) to 0 load pin(s).
INFO: [Opt 31-422] The CLOCK_DOMAINS attribute on the BRAM cell level0_i/ulp/axi_interconnect_0/s01_couplers/auto_us_cc_df/inst/gen_upsizer.gen_full_upsizer.axi_upsizer_inst/USE_READ.gen_pktfifo_r_upsizer.pktfifo_read_data_inst/gen_ramb[0].ramb_inst has been changed from INDEPENDENT to COMMON to match the clocking topology used for the BRAM.
INFO: [Opt 31-422] The CLOCK_DOMAINS attribute on the BRAM cell level0_i/ulp/axi_interconnect_0/s01_couplers/auto_us_cc_df/inst/gen_upsizer.gen_full_upsizer.axi_upsizer_inst/USE_READ.gen_pktfifo_r_upsizer.pktfifo_read_data_inst/gen_ramb[10].ramb_inst has been changed from INDEPENDENT to COMMON to match the clocking topology used for the BRAM.
INFO: [Opt 31-422] The CLOCK_DOMAINS attribute on the BRAM cell level0_i/ulp/axi_interconnect_0/s01_couplers/auto_us_cc_df/inst/gen_upsizer.gen_full_upsizer.axi_upsizer_inst/USE_READ.gen_pktfifo_r_upsizer.pktfifo_read_data_inst/gen_ramb[11].ramb_inst has been changed from INDEPENDENT to COMMON to match the clocking topology used for the BRAM.
INFO: [Opt 31-422] The CLOCK_DOMAINS attribute on the BRAM cell level0_i/ulp/axi_interconnect_0/s01_couplers/auto_us_cc_df/inst/gen_upsizer.gen_full_upsizer.axi_upsizer_inst/USE_READ.gen_pktfifo_r_upsizer.pktfifo_read_data_inst/gen_ramb[12].ramb_inst has been changed from INDEPENDENT to COMMON to match the clocking topology used for the BRAM.
INFO: [Opt 31-422] The CLOCK_DOMAINS attribute on the BRAM cell level0_i/ulp/axi_interconnect_0/s01_couplers/auto_us_cc_df/inst/gen_upsizer.gen_full_upsizer.axi_upsizer_inst/USE_READ.gen_pktfifo_r_upsizer.pktfifo_read_data_inst/gen_ramb[13].ramb_inst has been changed from INDEPENDENT to COMMON to match the clocking topology used for the BRAM.
INFO: [Opt 31-422] The CLOCK_DOMAINS attribute on the BRAM cell level0_i/ulp/axi_interconnect_0/s01_couplers/auto_us_cc_df/inst/gen_upsizer.gen_full_upsizer.axi_upsizer_inst/USE_READ.gen_pktfifo_r_upsizer.pktfifo_read_data_inst/gen_ramb[14].ramb_inst has been changed from INDEPENDENT to COMMON to match the clocking topology used for the BRAM.
INFO: [Opt 31-422] The CLOCK_DOMAINS attribute on the BRAM cell level0_i/ulp/axi_interconnect_0/s01_couplers/auto_us_cc_df/inst/gen_upsizer.gen_full_upsizer.axi_upsizer_inst/USE_READ.gen_pktfifo_r_upsizer.pktfifo_read_data_inst/gen_ramb[15].ramb_inst has been changed from INDEPENDENT to COMMON to match the clocking topology used for the BRAM.
INFO: [Opt 31-422] The CLOCK_DOMAINS attribute on the BRAM cell level0_i/ulp/axi_interconnect_0/s01_couplers/auto_us_cc_df/inst/gen_upsizer.gen_full_upsizer.axi_upsizer_inst/USE_READ.gen_pktfifo_r_upsizer.pktfifo_read_data_inst/gen_ramb[1].ramb_inst has been changed from INDEPENDENT to COMMON to match the clocking topology used for the BRAM.
INFO: [Opt 31-422] The CLOCK_DOMAINS attribute on the BRAM cell level0_i/ulp/axi_interconnect_0/s01_couplers/auto_us_cc_df/inst/gen_upsizer.gen_full_upsizer.axi_upsizer_inst/USE_READ.gen_pktfifo_r_upsizer.pktfifo_read_data_inst/gen_ramb[2].ramb_inst has been changed from INDEPENDENT to COMMON to match the clocking topology used for the BRAM.
INFO: [Opt 31-422] The CLOCK_DOMAINS attribute on the BRAM cell level0_i/ulp/axi_interconnect_0/s01_couplers/auto_us_cc_df/inst/gen_upsizer.gen_full_upsizer.axi_upsizer_inst/USE_READ.gen_pktfifo_r_upsizer.pktfifo_read_data_inst/gen_ramb[3].ramb_inst has been changed from INDEPENDENT to COMMON to match the clocking topology used for the BRAM.
INFO: [Opt 31-422] The CLOCK_DOMAINS attribute on the BRAM cell level0_i/ulp/axi_interconnect_0/s01_couplers/auto_us_cc_df/inst/gen_upsizer.gen_full_upsizer.axi_upsizer_inst/USE_READ.gen_pktfifo_r_upsizer.pktfifo_read_data_inst/gen_ramb[4].ramb_inst has been changed from INDEPENDENT to COMMON to match the clocking topology used for the BRAM.
INFO: [Opt 31-422] The CLOCK_DOMAINS attribute on the BRAM cell level0_i/ulp/axi_interconnect_0/s01_couplers/auto_us_cc_df/inst/gen_upsizer.gen_full_upsizer.axi_upsizer_inst/USE_READ.gen_pktfifo_r_upsizer.pktfifo_read_data_inst/gen_ramb[5].ramb_inst has been changed from INDEPENDENT to COMMON to match the clocking topology used for the BRAM.
INFO: [Opt 31-422] The CLOCK_DOMAINS attribute on the BRAM cell level0_i/ulp/axi_interconnect_0/s01_couplers/auto_us_cc_df/inst/gen_upsizer.gen_full_upsizer.axi_upsizer_inst/USE_READ.gen_pktfifo_r_upsizer.pktfifo_read_data_inst/gen_ramb[6].ramb_inst has been changed from INDEPENDENT to COMMON to match the clocking topology used for the BRAM.
INFO: [Opt 31-422] The CLOCK_DOMAINS attribute on the BRAM cell level0_i/ulp/axi_interconnect_0/s01_couplers/auto_us_cc_df/inst/gen_upsizer.gen_full_upsizer.axi_upsizer_inst/USE_READ.gen_pktfifo_r_upsizer.pktfifo_read_data_inst/gen_ramb[7].ramb_inst has been changed from INDEPENDENT to COMMON to match the clocking topology used for the BRAM.
INFO: [Opt 31-422] The CLOCK_DOMAINS attribute on the BRAM cell level0_i/ulp/axi_interconnect_0/s01_couplers/auto_us_cc_df/inst/gen_upsizer.gen_full_upsizer.axi_upsizer_inst/USE_READ.gen_pktfifo_r_upsizer.pktfifo_read_data_inst/gen_ramb[8].ramb_inst has been changed from INDEPENDENT to COMMON to match the clocking topology used for the BRAM.
INFO: [Opt 31-422] The CLOCK_DOMAINS attribute on the BRAM cell level0_i/ulp/axi_interconnect_0/s01_couplers/auto_us_cc_df/inst/gen_upsizer.gen_full_upsizer.axi_upsizer_inst/USE_READ.gen_pktfifo_r_upsizer.pktfifo_read_data_inst/gen_ramb[9].ramb_inst has been changed from INDEPENDENT to COMMON to match the clocking topology used for the BRAM.
INFO: [Opt 31-422] The CLOCK_DOMAINS attribute on the BRAM cell level0_i/ulp/axi_interconnect_0/s02_couplers/auto_us_cc_df/inst/gen_upsizer.gen_full_upsizer.axi_upsizer_inst/USE_WRITE.gen_pktfifo_w_upsizer.pktfifo_write_data_inst/w_buffer/inst_blk_mem_gen/gnbram.gnativebmg.native_blk_mem_gen/valid.cstr/ramloop[0].ram.r/prim_noinit.ram/DEVICE_8SERIES.NO_BMM_INFO.SDP.WIDE_PRIM36_NO_ECC.ram has been changed from INDEPENDENT to COMMON to match the clocking topology used for the BRAM.
INFO: [Opt 31-422] The CLOCK_DOMAINS attribute on the BRAM cell level0_i/ulp/axi_interconnect_0/s02_couplers/auto_us_cc_df/inst/gen_upsizer.gen_full_upsizer.axi_upsizer_inst/USE_WRITE.gen_pktfifo_w_upsizer.pktfifo_write_data_inst/w_buffer/inst_blk_mem_gen/gnbram.gnativebmg.native_blk_mem_gen/valid.cstr/ramloop[1].ram.r/prim_noinit.ram/DEVICE_8SERIES.NO_BMM_INFO.SDP.WIDE_PRIM36_NO_ECC.ram has been changed from INDEPENDENT to COMMON to match the clocking topology used for the BRAM.
INFO: [Opt 31-422] The CLOCK_DOMAINS attribute on the BRAM cell level0_i/ulp/axi_interconnect_0/s02_couplers/auto_us_cc_df/inst/gen_upsizer.gen_full_upsizer.axi_upsizer_inst/USE_WRITE.gen_pktfifo_w_upsizer.pktfifo_write_data_inst/w_buffer/inst_blk_mem_gen/gnbram.gnativebmg.native_blk_mem_gen/valid.cstr/ramloop[2].ram.r/prim_noinit.ram/DEVICE_8SERIES.NO_BMM_INFO.SDP.WIDE_PRIM36_NO_ECC.ram has been changed from INDEPENDENT to COMMON to match the clocking topology used for the BRAM.
INFO: [Opt 31-422] The CLOCK_DOMAINS attribute on the BRAM cell level0_i/ulp/axi_interconnect_0/s02_couplers/auto_us_cc_df/inst/gen_upsizer.gen_full_upsizer.axi_upsizer_inst/USE_WRITE.gen_pktfifo_w_upsizer.pktfifo_write_data_inst/w_buffer/inst_blk_mem_gen/gnbram.gnativebmg.native_blk_mem_gen/valid.cstr/ramloop[3].ram.r/prim_noinit.ram/DEVICE_8SERIES.NO_BMM_INFO.SDP.WIDE_PRIM36_NO_ECC.ram has been changed from INDEPENDENT to COMMON to match the clocking topology used for the BRAM.
INFO: [Opt 31-422] The CLOCK_DOMAINS attribute on the BRAM cell level0_i/ulp/axi_interconnect_0/s02_couplers/auto_us_cc_df/inst/gen_upsizer.gen_full_upsizer.axi_upsizer_inst/USE_WRITE.gen_pktfifo_w_upsizer.pktfifo_write_data_inst/w_buffer/inst_blk_mem_gen/gnbram.gnativebmg.native_blk_mem_gen/valid.cstr/ramloop[4].ram.r/prim_noinit.ram/DEVICE_8SERIES.NO_BMM_INFO.SDP.WIDE_PRIM36_NO_ECC.ram has been changed from INDEPENDENT to COMMON to match the clocking topology used for the BRAM.
INFO: [Opt 31-422] The CLOCK_DOMAINS attribute on the BRAM cell level0_i/ulp/axi_interconnect_0/s02_couplers/auto_us_cc_df/inst/gen_upsizer.gen_full_upsizer.axi_upsizer_inst/USE_WRITE.gen_pktfifo_w_upsizer.pktfifo_write_data_inst/w_buffer/inst_blk_mem_gen/gnbram.gnativebmg.native_blk_mem_gen/valid.cstr/ramloop[5].ram.r/prim_noinit.ram/DEVICE_8SERIES.NO_BMM_INFO.SDP.WIDE_PRIM36_NO_ECC.ram has been changed from INDEPENDENT to COMMON to match the clocking topology used for the BRAM.
INFO: [Opt 31-422] The CLOCK_DOMAINS attribute on the BRAM cell level0_i/ulp/axi_interconnect_0/s02_couplers/auto_us_cc_df/inst/gen_upsizer.gen_full_upsizer.axi_upsizer_inst/USE_WRITE.gen_pktfifo_w_upsizer.pktfifo_write_data_inst/w_buffer/inst_blk_mem_gen/gnbram.gnativebmg.native_blk_mem_gen/valid.cstr/ramloop[6].ram.r/prim_noinit.ram/DEVICE_8SERIES.NO_BMM_INFO.SDP.WIDE_PRIM36_NO_ECC.ram has been changed from INDEPENDENT to COMMON to match the clocking topology used for the BRAM.
INFO: [Opt 31-422] The CLOCK_DOMAINS attribute on the BRAM cell level0_i/ulp/axi_interconnect_0/s02_couplers/auto_us_cc_df/inst/gen_upsizer.gen_full_upsizer.axi_upsizer_inst/USE_WRITE.gen_pktfifo_w_upsizer.pktfifo_write_data_inst/w_buffer/inst_blk_mem_gen/gnbram.gnativebmg.native_blk_mem_gen/valid.cstr/ramloop[7].ram.r/prim_noinit.ram/DEVICE_8SERIES.NO_BMM_INFO.SDP.WIDE_PRIM36_NO_ECC.ram has been changed from INDEPENDENT to COMMON to match the clocking topology used for the BRAM.
WARNING: [Memdata 28-80] Empty top found while merging BMM files!
INFO: [Memdata 28-144] Successfully populated the BRAM INIT strings from the following elf files: /home/uni/project/smartssd/host_file_sum64/_x/link/vivado/vpl/prj/prj.gen/my_rm/bd/ulp/ip/ulp_ddrmem_1_0/sw/calibration_0/Debug/calibration_ddr.elf /home/uni/project/smartssd/host_file_sum64/_x/link/vivado/vpl/prj/prj.gen/my_rm/bd/ulp/ip/ulp_ddrmem_1_0/sw/calibration_0/Debug/calibration_ddr.elf 
INFO: [Project 1-1687] 231 scoped IP constraints or related sub-commands were skipped due to synthesis logic optimizations usually triggered by constant connectivity or unconnected output pins. To review the skipped constraints and messages, run the command 'set_param netlist.IPMsgFiltering false' before opening the design.
Netlist sorting complete. Time (s): cpu = 00:00:00.08 ; elapsed = 00:00:00.08 . Memory (MB): peak = 8803.387 ; gain = 0.000 ; free physical = 113498 ; free virtual = 239625
INFO: [Project 1-111] Unisim Transformation Summary:
  A total of 1607 instances were transformed.
  DSP48E1 => DSP48E2 (DSP_ALU, DSP_A_B_DATA, DSP_C_DATA, DSP_MULTIPLIER, DSP_M_DATA, DSP_OUTPUT, DSP_PREADD, DSP_PREADD_DATA): 7 instances
  DSP48E2 => DSP48E2 (inverted pins: RSTP) (DSP_ALU, DSP_A_B_DATA, DSP_C_DATA, DSP_MULTIPLIER, DSP_M_DATA, DSP_OUTPUT, DSP_PREADD, DSP_PREADD_DATA): 2 instances
  IBUF => IBUF (IBUFCTRL, INBUF): 6 instances
  IBUFDS => IBUFDS (DIFFINBUF, IBUFCTRL): 2 instances
  IOBUF => IOBUF (IBUFCTRL, INBUF, OBUFT): 7 instances
  IOBUFDS => IOBUFDS (DIFFINBUF, IBUFCTRL, INV, OBUFT(x2)): 9 instances
  IOBUFE3 => IOBUFE3 (IBUFCTRL, INBUF, OBUFT_DCIEN): 81 instances
  LUT6_2 => LUT6_2 (LUT5, LUT6): 189 instances
  OBUFDS => OBUFDS_DUAL_BUF (INV, OBUF(x2)): 1 instance 
  RAM16X1D => RAM32X1D (RAMD32(x2)): 83 instances
  RAM16X1S => RAM32X1S (RAMS32): 45 instances
  RAM256X1S => RAM256X1S (MUXF7(x2), MUXF8, RAMS64E(x4)): 9 instances
  RAM32M => RAM32M (RAMD32(x6), RAMS32(x2)): 349 instances
  RAM32M16 => RAM32M16 (RAMD32(x14), RAMS32(x2)): 578 instances
  RAM32X1D => RAM32X1D (RAMD32(x2)): 113 instances
  RAM64M => RAM64M (RAMD64E(x4)): 8 instances
  RAM64M8 => RAM64M8 (RAMD64E(x8)): 102 instances
  RAM64X1D => RAM64X1D (RAMD64E(x2)): 16 instances

115 Infos, 318 Warnings, 8 Critical Warnings and 0 Errors encountered.
link_design completed successfully
link_design: Time (s): cpu = 00:11:50 ; elapsed = 00:07:57 . Memory (MB): peak = 8803.387 ; gain = 6824.863 ; free physical = 113499 ; free virtual = 239625
source /home/uni/project/smartssd/host_file_sum64/_x/link/vivado/vpl/scripts/impl_1/_full_init_post.tcl
Parsing XDC File [/home/uni/project/smartssd/host_file_sum64/_x/link/vivado/vpl/output/_user_impl_clk.xdc]
Finished Parsing XDC File [/home/uni/project/smartssd/host_file_sum64/_x/link/vivado/vpl/output/_user_impl_clk.xdc]
source /home/uni/project/smartssd/host_file_sum64/_x/link/vivado/vpl/scripts/impl_1/_full_opt_pre.tcl
Post-synthesis utilization DRC check...
available resources:
   luts      : 352800
   registers : 705600
   brams     : 672
   dsps      : 1344
required resources:
   luts      : 46428
   registers : 67810
   brams     : 43.5
   dsps      : 3
report_utilization: Time (s): cpu = 00:00:09 ; elapsed = 00:00:10 . Memory (MB): peak = 8803.387 ; gain = 0.000 ; free physical = 113468 ; free virtual = 239594
INFO: System Diagram: Run step: synthed

Command: opt_design
Attempting to get a license for feature 'Implementation' and/or device 'xcku15p'
INFO: [Common 17-349] Got license for feature 'Implementation' and/or device 'xcku15p'
Running DRC as a precondition to command opt_design

Starting DRC Task
INFO: [DRC 23-27] Running DRC with 8 threads
INFO: [Project 1-461] DRC finished with 0 Errors
INFO: [Project 1-462] Please refer to the DRC report (report_drc) for more information.

Time (s): cpu = 00:00:30 ; elapsed = 00:00:13 . Memory (MB): peak = 8803.387 ; gain = 0.000 ; free physical = 113368 ; free virtual = 239494

Starting Cache Timing Information Task
INFO: [Timing 38-35] Done setting XDC timing constraints.
Ending Cache Timing Information Task | Checksum: 1f7347ffc

Time (s): cpu = 00:01:03 ; elapsed = 00:00:29 . Memory (MB): peak = 8803.387 ; gain = 0.000 ; free physical = 112999 ; free virtual = 239126

Starting Logic Optimization Task

Phase 1 Generate And Synthesize MIG Cores
WARNING: [Constraints 18-4434] Global Clock Buffer 'level0_i/blp/blp_i/blp_static_region_ss/inst/static_region/slr1/base_clocking/clk_freq_scaler_0/inst/BUFGCE_inst' is LOCed to site 'BUFGCE_X0Y57'. Using a LOC constraint to assign the placement of a Global Clock Buffer can result in sub-optimal placement results.
Resolution: Remove the LOC constraint and use the CLOCK_REGION constraint to assign a Global Clock Buffer to a CLOCK_REGION.
WARNING: [Constraints 18-4434] Global Clock Buffer 'level0_i/blp/blp_i/blp_static_region_ss/inst/static_region/slr1/base_clocking/clk_wiz_0/inst/clkout1_buf' is LOCed to site 'BUFGCE_X0Y10'. Using a LOC constraint to assign the placement of a Global Clock Buffer can result in sub-optimal placement results.
Resolution: Remove the LOC constraint and use the CLOCK_REGION constraint to assign a Global Clock Buffer to a CLOCK_REGION.
WARNING: [Constraints 18-4434] Global Clock Buffer 'level0_i/blp/blp_i/blp_static_region_ss/inst/static_region/slr1/base_clocking/clkwiz_kernel/inst/CLK_CORE_DRP_I/clk_inst/clkout1_buf' is LOCed to site 'BUFGCE_X0Y71'. Using a LOC constraint to assign the placement of a Global Clock Buffer can result in sub-optimal placement results.
Resolution: Remove the LOC constraint and use the CLOCK_REGION constraint to assign a Global Clock Buffer to a CLOCK_REGION.
WARNING: [Constraints 18-4434] Global Clock Buffer 'level0_i/blp/blp_i/blp_static_region_ss/inst/static_region/slr1/base_clocking/clkwiz_kernel2/inst/CLK_CORE_DRP_I/clk_inst/clkout1_buf' is LOCed to site 'BUFGCE_X0Y77'. Using a LOC constraint to assign the placement of a Global Clock Buffer can result in sub-optimal placement results.
Resolution: Remove the LOC constraint and use the CLOCK_REGION constraint to assign a Global Clock Buffer to a CLOCK_REGION.
WARNING: [Constraints 18-4434] Global Clock Buffer 'level0_i/blp/blp_i/blp_static_region_ss/inst/static_region/slr1/base_clocking/clkwiz_pcie/inst/clkout1_buf' is LOCed to site 'BUFGCE_X0Y72'. Using a LOC constraint to assign the placement of a Global Clock Buffer can result in sub-optimal placement results.
Resolution: Remove the LOC constraint and use the CLOCK_REGION constraint to assign a Global Clock Buffer to a CLOCK_REGION.
WARNING: [Constraints 18-4434] Global Clock Buffer 'level0_i/blp/blp_i/blp_static_region_ss/inst/static_region/slr1/base_clocking/clkwiz_scheduler/inst/clkout1_buf' is LOCed to site 'BUFGCE_X0Y2'. Using a LOC constraint to assign the placement of a Global Clock Buffer can result in sub-optimal placement results.
Resolution: Remove the LOC constraint and use the CLOCK_REGION constraint to assign a Global Clock Buffer to a CLOCK_REGION.
WARNING: [Constraints 18-4434] Global Clock Buffer 'level0_i/blp/blp_i/blp_static_region_ss/inst/static_region/slr1/base_clocking/clkwiz_sysclks/inst/clkout2_buf' is LOCed to site 'BUFGCE_X0Y19'. Using a LOC constraint to assign the placement of a Global Clock Buffer can result in sub-optimal placement results.
Resolution: Remove the LOC constraint and use the CLOCK_REGION constraint to assign a Global Clock Buffer to a CLOCK_REGION.
WARNING: [Constraints 18-4434] Global Clock Buffer 'level0_i/blp/blp_i/blp_static_region_ss/inst/static_region/slr1/brd_mgmt_scheduler/mdm_board_control/U0/No_Dbg_Reg_Access.BUFG_DRCK/Using_FPGA.Native' is LOCed to site 'BUFGCE_X0Y73'. Using a LOC constraint to assign the placement of a Global Clock Buffer can result in sub-optimal placement results.
Resolution: Remove the LOC constraint and use the CLOCK_REGION constraint to assign a Global Clock Buffer to a CLOCK_REGION.
WARNING: [Constraints 18-4434] Global Clock Buffer 'level0_i/blp/blp_i/blp_static_region_ss/inst/static_region/slr1/brd_mgmt_scheduler/mdm_board_control/U0/Use_External.Use_BSCANID.No_Dbg_Reg_Access.BUFG_UPDATE/Using_FPGA.Native' is LOCed to site 'BUFGCE_X0Y83'. Using a LOC constraint to assign the placement of a Global Clock Buffer can result in sub-optimal placement results.
Resolution: Remove the LOC constraint and use the CLOCK_REGION constraint to assign a Global Clock Buffer to a CLOCK_REGION.
WARNING: [Constraints 18-4434] Global Clock Buffer 'level0_i/blp/blp_i/blp_static_region_ss/inst/static_region/slr1/jtag_fallback/inst/bs_switch/inst/BSCAN_SWITCH.N_EXT_BSCAN.u_bufg_icon_tck' is LOCed to site 'BUFGCE_X0Y75'. Using a LOC constraint to assign the placement of a Global Clock Buffer can result in sub-optimal placement results.
Resolution: Remove the LOC constraint and use the CLOCK_REGION constraint to assign a Global Clock Buffer to a CLOCK_REGION.
WARNING: [Constraints 18-4434] Global Clock Buffer 'level0_i/blp/blp_i/blp_static_region_ss/inst/static_region/slr1/memc/ddr1_clk_bufg/U0/USE_BUFG.GEN_BUFG[0].BUFG_U' is LOCed to site 'BUFGCE_X0Y47'. Using a LOC constraint to assign the placement of a Global Clock Buffer can result in sub-optimal placement results.
Resolution: Remove the LOC constraint and use the CLOCK_REGION constraint to assign a Global Clock Buffer to a CLOCK_REGION.
WARNING: [Constraints 18-4434] Global Clock Buffer 'level0_i/blp/blp_i/blp_static_region_ss/inst/static_region/slr1/mgmt_debug_bridge/inst/bs_mux/inst/u_bufg_mux' is LOCed to site 'BUFGCTRL_X0Y7'. Using a LOC constraint to assign the placement of a Global Clock Buffer can result in sub-optimal placement results.
Resolution: Remove the LOC constraint and use the CLOCK_REGION constraint to assign a Global Clock Buffer to a CLOCK_REGION.
WARNING: [Constraints 18-4434] Global Clock Buffer 'level0_i/blp/blp_i/blp_static_region_ss/inst/static_region/slr1/mgmt_debug_bridge/inst/bsip/inst/USE_SOFTBSCAN.U_TAP_TCKBUFG' is LOCed to site 'BUFGCE_X0Y52'. Using a LOC constraint to assign the placement of a Global Clock Buffer can result in sub-optimal placement results.
Resolution: Remove the LOC constraint and use the CLOCK_REGION constraint to assign a Global Clock Buffer to a CLOCK_REGION.
WARNING: [Constraints 18-4434] Global Clock Buffer 'level0_i/blp/blp_i/blp_static_region_ss/inst/static_region/slr1/pcie_3port_switch_0/inst/downstream_port_i/ds_port_pcie.p4usp_dp_i/inst/bd_aabe_pcie_3port_switch_0_0_ds_port_gt_top_i/diablo_gt.diablo_gt_phy_wrapper/gt_wizard.gtwizard_top_i/bd_aabe_pcie_3port_switch_0_0_ds_port_gt_i/inst/gen_gtwizard_gthe4_top.bd_aabe_pcie_3port_switch_0_0_ds_port_gt_gtwizard_gthe4_inst/gen_gtwizard_gthe4.gen_cpll_cal_gthe4.gen_cpll_cal_inst[0].gen_inst_cpll_cal.gtwizard_ultrascale_v1_7_10_gthe4_cpll_cal_inst/gtwizard_ultrascale_v1_7_10_gthe4_cpll_cal_tx_i/bufg_gt_txoutclkmon_inst' is LOCed to site 'BUFG_GT_X1Y65'. Using a LOC constraint to assign the placement of a Global Clock Buffer can result in sub-optimal placement results.
Resolution: Remove the LOC constraint and use the CLOCK_REGION constraint to assign a Global Clock Buffer to a CLOCK_REGION.
WARNING: [Constraints 18-4434] Global Clock Buffer 'level0_i/blp/blp_i/blp_static_region_ss/inst/static_region/slr1/pcie_3port_switch_0/inst/downstream_port_i/ds_port_pcie.p4usp_dp_i/inst/bd_aabe_pcie_3port_switch_0_0_ds_port_gt_top_i/diablo_gt.diablo_gt_phy_wrapper/gt_wizard.gtwizard_top_i/bd_aabe_pcie_3port_switch_0_0_ds_port_gt_i/inst/gen_gtwizard_gthe4_top.bd_aabe_pcie_3port_switch_0_0_ds_port_gt_gtwizard_gthe4_inst/gen_gtwizard_gthe4.gen_cpll_cal_gthe4.gen_cpll_cal_inst[1].gen_inst_cpll_cal.gtwizard_ultrascale_v1_7_10_gthe4_cpll_cal_inst/gtwizard_ultrascale_v1_7_10_gthe4_cpll_cal_tx_i/bufg_gt_txoutclkmon_inst' is LOCed to site 'BUFG_GT_X1Y54'. Using a LOC constraint to assign the placement of a Global Clock Buffer can result in sub-optimal placement results.
Resolution: Remove the LOC constraint and use the CLOCK_REGION constraint to assign a Global Clock Buffer to a CLOCK_REGION.
WARNING: [Constraints 18-4434] Global Clock Buffer 'level0_i/blp/blp_i/blp_static_region_ss/inst/static_region/slr1/pcie_3port_switch_0/inst/downstream_port_i/ds_port_pcie.p4usp_dp_i/inst/bd_aabe_pcie_3port_switch_0_0_ds_port_gt_top_i/diablo_gt.diablo_gt_phy_wrapper/gt_wizard.gtwizard_top_i/bd_aabe_pcie_3port_switch_0_0_ds_port_gt_i/inst/gen_gtwizard_gthe4_top.bd_aabe_pcie_3port_switch_0_0_ds_port_gt_gtwizard_gthe4_inst/gen_gtwizard_gthe4.gen_cpll_cal_gthe4.gen_cpll_cal_inst[2].gen_inst_cpll_cal.gtwizard_ultrascale_v1_7_10_gthe4_cpll_cal_inst/gtwizard_ultrascale_v1_7_10_gthe4_cpll_cal_tx_i/bufg_gt_txoutclkmon_inst' is LOCed to site 'BUFG_GT_X1Y71'. Using a LOC constraint to assign the placement of a Global Clock Buffer can result in sub-optimal placement results.
Resolution: Remove the LOC constraint and use the CLOCK_REGION constraint to assign a Global Clock Buffer to a CLOCK_REGION.
WARNING: [Constraints 18-4434] Global Clock Buffer 'level0_i/blp/blp_i/blp_static_region_ss/inst/static_region/slr1/pcie_3port_switch_0/inst/downstream_port_i/ds_port_pcie.p4usp_dp_i/inst/bd_aabe_pcie_3port_switch_0_0_ds_port_gt_top_i/diablo_gt.diablo_gt_phy_wrapper/gt_wizard.gtwizard_top_i/bd_aabe_pcie_3port_switch_0_0_ds_port_gt_i/inst/gen_gtwizard_gthe4_top.bd_aabe_pcie_3port_switch_0_0_ds_port_gt_gtwizard_gthe4_inst/gen_gtwizard_gthe4.gen_cpll_cal_gthe4.gen_cpll_cal_inst[3].gen_inst_cpll_cal.gtwizard_ultrascale_v1_7_10_gthe4_cpll_cal_inst/gtwizard_ultrascale_v1_7_10_gthe4_cpll_cal_tx_i/bufg_gt_txoutclkmon_inst' is LOCed to site 'BUFG_GT_X1Y63'. Using a LOC constraint to assign the placement of a Global Clock Buffer can result in sub-optimal placement results.
Resolution: Remove the LOC constraint and use the CLOCK_REGION constraint to assign a Global Clock Buffer to a CLOCK_REGION.
WARNING: [Constraints 18-4434] Global Clock Buffer 'level0_i/blp/blp_i/blp_static_region_ss/inst/static_region/slr1/pcie_3port_switch_0/inst/downstream_port_i/ds_port_pcie.p4usp_dp_i/inst/bd_aabe_pcie_3port_switch_0_0_ds_port_gt_top_i/diablo_gt.diablo_gt_phy_wrapper/phy_clk_i/bufg_gt_coreclk' is LOCed to site 'BUFG_GT_X1Y64'. Using a LOC constraint to assign the placement of a Global Clock Buffer can result in sub-optimal placement results.
Resolution: Remove the LOC constraint and use the CLOCK_REGION constraint to assign a Global Clock Buffer to a CLOCK_REGION.
WARNING: [Constraints 18-4434] Global Clock Buffer 'level0_i/blp/blp_i/blp_static_region_ss/inst/static_region/slr1/pcie_3port_switch_0/inst/downstream_port_i/ds_port_pcie.p4usp_dp_i/inst/bd_aabe_pcie_3port_switch_0_0_ds_port_gt_top_i/diablo_gt.diablo_gt_phy_wrapper/phy_clk_i/bufg_gt_intclk' is LOCed to site 'BUFG_GT_X1Y60'. Using a LOC constraint to assign the placement of a Global Clock Buffer can result in sub-optimal placement results.
Resolution: Remove the LOC constraint and use the CLOCK_REGION constraint to assign a Global Clock Buffer to a CLOCK_REGION.
WARNING: [Constraints 18-4434] Global Clock Buffer 'level0_i/blp/blp_i/blp_static_region_ss/inst/static_region/slr1/pcie_3port_switch_0/inst/downstream_port_i/ds_port_pcie.p4usp_dp_i/inst/bd_aabe_pcie_3port_switch_0_0_ds_port_gt_top_i/diablo_gt.diablo_gt_phy_wrapper/phy_clk_i/bufg_gt_mcapclk' is LOCed to site 'BUFG_GT_X1Y70'. Using a LOC constraint to assign the placement of a Global Clock Buffer can result in sub-optimal placement results.
Resolution: Remove the LOC constraint and use the CLOCK_REGION constraint to assign a Global Clock Buffer to a CLOCK_REGION.
WARNING: [Constraints 18-4434] Global Clock Buffer 'level0_i/blp/blp_i/blp_static_region_ss/inst/static_region/slr1/pcie_3port_switch_0/inst/downstream_port_i/ds_port_pcie.p4usp_dp_i/inst/bd_aabe_pcie_3port_switch_0_0_ds_port_gt_top_i/diablo_gt.diablo_gt_phy_wrapper/phy_clk_i/bufg_gt_pclk' is LOCed to site 'BUFG_GT_X1Y68'. Using a LOC constraint to assign the placement of a Global Clock Buffer can result in sub-optimal placement results.
Resolution: Remove the LOC constraint and use the CLOCK_REGION constraint to assign a Global Clock Buffer to a CLOCK_REGION.
WARNING: [Constraints 18-4434] Global Clock Buffer 'level0_i/blp/blp_i/blp_static_region_ss/inst/static_region/slr1/pcie_3port_switch_0/inst/downstream_port_i/ds_port_pcie.p4usp_dp_i/inst/bufg_gt_sysclk' is LOCed to site 'BUFG_GT_X1Y56'. Using a LOC constraint to assign the placement of a Global Clock Buffer can result in sub-optimal placement results.
Resolution: Remove the LOC constraint and use the CLOCK_REGION constraint to assign a Global Clock Buffer to a CLOCK_REGION.
WARNING: [Constraints 18-4434] Global Clock Buffer 'level0_i/blp/blp_i/blp_static_region_ss/inst/static_region/slr1/pcie_3port_switch_0/inst/upstream_port_i/us_port_pcie.p4usp_up_i/inst/bd_aabe_pcie_3port_switch_0_0_us_port_gt_top_i/diablo_gt.diablo_gt_phy_wrapper/gt_wizard.gtwizard_top_i/bd_aabe_pcie_3port_switch_0_0_us_port_gt_i/inst/gen_gtwizard_gthe4_top.bd_aabe_pcie_3port_switch_0_0_us_port_gt_gtwizard_gthe4_inst/gen_gtwizard_gthe4.gen_cpll_cal_gthe4.gen_cpll_cal_inst[0].gen_inst_cpll_cal.gtwizard_ultrascale_v1_7_10_gthe4_cpll_cal_inst/gtwizard_ultrascale_v1_7_10_gthe4_cpll_cal_tx_i/bufg_gt_txoutclkmon_inst' is LOCed to site 'BUFG_GT_X1Y41'. Using a LOC constraint to assign the placement of a Global Clock Buffer can result in sub-optimal placement results.
Resolution: Remove the LOC constraint and use the CLOCK_REGION constraint to assign a Global Clock Buffer to a CLOCK_REGION.
WARNING: [Constraints 18-4434] Global Clock Buffer 'level0_i/blp/blp_i/blp_static_region_ss/inst/static_region/slr1/pcie_3port_switch_0/inst/upstream_port_i/us_port_pcie.p4usp_up_i/inst/bd_aabe_pcie_3port_switch_0_0_us_port_gt_top_i/diablo_gt.diablo_gt_phy_wrapper/gt_wizard.gtwizard_top_i/bd_aabe_pcie_3port_switch_0_0_us_port_gt_i/inst/gen_gtwizard_gthe4_top.bd_aabe_pcie_3port_switch_0_0_us_port_gt_gtwizard_gthe4_inst/gen_gtwizard_gthe4.gen_cpll_cal_gthe4.gen_cpll_cal_inst[1].gen_inst_cpll_cal.gtwizard_ultrascale_v1_7_10_gthe4_cpll_cal_inst/gtwizard_ultrascale_v1_7_10_gthe4_cpll_cal_tx_i/bufg_gt_txoutclkmon_inst' is LOCed to site 'BUFG_GT_X1Y31'. Using a LOC constraint to assign the placement of a Global Clock Buffer can result in sub-optimal placement results.
Resolution: Remove the LOC constraint and use the CLOCK_REGION constraint to assign a Global Clock Buffer to a CLOCK_REGION.
WARNING: [Constraints 18-4434] Global Clock Buffer 'level0_i/blp/blp_i/blp_static_region_ss/inst/static_region/slr1/pcie_3port_switch_0/inst/upstream_port_i/us_port_pcie.p4usp_up_i/inst/bd_aabe_pcie_3port_switch_0_0_us_port_gt_top_i/diablo_gt.diablo_gt_phy_wrapper/gt_wizard.gtwizard_top_i/bd_aabe_pcie_3port_switch_0_0_us_port_gt_i/inst/gen_gtwizard_gthe4_top.bd_aabe_pcie_3port_switch_0_0_us_port_gt_gtwizard_gthe4_inst/gen_gtwizard_gthe4.gen_cpll_cal_gthe4.gen_cpll_cal_inst[2].gen_inst_cpll_cal.gtwizard_ultrascale_v1_7_10_gthe4_cpll_cal_inst/gtwizard_ultrascale_v1_7_10_gthe4_cpll_cal_tx_i/bufg_gt_txoutclkmon_inst' is LOCed to site 'BUFG_GT_X1Y14'. Using a LOC constraint to assign the placement of a Global Clock Buffer can result in sub-optimal placement results.
Resolution: Remove the LOC constraint and use the CLOCK_REGION constraint to assign a Global Clock Buffer to a CLOCK_REGION.
WARNING: [Constraints 18-4434] Global Clock Buffer 'level0_i/blp/blp_i/blp_static_region_ss/inst/static_region/slr1/pcie_3port_switch_0/inst/upstream_port_i/us_port_pcie.p4usp_up_i/inst/bd_aabe_pcie_3port_switch_0_0_us_port_gt_top_i/diablo_gt.diablo_gt_phy_wrapper/gt_wizard.gtwizard_top_i/bd_aabe_pcie_3port_switch_0_0_us_port_gt_i/inst/gen_gtwizard_gthe4_top.bd_aabe_pcie_3port_switch_0_0_us_port_gt_gtwizard_gthe4_inst/gen_gtwizard_gthe4.gen_cpll_cal_gthe4.gen_cpll_cal_inst[3].gen_inst_cpll_cal.gtwizard_ultrascale_v1_7_10_gthe4_cpll_cal_inst/gtwizard_ultrascale_v1_7_10_gthe4_cpll_cal_tx_i/bufg_gt_txoutclkmon_inst' is LOCed to site 'BUFG_GT_X1Y17'. Using a LOC constraint to assign the placement of a Global Clock Buffer can result in sub-optimal placement results.
Resolution: Remove the LOC constraint and use the CLOCK_REGION constraint to assign a Global Clock Buffer to a CLOCK_REGION.
WARNING: [Constraints 18-4434] Global Clock Buffer 'level0_i/blp/blp_i/blp_static_region_ss/inst/static_region/slr1/pcie_3port_switch_0/inst/upstream_port_i/us_port_pcie.p4usp_up_i/inst/bd_aabe_pcie_3port_switch_0_0_us_port_gt_top_i/diablo_gt.diablo_gt_phy_wrapper/phy_clk_i/bufg_gt_coreclk' is LOCed to site 'BUFG_GT_X1Y18'. Using a LOC constraint to assign the placement of a Global Clock Buffer can result in sub-optimal placement results.
Resolution: Remove the LOC constraint and use the CLOCK_REGION constraint to assign a Global Clock Buffer to a CLOCK_REGION.
WARNING: [Constraints 18-4434] Global Clock Buffer 'level0_i/blp/blp_i/blp_static_region_ss/inst/static_region/slr1/pcie_3port_switch_0/inst/upstream_port_i/us_port_pcie.p4usp_up_i/inst/bd_aabe_pcie_3port_switch_0_0_us_port_gt_top_i/diablo_gt.diablo_gt_phy_wrapper/phy_clk_i/bufg_gt_intclk' is LOCed to site 'BUFG_GT_X1Y15'. Using a LOC constraint to assign the placement of a Global Clock Buffer can result in sub-optimal placement results.
Resolution: Remove the LOC constraint and use the CLOCK_REGION constraint to assign a Global Clock Buffer to a CLOCK_REGION.
WARNING: [Constraints 18-4434] Global Clock Buffer 'level0_i/blp/blp_i/blp_static_region_ss/inst/static_region/slr1/pcie_3port_switch_0/inst/upstream_port_i/us_port_pcie.p4usp_up_i/inst/bd_aabe_pcie_3port_switch_0_0_us_port_gt_top_i/diablo_gt.diablo_gt_phy_wrapper/phy_clk_i/bufg_gt_mcapclk' is LOCed to site 'BUFG_GT_X1Y13'. Using a LOC constraint to assign the placement of a Global Clock Buffer can result in sub-optimal placement results.
Resolution: Remove the LOC constraint and use the CLOCK_REGION constraint to assign a Global Clock Buffer to a CLOCK_REGION.
WARNING: [Constraints 18-4434] Global Clock Buffer 'level0_i/blp/blp_i/blp_static_region_ss/inst/static_region/slr1/pcie_3port_switch_0/inst/upstream_port_i/us_port_pcie.p4usp_up_i/inst/bd_aabe_pcie_3port_switch_0_0_us_port_gt_top_i/diablo_gt.diablo_gt_phy_wrapper/phy_clk_i/bufg_gt_pclk' is LOCed to site 'BUFG_GT_X1Y12'. Using a LOC constraint to assign the placement of a Global Clock Buffer can result in sub-optimal placement results.
Resolution: Remove the LOC constraint and use the CLOCK_REGION constraint to assign a Global Clock Buffer to a CLOCK_REGION.
WARNING: [Constraints 18-4434] Global Clock Buffer 'level0_i/blp/blp_i/blp_static_region_ss/inst/static_region/slr1/pcie_3port_switch_0/inst/upstream_port_i/us_port_pcie.p4usp_up_i/inst/bufg_gt_sysclk' is LOCed to site 'BUFG_GT_X1Y22'. Using a LOC constraint to assign the placement of a Global Clock Buffer can result in sub-optimal placement results.
Resolution: Remove the LOC constraint and use the CLOCK_REGION constraint to assign a Global Clock Buffer to a CLOCK_REGION.
write_xdc: Time (s): cpu = 00:00:17 ; elapsed = 00:00:17 . Memory (MB): peak = 8803.387 ; gain = 0.000 ; free physical = 112741 ; free virtual = 238870
INFO: [IP_Flow 19-5647] Added synthesis output to IP cache for IP ulp_ddrmem_1_0_phy, cache-ID = 91b93b56c660717a
read_xdc: Time (s): cpu = 00:00:22 ; elapsed = 00:00:20 . Memory (MB): peak = 8803.387 ; gain = 0.000 ; free physical = 112992 ; free virtual = 239159
set_switching_activity: Time (s): cpu = 00:04:10 ; elapsed = 00:01:23 . Memory (MB): peak = 8803.387 ; gain = 0.000 ; free physical = 112394 ; free virtual = 238561
set_switching_activity: Time (s): cpu = 00:00:34 ; elapsed = 00:00:08 . Memory (MB): peak = 8803.387 ; gain = 0.000 ; free physical = 112519 ; free virtual = 238686
get_pins: Time (s): cpu = 00:00:07 ; elapsed = 00:00:07 . Memory (MB): peak = 8803.387 ; gain = 0.000 ; free physical = 111642 ; free virtual = 237809
all_fanout: Time (s): cpu = 00:00:42 ; elapsed = 00:00:12 . Memory (MB): peak = 8821.941 ; gain = 18.555 ; free physical = 111647 ; free virtual = 237814
get_clocks: Time (s): cpu = 00:00:20 ; elapsed = 00:00:07 . Memory (MB): peak = 8840.941 ; gain = 0.000 ; free physical = 111630 ; free virtual = 237797
read_xdc: Time (s): cpu = 00:07:06 ; elapsed = 00:02:43 . Memory (MB): peak = 8914.941 ; gain = 111.555 ; free physical = 112486 ; free virtual = 238653
Netlist sorting complete. Time (s): cpu = 00:00:00.07 ; elapsed = 00:00:00.07 . Memory (MB): peak = 8914.941 ; gain = 0.000 ; free physical = 112528 ; free virtual = 238659
Phase 1 Generate And Synthesize MIG Cores | Checksum: 1be059749

Time (s): cpu = 00:11:02 ; elapsed = 00:06:42 . Memory (MB): peak = 8914.941 ; gain = 111.555 ; free physical = 112531 ; free virtual = 238662

Phase 2 Generate And Synthesize Debug Cores
INFO: [Chipscope 16-329] Generating Script for core instance : level0_i/ulp/debug_bridge_xsdbm/inst/xsdbm 
INFO: [IP_Flow 19-3806] Processing IP xilinx.com:ip:xsdbm:3.0 for cell xsdbm_CV.
get_clocks: Time (s): cpu = 00:00:45 ; elapsed = 00:00:16 . Memory (MB): peak = 8914.941 ; gain = 0.000 ; free physical = 112511 ; free virtual = 238645
Netlist sorting complete. Time (s): cpu = 00:00:00.32 ; elapsed = 00:00:00.33 . Memory (MB): peak = 8914.941 ; gain = 0.000 ; free physical = 112511 ; free virtual = 238645
Phase 2 Generate And Synthesize Debug Cores | Checksum: 193ebe8b3

Time (s): cpu = 00:14:17 ; elapsed = 00:09:34 . Memory (MB): peak = 8914.941 ; gain = 111.555 ; free physical = 112503 ; free virtual = 238638

Phase 3 Retarget
INFO: [Opt 31-1287] Pulled Inverter level0_i/ulp/axi_interconnect_0/s01_couplers/auto_us_cc_df/inst/gen_upsizer.gen_full_upsizer.axi_upsizer_inst/si_register_slice_inst/ar.ar_pipe/dw_fifogen_ar_i_21 into driver instance level0_i/ulp/axi_interconnect_0/s01_couplers/auto_us_cc_df/inst/gen_upsizer.gen_full_upsizer.axi_upsizer_inst/si_register_slice_inst/ar.ar_pipe/dw_fifogen_ar_i_42, which resulted in an inversion of 5 pins
INFO: [Opt 31-1287] Pulled Inverter level0_i/ulp/axi_interconnect_1/m00_couplers/auto_cc/inst/gen_clock_conv.gen_async_conv.asyncfifo_axi/inst_fifo_gen/gaxi_full_lite.gread_ch.grdch2.axi_rdch/grf.rf/rstblk/ngwrdrst.grst.g7serrst.gnsckt_wrst.rst_wr_reg2_inst_i_1 into driver instance level0_i/ulp/axi_interconnect_1/m00_couplers/auto_cc/inst/gen_clock_conv.gen_async_conv.asyncfifo_axi_i_1, which resulted in an inversion of 1 pins
INFO: [Opt 31-1287] Pulled Inverter level0_i/ulp/axi_interconnect_1/s03_couplers/auto_us/inst/gen_upsizer.gen_full_upsizer.axi_upsizer_inst/si_register_slice_inst/ar.ar_pipe/USE_RTL_FIFO.data_srl_reg[31][16]_srl32_i_1__0 into driver instance level0_i/ulp/axi_interconnect_1/s03_couplers/auto_us/inst/gen_upsizer.gen_full_upsizer.axi_upsizer_inst/si_register_slice_inst/ar.ar_pipe/m_axi_araddr[3]_INST_0_i_1, which resulted in an inversion of 4 pins
INFO: [Opt 31-1287] Pulled Inverter level0_i/ulp/axi_interconnect_1/s03_mmu/inst/register_slice_inst/ar.ar_pipe/m_payload_i[39]_i_1__0 into driver instance level0_i/ulp/axi_interconnect_1/s03_mmu/inst/register_slice_inst/ar.ar_pipe/m_payload_i[39]_i_2__0, which resulted in an inversion of 4 pins
INFO: [Opt 31-1287] Pulled Inverter level0_i/ulp/axi_interconnect_1/s03_mmu/inst/register_slice_inst/aw.aw_pipe/m_payload_i[39]_i_1 into driver instance level0_i/ulp/axi_interconnect_1/s03_mmu/inst/register_slice_inst/aw.aw_pipe/m_payload_i[39]_i_2, which resulted in an inversion of 9 pins
INFO: [Opt 31-1287] Pulled Inverter level0_i/ulp/axi_interconnect_1/xbar/inst/gen_samd.crossbar_samd/gen_master_slots[1].reg_slice_mi/b.b_pipe/s_axi_bid[6]_INST_0 into driver instance level0_i/ulp/axi_interconnect_1/xbar/inst/gen_samd.crossbar_samd/gen_master_slots[1].reg_slice_mi/b.b_pipe/s_axi_bid[6]_INST_0_i_1, which resulted in an inversion of 17 pins
INFO: [Opt 31-1287] Pulled Inverter level0_i/ulp/axi_interconnect_1/xbar/inst/gen_samd.crossbar_samd/gen_master_slots[1].reg_slice_mi/b.b_pipe/s_axi_bid[8]_INST_0 into driver instance level0_i/ulp/axi_interconnect_1/xbar/inst/gen_samd.crossbar_samd/gen_master_slots[1].reg_slice_mi/b.b_pipe/s_axi_bid[8]_INST_0_i_1, which resulted in an inversion of 17 pins
INFO: [Opt 31-1287] Pulled Inverter level0_i/ulp/axi_interconnect_1/xbar/inst/gen_samd.crossbar_samd/gen_master_slots[1].reg_slice_mi/b.b_pipe/s_axi_bid[9]_INST_0 into driver instance level0_i/ulp/axi_interconnect_1/xbar/inst/gen_samd.crossbar_samd/gen_master_slots[1].reg_slice_mi/b.b_pipe/s_axi_bid[9]_INST_0_i_1, which resulted in an inversion of 17 pins
INFO: [Opt 31-1287] Pulled Inverter level0_i/ulp/axi_interconnect_1/xbar/inst/gen_samd.crossbar_samd/gen_master_slots[2].reg_slice_mi/b.b_pipe/s_axi_bid[7]_INST_0 into driver instance level0_i/ulp/axi_interconnect_1/xbar/inst/gen_samd.crossbar_samd/gen_master_slots[2].reg_slice_mi/b.b_pipe/s_axi_bid[7]_INST_0_i_1, which resulted in an inversion of 17 pins
INFO: [Opt 31-1287] Pulled Inverter level0_i/ulp/axi_interconnect_1/xbar/inst/gen_samd.crossbar_samd/gen_slave_slots[0].gen_si_read.si_transactor_ar/gen_multi_thread.gen_thread_loop[3].active_target[25]_i_2 into driver instance level0_i/ulp/axi_interconnect_1/xbar/inst/gen_samd.crossbar_samd/addr_arbiter_ar/gen_multi_thread.gen_thread_loop[3].active_target[25]_i_8, which resulted in an inversion of 8 pins
INFO: [Opt 31-1287] Pulled Inverter level0_i/ulp/axi_interconnect_1/xbar/inst/gen_samd.crossbar_samd/gen_slave_slots[0].gen_si_write.si_transactor_aw/gen_multi_thread.gen_thread_loop[3].active_target[25]_i_2__0 into driver instance level0_i/ulp/axi_interconnect_1/xbar/inst/gen_samd.crossbar_samd/addr_arbiter_aw/gen_multi_thread.gen_thread_loop[3].active_target[25]_i_8__0, which resulted in an inversion of 9 pins
INFO: [Opt 31-1287] Pulled Inverter level0_i/ulp/axi_interconnect_1/xbar/inst/gen_samd.crossbar_samd/gen_slave_slots[1].gen_si_read.si_transactor_ar/gen_multi_thread.gen_thread_loop[15].active_target[121]_i_2 into driver instance level0_i/ulp/axi_interconnect_1/xbar/inst/gen_samd.crossbar_samd/addr_arbiter_ar/gen_multi_thread.gen_thread_loop[15].active_target[121]_i_8, which resulted in an inversion of 21 pins
INFO: [Opt 31-1287] Pulled Inverter level0_i/ulp/axi_interconnect_1/xbar/inst/gen_samd.crossbar_samd/gen_slave_slots[2].gen_si_read.si_transactor_ar/gen_single_thread.active_target_enc[1]_i_1 into driver instance level0_i/ulp/axi_interconnect_1/xbar/inst/gen_samd.crossbar_samd/addr_arbiter_ar/gen_single_thread.active_target_hot[0]_i_2, which resulted in an inversion of 7 pins
INFO: [Opt 31-1287] Pulled Inverter level0_i/ulp/axi_interconnect_1/xbar/inst/gen_samd.crossbar_samd/gen_slave_slots[2].gen_si_write.wdata_router_w/wrouter_aw_fifo/gen_srls[0].gen_rep[1].srl_nx1/gen_single_thread.active_target_enc[1]_i_1__0 into driver instance level0_i/ulp/axi_interconnect_1/xbar/inst/gen_samd.crossbar_samd/addr_arbiter_aw/gen_single_thread.active_target_hot[1]_i_2, which resulted in an inversion of 6 pins
INFO: [Opt 31-1287] Pulled Inverter level0_i/ulp/ddrmem_1/inst/u_ddr4_mem_intfc/u_ddr_cal_riu/mcs0/inst/microblaze_I/U0/MicroBlaze_Core_I/Performance.Core/Data_Flow_I/Operand_Select_I/Use_PCMP_instr.count_leading_zeros_I_i_2 into driver instance level0_i/ulp/ddrmem_1/inst/u_ddr4_mem_intfc/u_ddr_cal_riu/mcs0/inst/microblaze_I/U0/MicroBlaze_Core_I/Performance.Core/Data_Flow_I/Operand_Select_I/Gen_Bit[31].MUXF7_I1/Use_PCMP_instr.count_leading_zeros_I_i_7, which resulted in an inversion of 4 pins
INFO: [Opt 31-1287] Pulled Inverter level0_i/ulp/ddrmem_1/inst/u_ddr4_mem_intfc/u_ddr_cal_riu/mcs0/inst/microblaze_I/U0/MicroBlaze_Core_I/Performance.Core/Data_Flow_I/Operand_Select_I/Use_PCMP_instr.count_leading_zeros_I_i_4 into driver instance level0_i/ulp/ddrmem_1/inst/u_ddr4_mem_intfc/u_ddr_cal_riu/mcs0/inst/microblaze_I/U0/MicroBlaze_Core_I/Performance.Core/Data_Flow_I/Operand_Select_I/Gen_Bit[31].MUXF7_I1/Use_PCMP_instr.count_leading_zeros_I_i_10, which resulted in an inversion of 3 pins
INFO: [Opt 31-1287] Pulled Inverter level0_i/ulp/ddrmem_1/inst/u_ddr4_mem_intfc/u_ddr_mc/bgr[0].u_ddr_mc_group/trp_cntr[4]_i_1 into driver instance level0_i/ulp/ddrmem_1/inst/u_ddr4_mem_intfc/u_ddr_mc/bgr[0].u_ddr_mc_group/trp_cntr[4]_i_2, which resulted in an inversion of 2 pins
INFO: [Opt 31-1287] Pulled Inverter level0_i/ulp/ddrmem_1/inst/u_ddr4_mem_intfc/u_ddr_mc/bgr[1].u_ddr_mc_group/trp_cntr[1]_i_1__0 into driver instance level0_i/ulp/ddrmem_1/inst/u_ddr4_mem_intfc/u_ddr_mc/bgr[1].u_ddr_mc_group/trp_cntr[1]_i_2__0, which resulted in an inversion of 2 pins
INFO: [Opt 31-1287] Pulled Inverter level0_i/ulp/ddrmem_1/inst/u_ddr4_mem_intfc/u_ddr_mc/bgr[2].u_ddr_mc_group/trp_cntr[4]_i_1__1 into driver instance level0_i/ulp/ddrmem_1/inst/u_ddr4_mem_intfc/u_ddr_mc/bgr[2].u_ddr_mc_group/trp_cntr[4]_i_2__1, which resulted in an inversion of 2 pins
INFO: [Opt 31-1287] Pulled Inverter level0_i/ulp/ddrmem_1/inst/u_ddr4_mem_intfc/u_ddr_mc/u_ddr_mc_arb_c/prevSlot2_i_1 into driver instance level0_i/ulp/ddrmem_1/inst/u_ddr4_mem_intfc/u_ddr_mc/u_ddr_mc_arb_c/prevSlot2_i_3, which resulted in an inversion of 61 pins
INFO: [Opt 31-1287] Pulled Inverter level0_i/ulp/ddrmem_1/inst/u_ddr4_mem_intfc/u_ddr_mc/u_ddr_mc_arb_c/winPortEnc[1]_i_14 into driver instance level0_i/ulp/ddrmem_1/inst/u_ddr4_mem_intfc/u_ddr_mc/u_ddr_mc_arb_c/prevGr[1]_i_3, which resulted in an inversion of 31 pins
INFO: [Opt 31-1287] Pulled Inverter level0_i/ulp/ddrmem_1/inst/u_ddr4_mem_intfc/u_ddr_mc/u_ddr_mc_rd_wr/wtrs[0].u_ddr_mc_wtr/winPort[1]_i_1__1 into driver instance level0_i/ulp/ddrmem_1/inst/u_ddr4_mem_intfc/u_ddr_mc/u_ddr_mc_rd_wr/wtrs[0].u_ddr_mc_wtr/winPortEnc[0]_i_4, which resulted in an inversion of 6 pins
INFO: [Opt 31-1287] Pulled Inverter level0_i/ulp/ddrmem_1/inst/u_ddr4_mem_intfc/u_ddr_mc/u_ddr_mc_rd_wr/wtrs[0].u_ddr_mc_wtr/winPort[2]_i_1__1 into driver instance level0_i/ulp/ddrmem_1/inst/u_ddr4_mem_intfc/u_ddr_mc/u_ddr_mc_rd_wr/wtrs[0].u_ddr_mc_wtr/winPort[2]_i_2, which resulted in an inversion of 2 pins
INFO: [Opt 31-1287] Pulled Inverter level0_i/ulp/ddrmem_1/inst/u_ddr4_mem_intfc/u_ddr_mc/u_ddr_mc_rd_wr/wtrs[0].u_ddr_mc_wtr/winRead_i_1 into driver instance level0_i/ulp/ddrmem_1/inst/u_ddr4_mem_intfc/u_ddr_mc/u_ddr_mc_rd_wr/wtrs[0].u_ddr_mc_wtr/winRead_i_2, which resulted in an inversion of 7 pins
INFO: [Opt 31-1287] Pulled Inverter level0_i/ulp/ddrmem_1/inst/u_ddr4_mem_intfc/u_io_addr_sync/lowCL0[34]_i_1 into driver instance level0_i/ulp/ddrmem_1/inst/u_ddr4_mem_intfc/u_io_addr_sync/lowCL0[34]_i_2, which resulted in an inversion of 5 pins
INFO: [Opt 31-1287] Pulled Inverter level0_i/ulp/ddrmem_1/inst/u_ddr4_mem_intfc/u_io_addr_sync/lowCL0[35]_i_2 into driver instance level0_i/ulp/ddrmem_1/inst/u_ddr4_mem_intfc/u_io_addr_sync/lowCL0[35]_i_4, which resulted in an inversion of 5 pins
INFO: [Opt 31-1287] Pulled Inverter level0_i/ulp/ddrmem_1/inst/u_ddr4_mem_intfc/u_io_addr_sync/lowCL0[52]_i_1 into driver instance level0_i/ulp/ddrmem_1/inst/u_ddr4_mem_intfc/u_io_addr_sync/lowCL0[52]_i_2, which resulted in an inversion of 4 pins
INFO: [Opt 31-1287] Pulled Inverter level0_i/ulp/ddrmem_1/inst/u_ddr4_mem_intfc/u_io_addr_sync/lowCL0[53]_i_2 into driver instance level0_i/ulp/ddrmem_1/inst/u_ddr4_mem_intfc/u_io_addr_sync/lowCL0[53]_i_4, which resulted in an inversion of 5 pins
INFO: [Opt 31-1287] Pulled Inverter level0_i/ulp/ddrmem_1/inst/u_ddr4_mem_intfc/u_io_addr_sync/lowCL1[34]_i_1 into driver instance level0_i/ulp/ddrmem_1/inst/u_ddr4_mem_intfc/u_io_addr_sync/lowCL1[34]_i_2, which resulted in an inversion of 5 pins
INFO: [Opt 31-1287] Pulled Inverter level0_i/ulp/ddrmem_1/inst/u_ddr4_mem_intfc/u_io_addr_sync/lowCL1[35]_i_1 into driver instance level0_i/ulp/ddrmem_1/inst/u_ddr4_mem_intfc/u_io_addr_sync/lowCL1[35]_i_2, which resulted in an inversion of 5 pins
INFO: [Opt 31-1287] Pulled Inverter level0_i/ulp/ddrmem_1/inst/u_ddr4_mem_intfc/u_io_addr_sync/lowCL1[52]_i_1 into driver instance level0_i/ulp/ddrmem_1/inst/u_ddr4_mem_intfc/u_io_addr_sync/lowCL1[52]_i_2, which resulted in an inversion of 4 pins
INFO: [Opt 31-1287] Pulled Inverter level0_i/ulp/ddrmem_1/inst/u_ddr4_mem_intfc/u_io_addr_sync/lowCL1[53]_i_1 into driver instance level0_i/ulp/ddrmem_1/inst/u_ddr4_mem_intfc/u_io_addr_sync/lowCL1[53]_i_2, which resulted in an inversion of 5 pins
INFO: [Opt 31-1287] Pulled Inverter level0_i/ulp/ddrmem_1/inst/u_ddr4_mem_intfc/u_io_addr_sync/lowCL2[34]_i_1 into driver instance level0_i/ulp/ddrmem_1/inst/u_ddr4_mem_intfc/u_io_addr_sync/lowCL2[34]_i_2, which resulted in an inversion of 5 pins
INFO: [Opt 31-1287] Pulled Inverter level0_i/ulp/ddrmem_1/inst/u_ddr4_mem_intfc/u_io_addr_sync/lowCL2[35]_i_1 into driver instance level0_i/ulp/ddrmem_1/inst/u_ddr4_mem_intfc/u_io_addr_sync/lowCL2[35]_i_2, which resulted in an inversion of 5 pins
INFO: [Opt 31-1287] Pulled Inverter level0_i/ulp/ddrmem_1/inst/u_ddr4_mem_intfc/u_io_addr_sync/lowCL2[52]_i_1 into driver instance level0_i/ulp/ddrmem_1/inst/u_ddr4_mem_intfc/u_io_addr_sync/lowCL2[52]_i_2, which resulted in an inversion of 5 pins
INFO: [Opt 31-1287] Pulled Inverter level0_i/ulp/ddrmem_1/inst/u_ddr4_mem_intfc/u_io_addr_sync/lowCL2[53]_i_1 into driver instance level0_i/ulp/ddrmem_1/inst/u_ddr4_mem_intfc/u_io_addr_sync/lowCL2[53]_i_2, which resulted in an inversion of 5 pins
INFO: [Opt 31-1287] Pulled Inverter level0_i/ulp/ddrmem_1/inst/u_ddr4_mem_intfc/u_io_addr_sync/lowCL3[34]_i_1 into driver instance level0_i/ulp/ddrmem_1/inst/u_ddr4_mem_intfc/u_io_addr_sync/lowCL3[34]_i_2, which resulted in an inversion of 5 pins
INFO: [Opt 31-1287] Pulled Inverter level0_i/ulp/ddrmem_1/inst/u_ddr4_mem_intfc/u_io_addr_sync/lowCL3[35]_i_1 into driver instance level0_i/ulp/ddrmem_1/inst/u_ddr4_mem_intfc/u_io_addr_sync/lowCL3[35]_i_2, which resulted in an inversion of 6 pins
INFO: [Opt 31-1287] Pulled Inverter level0_i/ulp/ddrmem_1/inst/u_ddr4_mem_intfc/u_io_addr_sync/lowCL3[52]_i_1 into driver instance level0_i/ulp/ddrmem_1/inst/u_ddr4_mem_intfc/u_io_addr_sync/lowCL3[52]_i_2, which resulted in an inversion of 5 pins
INFO: [Opt 31-1287] Pulled Inverter level0_i/ulp/ddrmem_1/inst/u_ddr4_mem_intfc/u_io_addr_sync/lowCL3[53]_i_1 into driver instance level0_i/ulp/ddrmem_1/inst/u_ddr4_mem_intfc/u_io_addr_sync/lowCL3[53]_i_2, which resulted in an inversion of 4 pins
INFO: [Opt 31-1287] Pulled Inverter level0_i/ulp/ddrmem_1/inst/u_ddr4_mem_intfc/u_io_addr_sync/rd_vref_value[10]_i_1 into driver instance level0_i/ulp/ddrmem_1/inst/u_ddr4_mem_intfc/u_io_addr_sync/rd_vref_value[58]_i_2, which resulted in an inversion of 4 pins
INFO: [Opt 31-1287] Pulled Inverter level0_i/ulp/ddrmem_1/inst/u_ddr4_mem_intfc/u_io_addr_sync/rd_vref_value[11]_i_2 into driver instance level0_i/ulp/ddrmem_1/inst/u_ddr4_mem_intfc/u_io_addr_sync/rd_vref_value[59]_i_2, which resulted in an inversion of 4 pins
INFO: [Opt 31-1287] Pulled Inverter level0_i/ulp/ddrmem_1/inst/u_ddr4_mem_intfc/u_io_addr_sync/rd_vref_value[8]_i_1 into driver instance level0_i/ulp/ddrmem_1/inst/u_ddr4_mem_intfc/u_io_addr_sync/rd_vref_value[8]_i_2, which resulted in an inversion of 2 pins
INFO: [Opt 31-1287] Pulled Inverter level0_i/ulp/ddrmem_1/inst/u_ddr4_mem_intfc/u_io_addr_sync/rd_vref_value[9]_i_1 into driver instance level0_i/ulp/ddrmem_1/inst/u_ddr4_mem_intfc/u_io_addr_sync/rd_vref_value[9]_i_2, which resulted in an inversion of 2 pins
INFO: [Opt 31-1287] Pulled Inverter level0_i/ulp/ddrmem_1/inst/u_ddr4_mem_intfc/u_io_addr_sync/uppCL0[34]_i_1 into driver instance level0_i/ulp/ddrmem_1/inst/u_ddr4_mem_intfc/u_io_addr_sync/uppCL0[34]_i_2, which resulted in an inversion of 6 pins
INFO: [Opt 31-1287] Pulled Inverter level0_i/ulp/ddrmem_1/inst/u_ddr4_mem_intfc/u_io_addr_sync/uppCL0[35]_i_1 into driver instance level0_i/ulp/ddrmem_1/inst/u_ddr4_mem_intfc/u_io_addr_sync/uppCL0[35]_i_2, which resulted in an inversion of 5 pins
INFO: [Opt 31-1287] Pulled Inverter level0_i/ulp/ddrmem_1/inst/u_ddr4_mem_intfc/u_io_addr_sync/uppCL0[52]_i_1 into driver instance level0_i/ulp/ddrmem_1/inst/u_ddr4_mem_intfc/u_io_addr_sync/uppCL0[52]_i_2, which resulted in an inversion of 4 pins
INFO: [Opt 31-1287] Pulled Inverter level0_i/ulp/ddrmem_1/inst/u_ddr4_mem_intfc/u_io_addr_sync/uppCL0[53]_i_1 into driver instance level0_i/ulp/ddrmem_1/inst/u_ddr4_mem_intfc/u_io_addr_sync/uppCL0[53]_i_2, which resulted in an inversion of 5 pins
INFO: [Opt 31-1287] Pulled Inverter level0_i/ulp/ddrmem_1/inst/u_ddr4_mem_intfc/u_io_addr_sync/uppCL1[34]_i_1 into driver instance level0_i/ulp/ddrmem_1/inst/u_ddr4_mem_intfc/u_io_addr_sync/uppCL1[34]_i_2, which resulted in an inversion of 5 pins
INFO: [Opt 31-1287] Pulled Inverter level0_i/ulp/ddrmem_1/inst/u_ddr4_mem_intfc/u_io_addr_sync/uppCL1[35]_i_1 into driver instance level0_i/ulp/ddrmem_1/inst/u_ddr4_mem_intfc/u_io_addr_sync/uppCL1[35]_i_2, which resulted in an inversion of 5 pins
INFO: [Opt 31-1287] Pulled Inverter level0_i/ulp/ddrmem_1/inst/u_ddr4_mem_intfc/u_io_addr_sync/uppCL1[52]_i_1 into driver instance level0_i/ulp/ddrmem_1/inst/u_ddr4_mem_intfc/u_io_addr_sync/uppCL1[52]_i_2, which resulted in an inversion of 5 pins
INFO: [Opt 31-1287] Pulled Inverter level0_i/ulp/ddrmem_1/inst/u_ddr4_mem_intfc/u_io_addr_sync/uppCL1[53]_i_1 into driver instance level0_i/ulp/ddrmem_1/inst/u_ddr4_mem_intfc/u_io_addr_sync/uppCL1[53]_i_2, which resulted in an inversion of 5 pins
INFO: [Opt 31-1287] Pulled Inverter level0_i/ulp/ddrmem_1/inst/u_ddr4_mem_intfc/u_io_addr_sync/uppCL2[34]_i_1 into driver instance level0_i/ulp/ddrmem_1/inst/u_ddr4_mem_intfc/u_io_addr_sync/uppCL2[34]_i_2, which resulted in an inversion of 5 pins
INFO: [Opt 31-1287] Pulled Inverter level0_i/ulp/ddrmem_1/inst/u_ddr4_mem_intfc/u_io_addr_sync/uppCL2[35]_i_1 into driver instance level0_i/ulp/ddrmem_1/inst/u_ddr4_mem_intfc/u_io_addr_sync/uppCL2[35]_i_2, which resulted in an inversion of 3 pins
INFO: [Opt 31-1287] Pulled Inverter level0_i/ulp/ddrmem_1/inst/u_ddr4_mem_intfc/u_io_addr_sync/uppCL2[52]_i_1 into driver instance level0_i/ulp/ddrmem_1/inst/u_ddr4_mem_intfc/u_io_addr_sync/uppCL2[52]_i_2, which resulted in an inversion of 5 pins
INFO: [Opt 31-1287] Pulled Inverter level0_i/ulp/ddrmem_1/inst/u_ddr4_mem_intfc/u_io_addr_sync/uppCL2[53]_i_1 into driver instance level0_i/ulp/ddrmem_1/inst/u_ddr4_mem_intfc/u_io_addr_sync/uppCL2[53]_i_2, which resulted in an inversion of 11 pins
INFO: [Opt 31-1287] Pulled Inverter level0_i/ulp/ddrmem_1/inst/u_ddr4_mem_intfc/u_io_addr_sync/uppCL3[34]_i_1 into driver instance level0_i/ulp/ddrmem_1/inst/u_ddr4_mem_intfc/u_io_addr_sync/uppCL3[34]_i_2, which resulted in an inversion of 5 pins
INFO: [Opt 31-1287] Pulled Inverter level0_i/ulp/ddrmem_1/inst/u_ddr4_mem_intfc/u_io_addr_sync/uppCL3[35]_i_1 into driver instance level0_i/ulp/ddrmem_1/inst/u_ddr4_mem_intfc/u_io_addr_sync/uppCL3[35]_i_2, which resulted in an inversion of 5 pins
INFO: [Opt 31-1287] Pulled Inverter level0_i/ulp/ddrmem_1/inst/u_ddr4_mem_intfc/u_io_addr_sync/uppCL3[52]_i_1 into driver instance level0_i/ulp/ddrmem_1/inst/u_ddr4_mem_intfc/u_io_addr_sync/uppCL3[52]_i_2, which resulted in an inversion of 5 pins
INFO: [Opt 31-1287] Pulled Inverter level0_i/ulp/ddrmem_1/inst/u_ddr4_mem_intfc/u_io_addr_sync/uppCL3[53]_i_1 into driver instance level0_i/ulp/ddrmem_1/inst/u_ddr4_mem_intfc/u_io_addr_sync/uppCL3[53]_i_2, which resulted in an inversion of 5 pins
INFO: [Opt 31-1287] Pulled Inverter level0_i/ulp/ddrmem_1/inst/u_ddr4_mem_intfc/u_io_write_data_sync/rd_vref_value[17]_i_1 into driver instance level0_i/ulp/ddrmem_1/inst/u_ddr4_mem_intfc/u_io_write_data_sync/rd_vref_value[17]_i_2, which resulted in an inversion of 3 pins
INFO: [Opt 31-1287] Pulled Inverter level0_i/ulp/ddrmem_1/inst/u_ddr4_mem_intfc/u_io_write_data_sync/rd_vref_value[18]_i_2 into driver instance level0_i/ulp/ddrmem_1/inst/u_ddr4_mem_intfc/u_io_write_data_sync/rd_vref_value[46]_i_4, which resulted in an inversion of 6 pins
INFO: [Opt 31-1287] Pulled Inverter level0_i/ulp/ddrmem_1/inst/u_ddr4_mem_intfc/u_mig_ddr4_phy/riu_nibble_8[1]_INST_0 into driver instance level0_i/ulp/ddrmem_1/inst/u_ddr4_mem_intfc/u_mig_ddr4_phy/inst/riu_nibble_8[1]_INST_0_i_1, which resulted in an inversion of 85 pins
INFO: [Opt 31-1287] Pulled Inverter level0_i/ulp/ddrmem_1/inst/u_ddr4_mem_intfc/u_mig_ddr4_phy/riu_nibble_8[2]_INST_0 into driver instance level0_i/ulp/ddrmem_1/inst/u_ddr4_mem_intfc/u_mig_ddr4_phy/inst/riu_nibble_8[2]_INST_0_i_1, which resulted in an inversion of 85 pins
INFO: [Opt 31-1287] Pulled Inverter level0_i/ulp/ddrmem_1/inst/u_ddr4_mem_intfc/u_mig_ddr4_phy/riu_nibble_8[4]_INST_0 into driver instance level0_i/ulp/ddrmem_1/inst/u_ddr4_mem_intfc/u_mig_ddr4_phy/inst/riu_nibble_8[4]_INST_0_i_1, which resulted in an inversion of 19 pins
INFO: [Opt 31-1287] Pulled Inverter level0_i/ulp/ddrmem_1/inst/u_ddr_axi/USE_UPSIZER.upsizer_d2/USE_READ.read_addr_inst/USE_BURSTS.cmd_queue/USE_FF_OUT.USE_RTL_OUTPUT_PIPELINE.M_VALID_Q_i_1__0 into driver instance level0_i/ulp/ddrmem_1/inst/u_ddr_axi/USE_UPSIZER.upsizer_d2/USE_READ.read_addr_inst/USE_BURSTS.cmd_queue/data_Exists_I_i_2__0, which resulted in an inversion of 7 pins
INFO: [Opt 31-1287] Pulled Inverter level0_i/ulp/ddrmem_1/inst/u_ddr_axi/USE_UPSIZER.upsizer_d2/USE_WRITE.write_addr_inst/USE_BURSTS.cmd_queue/USE_FF_OUT.USE_RTL_OUTPUT_PIPELINE.M_VALID_Q_i_1 into driver instance level0_i/ulp/ddrmem_1/inst/u_ddr_axi/USE_UPSIZER.upsizer_d2/USE_WRITE.write_addr_inst/USE_BURSTS.cmd_queue/data_Exists_I_i_2, which resulted in an inversion of 7 pins
INFO: [Opt 31-1287] Pulled Inverter level0_i/ulp/ddrmem_1/inst/u_ddr_axi/USE_UPSIZER.upsizer_d2/si_register_slice_inst/ar_pipe/USE_RTL_FIFO.data_srl_reg[31][19]_srl32_i_1__0 into driver instance level0_i/ulp/ddrmem_1/inst/u_ddr_axi/USE_UPSIZER.upsizer_d2/si_register_slice_inst/ar_pipe/USE_RTL_FIFO.data_srl_reg[31][19]_srl32_i_2__0, which resulted in an inversion of 4 pins
INFO: [Opt 31-1287] Pulled Inverter level0_i/ulp/ddrmem_1/inst/u_ddr_axi/axi_ar_channel_0/axi_mc_cmd_translator_0/axi_mc_wrap_cmd_0/r_rlast_i_1 into driver instance level0_i/ulp/ddrmem_1/inst/u_ddr_axi/axi_ar_channel_0/axi_mc_cmd_translator_0/axi_mc_wrap_cmd_0/axready_i_2, which resulted in an inversion of 3 pins
INFO: [Opt 31-1287] Pulled Inverter level0_i/ulp/slr1/axi_cdc_data_static/inst/gen_clock_conv.gen_async_conv.asyncfifo_axi/inst_fifo_gen/gaxi_full_lite.gread_ch.grdch2.axi_rdch/grf.rf/rstblk/ngwrdrst.grst.g7serrst.gnsckt_wrst.rst_wr_reg2_inst_i_1 into driver instance level0_i/ulp/slr1/axi_cdc_data_static/inst/gen_clock_conv.gen_async_conv.asyncfifo_axi_i_1, which resulted in an inversion of 1 pins
INFO: [Opt 31-1287] Pulled Inverter level0_i/ulp/slr1/axi_cdc_data_static1/inst/gen_clock_conv.gen_async_conv.asyncfifo_axi/inst_fifo_gen/gaxi_full_lite.gread_ch.grdch2.axi_rdch/grf.rf/rstblk/ngwrdrst.grst.g7serrst.gnsckt_wrst.rst_wr_reg2_inst_i_1 into driver instance level0_i/ulp/slr1/axi_cdc_data_static1/inst/gen_clock_conv.gen_async_conv.asyncfifo_axi_i_1, which resulted in an inversion of 1 pins
INFO: [Opt 31-1287] Pulled Inverter level0_i/ulp/slr1/interconnect_axilite_user/xbar/inst/gen_sasd.crossbar_sasd_0/addr_arbiter_inst/m_atarget_enc[1]_i_1 into driver instance level0_i/ulp/slr1/interconnect_axilite_user/xbar/inst/gen_sasd.crossbar_sasd_0/addr_arbiter_inst/m_atarget_hot[2]_i_2, which resulted in an inversion of 5 pins
INFO: [Opt 31-138] Pushed 94 inverter(s) to 4908 load pin(s).
INFO: [Opt 31-49] Retargeted 0 cell(s).
Phase 3 Retarget | Checksum: 1a20e6a9a

Time (s): cpu = 00:16:16 ; elapsed = 00:10:55 . Memory (MB): peak = 9042.941 ; gain = 239.555 ; free physical = 112831 ; free virtual = 238966
INFO: [Opt 31-389] Phase Retarget created 1581 cells and removed 2023 cells
INFO: [Opt 31-1021] In phase Retarget, 10030 netlist objects are constrained preventing optimization. Please run opt_design with -debug_log to get more detail. 

Phase 4 Constant propagation
INFO: [Opt 31-138] Pushed 20 inverter(s) to 589 load pin(s).
Phase 4 Constant propagation | Checksum: 1786064c8

Time (s): cpu = 00:16:34 ; elapsed = 00:11:13 . Memory (MB): peak = 9042.941 ; gain = 239.555 ; free physical = 112838 ; free virtual = 238972
INFO: [Opt 31-389] Phase Constant propagation created 3726 cells and removed 11231 cells
INFO: [Opt 31-1021] In phase Constant propagation, 835 netlist objects are constrained preventing optimization. Please run opt_design with -debug_log to get more detail. 

Phase 5 Sweep
INFO: [Opt 31-120] Instance level0_i/ulp (ulp) has been optimized to an empty box cell during sweep but it has constraints that prevent its removal. Empty box cells do not impact the implementation flow but they have no functional relevance.
Resolution: If this is not expected, please check for DONT_TOUCH properties or timing constraint set on the empty box cell or on nets connected to the cell. If found, remove the relevant DONT_TOUCH property or timing constraint and re-run opt_design.
Phase 5 Sweep | Checksum: 16ab1bfc0

Time (s): cpu = 00:17:15 ; elapsed = 00:11:54 . Memory (MB): peak = 9042.941 ; gain = 239.555 ; free physical = 112502 ; free virtual = 238636
INFO: [Opt 31-389] Phase Sweep created 0 cells and removed 8195 cells
INFO: [Opt 31-1021] In phase Sweep, 1302086 netlist objects are constrained preventing optimization. Please run opt_design with -debug_log to get more detail. 

Phase 6 BUFG optimization
INFO: [Opt 31-1077] Phase BUFG optimization inserted 0 global clock buffer(s) for CLOCK_LOW_FANOUT.
INFO: [Opt 31-274] Optimized connectivity to 1 cascaded buffer cells
Phase 6 BUFG optimization | Checksum: 1b2ef6821

Time (s): cpu = 00:17:33 ; elapsed = 00:12:09 . Memory (MB): peak = 9042.941 ; gain = 239.555 ; free physical = 112804 ; free virtual = 238939
INFO: [Opt 31-662] Phase BUFG optimization created 0 cells of which 0 are BUFGs and removed 1 cells.
INFO: [Opt 31-1021] In phase BUFG optimization, 21 netlist objects are constrained preventing optimization. Please run opt_design with -debug_log to get more detail. 

Phase 7 Shift Register Optimization
INFO: [Opt 31-1064] SRL Remap converted 0 SRLs to 0 registers and converted 0 registers of register chains to 0 SRLs
Phase 7 Shift Register Optimization | Checksum: 1b2ef6821

Time (s): cpu = 00:17:41 ; elapsed = 00:12:17 . Memory (MB): peak = 9042.941 ; gain = 239.555 ; free physical = 112811 ; free virtual = 238946
INFO: [Opt 31-389] Phase Shift Register Optimization created 0 cells and removed 0 cells

Phase 8 Post Processing Netlist
INFO: [Opt 31-1287] Pulled Inverter level0_i/ulp/ddrmem_1/inst/u_ddr4_mem_intfc/u_ddr_cal_riu/mcs0/inst/microblaze_I/U0/MicroBlaze_Core_I/Performance.Core/Decode_I/Using_FPGA_2.ex_is_load_instr_Inst/MEM_Sel_MEM_Res_I_i_1 into driver instance level0_i/ulp/ddrmem_1/inst/u_ddr4_mem_intfc/u_ddr_cal_riu/mcs0/inst/microblaze_I/U0/MicroBlaze_Core_I/Performance.Core/Decode_I/Using_FPGA_2.ex_is_load_instr_Inst/MEM_Sel_MEM_Res_I_i_2, which resulted in an inversion of 1 pins
INFO: [Opt 31-1287] Pulled Inverter level0_i/ulp/ddrmem_1/inst/u_ddr4_mem_intfc/u_ddr_mc/u_ddr_mc_arb_c/prevGr[1]_i_1 into driver instance level0_i/ulp/ddrmem_1/inst/u_ddr4_mem_intfc/u_ddr_mc/u_ddr_mc_arb_c/prevGr[1]_i_3, which resulted in an inversion of 40 pins
Phase 8 Post Processing Netlist | Checksum: 1000d9677

Time (s): cpu = 00:17:54 ; elapsed = 00:12:31 . Memory (MB): peak = 9042.941 ; gain = 239.555 ; free physical = 112808 ; free virtual = 238943
INFO: [Opt 31-389] Phase Post Processing Netlist created 0 cells and removed 2 cells
INFO: [Opt 31-1021] In phase Post Processing Netlist, 1430 netlist objects are constrained preventing optimization. Please run opt_design with -debug_log to get more detail. 
Opt_design Change Summary
=========================


-------------------------------------------------------------------------------------------------------------------------
|  Phase                        |  #Cells created  |  #Cells Removed  |  #Constrained objects preventing optimizations  |
-------------------------------------------------------------------------------------------------------------------------
|  Retarget                     |            1581  |            2023  |                                          10030  |
|  Constant propagation         |            3726  |           11231  |                                            835  |
|  Sweep                        |               0  |            8195  |                                        1302086  |
|  BUFG optimization            |               0  |               1  |                                             21  |
|  Shift Register Optimization  |               0  |               0  |                                              0  |
|  Post Processing Netlist      |               0  |               2  |                                           1430  |
-------------------------------------------------------------------------------------------------------------------------



Starting Connectivity Check Task

Time (s): cpu = 00:00:00.96 ; elapsed = 00:00:01 . Memory (MB): peak = 9042.941 ; gain = 0.000 ; free physical = 112809 ; free virtual = 238944
Ending Logic Optimization Task | Checksum: 2211108f5

Time (s): cpu = 00:18:09 ; elapsed = 00:12:44 . Memory (MB): peak = 9042.941 ; gain = 239.555 ; free physical = 112814 ; free virtual = 238949

Starting Power Optimization Task
INFO: [Pwropt 34-132] Skipping clock gating for clocks with a period < 2.00 ns.
INFO: [Pwropt 34-232] Skipping BRAM gating because all BRAMs are in high frequency (i.e. period < 3.12 ns) clock domains.
INFO: [Pwropt 34-162] WRITE_MODE attribute of 0 BRAM(s) out of a total of 267 has been updated to save power. Run report_power_opt to get a complete listing of the BRAMs updated.
Ending Power Optimization Task | Checksum: 2211108f5

Time (s): cpu = 00:00:16 ; elapsed = 00:00:16 . Memory (MB): peak = 9042.941 ; gain = 0.000 ; free physical = 112793 ; free virtual = 238928

Starting Final Cleanup Task
Ending Final Cleanup Task | Checksum: 2211108f5

Time (s): cpu = 00:00:08 ; elapsed = 00:00:08 . Memory (MB): peak = 9042.941 ; gain = 0.000 ; free physical = 112795 ; free virtual = 238930

Starting Netlist Obfuscation Task
Netlist sorting complete. Time (s): cpu = 00:00:00.07 ; elapsed = 00:00:00.06 . Memory (MB): peak = 9042.941 ; gain = 0.000 ; free physical = 112795 ; free virtual = 238930
Ending Netlist Obfuscation Task | Checksum: 2211108f5

Time (s): cpu = 00:00:08 ; elapsed = 00:00:08 . Memory (MB): peak = 9042.941 ; gain = 0.000 ; free physical = 112796 ; free virtual = 238931
INFO: [Common 17-83] Releasing license: Implementation
231 Infos, 457 Warnings, 8 Critical Warnings and 0 Errors encountered.
opt_design completed successfully
opt_design: Time (s): cpu = 00:20:20 ; elapsed = 00:14:05 . Memory (MB): peak = 9042.941 ; gain = 239.555 ; free physical = 112796 ; free virtual = 238931
source /home/uni/project/smartssd/host_file_sum64/_x/link/vivado/vpl/scripts/impl_1/_full_opt_post.tcl
WARNING: [Power 33-711] The follwoing XDC constraint overrides the xilinx.com:u2:1.0 design_power_budget default value of 60.0 : set_operating_conditions -design_power_budget 63 
source /home/uni/project/smartssd/host_file_sum64/_x/link/vivado/vpl/scripts/impl_1/_full_place_pre.tcl
CRITICAL WARNING: [Vivado 12-4430] You are lowering the severity from an ERROR. This can potentially lead to board damage or other functionality issues on hardware. If this is not desired, please run 'reset_property SEVERITY [get_drc_checks HDPR-5]' to undo this change.
INFO: [Chipscope 16-240] Debug cores have already been implemented
Command: place_design
Attempting to get a license for feature 'Implementation' and/or device 'xcku15p'
INFO: [Common 17-349] Got license for feature 'Implementation' and/or device 'xcku15p'
INFO: [DRC 23-27] Running DRC with 8 threads
INFO: [Vivado_Tcl 4-198] DRC finished with 0 Errors
INFO: [Vivado_Tcl 4-199] Please refer to the DRC report (report_drc) for more information.
Running DRC as a precondition to command place_design
INFO: [DRC 23-27] Running DRC with 8 threads
INFO: [Vivado_Tcl 4-198] DRC finished with 0 Errors
INFO: [Vivado_Tcl 4-199] Please refer to the DRC report (report_drc) for more information.

Starting Placer Task
INFO: [Place 30-611] Multithreading enabled for place_design using a maximum of 8 CPUs

Phase 1 Placer Initialization

Phase 1.1 Placer Initialization Netlist Sorting
Netlist sorting complete. Time (s): cpu = 00:00:00.06 ; elapsed = 00:00:00.09 . Memory (MB): peak = 9074.957 ; gain = 0.000 ; free physical = 112607 ; free virtual = 238742
Phase 1.1 Placer Initialization Netlist Sorting | Checksum: ae40a729

Time (s): cpu = 00:00:03 ; elapsed = 00:00:03 . Memory (MB): peak = 9074.957 ; gain = 0.000 ; free physical = 112606 ; free virtual = 238741
Netlist sorting complete. Time (s): cpu = 00:00:00.07 ; elapsed = 00:00:00.07 . Memory (MB): peak = 9074.957 ; gain = 0.000 ; free physical = 112608 ; free virtual = 238743

Phase 1.2 IO Placement/ Clock Placement/ Build Placer Device
INFO: [Timing 38-35] Done setting XDC timing constraints.
Phase 1.2 IO Placement/ Clock Placement/ Build Placer Device | Checksum: c71984b6

Time (s): cpu = 00:03:08 ; elapsed = 00:02:16 . Memory (MB): peak = 9074.957 ; gain = 0.000 ; free physical = 112160 ; free virtual = 238294

Phase 1.3 Build Placer Netlist Model
INFO: [Place 30-1040]   HIGH_PRIORITY Clock: pll_clk[1]
INFO: [Place 30-1040]   HIGH_PRIORITY Clock: pll_clk[0]
INFO: [Place 30-1040]   HIGH_PRIORITY Clock: mmcm_clkout0
INFO: [Place 30-1040]   HIGH_PRIORITY Clock: clk_out1_bd_aabe_clk_wiz_0_0
INFO: [Place 30-1040]   HIGH_PRIORITY Clock: axi_bram_ctrl_0_BRAM_PORTA_CLK
INFO: [Place 30-1040]   HIGH_PRIORITY Clock: clk_out1_bd_aabe_clkwiz_scheduler_0
INFO: [Place 30-1040]   HIGH_PRIORITY Clock: GTHE4_CHANNEL_TXOUTCLK[3]
INFO: [Place 30-1040]   HIGH_PRIORITY Clock: clk_out2_bd_aabe_clkwiz_sysclks_0
INFO: [Place 30-1040]   HIGH_PRIORITY Clock: pll_clk[2]
INFO: [Place 30-1040]   HIGH_PRIORITY Clock: GTHE4_CHANNEL_TXOUTCLK[1]_2
INFO: [Place 30-1040]   HIGH_PRIORITY Clock: io_clk_freerun_00
CRITICAL WARNING: [Place 30-1098] The Clock Net level0_i/blp/blp_i/blp_static_region_ss/inst/static_region/slr1/base_clocking/clkwiz_kernel/inst/CLK_CORE_DRP_I/clk_inst/clk_out1 has CLOCK_LOW_FANOUT set to TRUE and conflicts with LOC constraints. The CLOCK_LOW_FANOUT constraint will be ignored. The first 10 cells with LOC constraint conflicts are listed below:
level0_i/blp/blp_i/blp_static_region_ss/inst/static_region/slr1/base_clocking/clk_freq_scaler_0/inst/FSM_onehot_shift_reg_ctrl_st_reg[0]
level0_i/blp/blp_i/blp_static_region_ss/inst/static_region/slr1/base_clocking/clk_freq_scaler_0/inst/FSM_onehot_shift_reg_ctrl_st_reg[1]
level0_i/blp/blp_i/blp_static_region_ss/inst/static_region/slr1/base_clocking/clk_freq_scaler_0/inst/FSM_onehot_shift_reg_ctrl_st_reg[2]
level0_i/blp/blp_i/blp_static_region_ss/inst/static_region/slr1/base_clocking/clk_freq_scaler_0/inst/cnt_reg_bits_reg[0]
level0_i/blp/blp_i/blp_static_region_ss/inst/static_region/slr1/base_clocking/clk_freq_scaler_0/inst/cnt_reg_bits_reg[1]
level0_i/blp/blp_i/blp_static_region_ss/inst/static_region/slr1/base_clocking/clk_freq_scaler_0/inst/cnt_reg_bits_reg[2]
level0_i/blp/blp_i/blp_static_region_ss/inst/static_region/slr1/base_clocking/clk_freq_scaler_0/inst/cnt_reg_bits_reg[3]
level0_i/blp/blp_i/blp_static_region_ss/inst/static_region/slr1/base_clocking/clk_freq_scaler_0/inst/cnt_reg_bits_reg[4]
level0_i/blp/blp_i/blp_static_region_ss/inst/static_region/slr1/base_clocking/clk_freq_scaler_0/inst/cnt_reg_bits_reg[5]
level0_i/blp/blp_i/blp_static_region_ss/inst/static_region/slr1/base_clocking/clk_freq_scaler_0/inst/cnt_reg_bits_reg[6]
Resolution: Check your design for physical constraint conflicts between the Clock Net and the cell(s) identified.

Phase 1.3 Build Placer Netlist Model | Checksum: 18e5eaf3a

Time (s): cpu = 00:08:28 ; elapsed = 00:04:47 . Memory (MB): peak = 9661.277 ; gain = 586.320 ; free physical = 111443 ; free virtual = 237578

Phase 1.4 Constrain Clocks/Macros
Phase 1.4 Constrain Clocks/Macros | Checksum: 18e5eaf3a

Time (s): cpu = 00:08:31 ; elapsed = 00:04:49 . Memory (MB): peak = 9661.277 ; gain = 586.320 ; free physical = 111444 ; free virtual = 237578
Phase 1 Placer Initialization | Checksum: 18e5eaf3a

Time (s): cpu = 00:08:44 ; elapsed = 00:05:02 . Memory (MB): peak = 9661.277 ; gain = 586.320 ; free physical = 111418 ; free virtual = 237553

Phase 2 Global Placement

Phase 2.1 Floorplanning
CRITICAL WARNING: [Place 30-1098] The Clock Net level0_i/blp/blp_i/blp_static_region_ss/inst/static_region/slr1/base_clocking/clkwiz_kernel/inst/CLK_CORE_DRP_I/clk_inst/clk_out1 has CLOCK_LOW_FANOUT set to TRUE and conflicts with LOC constraints. The CLOCK_LOW_FANOUT constraint will be ignored. The first 10 cells with LOC constraint conflicts are listed below:
level0_i/blp/blp_i/blp_static_region_ss/inst/static_region/slr1/base_clocking/clk_freq_scaler_0/inst/FSM_onehot_shift_reg_ctrl_st_reg[0]
level0_i/blp/blp_i/blp_static_region_ss/inst/static_region/slr1/base_clocking/clk_freq_scaler_0/inst/FSM_onehot_shift_reg_ctrl_st_reg[1]
level0_i/blp/blp_i/blp_static_region_ss/inst/static_region/slr1/base_clocking/clk_freq_scaler_0/inst/FSM_onehot_shift_reg_ctrl_st_reg[2]
level0_i/blp/blp_i/blp_static_region_ss/inst/static_region/slr1/base_clocking/clk_freq_scaler_0/inst/cnt_reg_bits_reg[0]
level0_i/blp/blp_i/blp_static_region_ss/inst/static_region/slr1/base_clocking/clk_freq_scaler_0/inst/cnt_reg_bits_reg[1]
level0_i/blp/blp_i/blp_static_region_ss/inst/static_region/slr1/base_clocking/clk_freq_scaler_0/inst/cnt_reg_bits_reg[2]
level0_i/blp/blp_i/blp_static_region_ss/inst/static_region/slr1/base_clocking/clk_freq_scaler_0/inst/cnt_reg_bits_reg[3]
level0_i/blp/blp_i/blp_static_region_ss/inst/static_region/slr1/base_clocking/clk_freq_scaler_0/inst/cnt_reg_bits_reg[4]
level0_i/blp/blp_i/blp_static_region_ss/inst/static_region/slr1/base_clocking/clk_freq_scaler_0/inst/cnt_reg_bits_reg[5]
level0_i/blp/blp_i/blp_static_region_ss/inst/static_region/slr1/base_clocking/clk_freq_scaler_0/inst/cnt_reg_bits_reg[6]
Resolution: Check your design for physical constraint conflicts between the Clock Net and the cell(s) identified.


Phase 2.1.1 Partition Driven Placement

Phase 2.1.1.1 PBP: Partition Driven Placement
Phase 2.1.1.1 PBP: Partition Driven Placement | Checksum: 10b138093

Time (s): cpu = 00:11:14 ; elapsed = 00:05:58 . Memory (MB): peak = 9741.316 ; gain = 666.359 ; free physical = 111204 ; free virtual = 237339

Phase 2.1.1.2 PBP: Clock Region Placement
Phase 2.1.1.2 PBP: Clock Region Placement | Checksum: 133b8f3a4

Time (s): cpu = 00:11:40 ; elapsed = 00:06:25 . Memory (MB): peak = 9741.316 ; gain = 666.359 ; free physical = 111150 ; free virtual = 237285

Phase 2.1.1.3 PBP: Compute Congestion
Phase 2.1.1.3 PBP: Compute Congestion | Checksum: 133b8f3a4

Time (s): cpu = 00:11:53 ; elapsed = 00:06:31 . Memory (MB): peak = 9785.680 ; gain = 710.723 ; free physical = 111089 ; free virtual = 237224

Phase 2.1.1.4 PBP: UpdateTiming
Phase 2.1.1.4 PBP: UpdateTiming | Checksum: 1b16c47dd

Time (s): cpu = 00:13:18 ; elapsed = 00:06:49 . Memory (MB): peak = 9825.695 ; gain = 750.738 ; free physical = 111006 ; free virtual = 237142

Phase 2.1.1.5 PBP: Add part constraints
Phase 2.1.1.5 PBP: Add part constraints | Checksum: 1b16c47dd

Time (s): cpu = 00:13:19 ; elapsed = 00:06:51 . Memory (MB): peak = 9825.695 ; gain = 750.738 ; free physical = 111006 ; free virtual = 237141
Phase 2.1.1 Partition Driven Placement | Checksum: 1b16c47dd

Time (s): cpu = 00:13:21 ; elapsed = 00:06:53 . Memory (MB): peak = 9825.695 ; gain = 750.738 ; free physical = 111083 ; free virtual = 237218
Phase 2.1 Floorplanning | Checksum: 1b4494141

Time (s): cpu = 00:13:23 ; elapsed = 00:06:54 . Memory (MB): peak = 9825.695 ; gain = 750.738 ; free physical = 111083 ; free virtual = 237218

Phase 2.2 Update Timing before SLR Path Opt
Phase 2.2 Update Timing before SLR Path Opt | Checksum: 172d8f9ac

Time (s): cpu = 00:13:27 ; elapsed = 00:06:58 . Memory (MB): peak = 9825.695 ; gain = 750.738 ; free physical = 111104 ; free virtual = 237239

Phase 2.3 Post-Processing in Floorplanning
Phase 2.3 Post-Processing in Floorplanning | Checksum: 16805fd40

Time (s): cpu = 00:13:30 ; elapsed = 00:07:01 . Memory (MB): peak = 9825.695 ; gain = 750.738 ; free physical = 111104 ; free virtual = 237240

Phase 2.4 Global Placement Core

Phase 2.4.1 UpdateTiming Before Physical Synthesis
Phase 2.4.1 UpdateTiming Before Physical Synthesis | Checksum: 20d2c15a3

Time (s): cpu = 00:26:25 ; elapsed = 00:12:23 . Memory (MB): peak = 10129.973 ; gain = 1055.016 ; free physical = 110959 ; free virtual = 237095

Phase 2.4.2 Physical Synthesis In Placer
INFO: [Physopt 32-1035] Found 134 LUTNM shape to break, 3548 LUT instances to create LUTNM shape
INFO: [Physopt 32-1044] Break lutnm for timing: one critical 92, two critical 42, total 134, new lutff created 0
INFO: [Physopt 32-1138] End 1 Pass. Optimized 1603 nets or LUTs. Breaked 134 LUTs, combined 1469 existing LUTs and moved 0 existing LUT
Netlist sorting complete. Time (s): cpu = 00:00:00.08 ; elapsed = 00:00:00.08 . Memory (MB): peak = 10129.973 ; gain = 0.000 ; free physical = 110934 ; free virtual = 237070
INFO: [Physopt 32-1030] Pass 1. Identified 42 candidate driver sets for equivalent driver rewiring.
INFO: [Physopt 32-661] Optimized 25 nets.  Re-placed 129 instances.
INFO: [Physopt 32-775] End 1 Pass. Optimized 25 nets or cells. Created 0 new cell, deleted 3 existing cells and moved 129 existing cells
Netlist sorting complete. Time (s): cpu = 00:00:01 ; elapsed = 00:00:01 . Memory (MB): peak = 10129.973 ; gain = 0.000 ; free physical = 110931 ; free virtual = 237067
WARNING: [Physopt 32-894] Found a constraint with the -through option on pin level0_i/ulp/axi_interconnect_0/s02_couplers/auto_us_cc_df/inst/gen_upsizer.gen_full_upsizer.axi_upsizer_inst/USE_WRITE.gen_pktfifo_w_upsizer.pktfifo_write_data_inst/gen_awpop_fifo.dw_fifogen_awpop/inst_fifo_gen/gconvfifo.rf/grf.rf/rstblk/ngwrdrst.grst.g7serrst.gnsckt_wrst.rst_wr_reg2_inst/src_arst or the net immediately connecting to the pin. This constraint will block optimizations for this and all downstream leaf pins.
INFO: [Physopt 32-76] Pass 1. Identified 15 candidate nets for fanout optimization.
INFO: [Physopt 32-81] Processed net level0_i/ulp/axi_interconnect_1/s00_couplers/s00_regslice/inst/w.w_pipe/S_READY. Replicated 2 times.
INFO: [Physopt 32-81] Processed net level0_i/ulp/axi_interconnect_1/s01_couplers/s01_regslice/inst/r.r_pipe/S_READY. Replicated 6 times.
INFO: [Physopt 32-81] Processed net level0_i/ulp/axi_interconnect_1/s03_couplers/auto_rs_w/inst/w.w_pipe/s_ready_i_reg_0. Replicated 10 times.
INFO: [Physopt 32-81] Processed net level0_i/ulp/axi_interconnect_1/xbar/inst/gen_samd.crossbar_samd/gen_master_slots[1].reg_slice_mi/r.r_pipe/s_ready_i_reg_0. Replicated 8 times.
INFO: [Physopt 32-81] Processed net level0_i/ulp/axi_interconnect_1/s00_couplers/s00_regslice/inst/r.r_pipe/S_READY. Replicated 8 times.
INFO: [Physopt 32-81] Processed net level0_i/ulp/slr1/regslice_data_static/inst/r.r_pipe/S_READY. Replicated 4 times.
INFO: [Physopt 32-81] Processed net level0_i/ulp/ddrmem_1/inst/u_ddr_axi/axi_w_channel_0/wready_d3. Replicated 8 times.
INFO: [Physopt 32-81] Processed net level0_i/ulp/axi_interconnect_1/s01_couplers/s01_regslice/inst/w.w_pipe/S_READY. Replicated 11 times.
INFO: [Physopt 32-81] Processed net level0_i/ulp/slr1/reset_controllers/psreset_gate_pr_kernel/U0/interconnect_aresetn[0]. Replicated 18 times.
WARNING: [Physopt 32-894] Found a constraint with the -through option on pin level0_i/ulp/axi_interconnect_0/s02_couplers/auto_us_cc_df/inst/gen_upsizer.gen_full_upsizer.axi_upsizer_inst/USE_WRITE.gen_pktfifo_w_upsizer.pktfifo_write_data_inst/gen_awpop_fifo.dw_fifogen_awpop/inst_fifo_gen/gconvfifo.rf/grf.rf/rstblk/ngwrdrst.grst.g7serrst.gnsckt_wrst.rst_wr_reg2_inst/src_arst or the net immediately connecting to the pin. This constraint will block optimizations for this and all downstream leaf pins.
INFO: [Physopt 32-81] Processed net level0_i/ulp/ddrmem_1/inst/u_ddr_axi/USE_UPSIZER.upsizer_d2/ARESET. Replicated 13 times.
INFO: [Physopt 32-81] Processed net level0_i/ulp/file_sum64_1/inst/ap_rst_n_inv. Replicated 10 times.
INFO: [Physopt 32-81] Processed net level0_i/ulp/ddrmem_1/inst/u_ddr4_mem_intfc/u_ddr_cal_top/u_ddr_cal/u_ddr_cal_addr_decode/u_ddr_cal_cplx/cplx_cal. Replicated 9 times.
INFO: [Physopt 32-81] Processed net level0_i/ulp/axi_interconnect_1/xbar/inst/gen_samd.crossbar_samd/gen_master_slots[0].reg_slice_mi/r.r_pipe/s_ready_i_reg_0. Replicated 6 times.
INFO: [Physopt 32-81] Processed net level0_i/ulp/axi_interconnect_0/xbar/inst/gen_samd.crossbar_samd/gen_master_slots[0].reg_slice_mi/r.r_pipe/s_ready_i_reg_0. Replicated 7 times.
INFO: [Physopt 32-232] Optimized 14 nets. Created 120 new instances.
INFO: [Physopt 32-775] End 1 Pass. Optimized 14 nets or cells. Created 120 new cells, deleted 0 existing cell and moved 0 existing cell
Netlist sorting complete. Time (s): cpu = 00:00:01 ; elapsed = 00:00:01 . Memory (MB): peak = 10129.973 ; gain = 0.000 ; free physical = 110930 ; free virtual = 237066
INFO: [Physopt 32-896] DSP level0_i/blp/blp_i/blp_static_region_ss/inst/static_region/slr1/brd_mgmt_scheduler/board_management/microblaze_board_control/U0/MicroBlaze_Core_I/Performance.Core/Data_Flow_I/MUL_Unit_I/Use_HW_MUL.Using_DSP48_Architectures.Doing_mul64.Virtex_MUL64.dsp_module_I2/Using_DSP48E1.DSP48E1_I1/Using_FPGA.DSP48E1_I1 is not considered for optimization due to don't touch constraint
INFO: [Physopt 32-896] DSP level0_i/blp/blp_i/blp_static_region_ss/inst/static_region/slr1/brd_mgmt_scheduler/board_management/microblaze_board_control/U0/MicroBlaze_Core_I/Performance.Core/Data_Flow_I/MUL_Unit_I/Use_HW_MUL.Using_DSP48_Architectures.Doing_mul64.Virtex_MUL64.dsp_module_I3/Using_DSP48E1.DSP48E1_I1/Using_FPGA.DSP48E1_I1 is not considered for optimization due to don't touch constraint
INFO: [Physopt 32-896] DSP level0_i/blp/blp_i/blp_static_region_ss/inst/static_region/slr1/brd_mgmt_scheduler/board_management/microblaze_board_control/U0/MicroBlaze_Core_I/Performance.Core/Data_Flow_I/MUL_Unit_I/Use_HW_MUL.Using_DSP48_Architectures.Doing_mul64.Virtex_MUL64.dsp_module_I4/Using_DSP48E1.DSP48E1_I1/Using_FPGA.DSP48E1_I1 is not considered for optimization due to don't touch constraint
INFO: [Physopt 32-896] DSP level0_i/blp/blp_i/blp_static_region_ss/inst/static_region/slr1/brd_mgmt_scheduler/board_management/microblaze_board_control/U0/MicroBlaze_Core_I/Performance.Core/Data_Flow_I/MUL_Unit_I/Use_HW_MUL.Using_DSP48_Architectures.dsp_module_I1/Using_DSP48E1.DSP48E1_I1/Using_FPGA.DSP48E1_I1 is not considered for optimization due to don't touch constraint
INFO: [Physopt 32-896] DSP level0_i/blp/blp_i/blp_static_region_ss/inst/static_region/slr1/rd_mod_wr_0/inst/rd_mod_wr_inst0/mult_out_r_reg is not considered for optimization due to don't touch constraint
INFO: [Physopt 32-896] DSP level0_i/blp/blp_i/blp_static_region_ss/inst/static_region/slr1/rd_mod_wr_0/inst/rd_mod_wr_inst0/subt_out is not considered for optimization due to don't touch constraint
INFO: [Physopt 32-456] No candidate cells for DSP register optimization found in the design.
INFO: [Physopt 32-775] End 2 Pass. Optimized 0 net or cell. Created 0 new cell, deleted 0 existing cell and moved 0 existing cell
INFO: [Physopt 32-1123] No candidate cells found for Shift Register to Pipeline optimization
INFO: [Physopt 32-775] End 2 Pass. Optimized 0 net or cell. Created 0 new cell, deleted 0 existing cell and moved 0 existing cell
INFO: [Physopt 32-775] End 1 Pass. Optimized 0 net or cell. Created 0 new cell, deleted 0 existing cell and moved 0 existing cell
Netlist sorting complete. Time (s): cpu = 00:00:00.07 ; elapsed = 00:00:00.07 . Memory (MB): peak = 10129.973 ; gain = 0.000 ; free physical = 110926 ; free virtual = 237061
INFO: [Physopt 32-527] Pass 1: Identified 9 candidate cells for BRAM register optimization
INFO: [Physopt 32-666] Processed cell level0_i/ulp/axi_interconnect_0/s02_couplers/auto_us_cc_df/inst/gen_upsizer.gen_full_upsizer.axi_upsizer_inst/USE_WRITE.gen_pktfifo_w_upsizer.pktfifo_write_data_inst/w_buffer/inst_blk_mem_gen/gnbram.gnativebmg.native_blk_mem_gen/valid.cstr/ramloop[6].ram.r/prim_noinit.ram/DEVICE_8SERIES.NO_BMM_INFO.SDP.WIDE_PRIM36_NO_ECC.ram. No change.
INFO: [Physopt 32-666] Processed cell level0_i/ulp/axi_interconnect_0/s02_couplers/auto_us_cc_df/inst/gen_upsizer.gen_full_upsizer.axi_upsizer_inst/USE_WRITE.gen_pktfifo_w_upsizer.pktfifo_write_data_inst/w_buffer/inst_blk_mem_gen/gnbram.gnativebmg.native_blk_mem_gen/valid.cstr/ramloop[4].ram.r/prim_noinit.ram/DEVICE_8SERIES.NO_BMM_INFO.SDP.WIDE_PRIM36_NO_ECC.ram. No change.
INFO: [Physopt 32-666] Processed cell level0_i/ulp/axi_interconnect_0/s02_couplers/auto_us_cc_df/inst/gen_upsizer.gen_full_upsizer.axi_upsizer_inst/USE_WRITE.gen_pktfifo_w_upsizer.pktfifo_write_data_inst/w_buffer/inst_blk_mem_gen/gnbram.gnativebmg.native_blk_mem_gen/valid.cstr/ramloop[5].ram.r/prim_noinit.ram/DEVICE_8SERIES.NO_BMM_INFO.SDP.WIDE_PRIM36_NO_ECC.ram. No change.
INFO: [Physopt 32-666] Processed cell level0_i/ulp/axi_interconnect_0/s02_couplers/auto_us_cc_df/inst/gen_upsizer.gen_full_upsizer.axi_upsizer_inst/USE_WRITE.gen_pktfifo_w_upsizer.pktfifo_write_data_inst/w_buffer/inst_blk_mem_gen/gnbram.gnativebmg.native_blk_mem_gen/valid.cstr/ramloop[7].ram.r/prim_noinit.ram/DEVICE_8SERIES.NO_BMM_INFO.SDP.WIDE_PRIM36_NO_ECC.ram. No change.
INFO: [Physopt 32-666] Processed cell level0_i/ulp/axi_interconnect_0/s02_couplers/auto_us_cc_df/inst/gen_upsizer.gen_full_upsizer.axi_upsizer_inst/USE_WRITE.gen_pktfifo_w_upsizer.pktfifo_write_data_inst/w_buffer/inst_blk_mem_gen/gnbram.gnativebmg.native_blk_mem_gen/valid.cstr/ramloop[0].ram.r/prim_noinit.ram/DEVICE_8SERIES.NO_BMM_INFO.SDP.WIDE_PRIM36_NO_ECC.ram. No change.
INFO: [Physopt 32-666] Processed cell level0_i/ulp/axi_interconnect_0/s02_couplers/auto_us_cc_df/inst/gen_upsizer.gen_full_upsizer.axi_upsizer_inst/USE_WRITE.gen_pktfifo_w_upsizer.pktfifo_write_data_inst/w_buffer/inst_blk_mem_gen/gnbram.gnativebmg.native_blk_mem_gen/valid.cstr/ramloop[1].ram.r/prim_noinit.ram/DEVICE_8SERIES.NO_BMM_INFO.SDP.WIDE_PRIM36_NO_ECC.ram. No change.
INFO: [Physopt 32-666] Processed cell level0_i/ulp/axi_interconnect_0/s02_couplers/auto_us_cc_df/inst/gen_upsizer.gen_full_upsizer.axi_upsizer_inst/USE_WRITE.gen_pktfifo_w_upsizer.pktfifo_write_data_inst/w_buffer/inst_blk_mem_gen/gnbram.gnativebmg.native_blk_mem_gen/valid.cstr/ramloop[2].ram.r/prim_noinit.ram/DEVICE_8SERIES.NO_BMM_INFO.SDP.WIDE_PRIM36_NO_ECC.ram. No change.
INFO: [Physopt 32-666] Processed cell level0_i/ulp/ddrmem_1/inst/u_ddr4_mem_intfc/u_ddr_cal_top/u_ddr_cal/DDR_XSDB_BRAM/mem_inst/gen_mem[0].inst/mem_reg_bram_0. No change.
INFO: [Physopt 32-666] Processed cell level0_i/ulp/axi_interconnect_0/s02_couplers/auto_us_cc_df/inst/gen_upsizer.gen_full_upsizer.axi_upsizer_inst/USE_WRITE.gen_pktfifo_w_upsizer.pktfifo_write_data_inst/w_buffer/inst_blk_mem_gen/gnbram.gnativebmg.native_blk_mem_gen/valid.cstr/ramloop[3].ram.r/prim_noinit.ram/DEVICE_8SERIES.NO_BMM_INFO.SDP.WIDE_PRIM36_NO_ECC.ram. No change.
INFO: [Physopt 32-775] End 1 Pass. Optimized 0 net or cell. Created 0 new cell, deleted 0 existing cell and moved 0 existing cell
Netlist sorting complete. Time (s): cpu = 00:00:00.1 ; elapsed = 00:00:00.1 . Memory (MB): peak = 10129.973 ; gain = 0.000 ; free physical = 110921 ; free virtual = 237056
INFO: [Physopt 32-862] URAM cell level0_i/blp/blp_i/blp_static_region_ss/inst/static_region/slr1/brd_mgmt_scheduler/shell_ert_subsystem_0/inst/ert_peripherals/cq_ram/U0/inst_blk_mem_gen/gnuram_with_32bit_addr.uram_tdp.xpm_memory_tdpram_inst/xpm_memory_base_inst/gen_wr_a.gen_byte_narrow.for_mem_cols[1].mem_reg_uram_0 has DONT_TOUCH property as true. Do not optimize.
INFO: [Physopt 32-862] URAM cell level0_i/blp/blp_i/blp_static_region_ss/inst/static_region/slr1/brd_mgmt_scheduler/shell_ert_subsystem_0/inst/ert_peripherals/cq_ram/U0/inst_blk_mem_gen/gnuram_with_32bit_addr.uram_tdp.xpm_memory_tdpram_inst/xpm_memory_base_inst/gen_wr_a.gen_byte_narrow.for_mem_cols[1].mem_reg_uram_1 has DONT_TOUCH property as true. Do not optimize.
INFO: [Physopt 32-862] URAM cell level0_i/blp/blp_i/blp_static_region_ss/inst/static_region/slr1/brd_mgmt_scheduler/shell_ert_subsystem_0/inst/ert_peripherals/cq_ram/U0/inst_blk_mem_gen/gnuram_with_32bit_addr.uram_tdp.xpm_memory_tdpram_inst/xpm_memory_base_inst/gen_wr_a.gen_byte_narrow.for_mem_cols[1].mem_reg_uram_2 has DONT_TOUCH property as true. Do not optimize.
INFO: [Physopt 32-862] URAM cell level0_i/blp/blp_i/blp_static_region_ss/inst/static_region/slr1/brd_mgmt_scheduler/shell_ert_subsystem_0/inst/ert_peripherals/cq_ram/U0/inst_blk_mem_gen/gnuram_with_32bit_addr.uram_tdp.xpm_memory_tdpram_inst/xpm_memory_base_inst/gen_wr_a.gen_byte_narrow.for_mem_cols[1].mem_reg_uram_3 has DONT_TOUCH property as true. Do not optimize.
INFO: [Physopt 32-862] URAM cell level0_i/blp/blp_i/blp_static_region_ss/inst/static_region/slr1/brd_mgmt_scheduler/shell_ert_subsystem_0/inst/ert_peripherals/cq_ram/U0/inst_blk_mem_gen/gnuram_with_32bit_addr.uram_tdp.xpm_memory_tdpram_inst/xpm_memory_base_inst/gen_wr_a.gen_byte_narrow.for_mem_cols[1].mem_reg_uram_0 has DONT_TOUCH property as true. Do not optimize.
INFO: [Physopt 32-862] URAM cell level0_i/blp/blp_i/blp_static_region_ss/inst/static_region/slr1/brd_mgmt_scheduler/shell_ert_subsystem_0/inst/ert_peripherals/cq_ram/U0/inst_blk_mem_gen/gnuram_with_32bit_addr.uram_tdp.xpm_memory_tdpram_inst/xpm_memory_base_inst/gen_wr_a.gen_byte_narrow.for_mem_cols[1].mem_reg_uram_1 has DONT_TOUCH property as true. Do not optimize.
INFO: [Physopt 32-862] URAM cell level0_i/blp/blp_i/blp_static_region_ss/inst/static_region/slr1/brd_mgmt_scheduler/shell_ert_subsystem_0/inst/ert_peripherals/cq_ram/U0/inst_blk_mem_gen/gnuram_with_32bit_addr.uram_tdp.xpm_memory_tdpram_inst/xpm_memory_base_inst/gen_wr_a.gen_byte_narrow.for_mem_cols[1].mem_reg_uram_2 has DONT_TOUCH property as true. Do not optimize.
INFO: [Physopt 32-862] URAM cell level0_i/blp/blp_i/blp_static_region_ss/inst/static_region/slr1/brd_mgmt_scheduler/shell_ert_subsystem_0/inst/ert_peripherals/cq_ram/U0/inst_blk_mem_gen/gnuram_with_32bit_addr.uram_tdp.xpm_memory_tdpram_inst/xpm_memory_base_inst/gen_wr_a.gen_byte_narrow.for_mem_cols[1].mem_reg_uram_3 has DONT_TOUCH property as true. Do not optimize.
INFO: [Physopt 32-846] No candidate cells for URAM register optimization found in the design
INFO: [Physopt 32-775] End 2 Pass. Optimized 0 net or cell. Created 0 new cell, deleted 0 existing cell and moved 0 existing cell
INFO: [Physopt 32-949] No candidate nets found for dynamic/static region interface net replication
INFO: [Physopt 32-775] End 1 Pass. Optimized 0 net or cell. Created 0 new cell, deleted 0 existing cell and moved 0 existing cell
Netlist sorting complete. Time (s): cpu = 00:00:00.07 ; elapsed = 00:00:00.07 . Memory (MB): peak = 10129.973 ; gain = 0.000 ; free physical = 110931 ; free virtual = 237066
INFO: [Physopt 32-68] No nets found for critical-cell optimization.
INFO: [Physopt 32-232] Optimized 0 net. Created 0 new instance.
INFO: [Physopt 32-775] End 1 Pass. Optimized 0 net or cell. Created 0 new cell, deleted 0 existing cell and moved 0 existing cell
Netlist sorting complete. Time (s): cpu = 00:00:00.07 ; elapsed = 00:00:00.07 . Memory (MB): peak = 10129.973 ; gain = 0.000 ; free physical = 110931 ; free virtual = 237066

Summary of Physical Synthesis Optimizations
============================================


-----------------------------------------------------------------------------------------------------------------------------------------------------------
|  Optimization                                     |  Added Cells  |  Removed Cells  |  Optimized Cells/Nets  |  Dont Touch  |  Iterations  |  Elapsed   |
-----------------------------------------------------------------------------------------------------------------------------------------------------------
|  LUT Combining                                    |          134  |           1469  |                  1603  |           0  |           1  |  00:00:04  |
|  Retime                                           |            0  |              0  |                     0  |           0  |           1  |  00:00:00  |
|  Equivalent Driver Rewiring                       |            0  |              3  |                    25  |           5  |           1  |  00:00:10  |
|  Very High Fanout                                 |          120  |              0  |                    14  |           0  |           1  |  00:00:10  |
|  DSP Register                                     |            0  |              0  |                     0  |           6  |           1  |  00:00:00  |
|  Shift Register to Pipeline                       |            0  |              0  |                     0  |           0  |           1  |  00:00:00  |
|  Shift Register                                   |            0  |              0  |                     0  |           0  |           1  |  00:00:00  |
|  BRAM Register                                    |            0  |              0  |                     0  |         215  |           1  |  00:00:26  |
|  URAM Register                                    |            0  |              0  |                     0  |           8  |           1  |  00:00:00  |
|  Dynamic/Static Region Interface Net Replication  |            0  |              0  |                     0  |           0  |           1  |  00:00:00  |
|  Critical Cell                                    |            0  |              0  |                     0  |           0  |           1  |  00:00:00  |
|  Total                                            |          254  |           1472  |                  1642  |         234  |          11  |  00:00:51  |
-----------------------------------------------------------------------------------------------------------------------------------------------------------


Phase 2.4.2 Physical Synthesis In Placer | Checksum: 2006ccc5e

Time (s): cpu = 00:28:54 ; elapsed = 00:13:53 . Memory (MB): peak = 10129.973 ; gain = 1055.016 ; free physical = 110955 ; free virtual = 237091
Phase 2.4 Global Placement Core | Checksum: 1c934dd59

Time (s): cpu = 00:29:29 ; elapsed = 00:14:08 . Memory (MB): peak = 10149.660 ; gain = 1074.703 ; free physical = 110948 ; free virtual = 237083
Phase 2 Global Placement | Checksum: 1c934dd59

Time (s): cpu = 00:29:31 ; elapsed = 00:14:09 . Memory (MB): peak = 10149.660 ; gain = 1074.703 ; free physical = 111064 ; free virtual = 237200

Phase 3 Detail Placement

Phase 3.1 Commit Multi Column Macros
Phase 3.1 Commit Multi Column Macros | Checksum: 1ec0ec523

Time (s): cpu = 00:30:01 ; elapsed = 00:14:26 . Memory (MB): peak = 10149.660 ; gain = 1074.703 ; free physical = 111043 ; free virtual = 237179

Phase 3.2 Commit Most Macros & LUTRAMs
Phase 3.2 Commit Most Macros & LUTRAMs | Checksum: 200933454

Time (s): cpu = 00:30:26 ; elapsed = 00:14:41 . Memory (MB): peak = 10149.660 ; gain = 1074.703 ; free physical = 111047 ; free virtual = 237183

Phase 3.3 Small Shape DP

Phase 3.3.1 Small Shape Clustering
Phase 3.3.1 Small Shape Clustering | Checksum: 19c52a033

Time (s): cpu = 00:33:00 ; elapsed = 00:15:26 . Memory (MB): peak = 10149.660 ; gain = 1074.703 ; free physical = 110998 ; free virtual = 237134

Phase 3.3.2 Flow Legalize Slice Clusters
Phase 3.3.2 Flow Legalize Slice Clusters | Checksum: 16573e43f

Time (s): cpu = 00:33:04 ; elapsed = 00:15:30 . Memory (MB): peak = 10149.660 ; gain = 1074.703 ; free physical = 110990 ; free virtual = 237126

Phase 3.3.3 Slice Area Swap

Phase 3.3.3.1 Slice Area Swap Initial
Phase 3.3.3.1 Slice Area Swap Initial | Checksum: 15546dc23

Time (s): cpu = 00:33:30 ; elapsed = 00:15:51 . Memory (MB): peak = 10149.660 ; gain = 1074.703 ; free physical = 110922 ; free virtual = 237058
Phase 3.3.3 Slice Area Swap | Checksum: 15546dc23

Time (s): cpu = 00:33:33 ; elapsed = 00:15:54 . Memory (MB): peak = 10149.660 ; gain = 1074.703 ; free physical = 110926 ; free virtual = 237061
Phase 3.3 Small Shape DP | Checksum: 20903bc22

Time (s): cpu = 00:34:18 ; elapsed = 00:16:14 . Memory (MB): peak = 10149.660 ; gain = 1074.703 ; free physical = 110977 ; free virtual = 237113

Phase 3.4 Place Remaining
Phase 3.4 Place Remaining | Checksum: 20903bc22

Time (s): cpu = 00:34:21 ; elapsed = 00:16:17 . Memory (MB): peak = 10149.660 ; gain = 1074.703 ; free physical = 110971 ; free virtual = 237106

Phase 3.5 Re-assign LUT pins
Phase 3.5 Re-assign LUT pins | Checksum: 151fda731

Time (s): cpu = 00:34:36 ; elapsed = 00:16:29 . Memory (MB): peak = 10149.660 ; gain = 1074.703 ; free physical = 110973 ; free virtual = 237109

Phase 3.6 Pipeline Register Optimization
Phase 3.6 Pipeline Register Optimization | Checksum: 151fda731

Time (s): cpu = 00:34:39 ; elapsed = 00:16:32 . Memory (MB): peak = 10149.660 ; gain = 1074.703 ; free physical = 110985 ; free virtual = 237120

Phase 3.7 Fast Optimization
Phase 3.7 Fast Optimization | Checksum: 188e9cb75

Time (s): cpu = 00:37:26 ; elapsed = 00:17:07 . Memory (MB): peak = 10149.660 ; gain = 1074.703 ; free physical = 110964 ; free virtual = 237099
Phase 3 Detail Placement | Checksum: 188e9cb75

Time (s): cpu = 00:37:29 ; elapsed = 00:17:09 . Memory (MB): peak = 10149.660 ; gain = 1074.703 ; free physical = 110966 ; free virtual = 237101

Phase 4 Post Placement Optimization and Clean-Up

Phase 4.1 Post Commit Optimization
INFO: [Timing 38-35] Done setting XDC timing constraints.

Phase 4.1.1 Post Placement Optimization
Post Placement Optimization Initialization | Checksum: 157b85c09

Phase 4.1.1.1 BUFG Insertion

Starting Physical Synthesis Task

Phase 1 Physical Synthesis Initialization
INFO: [Physopt 32-721] Multithreading enabled for phys_opt_design using a maximum of 8 CPUs
INFO: [Physopt 32-619] Estimated Timing Summary | WNS=-0.299 | TNS=-33.395 |
Phase 1 Physical Synthesis Initialization | Checksum: 1c5dae815

Time (s): cpu = 00:00:29 ; elapsed = 00:00:07 . Memory (MB): peak = 10149.660 ; gain = 0.000 ; free physical = 110910 ; free virtual = 237046
INFO: [Place 46-56] BUFG insertion identified 0 candidate nets. Inserted BUFG: 0, Replicated BUFG Driver: 0, Skipped due to Placement/Routing Conflicts: 0, Skipped due to Timing Degradation: 0, Skipped due to Illegal Netlist: 0.
Ending Physical Synthesis Task | Checksum: 1c366f629

Time (s): cpu = 00:00:49 ; elapsed = 00:00:22 . Memory (MB): peak = 10149.660 ; gain = 0.000 ; free physical = 110892 ; free virtual = 237028
Phase 4.1.1.1 BUFG Insertion | Checksum: 157b85c09

Time (s): cpu = 00:43:04 ; elapsed = 00:19:17 . Memory (MB): peak = 10149.660 ; gain = 1074.703 ; free physical = 110906 ; free virtual = 237041

Phase 4.1.1.2 Post Placement Timing Optimization
INFO: [Place 30-746] Post Placement Timing Summary WNS=-0.259. For the most accurate timing information please run report_timing.
Phase 4.1.1.2 Post Placement Timing Optimization | Checksum: 1137d3cee

Time (s): cpu = 00:48:57 ; elapsed = 00:25:10 . Memory (MB): peak = 10149.660 ; gain = 1074.703 ; free physical = 110946 ; free virtual = 237082

Time (s): cpu = 00:48:57 ; elapsed = 00:25:10 . Memory (MB): peak = 10149.660 ; gain = 1074.703 ; free physical = 110946 ; free virtual = 237082
Phase 4.1 Post Commit Optimization | Checksum: 1137d3cee

Time (s): cpu = 00:48:59 ; elapsed = 00:25:13 . Memory (MB): peak = 10149.660 ; gain = 1074.703 ; free physical = 110946 ; free virtual = 237082
Netlist sorting complete. Time (s): cpu = 00:00:00.07 ; elapsed = 00:00:00.08 . Memory (MB): peak = 10362.285 ; gain = 0.000 ; free physical = 110906 ; free virtual = 237042

Phase 4.2 Post Placement Cleanup
Phase 4.2 Post Placement Cleanup | Checksum: 16073b8f0

Time (s): cpu = 00:50:29 ; elapsed = 00:26:09 . Memory (MB): peak = 10362.285 ; gain = 1287.328 ; free physical = 110948 ; free virtual = 237084

Phase 4.3 Placer Reporting

Phase 4.3.1 Print Estimated Congestion
INFO: [Place 30-612] Post-Placement Estimated Congestion 
 ________________________________________________________________________
|           | Global Congestion | Long Congestion   | Short Congestion  |
| Direction | Region Size       | Region Size       | Region Size       |
|___________|___________________|___________________|___________________|
|      North|                8x8|              16x16|              16x16|
|___________|___________________|___________________|___________________|
|      South|                8x8|              16x16|              16x16|
|___________|___________________|___________________|___________________|
|       East|              16x16|                4x4|              32x32|
|___________|___________________|___________________|___________________|
|       West|              16x16|                2x2|              32x32|
|___________|___________________|___________________|___________________|

Phase 4.3.1 Print Estimated Congestion | Checksum: 16073b8f0

Time (s): cpu = 00:50:38 ; elapsed = 00:26:19 . Memory (MB): peak = 10362.285 ; gain = 1287.328 ; free physical = 110952 ; free virtual = 237087
Phase 4.3 Placer Reporting | Checksum: 16073b8f0

Time (s): cpu = 00:50:47 ; elapsed = 00:26:27 . Memory (MB): peak = 10362.285 ; gain = 1287.328 ; free physical = 110953 ; free virtual = 237089

Phase 4.4 Final Placement Cleanup
Netlist sorting complete. Time (s): cpu = 00:00:00.07 ; elapsed = 00:00:00.08 . Memory (MB): peak = 10362.285 ; gain = 0.000 ; free physical = 110954 ; free virtual = 237089

Time (s): cpu = 00:50:47 ; elapsed = 00:26:28 . Memory (MB): peak = 10362.285 ; gain = 1287.328 ; free physical = 110954 ; free virtual = 237089
Phase 4 Post Placement Optimization and Clean-Up | Checksum: 1f398f0c7

Time (s): cpu = 00:50:56 ; elapsed = 00:26:37 . Memory (MB): peak = 10362.285 ; gain = 1287.328 ; free physical = 110953 ; free virtual = 237089
Ending Placer Task | Checksum: 1c91ff6d3

Time (s): cpu = 00:51:06 ; elapsed = 00:26:46 . Memory (MB): peak = 10362.285 ; gain = 1287.328 ; free physical = 111023 ; free virtual = 237158
INFO: [Common 17-83] Releasing license: Implementation
319 Infos, 460 Warnings, 11 Critical Warnings and 0 Errors encountered.
place_design completed successfully
place_design: Time (s): cpu = 00:52:28 ; elapsed = 00:27:26 . Memory (MB): peak = 10362.285 ; gain = 1319.344 ; free physical = 111792 ; free virtual = 237927
source /home/uni/project/smartssd/host_file_sum64/_x/link/vivado/vpl/scripts/impl_1/_full_place_post.tcl
report_accelerator_utilization: Time (s): cpu = 00:00:05 ; elapsed = 00:00:05 . Memory (MB): peak = 10362.285 ; gain = 0.000 ; free physical = 111777 ; free virtual = 237912
INFO: System Diagram: Run step: placed

report_utilization: Time (s): cpu = 00:00:16 ; elapsed = 00:00:16 . Memory (MB): peak = 10362.285 ; gain = 0.000 ; free physical = 111772 ; free virtual = 237908
report_utilization: Time (s): cpu = 00:00:12 ; elapsed = 00:00:12 . Memory (MB): peak = 10362.285 ; gain = 0.000 ; free physical = 111780 ; free virtual = 237916
Command: phys_opt_design
Attempting to get a license for feature 'Implementation' and/or device 'xcku15p'
INFO: [Common 17-349] Got license for feature 'Implementation' and/or device 'xcku15p'

Starting Initial Update Timing Task
WARNING: [Timing 38-172] LUT was found on clock network. Both rising/falling clock edges are propagated from LUT output pin. Use set_clock_sense to specify if that clock should be inverted or not. e.g. set_clock_sense -positive/-negative level0_i/blp/blp_i/blp_static_region_ss/inst/static_region/slr1/mgmt_debug_bridge/inst/bs_mux/inst/update_INST_0/O

Time (s): cpu = 00:03:18 ; elapsed = 00:00:48 . Memory (MB): peak = 10362.285 ; gain = 0.000 ; free physical = 111731 ; free virtual = 237866
INFO: [Vivado_Tcl 4-1435] PhysOpt_Tcl_Interface Runtime Before Starting Physical Synthesis Task | CPU: 248.64s |  WALL: 65.99s
Netlist sorting complete. Time (s): cpu = 00:00:00.08 ; elapsed = 00:00:00.09 . Memory (MB): peak = 10362.285 ; gain = 0.000 ; free physical = 111731 ; free virtual = 237867

Starting Physical Synthesis Task

Phase 1 Physical Synthesis Initialization
INFO: [Physopt 32-245] Routed nets are present in the design. phys_opt_design will optimize unrouted part of the design.
INFO: [Physopt 32-721] Multithreading enabled for phys_opt_design using a maximum of 8 CPUs
INFO: [Physopt 32-619] Estimated Timing Summary | WNS=-0.251 | TNS=-23.210 |
Phase 1 Physical Synthesis Initialization | Checksum: ee43f557

Time (s): cpu = 00:02:58 ; elapsed = 00:02:27 . Memory (MB): peak = 10362.285 ; gain = 0.000 ; free physical = 111401 ; free virtual = 237536
INFO: [Physopt 32-245] Routed nets are present in the design. phys_opt_design will optimize unrouted part of the design.
INFO: [Physopt 32-801] Found 1 high priority path group.
INFO: [Physopt 32-619] Estimated Timing Summary | WNS=-0.251 | TNS=-23.210 |

Phase 2 DSP Register Optimization
INFO: [Physopt 32-896] DSP level0_i/blp/blp_i/blp_static_region_ss/inst/static_region/slr1/brd_mgmt_scheduler/board_management/microblaze_board_control/U0/MicroBlaze_Core_I/Performance.Core/Data_Flow_I/MUL_Unit_I/Use_HW_MUL.Using_DSP48_Architectures.Doing_mul64.Virtex_MUL64.dsp_module_I2/Using_DSP48E1.DSP48E1_I1/Using_FPGA.DSP48E1_I1 is not considered for optimization due to don't touch constraint
INFO: [Physopt 32-896] DSP level0_i/blp/blp_i/blp_static_region_ss/inst/static_region/slr1/brd_mgmt_scheduler/board_management/microblaze_board_control/U0/MicroBlaze_Core_I/Performance.Core/Data_Flow_I/MUL_Unit_I/Use_HW_MUL.Using_DSP48_Architectures.Doing_mul64.Virtex_MUL64.dsp_module_I3/Using_DSP48E1.DSP48E1_I1/Using_FPGA.DSP48E1_I1 is not considered for optimization due to don't touch constraint
INFO: [Physopt 32-896] DSP level0_i/blp/blp_i/blp_static_region_ss/inst/static_region/slr1/brd_mgmt_scheduler/board_management/microblaze_board_control/U0/MicroBlaze_Core_I/Performance.Core/Data_Flow_I/MUL_Unit_I/Use_HW_MUL.Using_DSP48_Architectures.Doing_mul64.Virtex_MUL64.dsp_module_I4/Using_DSP48E1.DSP48E1_I1/Using_FPGA.DSP48E1_I1 is not considered for optimization due to don't touch constraint
INFO: [Physopt 32-896] DSP level0_i/blp/blp_i/blp_static_region_ss/inst/static_region/slr1/brd_mgmt_scheduler/board_management/microblaze_board_control/U0/MicroBlaze_Core_I/Performance.Core/Data_Flow_I/MUL_Unit_I/Use_HW_MUL.Using_DSP48_Architectures.dsp_module_I1/Using_DSP48E1.DSP48E1_I1/Using_FPGA.DSP48E1_I1 is not considered for optimization due to don't touch constraint
INFO: [Physopt 32-896] DSP level0_i/blp/blp_i/blp_static_region_ss/inst/static_region/slr1/rd_mod_wr_0/inst/rd_mod_wr_inst0/mult_out_r_reg is not considered for optimization due to don't touch constraint
INFO: [Physopt 32-896] DSP level0_i/blp/blp_i/blp_static_region_ss/inst/static_region/slr1/rd_mod_wr_0/inst/rd_mod_wr_inst0/subt_out is not considered for optimization due to don't touch constraint
INFO: [Physopt 32-456] No candidate cells for DSP register optimization found in the design.
INFO: [Physopt 32-775] End 2 Pass. Optimized 0 net or cell. Created 0 new cell, deleted 0 existing cell and moved 0 existing cell
Phase 2 DSP Register Optimization | Checksum: ee43f557

Time (s): cpu = 00:03:23 ; elapsed = 00:02:39 . Memory (MB): peak = 10362.285 ; gain = 0.000 ; free physical = 111388 ; free virtual = 237524

Phase 3 Critical Path Optimization
INFO: [Physopt 32-619] Estimated Timing Summary | WNS=-0.251 | TNS=-23.210 |
INFO: [Physopt 32-702] Processed net level0_i/ulp/axi_bram_ctrl_0/U0/gext_inst.abcv4_0_ext_inst/GEN_AXI4.I_FULL_AXI/I_RD_CHNL/s_axi_rdata[211]. Optimizations did not improve timing on the net.
INFO: [Physopt 32-702] Processed net level0_i/ulp/axi_bram_ctrl_0_bram/U0/inst_blk_mem_gen/gnuram_with_32bit_addr.uram_tdp.xpm_memory_tdpram_inst/xpm_memory_base_inst/doutb[211]. Optimizations did not improve timing on the net.
INFO: [Physopt 32-702] Processed net level0_i/ulp/axi_bram_ctrl_0/U0/gext_inst.abcv4_0_ext_inst/GEN_AXI4.I_FULL_AXI/I_RD_CHNL/GEN_NO_RD_CMD_OPT.GEN_RDATA_NO_ECC.GEN_RDATA_NO_RL_NO_ECC.GEN_RDATA[211].axi_rdata_int[211]_i_1_n_0. Optimizations did not improve timing on the net.
INFO: [Physopt 32-702] Processed net level0_i/ulp/axi_bram_ctrl_0/U0/gext_inst.abcv4_0_ext_inst/GEN_AXI4.I_FULL_AXI/I_RD_CHNL/s_axi_rdata[211]. Optimizations did not improve timing on the net.
INFO: [Physopt 32-702] Processed net level0_i/ulp/axi_bram_ctrl_0_bram/U0/inst_blk_mem_gen/gnuram_with_32bit_addr.uram_tdp.xpm_memory_tdpram_inst/xpm_memory_base_inst/doutb[211]. Optimizations did not improve timing on the net.
INFO: [Physopt 32-702] Processed net level0_i/ulp/axi_bram_ctrl_0/U0/gext_inst.abcv4_0_ext_inst/GEN_AXI4.I_FULL_AXI/I_RD_CHNL/GEN_NO_RD_CMD_OPT.GEN_RDATA_NO_ECC.GEN_RDATA_NO_RL_NO_ECC.GEN_RDATA[211].axi_rdata_int[211]_i_1_n_0. Optimizations did not improve timing on the net.
INFO: [Physopt 32-619] Estimated Timing Summary | WNS=-0.251 | TNS=-23.210 |
Phase 3 Critical Path Optimization | Checksum: ee43f557

Time (s): cpu = 00:03:28 ; elapsed = 00:02:44 . Memory (MB): peak = 10362.285 ; gain = 0.000 ; free physical = 111433 ; free virtual = 237569
Netlist sorting complete. Time (s): cpu = 00:00:00.06 ; elapsed = 00:00:00.07 . Memory (MB): peak = 10362.285 ; gain = 0.000 ; free physical = 111440 ; free virtual = 237575
Netlist sorting complete. Time (s): cpu = 00:00:00.07 ; elapsed = 00:00:00.07 . Memory (MB): peak = 10362.285 ; gain = 0.000 ; free physical = 111440 ; free virtual = 237576
INFO: [Physopt 32-603] Post Physical Optimization Timing Summary | WNS=-0.251 | TNS=-23.210 |

Summary of Physical Synthesis Optimizations
============================================


-------------------------------------------------------------------------------------------------------------------------------------------------------------
|  Optimization   |  WNS Gain (ns)  |  TNS Gain (ns)  |  Added Cells  |  Removed Cells  |  Optimized Cells/Nets  |  Dont Touch  |  Iterations  |  Elapsed   |
-------------------------------------------------------------------------------------------------------------------------------------------------------------
|  DSP Register   |          0.000  |          0.000  |            0  |              0  |                     0  |           6  |           1  |  00:00:02  |
|  Critical Path  |          0.000  |          0.000  |            0  |              0  |                     0  |           0  |           1  |  00:00:05  |
|  Total          |          0.000  |          0.000  |            0  |              0  |                     0  |           6  |           2  |  00:00:07  |
-------------------------------------------------------------------------------------------------------------------------------------------------------------


Netlist sorting complete. Time (s): cpu = 00:00:00.07 ; elapsed = 00:00:00.07 . Memory (MB): peak = 10362.285 ; gain = 0.000 ; free physical = 111443 ; free virtual = 237578
Ending Physical Synthesis Task | Checksum: 2a2fcd952

Time (s): cpu = 00:03:48 ; elapsed = 00:03:03 . Memory (MB): peak = 10362.285 ; gain = 0.000 ; free physical = 111446 ; free virtual = 237582
INFO: [Common 17-83] Releasing license: Implementation
345 Infos, 461 Warnings, 11 Critical Warnings and 0 Errors encountered.
phys_opt_design completed successfully
phys_opt_design: Time (s): cpu = 00:07:44 ; elapsed = 00:04:11 . Memory (MB): peak = 10362.285 ; gain = 0.000 ; free physical = 111782 ; free virtual = 237918
Command: route_design
Attempting to get a license for feature 'Implementation' and/or device 'xcku15p'
INFO: [Common 17-349] Got license for feature 'Implementation' and/or device 'xcku15p'
Running DRC as a precondition to command route_design
INFO: [DRC 23-27] Running DRC with 8 threads
INFO: [Vivado_Tcl 4-198] DRC finished with 0 Errors
INFO: [Vivado_Tcl 4-199] Please refer to the DRC report (report_drc) for more information.


Starting Routing Task
INFO: [Route 35-254] Multithreading enabled for route_design using a maximum of 8 CPUs

Phase 1 Build RT Design
Checksum: PlaceDB: c6d8dacd ConstDB: 0 ShapeSum: e3c57d0c RouteDB: 4cf67c02
Nodegraph reading from file.  Time (s): cpu = 00:00:02 ; elapsed = 00:00:02 . Memory (MB): peak = 10362.285 ; gain = 0.000 ; free physical = 111513 ; free virtual = 237649
Post Restoration Checksum: NetGraph: 43605b6c NumContArr: 9bb17b59 Constraints: eb84435c Timing: 0
Phase 1 Build RT Design | Checksum: 1ca961a21

Time (s): cpu = 00:05:19 ; elapsed = 00:02:20 . Memory (MB): peak = 10362.285 ; gain = 0.000 ; free physical = 111485 ; free virtual = 237621

Phase 2 Router Initialization

Phase 2.1 Fix Topology Constraints
Phase 2.1 Fix Topology Constraints | Checksum: 1ca961a21

Time (s): cpu = 00:05:25 ; elapsed = 00:02:26 . Memory (MB): peak = 10362.285 ; gain = 0.000 ; free physical = 111284 ; free virtual = 237420

Phase 2.2 Pre Route Cleanup
Phase 2.2 Pre Route Cleanup | Checksum: 1ca961a21

Time (s): cpu = 00:05:31 ; elapsed = 00:02:31 . Memory (MB): peak = 10362.285 ; gain = 0.000 ; free physical = 111283 ; free virtual = 237419

Phase 2.3 Global Clock Net Routing
 Number of Nodes with overlaps = 0
Phase 2.3 Global Clock Net Routing | Checksum: 11c1db9a0

Time (s): cpu = 00:06:03 ; elapsed = 00:02:50 . Memory (MB): peak = 10362.285 ; gain = 0.000 ; free physical = 111253 ; free virtual = 237388

Phase 2.4 Update Timing
Phase 2.4 Update Timing | Checksum: 188224cbc

Time (s): cpu = 00:08:30 ; elapsed = 00:03:43 . Memory (MB): peak = 10362.285 ; gain = 0.000 ; free physical = 110995 ; free virtual = 237131
INFO: [Route 35-416] Intermediate Timing Summary | WNS=-0.205 | TNS=-16.535| WHS=-0.224 | THS=-136.856|


Phase 2.5 Update Timing for Bus Skew

Phase 2.5.1 Update Timing
Phase 2.5.1 Update Timing | Checksum: 1f0b6e218

Time (s): cpu = 00:13:24 ; elapsed = 00:05:11 . Memory (MB): peak = 10362.285 ; gain = 0.000 ; free physical = 110980 ; free virtual = 237116
INFO: [Route 35-416] Intermediate Timing Summary | WNS=-0.205 | TNS=-3.370 | WHS=N/A    | THS=N/A    |

Phase 2.5 Update Timing for Bus Skew | Checksum: 20594fe46

Time (s): cpu = 00:13:48 ; elapsed = 00:05:28 . Memory (MB): peak = 10362.285 ; gain = 0.000 ; free physical = 110950 ; free virtual = 237086

Router Utilization Summary
  Global Vertical Routing Utilization    = 0.00117946 %
  Global Horizontal Routing Utilization  = 0.000144839 %
  Routable Net Status*
  *Does not include unroutable nets such as driverless and loadless.
  Run report_route_status for detailed report.
  Number of Failed Nets               = 106551
    (Failed Nets is the sum of unrouted and partially routed nets)
  Number of Unrouted Nets             = 93581
  Number of Partially Routed Nets     = 12970
  Number of Node Overlaps             = 0

Phase 2 Router Initialization | Checksum: 15b141f33

Time (s): cpu = 00:14:07 ; elapsed = 00:05:36 . Memory (MB): peak = 10362.285 ; gain = 0.000 ; free physical = 110965 ; free virtual = 237100

Phase 3 Initial Routing

Phase 3.1 Global Routing
Phase 3.1 Global Routing | Checksum: 15b141f33

Time (s): cpu = 00:14:11 ; elapsed = 00:05:39 . Memory (MB): peak = 10362.285 ; gain = 0.000 ; free physical = 110965 ; free virtual = 237101
WARNING: [Route 35-3387] High violations detected on bus-skew constraints. This can potentially cause WNS degradation and routing congestion.
Resolution: Please review the set_bus_skew constraints.
Phase 3 Initial Routing | Checksum: 16582c0ff

Time (s): cpu = 00:16:04 ; elapsed = 00:06:26 . Memory (MB): peak = 10362.285 ; gain = 0.000 ; free physical = 110798 ; free virtual = 236934

INFO: [Route 35-449] Initial Estimated Congestion
 ________________________________________________________________________
|           | Global Congestion | Long Congestion   | Short Congestion  |
|           |___________________|___________________|___________________|
| Direction | Size   | % Tiles  | Size   | % Tiles  | Size   | % Tiles  |
|___________|________|__________|________|__________|________|__________|
|      NORTH|   16x16|      0.75|   32x32|      1.80|     8x8|      0.48|
|___________|________|__________|________|__________|________|__________|
|      SOUTH|     4x4|      0.27|     8x8|      1.09|     4x4|      0.25|
|___________|________|__________|________|__________|________|__________|
|       EAST|     4x4|      0.11|     8x8|      0.21|     8x8|      0.30|
|___________|________|__________|________|__________|________|__________|
|       WEST|   16x16|      0.54|   32x32|      1.38|     4x4|      0.49|
|___________|________|__________|________|__________|________|__________|
Congestion Report
GLOBAL Congestion bounded by tiles (Lower Left Tile -> Upper Right Tile):
NORTH
	INT_X27Y295->INT_X34Y334 (CLEM_X27Y295->CLEL_R_X34Y334)
	INT_X24Y308->INT_X31Y315 (CLEM_X24Y308->CLEL_R_X31Y315)
	INT_X24Y307->INT_X31Y314 (CLEM_X24Y307->CLEL_R_X31Y314)
	INT_X24Y306->INT_X31Y313 (CLEM_X24Y306->CLEL_R_X31Y313)
	INT_X24Y305->INT_X31Y312 (CLEM_X24Y305->CLEL_R_X31Y312)
WEST
	INT_X18Y283->INT_X33Y298 (CLEM_X18Y283->CLEL_R_X33Y298)
	INT_X18Y284->INT_X33Y299 (CLEM_X18Y284->CLEL_R_X33Y299)
	INT_X19Y285->INT_X34Y300 (CLEM_X19Y285->CLEL_R_X34Y300)
	INT_X19Y284->INT_X34Y299 (CLEM_X19Y284->CLEL_R_X34Y299)
	INT_X19Y283->INT_X34Y298 (CLEM_X19Y283->CLEL_R_X34Y298)
LONG Congestion bounded by tiles (Lower Left Tile -> Upper Right Tile):
NORTH
	INT_X20Y292->INT_X35Y339 (CLEM_X20Y292->CLEL_R_X35Y339)
	INT_X16Y292->INT_X31Y307 (CLEM_X16Y292->CLEL_R_X31Y307)
	INT_X16Y306->INT_X31Y321 (CLEM_X16Y306->CLEL_R_X31Y321)
	INT_X16Y305->INT_X31Y320 (CLEM_X16Y305->CLEL_R_X31Y320)
	INT_X16Y304->INT_X31Y319 (CLEM_X16Y304->CLEL_R_X31Y319)
WEST
	INT_X21Y276->INT_X36Y307 (CLEM_X21Y276->CLEL_R_X36Y307)
	INT_X32Y308->INT_X47Y323 (CLEM_X32Y308->DSP_X47Y320)
	INT_X32Y307->INT_X47Y322 (CLEM_X32Y307->DSP_X47Y320)
	INT_X16Y290->INT_X31Y305 (CLEM_X16Y290->CLEL_R_X31Y305)
	INT_X32Y306->INT_X47Y321 (CLEM_X32Y306->DSP_X47Y320)

INFO: [Route 35-581] Estimated Timing congestion is level 5 (32x32). Congestion levels of 5 and greater may impact timing closure.

Phase 4 Rip-up And Reroute

Phase 4.1 Global Iteration 0
 Number of Nodes with overlaps = 19028
 Number of Nodes with overlaps = 2120
 Number of Nodes with overlaps = 396
 Number of Nodes with overlaps = 102
 Number of Nodes with overlaps = 36
 Number of Nodes with overlaps = 10
 Number of Nodes with overlaps = 5
 Number of Nodes with overlaps = 0
INFO: [Route 35-416] Intermediate Timing Summary | WNS=-0.268 | TNS=-55.778| WHS=-0.072 | THS=-2.532 |

Phase 4.1 Global Iteration 0 | Checksum: 18a7609dd

Time (s): cpu = 00:26:10 ; elapsed = 00:10:50 . Memory (MB): peak = 10362.285 ; gain = 0.000 ; free physical = 110782 ; free virtual = 236918

Phase 4.2 Global Iteration 1
 Number of Nodes with overlaps = 191
 Number of Nodes with overlaps = 100
 Number of Nodes with overlaps = 28
 Number of Nodes with overlaps = 13
 Number of Nodes with overlaps = 3
 Number of Nodes with overlaps = 1
 Number of Nodes with overlaps = 1
 Number of Nodes with overlaps = 0
INFO: [Route 35-416] Intermediate Timing Summary | WNS=-0.241 | TNS=-50.423| WHS=N/A    | THS=N/A    |

Phase 4.2 Global Iteration 1 | Checksum: 18b8d868f

Time (s): cpu = 00:28:46 ; elapsed = 00:12:25 . Memory (MB): peak = 10362.285 ; gain = 0.000 ; free physical = 110789 ; free virtual = 236925

Phase 4.3 Global Iteration 2
 Number of Nodes with overlaps = 230
 Number of Nodes with overlaps = 92
 Number of Nodes with overlaps = 41
 Number of Nodes with overlaps = 18
 Number of Nodes with overlaps = 9
 Number of Nodes with overlaps = 5
 Number of Nodes with overlaps = 3
 Number of Nodes with overlaps = 0
INFO: [Route 35-416] Intermediate Timing Summary | WNS=-0.271 | TNS=-48.870| WHS=N/A    | THS=N/A    |

Phase 4.3 Global Iteration 2 | Checksum: 2523e1c2d

Time (s): cpu = 00:29:55 ; elapsed = 00:13:15 . Memory (MB): peak = 10362.285 ; gain = 0.000 ; free physical = 110803 ; free virtual = 236939
Phase 4 Rip-up And Reroute | Checksum: 2523e1c2d

Time (s): cpu = 00:29:58 ; elapsed = 00:13:19 . Memory (MB): peak = 10362.285 ; gain = 0.000 ; free physical = 110804 ; free virtual = 236940

Phase 5 Delay and Skew Optimization

Phase 5.1 Delay CleanUp

Phase 5.1.1 Update Timing
Phase 5.1.1 Update Timing | Checksum: 299e36845

Time (s): cpu = 00:32:05 ; elapsed = 00:14:01 . Memory (MB): peak = 10362.285 ; gain = 0.000 ; free physical = 110802 ; free virtual = 236938
INFO: [Route 35-416] Intermediate Timing Summary | WNS=-0.241 | TNS=-50.423| WHS=0.006  | THS=0.000  |


Phase 5.1.2 Update Timing
Phase 5.1.2 Update Timing | Checksum: d6869c94

Time (s): cpu = 00:33:48 ; elapsed = 00:14:36 . Memory (MB): peak = 10362.285 ; gain = 0.000 ; free physical = 110780 ; free virtual = 236916
INFO: [Route 35-416] Intermediate Timing Summary | WNS=-0.241 | TNS=-50.423| WHS=0.006  | THS=0.000  |

 Number of Nodes with overlaps = 0

Phase 5.1.3 Update Timing
Phase 5.1.3 Update Timing | Checksum: f62da733

Time (s): cpu = 00:35:33 ; elapsed = 00:15:05 . Memory (MB): peak = 10362.285 ; gain = 0.000 ; free physical = 110745 ; free virtual = 236881
INFO: [Route 35-416] Intermediate Timing Summary | WNS=-0.241 | TNS=-48.068| WHS=N/A    | THS=N/A    |

 Number of Nodes with overlaps = 0
Phase 5.1 Delay CleanUp | Checksum: 15e405b8e

Time (s): cpu = 00:36:00 ; elapsed = 00:15:16 . Memory (MB): peak = 10362.285 ; gain = 0.000 ; free physical = 110750 ; free virtual = 236886

Phase 5.2 Clock Skew Optimization
Phase 5.2 Clock Skew Optimization | Checksum: 15e405b8e

Time (s): cpu = 00:36:04 ; elapsed = 00:15:20 . Memory (MB): peak = 10362.285 ; gain = 0.000 ; free physical = 110750 ; free virtual = 236886
Phase 5 Delay and Skew Optimization | Checksum: 15e405b8e

Time (s): cpu = 00:36:08 ; elapsed = 00:15:23 . Memory (MB): peak = 10362.285 ; gain = 0.000 ; free physical = 110749 ; free virtual = 236886

Phase 6 Post Hold Fix

Phase 6.1 Hold Fix Iter

Phase 6.1.1 Update Timing
Phase 6.1.1 Update Timing | Checksum: 1988273fa

Time (s): cpu = 00:37:43 ; elapsed = 00:15:57 . Memory (MB): peak = 10362.285 ; gain = 0.000 ; free physical = 110745 ; free virtual = 236881
INFO: [Route 35-416] Intermediate Timing Summary | WNS=-0.241 | TNS=-47.971| WHS=0.006  | THS=0.000  |


Phase 6.1.2 Lut RouteThru Assignment for hold
Phase 6.1.2 Lut RouteThru Assignment for hold | Checksum: 1f48643af

Time (s): cpu = 00:38:15 ; elapsed = 00:16:21 . Memory (MB): peak = 10362.285 ; gain = 0.000 ; free physical = 110734 ; free virtual = 236870
Phase 6.1 Hold Fix Iter | Checksum: 1f48643af

Time (s): cpu = 00:38:19 ; elapsed = 00:16:25 . Memory (MB): peak = 10362.285 ; gain = 0.000 ; free physical = 110733 ; free virtual = 236869
Phase 6 Post Hold Fix | Checksum: 1f48643af

Time (s): cpu = 00:38:23 ; elapsed = 00:16:28 . Memory (MB): peak = 10362.285 ; gain = 0.000 ; free physical = 110734 ; free virtual = 236870

Phase 7 Leaf Clock Prog Delay Opt

Phase 7.1 Delay CleanUp

Phase 7.1.1 Update Timing
Phase 7.1.1 Update Timing | Checksum: 2b52a2edb

Time (s): cpu = 00:45:20 ; elapsed = 00:18:54 . Memory (MB): peak = 10641.281 ; gain = 278.996 ; free physical = 110226 ; free virtual = 236362
INFO: [Route 35-416] Intermediate Timing Summary | WNS=-0.151 | TNS=-28.077| WHS=0.006  | THS=0.000  |


Phase 7.1.2 Update Timing
Phase 7.1.2 Update Timing | Checksum: 2cd2c0b1e

Time (s): cpu = 00:47:03 ; elapsed = 00:19:29 . Memory (MB): peak = 10641.281 ; gain = 278.996 ; free physical = 110180 ; free virtual = 236316
INFO: [Route 35-416] Intermediate Timing Summary | WNS=-0.151 | TNS=-28.077| WHS=0.006  | THS=0.000  |

 Number of Nodes with overlaps = 0

Phase 7.1.3 Update Timing
Phase 7.1.3 Update Timing | Checksum: 22b068b4d

Time (s): cpu = 00:48:50 ; elapsed = 00:19:59 . Memory (MB): peak = 10641.281 ; gain = 278.996 ; free physical = 110182 ; free virtual = 236318
INFO: [Route 35-416] Intermediate Timing Summary | WNS=-0.151 | TNS=-28.077| WHS=N/A    | THS=N/A    |

 Number of Nodes with overlaps = 0
Phase 7.1 Delay CleanUp | Checksum: 1b38e7991

Time (s): cpu = 00:49:13 ; elapsed = 00:20:07 . Memory (MB): peak = 10641.281 ; gain = 278.996 ; free physical = 110233 ; free virtual = 236369

Phase 7.2 Hold Fix Iter

Phase 7.2.1 Update Timing
Phase 7.2.1 Update Timing | Checksum: 2234fbadd

Time (s): cpu = 00:50:48 ; elapsed = 00:20:40 . Memory (MB): peak = 10641.281 ; gain = 278.996 ; free physical = 110247 ; free virtual = 236383
INFO: [Route 35-416] Intermediate Timing Summary | WNS=-0.151 | TNS=-28.042| WHS=0.006  | THS=0.000  |


Phase 7.2.2 Lut RouteThru Assignment for hold
Phase 7.2.2 Lut RouteThru Assignment for hold | Checksum: 1a7349fdb

Time (s): cpu = 00:51:20 ; elapsed = 00:21:04 . Memory (MB): peak = 10641.281 ; gain = 278.996 ; free physical = 110236 ; free virtual = 236372
Phase 7.2 Hold Fix Iter | Checksum: 1a7349fdb

Time (s): cpu = 00:51:24 ; elapsed = 00:21:08 . Memory (MB): peak = 10641.281 ; gain = 278.996 ; free physical = 110236 ; free virtual = 236372

Phase 7.3 Additional Hold Fix
INFO: [Route 35-416] Intermediate Timing Summary | WNS=-0.151 | TNS=-28.042| WHS=0.006  | THS=0.000  |

Phase 7.3 Additional Hold Fix | Checksum: 238de40cb

Time (s): cpu = 00:53:30 ; elapsed = 00:22:02 . Memory (MB): peak = 10641.281 ; gain = 278.996 ; free physical = 110221 ; free virtual = 236357

Phase 7.4 Global Iteration for Hold
INFO: [Route 35-444] Design has unmet hold violation, router is invoking high effort hold fixing.

Phase 7.4.1 Update Timing
Phase 7.4.1 Update Timing | Checksum: 26b3241fa

Time (s): cpu = 00:56:50 ; elapsed = 00:23:07 . Memory (MB): peak = 10641.281 ; gain = 278.996 ; free physical = 110242 ; free virtual = 236378
INFO: [Route 35-416] Intermediate Timing Summary | WNS=-0.151 | TNS=-28.042| WHS=0.006  | THS=0.000  |

Phase 7.4 Global Iteration for Hold | Checksum: 1afcbbc6e

Time (s): cpu = 00:57:22 ; elapsed = 00:23:31 . Memory (MB): peak = 10641.281 ; gain = 278.996 ; free physical = 110228 ; free virtual = 236364
Phase 7 Leaf Clock Prog Delay Opt | Checksum: 2186a8a8c

Time (s): cpu = 00:59:11 ; elapsed = 00:24:07 . Memory (MB): peak = 10641.281 ; gain = 278.996 ; free physical = 110613 ; free virtual = 236749

Phase 8 Route finalize

Router Utilization Summary
  Global Vertical Routing Utilization    = 4.99722 %
  Global Horizontal Routing Utilization  = 4.59825 %
  Routable Net Status*
  *Does not include unroutable nets such as driverless and loadless.
  Run report_route_status for detailed report.
  Number of Failed Nets               = 0
    (Failed Nets is the sum of unrouted and partially routed nets)
  Number of Unrouted Nets             = 0
  Number of Partially Routed Nets     = 0
  Number of Node Overlaps             = 0

Congestion Report
North Dir 1x1 Area, Max Cong = 86.8545%, Congestion bounded by tiles (Lower Left Tile -> Upper Right Tile):
   INT_X42Y366 -> INT_X42Y366
   INT_X29Y330 -> INT_X29Y330
   INT_X31Y299 -> INT_X31Y299
   INT_X31Y298 -> INT_X31Y298
South Dir 1x1 Area, Max Cong = 80.0948%, No Congested Regions.
East Dir 1x1 Area, Max Cong = 86.5385%, Congestion bounded by tiles (Lower Left Tile -> Upper Right Tile):
   INT_X28Y293 -> INT_X28Y293
West Dir 1x1 Area, Max Cong = 90.3846%, Congestion bounded by tiles (Lower Left Tile -> Upper Right Tile):
   INT_X35Y317 -> INT_X35Y317
   INT_X22Y296 -> INT_X22Y296
   INT_X25Y294 -> INT_X25Y294
   INT_X25Y293 -> INT_X25Y293
   INT_X22Y292 -> INT_X22Y292

------------------------------
Reporting congestion hotspots
------------------------------
Direction: North
----------------
Congested clusters found at Level 0
Effective congestion level: 1 Aspect Ratio: 0.5 Sparse Ratio: 0.5
Direction: South
----------------
Congested clusters found at Level 0
Effective congestion level: 0 Aspect Ratio: 1 Sparse Ratio: 0
Direction: East
----------------
Congested clusters found at Level 0
Effective congestion level: 0 Aspect Ratio: 1 Sparse Ratio: 1
Direction: West
----------------
Congested clusters found at Level 0
Effective congestion level: 2 Aspect Ratio: 0.833333 Sparse Ratio: 0.875

Phase 8 Route finalize | Checksum: 1be76188e

Time (s): cpu = 00:59:26 ; elapsed = 00:24:13 . Memory (MB): peak = 10641.281 ; gain = 278.996 ; free physical = 110606 ; free virtual = 236742

Phase 9 Verifying routed nets

 Verification completed successfully
Phase 9 Verifying routed nets | Checksum: 1be76188e

Time (s): cpu = 00:59:31 ; elapsed = 00:24:18 . Memory (MB): peak = 10641.281 ; gain = 278.996 ; free physical = 110597 ; free virtual = 236733

Phase 10 Depositing Routes
Phase 10 Depositing Routes | Checksum: 1be76188e

Time (s): cpu = 01:00:18 ; elapsed = 00:24:51 . Memory (MB): peak = 10657.289 ; gain = 295.004 ; free physical = 110592 ; free virtual = 236728

Phase 11 Resolve XTalk
Phase 11 Resolve XTalk | Checksum: 1fc0e9e8c

Time (s): cpu = 01:00:24 ; elapsed = 00:24:58 . Memory (MB): peak = 10657.289 ; gain = 295.004 ; free physical = 110595 ; free virtual = 236731

Phase 12 Post Router Timing
INFO: [Route 35-57] Estimated Timing Summary | WNS=-0.151 | TNS=-28.042| WHS=0.006  | THS=0.000  |

WARNING: [Route 35-328] Router estimated timing not met.
Resolution: For a complete and accurate timing signoff, report_timing_summary must be run after route_design. Alternatively, route_design can be run with the -timing_summary option to enable a complete timing signoff at the end of route_design.
Phase 12 Post Router Timing | Checksum: 1fc0e9e8c

Time (s): cpu = 01:01:18 ; elapsed = 00:25:10 . Memory (MB): peak = 10657.289 ; gain = 295.004 ; free physical = 110675 ; free virtual = 236811
Time taken to check if laguna hold fix is required (in secs): 0

Phase 13 Physical Synthesis in Router

Phase 13.1 Physical Synthesis Initialization
INFO: [Physopt 32-668] Current Timing Summary | WNS=-0.150 | TNS=-27.048 | WHS=0.006 | THS=0.000 |
Phase 13.1 Physical Synthesis Initialization | Checksum: 1fc0e9e8c

Time (s): cpu = 01:06:39 ; elapsed = 00:26:49 . Memory (MB): peak = 10657.289 ; gain = 295.004 ; free physical = 110546 ; free virtual = 236683
INFO: [Physopt 32-801] Found 1 high priority path group.

Phase 13.2 Critical Path Optimization
INFO: [Physopt 32-668] Current Timing Summary | WNS=-0.150 | TNS=-27.048 | WHS=0.006 | THS=0.000 |
INFO: [Physopt 32-952] Improved path group WNS = -0.149. Path group: clk_out1_bd_aabe_clkwiz_kernel_0. Processed net: level0_i/ulp/axi_bram_ctrl_0/U0/gext_inst.abcv4_0_ext_inst/GEN_AXI4.I_FULL_AXI/I_RD_CHNL/rd_skid_buf[207].
INFO: [Physopt 32-952] Improved path group WNS = -0.145. Path group: clk_out1_bd_aabe_clkwiz_kernel_0. Processed net: level0_i/ulp/axi_bram_ctrl_0/U0/gext_inst.abcv4_0_ext_inst/GEN_AXI4.I_FULL_AXI/I_RD_CHNL/s_axi_rdata[365].
INFO: [Physopt 32-952] Improved path group WNS = -0.144. Path group: clk_out1_bd_aabe_clkwiz_kernel_0. Processed net: level0_i/ulp/axi_bram_ctrl_0/U0/gext_inst.abcv4_0_ext_inst/GEN_AXI4.I_FULL_AXI/I_RD_CHNL/s_axi_rdata[336].
INFO: [Physopt 32-952] Improved path group WNS = -0.141. Path group: clk_out1_bd_aabe_clkwiz_kernel_0. Processed net: level0_i/ulp/axi_bram_ctrl_0/U0/gext_inst.abcv4_0_ext_inst/GEN_AXI4.I_FULL_AXI/I_RD_CHNL/rd_skid_buf[482].
INFO: [Physopt 32-952] Improved path group WNS = -0.140. Path group: clk_out1_bd_aabe_clkwiz_kernel_0. Processed net: level0_i/ulp/axi_bram_ctrl_0/U0/gext_inst.abcv4_0_ext_inst/GEN_AXI4.I_FULL_AXI/I_RD_CHNL/s_axi_rdata[212].
INFO: [Physopt 32-952] Improved path group WNS = -0.140. Path group: clk_out1_bd_aabe_clkwiz_kernel_0. Processed net: level0_i/ulp/axi_bram_ctrl_0/U0/gext_inst.abcv4_0_ext_inst/GEN_AXI4.I_FULL_AXI/I_RD_CHNL/s_axi_rdata[340].
INFO: [Physopt 32-952] Improved path group WNS = -0.138. Path group: clk_out1_bd_aabe_clkwiz_kernel_0. Processed net: level0_i/ulp/axi_bram_ctrl_0/U0/gext_inst.abcv4_0_ext_inst/GEN_AXI4.I_FULL_AXI/I_RD_CHNL/rd_skid_buf[315].
INFO: [Physopt 32-952] Improved path group WNS = -0.138. Path group: clk_out1_bd_aabe_clkwiz_kernel_0. Processed net: level0_i/ulp/axi_bram_ctrl_0/U0/gext_inst.abcv4_0_ext_inst/GEN_AXI4.I_FULL_AXI/I_RD_CHNL/s_axi_rdata[98].
INFO: [Physopt 32-952] Improved path group WNS = -0.135. Path group: clk_out1_bd_aabe_clkwiz_kernel_0. Processed net: level0_i/ulp/axi_bram_ctrl_0/U0/gext_inst.abcv4_0_ext_inst/GEN_AXI4.I_FULL_AXI/I_RD_CHNL/s_axi_rdata[20].
INFO: [Physopt 32-953] Path group WNS did not improve. Path group: clk_out1_bd_aabe_clkwiz_kernel_0. Processed net: level0_i/ulp/axi_bram_ctrl_0/U0/gext_inst.abcv4_0_ext_inst/GEN_AXI4.I_FULL_AXI/I_RD_CHNL/s_axi_rdata[175].
INFO: [Physopt 32-953] Path group WNS did not improve. Path group: clk_out1_bd_aabe_clkwiz_kernel_0. Processed net: level0_i/ulp/axi_bram_ctrl_0_bram/U0/inst_blk_mem_gen/gnuram_with_32bit_addr.uram_tdp.xpm_memory_tdpram_inst/xpm_memory_base_inst/doutb[175].
INFO: [Physopt 32-953] Path group WNS did not improve. Path group: clk_out1_bd_aabe_clkwiz_kernel_0. Processed net: level0_i/ulp/axi_bram_ctrl_0/U0/gext_inst.abcv4_0_ext_inst/GEN_AXI4.I_FULL_AXI/I_RD_CHNL/GEN_NO_RD_CMD_OPT.GEN_RDATA_NO_ECC.GEN_RDATA_NO_RL_NO_ECC.GEN_RDATA[175].axi_rdata_int[175]_i_1_n_0.
INFO: [Physopt 32-668] Current Timing Summary | WNS=-0.135 | TNS=-15.394 | WHS=0.000 | THS=0.000 |
Phase 13.2 Critical Path Optimization | Checksum: 1cb100a86

Time (s): cpu = 01:07:48 ; elapsed = 00:27:15 . Memory (MB): peak = 10657.289 ; gain = 295.004 ; free physical = 110545 ; free virtual = 236682
Netlist sorting complete. Time (s): cpu = 00:00:00.08 ; elapsed = 00:00:00.08 . Memory (MB): peak = 10657.289 ; gain = 0.000 ; free physical = 110547 ; free virtual = 236683
INFO: [Physopt 32-669] Post Physical Optimization Timing Summary | WNS=-0.135 | TNS=-15.394 | WHS=0.000 | THS=0.000 |
Phase 13 Physical Synthesis in Router | Checksum: 2854cff8e

Time (s): cpu = 01:08:01 ; elapsed = 00:27:26 . Memory (MB): peak = 10657.289 ; gain = 295.004 ; free physical = 110572 ; free virtual = 236708
INFO: [Route 35-16] Router Completed Successfully

Time (s): cpu = 01:09:31 ; elapsed = 00:28:27 . Memory (MB): peak = 10657.289 ; gain = 295.004 ; free physical = 110961 ; free virtual = 237098
INFO: [Common 17-83] Releasing license: Implementation
388 Infos, 463 Warnings, 11 Critical Warnings and 0 Errors encountered.
route_design completed successfully
route_design: Time (s): cpu = 01:11:36 ; elapsed = 00:29:17 . Memory (MB): peak = 10657.289 ; gain = 295.004 ; free physical = 110961 ; free virtual = 237098
source /home/uni/project/smartssd/host_file_sum64/_x/link/vivado/vpl/scripts/impl_1/_full_route_post.tcl
report_accelerator_utilization: Time (s): cpu = 00:00:07 ; elapsed = 00:00:08 . Memory (MB): peak = 10657.289 ; gain = 0.000 ; free physical = 110951 ; free virtual = 237087
INFO: System Diagram: Run step: routed

report_utilization: Time (s): cpu = 00:00:16 ; elapsed = 00:00:17 . Memory (MB): peak = 10657.289 ; gain = 0.000 ; free physical = 110933 ; free virtual = 237070
report_utilization: Time (s): cpu = 00:00:12 ; elapsed = 00:00:12 . Memory (MB): peak = 10657.289 ; gain = 0.000 ; free physical = 110936 ; free virtual = 237072
get_cells: Time (s): cpu = 00:00:06 ; elapsed = 00:00:06 . Memory (MB): peak = 10657.289 ; gain = 0.000 ; free physical = 110937 ; free virtual = 237074
WARNING: Unable to find metadata file: /home/uni/project/smartssd/host_file_sum64/_x/link/int/debug_ip_layout.rtd
Command: report_power
Running Vector-less Activity Propagation...

Finished Running Vector-less Activity Propagation
WARNING: [Power 33-323] Power for clock manager block level0_i/blp/blp_i/blp_static_region_ss/inst/static_region/slr1/base_clocking/clkwiz_sysclks/inst/mmcme4_adv_inst is calculated assuming it is enabled. Please use 'set_switching_activity -static_probability 0 -signal_rate 0 [get_nets io_perst_n_00_IBUF[0]_inst/O]' command to consider it disabled.
WARNING: [Power 33-332] Found switching activity that implies high-fanout reset nets being asserted for excessive periods of time which may result in inaccurate power analysis.
Resolution: To review and fix problems, please run Power Constraints Advisor in the GUI from Tools > Power Constraints Advisor or run report_power with the -advisory option to generate a text report.
CRITICAL WARNING: [Power 33-427] The calculated current 0.247 A exceeds the Vccaux_io supply current budget of 0.056 A.
Copyright 1986-2023 Xilinx, Inc. All Rights Reserved.
------------------------------------------------------------------------------------------
| Tool Version     : Vivado v.2022.2.2 (lin64) Build 3788238 Tue Feb 21 19:59:23 MST 2023
| Date             : Tue Aug 18 05:39:00 2026
| Host             : tan10 running 64-bit Ubuntu 20.04.6 LTS
| Command          : report_power
| Design           : level0_wrapper
| Device           : xcku15p-ffva1156-2LV-e
| Design State     : routed
| Grade            : extended
| Process          : typical
| Characterization : Production
------------------------------------------------------------------------------------------

Power Report

Table of Contents
-----------------
1. Summary
1.1 On-Chip Components
1.2 Power Supply Summary
1.3 Confidence Level
2. Settings
2.1 Environment
2.2 Clock Constraints
3. Detailed Reports
3.1 By Hierarchy

1. Summary
----------

+--------------------------+--------------+
| Total On-Chip Power (W)  | 7.854        |
| Design Power Budget (W)  | 63.000       |
| Power Budget Margin (W)  | 55.146 (MET) |
| Dynamic (W)              | 6.212        |
| Device Static (W)        | 1.642        |
| Effective TJA (C/W)      | 0.8          |
| Max Ambient (C)          | 94.1         |
| Junction Temperature (C) | 60.9         |
| Confidence Level         | Low          |
| Setting File             | ---          |
| Simulation Activity File | ---          |
| Design Nets Matched      | NA           |
+--------------------------+--------------+


1.1 On-Chip Components
----------------------

+--------------------------+-----------+----------+-----------+-----------------+
| On-Chip                  | Power (W) | Used     | Available | Utilization (%) |
+--------------------------+-----------+----------+-----------+-----------------+
| Clocks                   |     0.952 |       62 |       --- |             --- |
| CLB Logic                |     0.341 |   378156 |       --- |             --- |
|   LUT as Logic           |     0.202 |   121417 |    522624 |           23.23 |
|   LUT as Distributed RAM |     0.085 |     7173 |    161264 |            4.45 |
|   Register               |     0.031 |   191560 |   1045440 |           18.32 |
|   LUT as Shift Register  |     0.019 |     1948 |    161264 |            1.21 |
|   CARRY8                 |     0.004 |     1394 |     65328 |            2.13 |
|   Others                 |    <0.001 |     8502 |       --- |             --- |
|   F7/F8 Muxes            |     0.000 |     2635 |    522624 |            0.50 |
| Signals                  |     0.518 |   316335 |       --- |             --- |
| Block RAM                |     0.612 |    251.5 |       984 |           25.56 |
| URAM                     |     0.026 |       12 |       128 |            9.38 |
| MMCM                     |     0.403 |        0 |       --- |             --- |
| PLL                      |     0.332 |        6 |       --- |             --- |
| DSPs                     |     0.001 |        9 |      1968 |            0.46 |
| I/O                      |     0.791 |      151 |       516 |           29.26 |
| GTH                      |     2.008 |        8 |        20 |           40.00 |
| SYSMON                   |     0.003 |        1 |       --- |             --- |
| Hard IPs                 |     0.225 |        2 |       --- |             --- |
|   PCIE                   |     0.225 |        2 |       --- |             --- |
| Static Power             |     1.642 |          |           |                 |
| Total                    |     7.854 |          |           |                 |
+--------------------------+-----------+----------+-----------+-----------------+


1.2 Power Supply Summary
------------------------

+------------+-------------+-----------+-------------+------------+-------------+-------------+-------------------+
| Source     | Voltage (V) | Total (A) | Dynamic (A) | Static (A) | Powerup (A) | Budget (A)  | Margin (A)        |
+------------+-------------+-----------+-------------+------------+-------------+-------------+-------------------+
| Vccint     |       0.720 |     4.983 |       3.971 |      1.013 |       NA    |      42.000 | 37.017 (MET)      |
| Vccint_io  |       0.850 |     0.512 |       0.391 |      0.121 |       NA    |       7.380 | 6.868 (MET)       |
| Vccbram    |       0.850 |     0.111 |       0.095 |      0.017 |       NA    |       1.620 | 1.509 (MET)       |
| Vccaux     |       1.800 |     0.732 |       0.403 |      0.328 |       NA    |       1.190 | 0.458 (MET)       |
| Vccaux_io  |       1.800 |     0.247 |       0.174 |      0.073 |       NA    |       0.056 | -0.191 (VIOLATED) |
| Vcco33     |       3.300 |     0.000 |       0.000 |      0.000 |       NA    | Unspecified | NA                |
| Vcco25     |       2.500 |     0.000 |       0.000 |      0.000 |       NA    | Unspecified | NA                |
| Vcco18     |       1.800 |     0.001 |       0.001 |      0.000 |       NA    |       0.014 | 0.013 (MET)       |
| Vcco15     |       1.500 |     0.000 |       0.000 |      0.000 |       NA    | Unspecified | NA                |
| Vcco135    |       1.350 |     0.000 |       0.000 |      0.000 |       NA    | Unspecified | NA                |
| Vcco12     |       1.200 |     0.120 |       0.120 |      0.000 |       NA    | Unspecified | NA                |
| Vcco10     |       1.000 |     0.000 |       0.000 |      0.000 |       NA    | Unspecified | NA                |
| Vccadc     |       1.800 |     0.008 |       0.000 |      0.008 |       NA    |       0.020 | 0.012 (MET)       |
| MGTAVcc    |       0.900 |     0.569 |       0.538 |      0.030 |       NA    | Unspecified | NA                |
| MGTAVtt    |       1.200 |     1.030 |       1.005 |      0.026 |       NA    | Unspecified | NA                |
| MGTVccaux  |       1.800 |     0.037 |       0.037 |      0.000 |       NA    | Unspecified | NA                |
| MGTYAVcc   |       0.900 |     0.000 |       0.000 |      0.000 |       NA    |       1.400 | 1.400 (MET)       |
| MGTYAVtt   |       1.200 |     0.000 |       0.000 |      0.000 |       NA    |       3.600 | 3.600 (MET)       |
| MGTYVccaux |       1.800 |     0.000 |       0.000 |      0.000 |       NA    |       0.144 | 0.144 (MET)       |
+------------+-------------+-----------+-------------+------------+-------------+-------------+-------------------+


1.3 Confidence Level
--------------------

+-----------------------------+------------+--------------------------------------------------------+------------------------------------------------------------------------------------------------------------+
| User Input Data             | Confidence | Details                                                | Action                                                                                                     |
+-----------------------------+------------+--------------------------------------------------------+------------------------------------------------------------------------------------------------------------+
| Design implementation state | High       | Design is routed                                       |                                                                                                            |
| Clock nodes activity        | High       | User specified more than 95% of clocks                 |                                                                                                            |
| I/O nodes activity          | Low        | More than 75% of inputs are missing user specification | Provide missing input activity with simulation results or by editing the "By Resource Type -> I/Os" view   |
| Internal nodes activity     | Medium     | User specified less than 25% of internal nodes         | Provide missing internal nodes activity with simulation results or by editing the "By Resource Type" views |
| Device models               | High       | Device models are Production                           |                                                                                                            |
|                             |            |                                                        |                                                                                                            |
| Overall confidence level    | Low        |                                                        |                                                                                                            |
+-----------------------------+------------+--------------------------------------------------------+------------------------------------------------------------------------------------------------------------+


2. Settings
-----------

2.1 Environment
---------------

+-----------------------+--------------------------+
| Ambient Temp (C)      | 55.0                     |
| ThetaJA (C/W)         | 0.8                      |
| Airflow (LFM)         | 250                      |
| Heat Sink             | medium (Medium Profile)  |
| ThetaSA (C/W)         | 1.5                      |
| Board Selection       | medium (10"x10")         |
| # of Board Layers     | 12to15 (12 to 15 Layers) |
| Board Temperature (C) | 25.0                     |
+-----------------------+--------------------------+


2.2 Clock Constraints
---------------------

+---------------------------------------------------------------------------------------------------------------------------------------------------------------------------------------------------------------------------------------------------------------------------------------------------------------------------------------------------------------------------------------------------------------------------------------------------------------------------------------------------------------------------------------------------------------------------------------------+------------------------------------------------------------------------------------------------------------------------------------------------------------------------------------------------------------------------------------------------------------------------------------------------------------------------------------------------------------------------------------------------------------------------------------------------------------------------------------------------------------------------------------------------------------------------------+-----------------+
| Clock                                                                                                                                                                                                                                                                                                                                                                                                                                                                                                                                                                                       | Domain                                                                                                                                                                                                                                                                                                                                                                                                                                                                                                                                                                       | Constraint (ns) |
+---------------------------------------------------------------------------------------------------------------------------------------------------------------------------------------------------------------------------------------------------------------------------------------------------------------------------------------------------------------------------------------------------------------------------------------------------------------------------------------------------------------------------------------------------------------------------------------------+------------------------------------------------------------------------------------------------------------------------------------------------------------------------------------------------------------------------------------------------------------------------------------------------------------------------------------------------------------------------------------------------------------------------------------------------------------------------------------------------------------------------------------------------------------------------------+-----------------+
| GTHE4_CHANNEL_TXOUTCLK[0]                                                                                                                                                                                                                                                                                                                                                                                                                                                                                                                                                                   | level0_i/blp/blp_i/blp_static_region_ss/inst/static_region/slr1/pcie_3port_switch_0/inst/downstream_port_i/ds_port_pcie.p4usp_dp_i/inst/bd_aabe_pcie_3port_switch_0_0_ds_port_gt_top_i/diablo_gt.diablo_gt_phy_wrapper/gt_wizard.gtwizard_top_i/bd_aabe_pcie_3port_switch_0_0_ds_port_gt_i/inst/gen_gtwizard_gthe4_top.bd_aabe_pcie_3port_switch_0_0_ds_port_gt_gtwizard_gthe4_inst/gen_gtwizard_gthe4.gen_channel_container[2].gen_enabled_channel.gthe4_channel_wrapper_inst/channel_inst/GTHE4_CHANNEL_TXOUTCLK[0]                                                        |             2.0 |
| GTHE4_CHANNEL_TXOUTCLK[0]_1                                                                                                                                                                                                                                                                                                                                                                                                                                                                                                                                                                 | level0_i/blp/blp_i/blp_static_region_ss/inst/static_region/slr1/pcie_3port_switch_0/inst/upstream_port_i/us_port_pcie.p4usp_up_i/inst/bd_aabe_pcie_3port_switch_0_0_us_port_gt_top_i/diablo_gt.diablo_gt_phy_wrapper/gt_wizard.gtwizard_top_i/bd_aabe_pcie_3port_switch_0_0_us_port_gt_i/inst/gen_gtwizard_gthe4_top.bd_aabe_pcie_3port_switch_0_0_us_port_gt_gtwizard_gthe4_inst/gen_gtwizard_gthe4.gen_channel_container[0].gen_enabled_channel.gthe4_channel_wrapper_inst/channel_inst/GTHE4_CHANNEL_TXOUTCLK[0]                                                          |             2.0 |
| GTHE4_CHANNEL_TXOUTCLK[0]_2                                                                                                                                                                                                                                                                                                                                                                                                                                                                                                                                                                 | level0_i/blp/blp_i/blp_static_region_ss/inst/static_region/slr1/pcie_3port_switch_0/inst/upstream_port_i/us_port_pcie.p4usp_up_i/inst/bd_aabe_pcie_3port_switch_0_0_us_port_gt_top_i/diablo_gt.diablo_gt_phy_wrapper/gt_wizard.gtwizard_top_i/bd_aabe_pcie_3port_switch_0_0_us_port_gt_i/inst/gen_gtwizard_gthe4_top.bd_aabe_pcie_3port_switch_0_0_us_port_gt_gtwizard_gthe4_inst/gen_gtwizard_gthe4.gen_channel_container[1].gen_enabled_channel.gthe4_channel_wrapper_inst/channel_inst/GTHE4_CHANNEL_TXOUTCLK[0]                                                          |             2.0 |
| GTHE4_CHANNEL_TXOUTCLK[1]                                                                                                                                                                                                                                                                                                                                                                                                                                                                                                                                                                   | level0_i/blp/blp_i/blp_static_region_ss/inst/static_region/slr1/pcie_3port_switch_0/inst/downstream_port_i/ds_port_pcie.p4usp_dp_i/inst/bd_aabe_pcie_3port_switch_0_0_ds_port_gt_top_i/diablo_gt.diablo_gt_phy_wrapper/gt_wizard.gtwizard_top_i/bd_aabe_pcie_3port_switch_0_0_ds_port_gt_i/inst/gen_gtwizard_gthe4_top.bd_aabe_pcie_3port_switch_0_0_ds_port_gt_gtwizard_gthe4_inst/gen_gtwizard_gthe4.gen_channel_container[2].gen_enabled_channel.gthe4_channel_wrapper_inst/channel_inst/GTHE4_CHANNEL_TXOUTCLK[1]                                                        |             2.0 |
| GTHE4_CHANNEL_TXOUTCLK[1]_1                                                                                                                                                                                                                                                                                                                                                                                                                                                                                                                                                                 | level0_i/blp/blp_i/blp_static_region_ss/inst/static_region/slr1/pcie_3port_switch_0/inst/upstream_port_i/us_port_pcie.p4usp_up_i/inst/bd_aabe_pcie_3port_switch_0_0_us_port_gt_top_i/diablo_gt.diablo_gt_phy_wrapper/gt_wizard.gtwizard_top_i/bd_aabe_pcie_3port_switch_0_0_us_port_gt_i/inst/gen_gtwizard_gthe4_top.bd_aabe_pcie_3port_switch_0_0_us_port_gt_gtwizard_gthe4_inst/gen_gtwizard_gthe4.gen_channel_container[0].gen_enabled_channel.gthe4_channel_wrapper_inst/channel_inst/GTHE4_CHANNEL_TXOUTCLK[1]                                                          |             2.0 |
| GTHE4_CHANNEL_TXOUTCLK[1]_2                                                                                                                                                                                                                                                                                                                                                                                                                                                                                                                                                                 | level0_i/blp/blp_i/blp_static_region_ss/inst/static_region/slr1/pcie_3port_switch_0/inst/upstream_port_i/us_port_pcie.p4usp_up_i/inst/bd_aabe_pcie_3port_switch_0_0_us_port_gt_top_i/diablo_gt.diablo_gt_phy_wrapper/gt_wizard.gtwizard_top_i/bd_aabe_pcie_3port_switch_0_0_us_port_gt_i/inst/gen_gtwizard_gthe4_top.bd_aabe_pcie_3port_switch_0_0_us_port_gt_gtwizard_gthe4_inst/gen_gtwizard_gthe4.gen_channel_container[1].gen_enabled_channel.gthe4_channel_wrapper_inst/channel_inst/GTHE4_CHANNEL_TXOUTCLK[1]                                                          |             2.0 |
| GTHE4_CHANNEL_TXOUTCLK[2]                                                                                                                                                                                                                                                                                                                                                                                                                                                                                                                                                                   | level0_i/blp/blp_i/blp_static_region_ss/inst/static_region/slr1/pcie_3port_switch_0/inst/downstream_port_i/ds_port_pcie.p4usp_dp_i/inst/bd_aabe_pcie_3port_switch_0_0_ds_port_gt_top_i/diablo_gt.diablo_gt_phy_wrapper/gt_wizard.gtwizard_top_i/bd_aabe_pcie_3port_switch_0_0_ds_port_gt_i/inst/gen_gtwizard_gthe4_top.bd_aabe_pcie_3port_switch_0_0_ds_port_gt_gtwizard_gthe4_inst/gen_gtwizard_gthe4.gen_channel_container[2].gen_enabled_channel.gthe4_channel_wrapper_inst/channel_inst/GTHE4_CHANNEL_TXOUTCLK[2]                                                        |             2.0 |
| GTHE4_CHANNEL_TXOUTCLK[3]                                                                                                                                                                                                                                                                                                                                                                                                                                                                                                                                                                   | level0_i/blp/blp_i/blp_static_region_ss/inst/static_region/slr1/pcie_3port_switch_0/inst/downstream_port_i/ds_port_pcie.p4usp_dp_i/inst/bd_aabe_pcie_3port_switch_0_0_ds_port_gt_top_i/diablo_gt.diablo_gt_phy_wrapper/gt_wizard.gtwizard_top_i/bd_aabe_pcie_3port_switch_0_0_ds_port_gt_i/inst/gen_gtwizard_gthe4_top.bd_aabe_pcie_3port_switch_0_0_ds_port_gt_gtwizard_gthe4_inst/gen_gtwizard_gthe4.gen_channel_container[2].gen_enabled_channel.gthe4_channel_wrapper_inst/channel_inst/GTHE4_CHANNEL_TXOUTCLK[3]                                                        |             2.0 |
| axi_bram_ctrl_0_BRAM_PORTA_CLK                                                                                                                                                                                                                                                                                                                                                                                                                                                                                                                                                              | level0_i/blp/blp_i/blp_static_region_ss/inst/static_region/slr1/pcie_3port_switch_0/inst/upstream_port_i/us_port_pcie.p4usp_up_i/inst/bd_aabe_pcie_3port_switch_0_0_us_port_gt_top_i/diablo_gt.diablo_gt_phy_wrapper/phy_clk_i/PHY_CORECLK                                                                                                                                                                                                                                                                                                                                   |             4.0 |
| bd_aabe_pcie_3port_switch_0_0_ds_port_gt_top_i_n_31                                                                                                                                                                                                                                                                                                                                                                                                                                                                                                                                         | level0_i/blp/blp_i/blp_static_region_ss/inst/static_region/slr1/pcie_3port_switch_0/inst/downstream_port_i/ds_port_pcie.p4usp_dp_i/inst/bd_aabe_pcie_3port_switch_0_0_ds_port_gt_top_i/diablo_gt.diablo_gt_phy_wrapper/phy_clk_i/PHY_MCAPCLK                                                                                                                                                                                                                                                                                                                                 |             8.0 |
| bd_aabe_pcie_3port_switch_0_0_us_port_gt_top_i_n_31                                                                                                                                                                                                                                                                                                                                                                                                                                                                                                                                         | level0_i/blp/blp_i/blp_static_region_ss/inst/static_region/slr1/pcie_3port_switch_0/inst/upstream_port_i/us_port_pcie.p4usp_up_i/inst/bd_aabe_pcie_3port_switch_0_0_us_port_gt_top_i/diablo_gt.diablo_gt_phy_wrapper/phy_clk_i/PHY_MCAPCLK                                                                                                                                                                                                                                                                                                                                   |             8.0 |
| c0_sys_clk_p                                                                                                                                                                                                                                                                                                                                                                                                                                                                                                                                                                                | io_clk_ddr_00_clk_p                                                                                                                                                                                                                                                                                                                                                                                                                                                                                                                                                          |            10.0 |
| clk_out1_bd_aabe_clk_wiz_0_0                                                                                                                                                                                                                                                                                                                                                                                                                                                                                                                                                                | level0_i/blp/blp_i/blp_static_region_ss/inst/static_region/slr1/base_clocking/clk_wiz_0/inst/clk_out1_bd_aabe_clk_wiz_0_0                                                                                                                                                                                                                                                                                                                                                                                                                                                    |            20.0 |
| clk_out1_bd_aabe_clkwiz_kernel2_0                                                                                                                                                                                                                                                                                                                                                                                                                                                                                                                                                           | level0_i/blp/blp_i/blp_static_region_ss/inst/static_region/slr1/base_clocking/clkwiz_kernel2/inst/CLK_CORE_DRP_I/clk_inst/clk_out1_bd_aabe_clkwiz_kernel2_0                                                                                                                                                                                                                                                                                                                                                                                                                  |             2.0 |
| clk_out1_bd_aabe_clkwiz_kernel_0                                                                                                                                                                                                                                                                                                                                                                                                                                                                                                                                                            | level0_i/blp/blp_i/blp_static_region_ss/inst/static_region/slr1/base_clocking/clkwiz_kernel/inst/CLK_CORE_DRP_I/clk_inst/clk_out1_bd_aabe_clkwiz_kernel_0                                                                                                                                                                                                                                                                                                                                                                                                                    |             3.3 |
| clk_out1_bd_aabe_clkwiz_pcie_0                                                                                                                                                                                                                                                                                                                                                                                                                                                                                                                                                              | level0_i/blp/blp_i/blp_static_region_ss/inst/static_region/slr1/base_clocking/clkwiz_pcie/inst/clk_out1_bd_aabe_clkwiz_pcie_0                                                                                                                                                                                                                                                                                                                                                                                                                                                |            10.0 |
| clk_out1_bd_aabe_clkwiz_scheduler_0                                                                                                                                                                                                                                                                                                                                                                                                                                                                                                                                                         | level0_i/blp/blp_i/blp_static_region_ss/inst/static_region/slr1/base_clocking/clkwiz_scheduler/inst/clk_out1_bd_aabe_clkwiz_scheduler_0                                                                                                                                                                                                                                                                                                                                                                                                                                      |             4.0 |
| clk_out2_bd_aabe_clkwiz_sysclks_0                                                                                                                                                                                                                                                                                                                                                                                                                                                                                                                                                           | level0_i/blp/blp_i/blp_static_region_ss/inst/static_region/slr1/base_clocking/clkwiz_sysclks/inst/clk_out2_bd_aabe_clkwiz_sysclks_0                                                                                                                                                                                                                                                                                                                                                                                                                                          |            20.0 |
| ds_core_clk                                                                                                                                                                                                                                                                                                                                                                                                                                                                                                                                                                                 | level0_i/blp/blp_i/blp_static_region_ss/inst/static_region/slr1/pcie_3port_switch_0/inst/downstream_port_i/ds_port_pcie.p4usp_dp_i/inst/bd_aabe_pcie_3port_switch_0_0_ds_port_gt_top_i/diablo_gt.diablo_gt_phy_wrapper/phy_clk_i/PHY_CORECLK                                                                                                                                                                                                                                                                                                                                 |             4.0 |
| io_clk_freerun_00                                                                                                                                                                                                                                                                                                                                                                                                                                                                                                                                                                           | io_clk_freerun_00_clk_p                                                                                                                                                                                                                                                                                                                                                                                                                                                                                                                                                      |            10.0 |
| io_clk_pcie_00                                                                                                                                                                                                                                                                                                                                                                                                                                                                                                                                                                              | io_clk_pcie_00_clk_p                                                                                                                                                                                                                                                                                                                                                                                                                                                                                                                                                         |            10.0 |
| io_clk_pcie_01                                                                                                                                                                                                                                                                                                                                                                                                                                                                                                                                                                              | io_clk_pcie_01_clk_p                                                                                                                                                                                                                                                                                                                                                                                                                                                                                                                                                         |            10.0 |
| level0_i/blp/blp_i/blp_static_region_ss/inst/static_region/slr1/brd_mgmt_scheduler/mdm_board_control/U0/No_Dbg_Reg_Access.BUFG_DRCK/Using_FPGA.Native/O                                                                                                                                                                                                                                                                                                                                                                                                                                     | level0_i/blp/blp_i/blp_static_region_ss/inst/static_region/slr1/brd_mgmt_scheduler/mdm_board_control/U0/No_Dbg_Reg_Access.BUFG_DRCK/Dbg_Clk_0                                                                                                                                                                                                                                                                                                                                                                                                                                |           160.0 |
| level0_i/blp/blp_i/blp_static_region_ss/inst/static_region/slr1/brd_mgmt_scheduler/mdm_board_control/U0/Use_External.Use_BSCANID.No_Dbg_Reg_Access.BUFG_UPDATE/Using_FPGA.Native/O                                                                                                                                                                                                                                                                                                                                                                                                          | level0_i/blp/blp_i/blp_static_region_ss/inst/static_region/slr1/brd_mgmt_scheduler/mdm_board_control/U0/Use_External.Use_BSCANID.No_Dbg_Reg_Access.BUFG_UPDATE/Dbg_Update_1                                                                                                                                                                                                                                                                                                                                                                                                  |           100.0 |
| level0_i/blp/blp_i/blp_static_region_ss/inst/static_region/slr1/jtag_fallback/inst/bs_switch/inst/BSCAN_SWITCH.N_EXT_BSCAN.bscan_inst/SERIES7_BSCAN.bscan_inst/INTERNAL_TCK                                                                                                                                                                                                                                                                                                                                                                                                                 | level0_i/blp/blp_i/blp_static_region_ss/inst/static_region/slr1/jtag_fallback/inst/bs_switch/inst/BSCAN_SWITCH.N_EXT_BSCAN.bscan_inst/BSCAN_SWITCH.N_EXT_BSCAN.tck_bs                                                                                                                                                                                                                                                                                                                                                                                                        |            50.0 |
| level0_i/blp/blp_i/blp_static_region_ss/inst/static_region/slr1/mgmt_debug_bridge/inst/axi_jtag/inst/u_jtag_proc/tck_i_reg/Q                                                                                                                                                                                                                                                                                                                                                                                                                                                                | level0_i/blp/blp_i/blp_static_region_ss/inst/static_region/slr1/mgmt_debug_bridge/inst/axi_jtag/inst/u_jtag_proc/tck                                                                                                                                                                                                                                                                                                                                                                                                                                                         |           160.0 |
| level0_i/blp/blp_i/blp_static_region_ss/inst/static_region/slr1/mgmt_debug_bridge/inst/bsip/inst/USE_SOFTBSCAN.U_BSCAN_TAP/U_BASETAP/U_TAP/UPDATEDR_O_reg/Q                                                                                                                                                                                                                                                                                                                                                                                                                                 | level0_i/blp/blp_i/blp_static_region_ss/inst/static_region/slr1/mgmt_debug_bridge/inst/bsip/inst/USE_SOFTBSCAN.U_BSCAN_TAP/U_BASETAP/U_TAP/UPDATEDR_O                                                                                                                                                                                                                                                                                                                                                                                                                        |           160.0 |
| level0_i/blp/blp_i/blp_static_region_ss/inst/static_region/slr1/pcie_3port_switch_0/inst/downstream_port_i/ds_port_pcie.p4usp_dp_i/inst/bd_aabe_pcie_3port_switch_0_0_ds_port_gt_top_i/diablo_gt.diablo_gt_phy_wrapper/gt_wizard.gtwizard_top_i/bd_aabe_pcie_3port_switch_0_0_ds_port_gt_i/inst/gen_gtwizard_gthe4_top.bd_aabe_pcie_3port_switch_0_0_ds_port_gt_gtwizard_gthe4_inst/gen_gtwizard_gthe4.gen_cpll_cal_gthe4.gen_cpll_cal_inst[0].gen_inst_cpll_cal.gtwizard_ultrascale_v1_7_10_gthe4_cpll_cal_inst/gtwizard_ultrascale_v1_7_10_gthe4_cpll_cal_tx_i/bufg_gt_txoutclkmon_inst/O | level0_i/blp/blp_i/blp_static_region_ss/inst/static_region/slr1/pcie_3port_switch_0/inst/downstream_port_i/ds_port_pcie.p4usp_dp_i/inst/bd_aabe_pcie_3port_switch_0_0_ds_port_gt_top_i/diablo_gt.diablo_gt_phy_wrapper/gt_wizard.gtwizard_top_i/bd_aabe_pcie_3port_switch_0_0_ds_port_gt_i/inst/gen_gtwizard_gthe4_top.bd_aabe_pcie_3port_switch_0_0_ds_port_gt_gtwizard_gthe4_inst/gen_gtwizard_gthe4.gen_cpll_cal_gthe4.gen_cpll_cal_inst[0].gen_inst_cpll_cal.gtwizard_ultrascale_v1_7_10_gthe4_cpll_cal_inst/gtwizard_ultrascale_v1_7_10_gthe4_cpll_cal_tx_i/txoutclkmon |             8.0 |
| level0_i/blp/blp_i/blp_static_region_ss/inst/static_region/slr1/pcie_3port_switch_0/inst/downstream_port_i/ds_port_pcie.p4usp_dp_i/inst/bd_aabe_pcie_3port_switch_0_0_ds_port_gt_top_i/diablo_gt.diablo_gt_phy_wrapper/gt_wizard.gtwizard_top_i/bd_aabe_pcie_3port_switch_0_0_ds_port_gt_i/inst/gen_gtwizard_gthe4_top.bd_aabe_pcie_3port_switch_0_0_ds_port_gt_gtwizard_gthe4_inst/gen_gtwizard_gthe4.gen_cpll_cal_gthe4.gen_cpll_cal_inst[1].gen_inst_cpll_cal.gtwizard_ultrascale_v1_7_10_gthe4_cpll_cal_inst/gtwizard_ultrascale_v1_7_10_gthe4_cpll_cal_tx_i/bufg_gt_txoutclkmon_inst/O | level0_i/blp/blp_i/blp_static_region_ss/inst/static_region/slr1/pcie_3port_switch_0/inst/downstream_port_i/ds_port_pcie.p4usp_dp_i/inst/bd_aabe_pcie_3port_switch_0_0_ds_port_gt_top_i/diablo_gt.diablo_gt_phy_wrapper/gt_wizard.gtwizard_top_i/bd_aabe_pcie_3port_switch_0_0_ds_port_gt_i/inst/gen_gtwizard_gthe4_top.bd_aabe_pcie_3port_switch_0_0_ds_port_gt_gtwizard_gthe4_inst/gen_gtwizard_gthe4.gen_cpll_cal_gthe4.gen_cpll_cal_inst[1].gen_inst_cpll_cal.gtwizard_ultrascale_v1_7_10_gthe4_cpll_cal_inst/gtwizard_ultrascale_v1_7_10_gthe4_cpll_cal_tx_i/txoutclkmon |             8.0 |
| level0_i/blp/blp_i/blp_static_region_ss/inst/static_region/slr1/pcie_3port_switch_0/inst/downstream_port_i/ds_port_pcie.p4usp_dp_i/inst/bd_aabe_pcie_3port_switch_0_0_ds_port_gt_top_i/diablo_gt.diablo_gt_phy_wrapper/gt_wizard.gtwizard_top_i/bd_aabe_pcie_3port_switch_0_0_ds_port_gt_i/inst/gen_gtwizard_gthe4_top.bd_aabe_pcie_3port_switch_0_0_ds_port_gt_gtwizard_gthe4_inst/gen_gtwizard_gthe4.gen_cpll_cal_gthe4.gen_cpll_cal_inst[2].gen_inst_cpll_cal.gtwizard_ultrascale_v1_7_10_gthe4_cpll_cal_inst/gtwizard_ultrascale_v1_7_10_gthe4_cpll_cal_tx_i/bufg_gt_txoutclkmon_inst/O | level0_i/blp/blp_i/blp_static_region_ss/inst/static_region/slr1/pcie_3port_switch_0/inst/downstream_port_i/ds_port_pcie.p4usp_dp_i/inst/bd_aabe_pcie_3port_switch_0_0_ds_port_gt_top_i/diablo_gt.diablo_gt_phy_wrapper/gt_wizard.gtwizard_top_i/bd_aabe_pcie_3port_switch_0_0_ds_port_gt_i/inst/gen_gtwizard_gthe4_top.bd_aabe_pcie_3port_switch_0_0_ds_port_gt_gtwizard_gthe4_inst/gen_gtwizard_gthe4.gen_cpll_cal_gthe4.gen_cpll_cal_inst[2].gen_inst_cpll_cal.gtwizard_ultrascale_v1_7_10_gthe4_cpll_cal_inst/gtwizard_ultrascale_v1_7_10_gthe4_cpll_cal_tx_i/txoutclkmon |             8.0 |
| level0_i/blp/blp_i/blp_static_region_ss/inst/static_region/slr1/pcie_3port_switch_0/inst/downstream_port_i/ds_port_pcie.p4usp_dp_i/inst/bd_aabe_pcie_3port_switch_0_0_ds_port_gt_top_i/diablo_gt.diablo_gt_phy_wrapper/gt_wizard.gtwizard_top_i/bd_aabe_pcie_3port_switch_0_0_ds_port_gt_i/inst/gen_gtwizard_gthe4_top.bd_aabe_pcie_3port_switch_0_0_ds_port_gt_gtwizard_gthe4_inst/gen_gtwizard_gthe4.gen_cpll_cal_gthe4.gen_cpll_cal_inst[3].gen_inst_cpll_cal.gtwizard_ultrascale_v1_7_10_gthe4_cpll_cal_inst/gtwizard_ultrascale_v1_7_10_gthe4_cpll_cal_tx_i/bufg_gt_txoutclkmon_inst/O | level0_i/blp/blp_i/blp_static_region_ss/inst/static_region/slr1/pcie_3port_switch_0/inst/downstream_port_i/ds_port_pcie.p4usp_dp_i/inst/bd_aabe_pcie_3port_switch_0_0_ds_port_gt_top_i/diablo_gt.diablo_gt_phy_wrapper/gt_wizard.gtwizard_top_i/bd_aabe_pcie_3port_switch_0_0_ds_port_gt_i/inst/gen_gtwizard_gthe4_top.bd_aabe_pcie_3port_switch_0_0_ds_port_gt_gtwizard_gthe4_inst/gen_gtwizard_gthe4.gen_cpll_cal_gthe4.gen_cpll_cal_inst[3].gen_inst_cpll_cal.gtwizard_ultrascale_v1_7_10_gthe4_cpll_cal_inst/gtwizard_ultrascale_v1_7_10_gthe4_cpll_cal_tx_i/txoutclkmon |             8.0 |
| level0_i/blp/blp_i/blp_static_region_ss/inst/static_region/slr1/pcie_3port_switch_0/inst/upstream_port_i/us_port_pcie.p4usp_up_i/inst/bd_aabe_pcie_3port_switch_0_0_us_port_gt_top_i/diablo_gt.diablo_gt_phy_wrapper/gt_wizard.gtwizard_top_i/bd_aabe_pcie_3port_switch_0_0_us_port_gt_i/inst/gen_gtwizard_gthe4_top.bd_aabe_pcie_3port_switch_0_0_us_port_gt_gtwizard_gthe4_inst/gen_gtwizard_gthe4.gen_cpll_cal_gthe4.gen_cpll_cal_inst[0].gen_inst_cpll_cal.gtwizard_ultrascale_v1_7_10_gthe4_cpll_cal_inst/gtwizard_ultrascale_v1_7_10_gthe4_cpll_cal_tx_i/bufg_gt_txoutclkmon_inst/O   | level0_i/blp/blp_i/blp_static_region_ss/inst/static_region/slr1/pcie_3port_switch_0/inst/upstream_port_i/us_port_pcie.p4usp_up_i/inst/bd_aabe_pcie_3port_switch_0_0_us_port_gt_top_i/diablo_gt.diablo_gt_phy_wrapper/gt_wizard.gtwizard_top_i/bd_aabe_pcie_3port_switch_0_0_us_port_gt_i/inst/gen_gtwizard_gthe4_top.bd_aabe_pcie_3port_switch_0_0_us_port_gt_gtwizard_gthe4_inst/gen_gtwizard_gthe4.gen_cpll_cal_gthe4.gen_cpll_cal_inst[0].gen_inst_cpll_cal.gtwizard_ultrascale_v1_7_10_gthe4_cpll_cal_inst/gtwizard_ultrascale_v1_7_10_gthe4_cpll_cal_tx_i/txoutclkmon   |             8.0 |
| level0_i/blp/blp_i/blp_static_region_ss/inst/static_region/slr1/pcie_3port_switch_0/inst/upstream_port_i/us_port_pcie.p4usp_up_i/inst/bd_aabe_pcie_3port_switch_0_0_us_port_gt_top_i/diablo_gt.diablo_gt_phy_wrapper/gt_wizard.gtwizard_top_i/bd_aabe_pcie_3port_switch_0_0_us_port_gt_i/inst/gen_gtwizard_gthe4_top.bd_aabe_pcie_3port_switch_0_0_us_port_gt_gtwizard_gthe4_inst/gen_gtwizard_gthe4.gen_cpll_cal_gthe4.gen_cpll_cal_inst[1].gen_inst_cpll_cal.gtwizard_ultrascale_v1_7_10_gthe4_cpll_cal_inst/gtwizard_ultrascale_v1_7_10_gthe4_cpll_cal_tx_i/bufg_gt_txoutclkmon_inst/O   | level0_i/blp/blp_i/blp_static_region_ss/inst/static_region/slr1/pcie_3port_switch_0/inst/upstream_port_i/us_port_pcie.p4usp_up_i/inst/bd_aabe_pcie_3port_switch_0_0_us_port_gt_top_i/diablo_gt.diablo_gt_phy_wrapper/gt_wizard.gtwizard_top_i/bd_aabe_pcie_3port_switch_0_0_us_port_gt_i/inst/gen_gtwizard_gthe4_top.bd_aabe_pcie_3port_switch_0_0_us_port_gt_gtwizard_gthe4_inst/gen_gtwizard_gthe4.gen_cpll_cal_gthe4.gen_cpll_cal_inst[1].gen_inst_cpll_cal.gtwizard_ultrascale_v1_7_10_gthe4_cpll_cal_inst/gtwizard_ultrascale_v1_7_10_gthe4_cpll_cal_tx_i/txoutclkmon   |             8.0 |
| level0_i/blp/blp_i/blp_static_region_ss/inst/static_region/slr1/pcie_3port_switch_0/inst/upstream_port_i/us_port_pcie.p4usp_up_i/inst/bd_aabe_pcie_3port_switch_0_0_us_port_gt_top_i/diablo_gt.diablo_gt_phy_wrapper/gt_wizard.gtwizard_top_i/bd_aabe_pcie_3port_switch_0_0_us_port_gt_i/inst/gen_gtwizard_gthe4_top.bd_aabe_pcie_3port_switch_0_0_us_port_gt_gtwizard_gthe4_inst/gen_gtwizard_gthe4.gen_cpll_cal_gthe4.gen_cpll_cal_inst[2].gen_inst_cpll_cal.gtwizard_ultrascale_v1_7_10_gthe4_cpll_cal_inst/gtwizard_ultrascale_v1_7_10_gthe4_cpll_cal_tx_i/bufg_gt_txoutclkmon_inst/O   | level0_i/blp/blp_i/blp_static_region_ss/inst/static_region/slr1/pcie_3port_switch_0/inst/upstream_port_i/us_port_pcie.p4usp_up_i/inst/bd_aabe_pcie_3port_switch_0_0_us_port_gt_top_i/diablo_gt.diablo_gt_phy_wrapper/gt_wizard.gtwizard_top_i/bd_aabe_pcie_3port_switch_0_0_us_port_gt_i/inst/gen_gtwizard_gthe4_top.bd_aabe_pcie_3port_switch_0_0_us_port_gt_gtwizard_gthe4_inst/gen_gtwizard_gthe4.gen_cpll_cal_gthe4.gen_cpll_cal_inst[2].gen_inst_cpll_cal.gtwizard_ultrascale_v1_7_10_gthe4_cpll_cal_inst/gtwizard_ultrascale_v1_7_10_gthe4_cpll_cal_tx_i/txoutclkmon   |             8.0 |
| level0_i/blp/blp_i/blp_static_region_ss/inst/static_region/slr1/pcie_3port_switch_0/inst/upstream_port_i/us_port_pcie.p4usp_up_i/inst/bd_aabe_pcie_3port_switch_0_0_us_port_gt_top_i/diablo_gt.diablo_gt_phy_wrapper/gt_wizard.gtwizard_top_i/bd_aabe_pcie_3port_switch_0_0_us_port_gt_i/inst/gen_gtwizard_gthe4_top.bd_aabe_pcie_3port_switch_0_0_us_port_gt_gtwizard_gthe4_inst/gen_gtwizard_gthe4.gen_cpll_cal_gthe4.gen_cpll_cal_inst[3].gen_inst_cpll_cal.gtwizard_ultrascale_v1_7_10_gthe4_cpll_cal_inst/gtwizard_ultrascale_v1_7_10_gthe4_cpll_cal_tx_i/bufg_gt_txoutclkmon_inst/O   | level0_i/blp/blp_i/blp_static_region_ss/inst/static_region/slr1/pcie_3port_switch_0/inst/upstream_port_i/us_port_pcie.p4usp_up_i/inst/bd_aabe_pcie_3port_switch_0_0_us_port_gt_top_i/diablo_gt.diablo_gt_phy_wrapper/gt_wizard.gtwizard_top_i/bd_aabe_pcie_3port_switch_0_0_us_port_gt_i/inst/gen_gtwizard_gthe4_top.bd_aabe_pcie_3port_switch_0_0_us_port_gt_gtwizard_gthe4_inst/gen_gtwizard_gthe4.gen_cpll_cal_gthe4.gen_cpll_cal_inst[3].gen_inst_cpll_cal.gtwizard_ultrascale_v1_7_10_gthe4_cpll_cal_inst/gtwizard_ultrascale_v1_7_10_gthe4_cpll_cal_tx_i/txoutclkmon   |             8.0 |
| level0_i/ulp/user_debug_bridge/inst/axi_jtag/inst/u_jtag_proc/tck_i_reg/Q                                                                                                                                                                                                                                                                                                                                                                                                                                                                                                                   | level0_i/ulp/user_debug_bridge/inst/axi_jtag/inst/u_jtag_proc/tck                                                                                                                                                                                                                                                                                                                                                                                                                                                                                                            |           160.0 |
| level0_i/ulp/user_debug_bridge/inst/bsip/inst/USE_SOFTBSCAN.U_BSCAN_TAP/U_BASETAP/U_TAP/UPDATEDR_O_reg/Q                                                                                                                                                                                                                                                                                                                                                                                                                                                                                    | level0_i/ulp/user_debug_bridge/inst/bsip/inst/USE_SOFTBSCAN.U_BSCAN_TAP/U_BASETAP/U_TAP/UPDATEDR_O                                                                                                                                                                                                                                                                                                                                                                                                                                                                           |           160.0 |
| mmcm_clkout0                                                                                                                                                                                                                                                                                                                                                                                                                                                                                                                                                                                | level0_i/ulp/ddrmem_1/inst/u_ddr4_infrastructure/mmcm_clkout0                                                                                                                                                                                                                                                                                                                                                                                                                                                                                                                |             3.3 |
| mmcm_clkout6                                                                                                                                                                                                                                                                                                                                                                                                                                                                                                                                                                                | level0_i/ulp/ddrmem_1/inst/u_ddr4_infrastructure/mmcm_clkout6                                                                                                                                                                                                                                                                                                                                                                                                                                                                                                                |             6.7 |
| pipe_clk                                                                                                                                                                                                                                                                                                                                                                                                                                                                                                                                                                                    | level0_i/blp/blp_i/blp_static_region_ss/inst/static_region/slr1/pcie_3port_switch_0/inst/downstream_port_i/ds_port_pcie.p4usp_dp_i/inst/bd_aabe_pcie_3port_switch_0_0_ds_port_gt_top_i/diablo_gt.diablo_gt_phy_wrapper/phy_clk_i/CLK_PCLK2_GT                                                                                                                                                                                                                                                                                                                                |             4.0 |
| pipe_clk_1                                                                                                                                                                                                                                                                                                                                                                                                                                                                                                                                                                                  | level0_i/blp/blp_i/blp_static_region_ss/inst/static_region/slr1/pcie_3port_switch_0/inst/upstream_port_i/us_port_pcie.p4usp_up_i/inst/bd_aabe_pcie_3port_switch_0_0_us_port_gt_top_i/diablo_gt.diablo_gt_phy_wrapper/phy_clk_i/CLK_PCLK2_GT                                                                                                                                                                                                                                                                                                                                  |             4.0 |
| pll_clk[0]                                                                                                                                                                                                                                                                                                                                                                                                                                                                                                                                                                                  | level0_i/ulp/ddrmem_1/inst/u_ddr4_mem_intfc/u_mig_ddr4_phy/inst/u_ddr4_phy_pll/pll_clk[0]                                                                                                                                                                                                                                                                                                                                                                                                                                                                                    |             0.4 |
| pll_clk[0]_DIV                                                                                                                                                                                                                                                                                                                                                                                                                                                                                                                                                                              | level0_i/ulp/ddrmem_1/inst/u_ddr4_mem_intfc/u_mig_ddr4_phy/inst/generate_block1.u_ddr_xiphy/byte_num[0].xiphy_byte_wrapper.u_xiphy_byte_wrapper/I_CONTROL[0].GEN_I_CONTROL.u_xiphy_control/TX_BIT_CTRL_OUT0[26]                                                                                                                                                                                                                                                                                                                                                              |             3.3 |
| pll_clk[1]                                                                                                                                                                                                                                                                                                                                                                                                                                                                                                                                                                                  | level0_i/ulp/ddrmem_1/inst/u_ddr4_mem_intfc/u_mig_ddr4_phy/inst/u_ddr4_phy_pll/pll_clk[1]                                                                                                                                                                                                                                                                                                                                                                                                                                                                                    |             0.4 |
| pll_clk[1]_DIV                                                                                                                                                                                                                                                                                                                                                                                                                                                                                                                                                                              | level0_i/ulp/ddrmem_1/inst/u_ddr4_mem_intfc/u_mig_ddr4_phy/inst/generate_block1.u_ddr_xiphy/byte_num[4].xiphy_byte_wrapper.u_xiphy_byte_wrapper/I_CONTROL[0].GEN_I_CONTROL.u_xiphy_control/TX_BIT_CTRL_OUT0[26]                                                                                                                                                                                                                                                                                                                                                              |             3.3 |
| pll_clk[2]                                                                                                                                                                                                                                                                                                                                                                                                                                                                                                                                                                                  | level0_i/ulp/ddrmem_1/inst/u_ddr4_mem_intfc/u_mig_ddr4_phy/inst/u_ddr4_phy_pll/pll_clk[2]                                                                                                                                                                                                                                                                                                                                                                                                                                                                                    |             0.4 |
| pll_clk[2]_DIV                                                                                                                                                                                                                                                                                                                                                                                                                                                                                                                                                                              | level0_i/ulp/ddrmem_1/inst/u_ddr4_mem_intfc/u_mig_ddr4_phy/inst/generate_block1.u_ddr_xiphy/byte_num[10].xiphy_byte_wrapper.u_xiphy_byte_wrapper/I_CONTROL[0].GEN_I_CONTROL.u_xiphy_control/TX_BIT_CTRL_OUT0[26]                                                                                                                                                                                                                                                                                                                                                             |             3.3 |
| qpll0outclk_out[0]                                                                                                                                                                                                                                                                                                                                                                                                                                                                                                                                                                          | level0_i/blp/blp_i/blp_static_region_ss/inst/static_region/slr1/pcie_3port_switch_0/inst/downstream_port_i/ds_port_pcie.p4usp_dp_i/inst/bd_aabe_pcie_3port_switch_0_0_ds_port_gt_top_i/diablo_gt.diablo_gt_phy_wrapper/gt_wizard.gtwizard_top_i/bd_aabe_pcie_3port_switch_0_0_ds_port_gt_i/inst/gen_gtwizard_gthe4_top.bd_aabe_pcie_3port_switch_0_0_ds_port_gt_gtwizard_gthe4_inst/gen_gtwizard_gthe4.gen_common.gen_common_container[2].gen_enabled_common.gthe4_common_wrapper_inst/common_inst/qpll0outclk_out[0]                                                        |             0.2 |
| qpll0outclk_out[0]_1                                                                                                                                                                                                                                                                                                                                                                                                                                                                                                                                                                        | level0_i/blp/blp_i/blp_static_region_ss/inst/static_region/slr1/pcie_3port_switch_0/inst/upstream_port_i/us_port_pcie.p4usp_up_i/inst/bd_aabe_pcie_3port_switch_0_0_us_port_gt_top_i/diablo_gt.diablo_gt_phy_wrapper/gt_wizard.gtwizard_top_i/bd_aabe_pcie_3port_switch_0_0_us_port_gt_i/inst/gen_gtwizard_gthe4_top.bd_aabe_pcie_3port_switch_0_0_us_port_gt_gtwizard_gthe4_inst/gen_gtwizard_gthe4.gen_common.gen_common_container[0].gen_enabled_common.gthe4_common_wrapper_inst/common_inst/qpll0outclk_out[0]                                                          |             0.2 |
| qpll0outclk_out[0]_2                                                                                                                                                                                                                                                                                                                                                                                                                                                                                                                                                                        | level0_i/blp/blp_i/blp_static_region_ss/inst/static_region/slr1/pcie_3port_switch_0/inst/upstream_port_i/us_port_pcie.p4usp_up_i/inst/bd_aabe_pcie_3port_switch_0_0_us_port_gt_top_i/diablo_gt.diablo_gt_phy_wrapper/gt_wizard.gtwizard_top_i/bd_aabe_pcie_3port_switch_0_0_us_port_gt_i/inst/gen_gtwizard_gthe4_top.bd_aabe_pcie_3port_switch_0_0_us_port_gt_gtwizard_gthe4_inst/gen_gtwizard_gthe4.gen_common.gen_common_container[1].gen_enabled_common.gthe4_common_wrapper_inst/common_inst/qpll0outclk_out[0]                                                          |             0.2 |
| qpll0outrefclk_out[0]                                                                                                                                                                                                                                                                                                                                                                                                                                                                                                                                                                       | level0_i/blp/blp_i/blp_static_region_ss/inst/static_region/slr1/pcie_3port_switch_0/inst/downstream_port_i/ds_port_pcie.p4usp_dp_i/inst/bd_aabe_pcie_3port_switch_0_0_ds_port_gt_top_i/diablo_gt.diablo_gt_phy_wrapper/gt_wizard.gtwizard_top_i/bd_aabe_pcie_3port_switch_0_0_ds_port_gt_i/inst/gen_gtwizard_gthe4_top.bd_aabe_pcie_3port_switch_0_0_ds_port_gt_gtwizard_gthe4_inst/gen_gtwizard_gthe4.gen_common.gen_common_container[2].gen_enabled_common.gthe4_common_wrapper_inst/common_inst/qpll0outrefclk_out[0]                                                     |            10.0 |
| qpll0outrefclk_out[0]_1                                                                                                                                                                                                                                                                                                                                                                                                                                                                                                                                                                     | level0_i/blp/blp_i/blp_static_region_ss/inst/static_region/slr1/pcie_3port_switch_0/inst/upstream_port_i/us_port_pcie.p4usp_up_i/inst/bd_aabe_pcie_3port_switch_0_0_us_port_gt_top_i/diablo_gt.diablo_gt_phy_wrapper/gt_wizard.gtwizard_top_i/bd_aabe_pcie_3port_switch_0_0_us_port_gt_i/inst/gen_gtwizard_gthe4_top.bd_aabe_pcie_3port_switch_0_0_us_port_gt_gtwizard_gthe4_inst/gen_gtwizard_gthe4.gen_common.gen_common_container[0].gen_enabled_common.gthe4_common_wrapper_inst/common_inst/qpll0outrefclk_out[0]                                                       |            10.0 |
| qpll0outrefclk_out[0]_2                                                                                                                                                                                                                                                                                                                                                                                                                                                                                                                                                                     | level0_i/blp/blp_i/blp_static_region_ss/inst/static_region/slr1/pcie_3port_switch_0/inst/upstream_port_i/us_port_pcie.p4usp_up_i/inst/bd_aabe_pcie_3port_switch_0_0_us_port_gt_top_i/diablo_gt.diablo_gt_phy_wrapper/gt_wizard.gtwizard_top_i/bd_aabe_pcie_3port_switch_0_0_us_port_gt_i/inst/gen_gtwizard_gthe4_top.bd_aabe_pcie_3port_switch_0_0_us_port_gt_gtwizard_gthe4_inst/gen_gtwizard_gthe4.gen_common.gen_common_container[1].gen_enabled_common.gthe4_common_wrapper_inst/common_inst/qpll0outrefclk_out[0]                                                       |            10.0 |
| qpll1outclk_out[0]                                                                                                                                                                                                                                                                                                                                                                                                                                                                                                                                                                          | level0_i/blp/blp_i/blp_static_region_ss/inst/static_region/slr1/pcie_3port_switch_0/inst/downstream_port_i/ds_port_pcie.p4usp_dp_i/inst/bd_aabe_pcie_3port_switch_0_0_ds_port_gt_top_i/diablo_gt.diablo_gt_phy_wrapper/gt_wizard.gtwizard_top_i/bd_aabe_pcie_3port_switch_0_0_ds_port_gt_i/inst/gen_gtwizard_gthe4_top.bd_aabe_pcie_3port_switch_0_0_ds_port_gt_gtwizard_gthe4_inst/gen_gtwizard_gthe4.gen_common.gen_common_container[2].gen_enabled_common.gthe4_common_wrapper_inst/common_inst/qpll1outclk_out[0]                                                        |             0.2 |
| qpll1outclk_out[0]_1                                                                                                                                                                                                                                                                                                                                                                                                                                                                                                                                                                        | level0_i/blp/blp_i/blp_static_region_ss/inst/static_region/slr1/pcie_3port_switch_0/inst/upstream_port_i/us_port_pcie.p4usp_up_i/inst/bd_aabe_pcie_3port_switch_0_0_us_port_gt_top_i/diablo_gt.diablo_gt_phy_wrapper/gt_wizard.gtwizard_top_i/bd_aabe_pcie_3port_switch_0_0_us_port_gt_i/inst/gen_gtwizard_gthe4_top.bd_aabe_pcie_3port_switch_0_0_us_port_gt_gtwizard_gthe4_inst/gen_gtwizard_gthe4.gen_common.gen_common_container[0].gen_enabled_common.gthe4_common_wrapper_inst/common_inst/qpll1outclk_out[0]                                                          |             0.2 |
| qpll1outclk_out[0]_2                                                                                                                                                                                                                                                                                                                                                                                                                                                                                                                                                                        | level0_i/blp/blp_i/blp_static_region_ss/inst/static_region/slr1/pcie_3port_switch_0/inst/upstream_port_i/us_port_pcie.p4usp_up_i/inst/bd_aabe_pcie_3port_switch_0_0_us_port_gt_top_i/diablo_gt.diablo_gt_phy_wrapper/gt_wizard.gtwizard_top_i/bd_aabe_pcie_3port_switch_0_0_us_port_gt_i/inst/gen_gtwizard_gthe4_top.bd_aabe_pcie_3port_switch_0_0_us_port_gt_gtwizard_gthe4_inst/gen_gtwizard_gthe4.gen_common.gen_common_container[1].gen_enabled_common.gthe4_common_wrapper_inst/common_inst/qpll1outclk_out[0]                                                          |             0.2 |
| qpll1outrefclk_out[0]                                                                                                                                                                                                                                                                                                                                                                                                                                                                                                                                                                       | level0_i/blp/blp_i/blp_static_region_ss/inst/static_region/slr1/pcie_3port_switch_0/inst/downstream_port_i/ds_port_pcie.p4usp_dp_i/inst/bd_aabe_pcie_3port_switch_0_0_ds_port_gt_top_i/diablo_gt.diablo_gt_phy_wrapper/gt_wizard.gtwizard_top_i/bd_aabe_pcie_3port_switch_0_0_ds_port_gt_i/inst/gen_gtwizard_gthe4_top.bd_aabe_pcie_3port_switch_0_0_ds_port_gt_gtwizard_gthe4_inst/gen_gtwizard_gthe4.gen_common.gen_common_container[2].gen_enabled_common.gthe4_common_wrapper_inst/common_inst/qpll1outrefclk_out[0]                                                     |            10.0 |
| qpll1outrefclk_out[0]_1                                                                                                                                                                                                                                                                                                                                                                                                                                                                                                                                                                     | level0_i/blp/blp_i/blp_static_region_ss/inst/static_region/slr1/pcie_3port_switch_0/inst/upstream_port_i/us_port_pcie.p4usp_up_i/inst/bd_aabe_pcie_3port_switch_0_0_us_port_gt_top_i/diablo_gt.diablo_gt_phy_wrapper/gt_wizard.gtwizard_top_i/bd_aabe_pcie_3port_switch_0_0_us_port_gt_i/inst/gen_gtwizard_gthe4_top.bd_aabe_pcie_3port_switch_0_0_us_port_gt_gtwizard_gthe4_inst/gen_gtwizard_gthe4.gen_common.gen_common_container[0].gen_enabled_common.gthe4_common_wrapper_inst/common_inst/qpll1outrefclk_out[0]                                                       |            10.0 |
| qpll1outrefclk_out[0]_2                                                                                                                                                                                                                                                                                                                                                                                                                                                                                                                                                                     | level0_i/blp/blp_i/blp_static_region_ss/inst/static_region/slr1/pcie_3port_switch_0/inst/upstream_port_i/us_port_pcie.p4usp_up_i/inst/bd_aabe_pcie_3port_switch_0_0_us_port_gt_top_i/diablo_gt.diablo_gt_phy_wrapper/gt_wizard.gtwizard_top_i/bd_aabe_pcie_3port_switch_0_0_us_port_gt_i/inst/gen_gtwizard_gthe4_top.bd_aabe_pcie_3port_switch_0_0_us_port_gt_gtwizard_gthe4_inst/gen_gtwizard_gthe4.gen_common.gen_common_container[1].gen_enabled_common.gthe4_common_wrapper_inst/common_inst/qpll1outrefclk_out[0]                                                       |            10.0 |
+---------------------------------------------------------------------------------------------------------------------------------------------------------------------------------------------------------------------------------------------------------------------------------------------------------------------------------------------------------------------------------------------------------------------------------------------------------------------------------------------------------------------------------------------------------------------------------------------+------------------------------------------------------------------------------------------------------------------------------------------------------------------------------------------------------------------------------------------------------------------------------------------------------------------------------------------------------------------------------------------------------------------------------------------------------------------------------------------------------------------------------------------------------------------------------+-----------------+


3. Detailed Reports
-------------------

3.1 By Hierarchy
----------------

+------------------------------+-----------+
| Name                         | Power (W) |
+------------------------------+-----------+
| level0_wrapper               |     6.212 |
|   level0_i                   |     6.208 |
|     blp                      |     4.237 |
|       blp_i                  |     4.237 |
|     ii_level0_pipe           |     0.029 |
|       inst                   |     0.029 |
|     ulp                      |     1.942 |
|       axi_bram_ctrl_0        |     0.015 |
|       axi_bram_ctrl_0_bram   |     0.018 |
|       axi_interconnect_0     |     0.103 |
|       axi_interconnect_1     |     0.175 |
|       axi_protocol_convert_0 |     0.001 |
|       ddr1_clk_ibufds        |     0.022 |
|       ddrmem_1               |     1.378 |
|       file_sum64_1           |     0.068 |
|       slr1                   |     0.160 |
|       user_debug_bridge      |     0.001 |
+------------------------------+-----------+


388 Infos, 465 Warnings, 12 Critical Warnings and 0 Errors encountered.
report_power completed successfully
report_power: Time (s): cpu = 00:03:08 ; elapsed = 00:01:02 . Memory (MB): peak = 10681.301 ; gain = 24.012 ; free physical = 111069 ; free virtual = 237206
INFO: [Timing 38-480] Writing timing data to binary archive.
Writing XDEF routing.
Writing XDEF routing logical nets.
Writing XDEF routing special nets.
Write XDEF Complete: Time (s): cpu = 00:02:06 ; elapsed = 00:00:49 . Memory (MB): peak = 10687.352 ; gain = 6.051 ; free physical = 110513 ; free virtual = 237138
INFO: [Common 17-1381] The checkpoint '/home/uni/project/smartssd/host_file_sum64/_x/link/vivado/vpl/prj/prj.runs/impl_1/level0_wrapper_routed.dcp' has been generated.
write_checkpoint: Time (s): cpu = 00:02:43 ; elapsed = 00:01:27 . Memory (MB): peak = 10687.352 ; gain = 6.051 ; free physical = 110836 ; free virtual = 237139
INFO: [runtcl-4] Executing : report_timing_summary -max_paths 10 -file hw_bb_locked_timing_summary_routed.rpt -pb hw_bb_locked_timing_summary_routed.pb -rpx hw_bb_locked_timing_summary_routed.rpx -warn_on_violation 
INFO: [Timing 38-91] UpdateTimingParams: Speed grade: -2LV, Temperature grade: E, Delay Type: min_max.
INFO: [Timing 38-191] Multithreading enabled for timing update using a maximum of 8 CPUs
CRITICAL WARNING: [Timing 38-282] The design failed to meet the timing requirements. Please see the timing summary report for details on the timing violations.
WARNING: [Timing 38-436] There are set_bus_skew constraint(s) in this design. Please run report_bus_skew to ensure that bus skew requirements are met.
report_timing_summary: Time (s): cpu = 00:00:51 ; elapsed = 00:00:20 . Memory (MB): peak = 10687.352 ; gain = 0.000 ; free physical = 110675 ; free virtual = 237009
source /home/uni/project/smartssd/host_file_sum64/_x/link/vivado/vpl/scripts/impl_1/_full_write_bitstream_pre.tcl
Starting auto-frequency scaling ...
kernel clock 'blp_s_aclk_kernel2_ref_clk_00':
   clock pin path     : level0_i/ulp/blp_s_aclk_kernel2_ref_clk_00
   original frequency : 500.0 MHz
kernel clock 'blp_s_aclk_kernel_ref_clk_00':
   clock pin path     : level0_i/ulp/blp_s_aclk_kernel_ref_clk_00
   original frequency : 300.0 MHz


INFO: [OCL_UTIL] clock is 'clk_out1_bd_aabe_clkwiz_kernel_0' for pin 'level0_i/ulp/blp_s_aclk_kernel_ref_clk_00'
INFO: [OCL_UTIL] clock is 'clk_out1_bd_aabe_clkwiz_kernel2_0' for pin 'level0_i/ulp/blp_s_aclk_kernel2_ref_clk_00'
Auto-frequency scaling completed
kernel clock 'blp_s_aclk_kernel_ref_clk_00':
   original frequency : 300.0 MHz
   scaled frequency   : 288.3 MHz
WARNING: One or more timing paths failed timing targeting 300.000000 MHz for kernel clock 'blp_s_aclk_kernel_ref_clk_00'. The frequency is being automatically changed to 288.3 MHz to enable proper functionality
WARNING: [Vivado 12-508] No pins matched 'blp_s_aclk_kernel_ref_clk_00'.
kernel clock 'blp_s_aclk_kernel2_ref_clk_00':
   original frequency : 500.0 MHz
   scaled frequency   : 720.4 MHz
INFO: The maximum frequency supported by the runtime is 650 MHz, which this design achieved. The compiler will not select a frequency value higher than the runtime maximum.
WARNING: The auto scaled frequency '650 MHz' exceeds the original specified frequency. The compiler will select the original specified frequency of '500.0' MHz.
WARNING: [Timing 38-436] There are set_bus_skew constraint(s) in this design. Please run report_bus_skew to ensure that bus skew requirements are met.
report_timing_summary: Time (s): cpu = 00:00:47 ; elapsed = 00:00:17 . Memory (MB): peak = 10687.352 ; gain = 0.000 ; free physical = 110662 ; free virtual = 236996
Command: write_bitstream -force -cell level0_i/ulp level0_i_ulp_my_rm_partial.bit
Attempting to get a license for feature 'Implementation' and/or device 'xcku15p'
INFO: [Common 17-349] Got license for feature 'Implementation' and/or device 'xcku15p'
Running DRC as a precondition to command write_bitstream
INFO: [IP_Flow 19-1839] IP Catalog is up to date.
INFO: [DRC 23-27] Running DRC with 8 threads
WARNING: [DRC BUFC-1] Input Buffer Connections: Input buffer spi_1_ss_iobuf/IBUFCTRL_INST has no loads. It is recommended to have an input buffer drive an internal load.
WARNING: [DRC DPIP-2] Input pipelining: DSP level0_i/blp/blp_i/blp_static_region_ss/inst/static_region/slr1/rd_mod_wr_0/inst/rd_mod_wr_inst0/mult_out_r_reg input level0_i/blp/blp_i/blp_static_region_ss/inst/static_region/slr1/rd_mod_wr_0/inst/rd_mod_wr_inst0/mult_out_r_reg/A[29:0] is not pipelined. Pipelining DSP48 input will improve performance.
WARNING: [DRC DPIP-2] Input pipelining: DSP level0_i/blp/blp_i/blp_static_region_ss/inst/static_region/slr1/rd_mod_wr_0/inst/rd_mod_wr_inst0/mult_out_r_reg input level0_i/blp/blp_i/blp_static_region_ss/inst/static_region/slr1/rd_mod_wr_0/inst/rd_mod_wr_inst0/mult_out_r_reg/B[17:0] is not pipelined. Pipelining DSP48 input will improve performance.
WARNING: [DRC DPIP-2] Input pipelining: DSP level0_i/blp/blp_i/blp_static_region_ss/inst/static_region/slr1/rd_mod_wr_0/inst/rd_mod_wr_inst0/subt_out input level0_i/blp/blp_i/blp_static_region_ss/inst/static_region/slr1/rd_mod_wr_0/inst/rd_mod_wr_inst0/subt_out/A[29:0] is not pipelined. Pipelining DSP48 input will improve performance.
WARNING: [DRC DPIP-2] Input pipelining: DSP level0_i/blp/blp_i/blp_static_region_ss/inst/static_region/slr1/rd_mod_wr_0/inst/rd_mod_wr_inst0/subt_out input level0_i/blp/blp_i/blp_static_region_ss/inst/static_region/slr1/rd_mod_wr_0/inst/rd_mod_wr_inst0/subt_out/B[17:0] is not pipelined. Pipelining DSP48 input will improve performance.
WARNING: [DRC DPOP-4] MREG Output pipelining: DSP level0_i/blp/blp_i/blp_static_region_ss/inst/static_region/slr1/rd_mod_wr_0/inst/rd_mod_wr_inst0/mult_out_r_reg multiplier stage level0_i/blp/blp_i/blp_static_region_ss/inst/static_region/slr1/rd_mod_wr_0/inst/rd_mod_wr_inst0/mult_out_r_reg/P[47:0] is not pipelined (MREG=0). Pipelining the multiplier function will improve performance and will save significant power so it is suggested whenever possible to fully pipeline this function.  If this multiplier was inferred, it is suggested to describe an additional register stage after this function.  If there is no registered adder/accumulator following the multiply function, two pipeline stages are suggested to allow both the MREG and PREG registers to be used.  If the DSP48 was instantiated in the design, it is suggested to set both the MREG and PREG attributes to 1 when performing multiply functions.
WARNING: [DRC DPOP-4] MREG Output pipelining: DSP level0_i/blp/blp_i/blp_static_region_ss/inst/static_region/slr1/rd_mod_wr_0/inst/rd_mod_wr_inst0/subt_out multiplier stage level0_i/blp/blp_i/blp_static_region_ss/inst/static_region/slr1/rd_mod_wr_0/inst/rd_mod_wr_inst0/subt_out/P[47:0] is not pipelined (MREG=0). Pipelining the multiplier function will improve performance and will save significant power so it is suggested whenever possible to fully pipeline this function.  If this multiplier was inferred, it is suggested to describe an additional register stage after this function.  If there is no registered adder/accumulator following the multiply function, two pipeline stages are suggested to allow both the MREG and PREG registers to be used.  If the DSP48 was instantiated in the design, it is suggested to set both the MREG and PREG attributes to 1 when performing multiply functions.
WARNING: [DRC FLBO-1] Pblock overlap: pblock_ii_blp_ulp_pipe_0 overlaps with pblock_level0_blp: 0.33%.
WARNING: [DRC FLBO-1] Pblock overlap: pblock_level0_blp overlaps with pblock_ii_blp_ulp_pipe_0: 0.00%.
WARNING: [DRC LOCE-1] Pblock ranges contradict LOC constraints on logic assigned to the Pblock: Pblock pblock_level0_blp's ranges fail to contain LOC constraints on assigned instance level0_i/blp/blp_i/blp_static_region_ss/inst/static_region/slr1/jtag_fallback/inst/bs_switch/inst/BSCAN_SWITCH.N_EXT_BSCAN.u_bufg_icon_tck, level0_i/blp/blp_i/blp_static_region_ss/inst/static_region/slr1/brd_mgmt_scheduler/mdm_board_control/U0/Use_External.Use_BSCANID.No_Dbg_Reg_Access.BUFG_UPDATE/Using_FPGA.Native, level0_i/blp/blp_i/blp_static_region_ss/inst/static_region/slr1/brd_mgmt_scheduler/mdm_board_control/U0/No_Dbg_Reg_Access.BUFG_DRCK/Using_FPGA.Native, level0_i/blp/blp_i/blp_static_region_ss/inst/static_region/slr1/base_clocking/clkwiz_pcie/inst/clkout1_buf, level0_i/blp/blp_i/blp_static_region_ss/inst/static_region/slr1/base_clocking/clkwiz_pcie/inst/plle4_adv_inst, level0_i/blp/blp_i/blp_static_region_ss/inst/static_region/slr1/base_clocking/clkwiz_kernel2/inst/CLK_CORE_DRP_I/clk_inst/clkout1_buf, and level0_i/blp/blp_i/blp_static_region_ss/inst/static_region/slr1/base_clocking/clkwiz_kernel2/inst/CLK_CORE_DRP_I/clk_inst/mmcme4_adv_inst
WARNING: [DRC PDCN-1569] LUT equation term check: Used physical LUT pin 'A1' of cell level0_i/blp/blp_i/blp_static_region_ss/inst/static_region/slr1/jtag_axi_xdma/inst/jtag_axi_engine_u/rd_cmd_fifo_i/inst_fifo_gen/gconvfifo.rf/grf.rf/gntv_or_sync_fifo.gl0.rd/gr1.gr1_int.rfwft/gpregsm1.curr_fwft_state[0]_i_1__2 (pin level0_i/blp/blp_i/blp_static_region_ss/inst/static_region/slr1/jtag_axi_xdma/inst/jtag_axi_engine_u/rd_cmd_fifo_i/inst_fifo_gen/gconvfifo.rf/grf.rf/gntv_or_sync_fifo.gl0.rd/gr1.gr1_int.rfwft/gpregsm1.curr_fwft_state[0]_i_1__2/I1) is not included in the LUT equation: 'O6=(A6+~A6)*((A3)+((~A3)*(~A4)*A5))'. If this cell is a user instantiated LUT in the design, please remove connectivity to the pin or change the equation and/or INIT string of the LUT to prevent this issue. If the cell is inferred or IP created LUT, please regenerate the IP and/or resynthesize the design to attempt to correct the issue.
WARNING: [DRC PDCN-1569] LUT equation term check: Used physical LUT pin 'A1' of cell level0_i/blp/blp_i/blp_static_region_ss/inst/static_region/slr1/jtag_axi_xdma/inst/jtag_axi_engine_u/tx_fifo_i/inst_fifo_gen/gconvfifo.rf/grf.rf/gntv_or_sync_fifo.gl0.rd/gr1.gr1_int.rfwft/gpregsm1.curr_fwft_state[0]_i_1__0 (pin level0_i/blp/blp_i/blp_static_region_ss/inst/static_region/slr1/jtag_axi_xdma/inst/jtag_axi_engine_u/tx_fifo_i/inst_fifo_gen/gconvfifo.rf/grf.rf/gntv_or_sync_fifo.gl0.rd/gr1.gr1_int.rfwft/gpregsm1.curr_fwft_state[0]_i_1__0/I1) is not included in the LUT equation: 'O6=(A6+~A6)*((A5)+((~A5)*(~A2)*A4))'. If this cell is a user instantiated LUT in the design, please remove connectivity to the pin or change the equation and/or INIT string of the LUT to prevent this issue. If the cell is inferred or IP created LUT, please regenerate the IP and/or resynthesize the design to attempt to correct the issue.
WARNING: [DRC PDCN-1569] LUT equation term check: Used physical LUT pin 'A1' of cell level0_i/blp/blp_i/blp_static_region_ss/inst/static_region/slr1/mgmt_debug_bridge/inst/bs_switch/inst/BSCAN_SWITCH.EXT_BSCAN.bscan_switch/temp_curid[31]_i_1 (pin level0_i/blp/blp_i/blp_static_region_ss/inst/static_region/slr1/mgmt_debug_bridge/inst/bs_switch/inst/BSCAN_SWITCH.EXT_BSCAN.bscan_switch/temp_curid[31]_i_1/I1) is not included in the LUT equation: 'O5=(A3*A4)+(A3*(~A4)*(~A5))+((~A3))'. If this cell is a user instantiated LUT in the design, please remove connectivity to the pin or change the equation and/or INIT string of the LUT to prevent this issue. If the cell is inferred or IP created LUT, please regenerate the IP and/or resynthesize the design to attempt to correct the issue.
WARNING: [DRC PDCN-1569] LUT equation term check: Used physical LUT pin 'A1' of cell level0_i/blp/blp_i/blp_static_region_ss/inst/static_region/slr1/pr_isolation_expanded/interconnect_data_slr/m01_couplers/auto_ds/inst/gen_downsizer.gen_simple_downsizer.axi_downsizer_inst/USE_READ.read_addr_inst/cmd_queue/inst/fifo_gen_inst/inst_fifo_gen/gconvfifo.rf/grf.rf/gntv_or_sync_fifo.gl0.rd/gr1.gr1_int.rfwft/gpregsm1.user_valid_i_1 (pin level0_i/blp/blp_i/blp_static_region_ss/inst/static_region/slr1/pr_isolation_expanded/interconnect_data_slr/m01_couplers/auto_ds/inst/gen_downsizer.gen_simple_downsizer.axi_downsizer_inst/USE_READ.read_addr_inst/cmd_queue/inst/fifo_gen_inst/inst_fifo_gen/gconvfifo.rf/grf.rf/gntv_or_sync_fifo.gl0.rd/gr1.gr1_int.rfwft/gpregsm1.user_valid_i_1/I1) is not included in the LUT equation: 'O5=(A5)+((~A5)*(~A2)*A4)'. If this cell is a user instantiated LUT in the design, please remove connectivity to the pin or change the equation and/or INIT string of the LUT to prevent this issue. If the cell is inferred or IP created LUT, please regenerate the IP and/or resynthesize the design to attempt to correct the issue.
WARNING: [DRC PDCN-1569] LUT equation term check: Used physical LUT pin 'A1' of cell level0_i/blp/blp_i/blp_static_region_ss/inst/static_region/slr1/pr_isolation_expanded/interconnect_data_slr/m01_couplers/auto_ds/inst/gen_downsizer.gen_simple_downsizer.axi_downsizer_inst/USE_WRITE.write_addr_inst/USE_B_CHANNEL.cmd_b_queue/inst/fifo_gen_inst/inst_fifo_gen/gconvfifo.rf/grf.rf/gntv_or_sync_fifo.gl0.rd/gr1.gr1_int.rfwft/gpregsm1.user_valid_i_1 (pin level0_i/blp/blp_i/blp_static_region_ss/inst/static_region/slr1/pr_isolation_expanded/interconnect_data_slr/m01_couplers/auto_ds/inst/gen_downsizer.gen_simple_downsizer.axi_downsizer_inst/USE_WRITE.write_addr_inst/USE_B_CHANNEL.cmd_b_queue/inst/fifo_gen_inst/inst_fifo_gen/gconvfifo.rf/grf.rf/gntv_or_sync_fifo.gl0.rd/gr1.gr1_int.rfwft/gpregsm1.user_valid_i_1/I1) is not included in the LUT equation: 'O5=(A2)+((~A2)*(~A5)*A4)'. If this cell is a user instantiated LUT in the design, please remove connectivity to the pin or change the equation and/or INIT string of the LUT to prevent this issue. If the cell is inferred or IP created LUT, please regenerate the IP and/or resynthesize the design to attempt to correct the issue.
WARNING: [DRC PDCN-1569] LUT equation term check: Used physical LUT pin 'A1' of cell level0_i/blp/blp_i/blp_static_region_ss/inst/static_region/slr1/pr_isolation_expanded/interconnect_data_slr/s00_couplers/s00_data_fifo/inst/gen_fifo.fifo_gen_inst/inst_fifo_gen/gaxi_full_lite.gread_ch.grdch2.axi_rdch/grf.rf/gntv_or_sync_fifo.gl0.rd/gr1.gr1_int.rfwft/gpregsm1.user_valid_i_1__2 (pin level0_i/blp/blp_i/blp_static_region_ss/inst/static_region/slr1/pr_isolation_expanded/interconnect_data_slr/s00_couplers/s00_data_fifo/inst/gen_fifo.fifo_gen_inst/inst_fifo_gen/gaxi_full_lite.gread_ch.grdch2.axi_rdch/grf.rf/gntv_or_sync_fifo.gl0.rd/gr1.gr1_int.rfwft/gpregsm1.user_valid_i_1__2/I0) is not included in the LUT equation: 'O6=(A5*A2)+(A5*(~A2)*A3)+((~A5)*A4*A3)+((~A5)*(~A4)*A2)+((~A5)*(~A4)*(~A2)*A3)'. If this cell is a user instantiated LUT in the design, please remove connectivity to the pin or change the equation and/or INIT string of the LUT to prevent this issue. If the cell is inferred or IP created LUT, please regenerate the IP and/or resynthesize the design to attempt to correct the issue.
WARNING: [DRC PDCN-1569] LUT equation term check: Used physical LUT pin 'A1' of cell level0_i/blp/blp_i/blp_static_region_ss/inst/static_region/slr1/pr_isolation_expanded/interconnect_data_slr/s00_couplers/s00_data_fifo/inst/gen_fifo.fifo_gen_inst/inst_fifo_gen/gaxi_full_lite.gwrite_ch.gwach2.axi_wach/grf.rf/gntv_or_sync_fifo.gl0.rd/gr1.gr1_int.rfwft/gpregsm1.user_valid_i_1 (pin level0_i/blp/blp_i/blp_static_region_ss/inst/static_region/slr1/pr_isolation_expanded/interconnect_data_slr/s00_couplers/s00_data_fifo/inst/gen_fifo.fifo_gen_inst/inst_fifo_gen/gaxi_full_lite.gwrite_ch.gwach2.axi_wach/grf.rf/gntv_or_sync_fifo.gl0.rd/gr1.gr1_int.rfwft/gpregsm1.user_valid_i_1/I0) is not included in the LUT equation: 'O5=(A3*A2)+((~A3)*A5)+((~A3)*(~A5)*A2)'. If this cell is a user instantiated LUT in the design, please remove connectivity to the pin or change the equation and/or INIT string of the LUT to prevent this issue. If the cell is inferred or IP created LUT, please regenerate the IP and/or resynthesize the design to attempt to correct the issue.
WARNING: [DRC PDCN-1569] LUT equation term check: Used physical LUT pin 'A1' of cell level0_i/blp/blp_i/blp_static_region_ss/inst/static_region/slr1/pr_isolation_expanded/interconnect_data_slr/s00_couplers/s00_data_fifo/inst/gen_fifo.fifo_gen_inst/inst_fifo_gen/gaxi_full_lite.gwrite_ch.gwdch2.axi_wdch/grf.rf/gntv_or_sync_fifo.gl0.rd/gr1.gr1_int.rfwft/gpregsm1.user_valid_i_1__0 (pin level0_i/blp/blp_i/blp_static_region_ss/inst/static_region/slr1/pr_isolation_expanded/interconnect_data_slr/s00_couplers/s00_data_fifo/inst/gen_fifo.fifo_gen_inst/inst_fifo_gen/gaxi_full_lite.gwrite_ch.gwdch2.axi_wdch/grf.rf/gntv_or_sync_fifo.gl0.rd/gr1.gr1_int.rfwft/gpregsm1.user_valid_i_1__0/I0) is not included in the LUT equation: 'O6=(A6+~A6)*((A2*A4)+(A2*(~A4)*A5)+((~A2)*A3*A5)+((~A2)*(~A3)*A4)+((~A2)*(~A3)*(~A4)*A5))'. If this cell is a user instantiated LUT in the design, please remove connectivity to the pin or change the equation and/or INIT string of the LUT to prevent this issue. If the cell is inferred or IP created LUT, please regenerate the IP and/or resynthesize the design to attempt to correct the issue.
WARNING: [DRC PDCN-1569] LUT equation term check: Used physical LUT pin 'A1' of cell level0_i/ulp/axi_interconnect_0/s01_couplers/auto_us_cc_df/inst/gen_upsizer.gen_full_upsizer.axi_upsizer_inst/USE_READ.gen_pktfifo_r_upsizer.pktfifo_read_data_inst/m_cmd_fifo/inst_fifo_gen/gconvfifo.rf/grf.rf/gntv_or_sync_fifo.gl0.rd/gr1.gr1_int.rfwft/gpregsm1.user_valid_i_1 (pin level0_i/ulp/axi_interconnect_0/s01_couplers/auto_us_cc_df/inst/gen_upsizer.gen_full_upsizer.axi_upsizer_inst/USE_READ.gen_pktfifo_r_upsizer.pktfifo_read_data_inst/m_cmd_fifo/inst_fifo_gen/gconvfifo.rf/grf.rf/gntv_or_sync_fifo.gl0.rd/gr1.gr1_int.rfwft/gpregsm1.user_valid_i_1/I1) is not included in the LUT equation: 'O5=(A5)+((~A5)*(~A2)*A4)'. If this cell is a user instantiated LUT in the design, please remove connectivity to the pin or change the equation and/or INIT string of the LUT to prevent this issue. If the cell is inferred or IP created LUT, please regenerate the IP and/or resynthesize the design to attempt to correct the issue.
WARNING: [DRC PDCN-1569] LUT equation term check: Used physical LUT pin 'A1' of cell level0_i/ulp/axi_interconnect_0/s02_couplers/auto_us_cc_df/inst/gen_upsizer.gen_full_upsizer.axi_upsizer_inst/USE_WRITE.gen_pktfifo_w_upsizer.pktfifo_write_data_inst/dw_fifogen_aw/inst_fifo_gen/gaxi_full_lite.gwrite_ch.gwach2.axi_wach/grf.rf/gntv_or_sync_fifo.gl0.rd/gr1.gr1_int.rfwft/gpregsm1.user_valid_i_1 (pin level0_i/ulp/axi_interconnect_0/s02_couplers/auto_us_cc_df/inst/gen_upsizer.gen_full_upsizer.axi_upsizer_inst/USE_WRITE.gen_pktfifo_w_upsizer.pktfifo_write_data_inst/dw_fifogen_aw/inst_fifo_gen/gaxi_full_lite.gwrite_ch.gwach2.axi_wach/grf.rf/gntv_or_sync_fifo.gl0.rd/gr1.gr1_int.rfwft/gpregsm1.user_valid_i_1/I1) is not included in the LUT equation: 'O5=(A3)+((~A3)*(~A2)*A4)'. If this cell is a user instantiated LUT in the design, please remove connectivity to the pin or change the equation and/or INIT string of the LUT to prevent this issue. If the cell is inferred or IP created LUT, please regenerate the IP and/or resynthesize the design to attempt to correct the issue.
WARNING: [DRC PDCN-1569] LUT equation term check: Used physical LUT pin 'A1' of cell level0_i/ulp/user_debug_bridge/inst/bs_switch_1/inst/BSCAN_SWITCH.EXT_BSCAN.bscan_switch/temp_curid[31]_i_1 (pin level0_i/ulp/user_debug_bridge/inst/bs_switch_1/inst/BSCAN_SWITCH.EXT_BSCAN.bscan_switch/temp_curid[31]_i_1/I0) is not included in the LUT equation: 'O6=(A6+~A6)*((A5*A2)+(A5*(~A2)*(~A4))+((~A5)))'. If this cell is a user instantiated LUT in the design, please remove connectivity to the pin or change the equation and/or INIT string of the LUT to prevent this issue. If the cell is inferred or IP created LUT, please regenerate the IP and/or resynthesize the design to attempt to correct the issue.
WARNING: [DRC PDCN-1569] LUT equation term check: Used physical LUT pin 'A2' of cell level0_i/blp/blp_i/blp_static_region_ss/inst/static_region/slr1/axi_interconnect_1/m01_couplers/auto_ds/inst/gen_downsizer.gen_simple_downsizer.axi_downsizer_inst/USE_WRITE.write_addr_inst/USE_B_CHANNEL.cmd_b_queue/inst/fifo_gen_inst/inst_fifo_gen/gconvfifo.rf/grf.rf/gntv_or_sync_fifo.gl0.rd/gr1.gr1_int.rfwft/gpregsm1.user_valid_i_1 (pin level0_i/blp/blp_i/blp_static_region_ss/inst/static_region/slr1/axi_interconnect_1/m01_couplers/auto_ds/inst/gen_downsizer.gen_simple_downsizer.axi_downsizer_inst/USE_WRITE.write_addr_inst/USE_B_CHANNEL.cmd_b_queue/inst/fifo_gen_inst/inst_fifo_gen/gconvfifo.rf/grf.rf/gntv_or_sync_fifo.gl0.rd/gr1.gr1_int.rfwft/gpregsm1.user_valid_i_1/I1) is not included in the LUT equation: 'O5=(A4)+((~A4)*(~A5)*A3)'. If this cell is a user instantiated LUT in the design, please remove connectivity to the pin or change the equation and/or INIT string of the LUT to prevent this issue. If the cell is inferred or IP created LUT, please regenerate the IP and/or resynthesize the design to attempt to correct the issue.
WARNING: [DRC PDCN-1569] LUT equation term check: Used physical LUT pin 'A2' of cell level0_i/blp/blp_i/blp_static_region_ss/inst/static_region/slr1/axi_interconnect_1/m01_couplers/auto_ds/inst/gen_downsizer.gen_simple_downsizer.axi_downsizer_inst/USE_WRITE.write_addr_inst/cmd_queue/inst/fifo_gen_inst/inst_fifo_gen/gconvfifo.rf/grf.rf/gntv_or_sync_fifo.gl0.rd/gr1.gr1_int.rfwft/gpregsm1.user_valid_i_1 (pin level0_i/blp/blp_i/blp_static_region_ss/inst/static_region/slr1/axi_interconnect_1/m01_couplers/auto_ds/inst/gen_downsizer.gen_simple_downsizer.axi_downsizer_inst/USE_WRITE.write_addr_inst/cmd_queue/inst/fifo_gen_inst/inst_fifo_gen/gconvfifo.rf/grf.rf/gntv_or_sync_fifo.gl0.rd/gr1.gr1_int.rfwft/gpregsm1.user_valid_i_1/I1) is not included in the LUT equation: 'O5=(A3)+((~A3)*(~A4)*A5)'. If this cell is a user instantiated LUT in the design, please remove connectivity to the pin or change the equation and/or INIT string of the LUT to prevent this issue. If the cell is inferred or IP created LUT, please regenerate the IP and/or resynthesize the design to attempt to correct the issue.
WARNING: [DRC PDCN-1569] LUT equation term check: Used physical LUT pin 'A2' of cell level0_i/blp/blp_i/blp_static_region_ss/inst/static_region/slr1/jtag_axi_xdma/inst/jtag_axi_engine_u/rd_cmd_fifo_i/inst_fifo_gen/gconvfifo.rf/grf.rf/gntv_or_sync_fifo.gl0.rd/gr1.gr1_int.rfwft/gpregsm1.user_valid_i_1__2 (pin level0_i/blp/blp_i/blp_static_region_ss/inst/static_region/slr1/jtag_axi_xdma/inst/jtag_axi_engine_u/rd_cmd_fifo_i/inst_fifo_gen/gconvfifo.rf/grf.rf/gntv_or_sync_fifo.gl0.rd/gr1.gr1_int.rfwft/gpregsm1.user_valid_i_1__2/I1) is not included in the LUT equation: 'O6=(A6)+((~A6)*(~A1)*A4)'. If this cell is a user instantiated LUT in the design, please remove connectivity to the pin or change the equation and/or INIT string of the LUT to prevent this issue. If the cell is inferred or IP created LUT, please regenerate the IP and/or resynthesize the design to attempt to correct the issue.
WARNING: [DRC PDCN-1569] LUT equation term check: Used physical LUT pin 'A2' of cell level0_i/blp/blp_i/blp_static_region_ss/inst/static_region/slr1/jtag_fallback/inst/bs_switch/inst/BSCAN_SWITCH.N_EXT_BSCAN.bscan_switch/temp_curid[31]_i_1 (pin level0_i/blp/blp_i/blp_static_region_ss/inst/static_region/slr1/jtag_fallback/inst/bs_switch/inst/BSCAN_SWITCH.N_EXT_BSCAN.bscan_switch/temp_curid[31]_i_1/I0) is not included in the LUT equation: 'O5=(A5*A4)+(A5*(~A4)*(~A1))+((~A5))'. If this cell is a user instantiated LUT in the design, please remove connectivity to the pin or change the equation and/or INIT string of the LUT to prevent this issue. If the cell is inferred or IP created LUT, please regenerate the IP and/or resynthesize the design to attempt to correct the issue.
WARNING: [DRC PDCN-1569] LUT equation term check: Used physical LUT pin 'A2' of cell level0_i/blp/blp_i/blp_static_region_ss/inst/static_region/slr1/mgmt_debug_bridge/inst/bs_switch/inst/BSCAN_SWITCH.EXT_BSCAN.bscan_switch/temp_curid[31]_i_1 (pin level0_i/blp/blp_i/blp_static_region_ss/inst/static_region/slr1/mgmt_debug_bridge/inst/bs_switch/inst/BSCAN_SWITCH.EXT_BSCAN.bscan_switch/temp_curid[31]_i_1/I0) is not included in the LUT equation: 'O5=(A3*A4)+(A3*(~A4)*(~A5))+((~A3))'. If this cell is a user instantiated LUT in the design, please remove connectivity to the pin or change the equation and/or INIT string of the LUT to prevent this issue. If the cell is inferred or IP created LUT, please regenerate the IP and/or resynthesize the design to attempt to correct the issue.
WARNING: [DRC PDCN-1569] LUT equation term check: Used physical LUT pin 'A2' of cell level0_i/blp/blp_i/blp_static_region_ss/inst/static_region/slr1/mgmt_debug_bridge/inst/bs_switch_1/inst/BSCAN_SWITCH.EXT_BSCAN.bscan_switch/temp_curid[31]_i_1 (pin level0_i/blp/blp_i/blp_static_region_ss/inst/static_region/slr1/mgmt_debug_bridge/inst/bs_switch_1/inst/BSCAN_SWITCH.EXT_BSCAN.bscan_switch/temp_curid[31]_i_1/I0) is not included in the LUT equation: 'O6=(A6+~A6)*((A3*A1)+(A3*(~A1)*(~A4))+((~A3)))'. If this cell is a user instantiated LUT in the design, please remove connectivity to the pin or change the equation and/or INIT string of the LUT to prevent this issue. If the cell is inferred or IP created LUT, please regenerate the IP and/or resynthesize the design to attempt to correct the issue.
WARNING: [DRC PDCN-1569] LUT equation term check: Used physical LUT pin 'A2' of cell level0_i/blp/blp_i/blp_static_region_ss/inst/static_region/slr1/pr_isolation_expanded/interconnect_data_slr/m01_couplers/auto_ds/inst/gen_downsizer.gen_simple_downsizer.axi_downsizer_inst/USE_WRITE.write_addr_inst/cmd_queue/inst/fifo_gen_inst/inst_fifo_gen/gconvfifo.rf/grf.rf/gntv_or_sync_fifo.gl0.rd/gr1.gr1_int.rfwft/gpregsm1.user_valid_i_1 (pin level0_i/blp/blp_i/blp_static_region_ss/inst/static_region/slr1/pr_isolation_expanded/interconnect_data_slr/m01_couplers/auto_ds/inst/gen_downsizer.gen_simple_downsizer.axi_downsizer_inst/USE_WRITE.write_addr_inst/cmd_queue/inst/fifo_gen_inst/inst_fifo_gen/gconvfifo.rf/grf.rf/gntv_or_sync_fifo.gl0.rd/gr1.gr1_int.rfwft/gpregsm1.user_valid_i_1/I1) is not included in the LUT equation: 'O5=(A1)+((~A1)*(~A3)*A4)'. If this cell is a user instantiated LUT in the design, please remove connectivity to the pin or change the equation and/or INIT string of the LUT to prevent this issue. If the cell is inferred or IP created LUT, please regenerate the IP and/or resynthesize the design to attempt to correct the issue.
WARNING: [DRC PDCN-1569] LUT equation term check: Used physical LUT pin 'A2' of cell level0_i/ulp/axi_interconnect_0/s01_couplers/auto_us_cc_df/inst/gen_upsizer.gen_full_upsizer.axi_upsizer_inst/USE_READ.gen_pktfifo_r_upsizer.pktfifo_read_data_inst/dw_fifogen_rresp/inst_fifo_gen/gconvfifo.rf/grf.rf/gntv_or_sync_fifo.gl0.rd/gr1.gr1_int.rfwft/gpregsm1.user_valid_i_1 (pin level0_i/ulp/axi_interconnect_0/s01_couplers/auto_us_cc_df/inst/gen_upsizer.gen_full_upsizer.axi_upsizer_inst/USE_READ.gen_pktfifo_r_upsizer.pktfifo_read_data_inst/dw_fifogen_rresp/inst_fifo_gen/gconvfifo.rf/grf.rf/gntv_or_sync_fifo.gl0.rd/gr1.gr1_int.rfwft/gpregsm1.user_valid_i_1/I1) is not included in the LUT equation: 'O6=(A6+~A6)*((A3)+((~A3)*(~A5)*A1))'. If this cell is a user instantiated LUT in the design, please remove connectivity to the pin or change the equation and/or INIT string of the LUT to prevent this issue. If the cell is inferred or IP created LUT, please regenerate the IP and/or resynthesize the design to attempt to correct the issue.
WARNING: [DRC PDCN-1569] LUT equation term check: Used physical LUT pin 'A2' of cell level0_i/ulp/axi_interconnect_0/s02_couplers/auto_us_cc_df/inst/gen_upsizer.gen_full_upsizer.axi_upsizer_inst/USE_WRITE.gen_pktfifo_w_upsizer.pktfifo_write_data_inst/gen_awpop_fifo.dw_fifogen_awpop/inst_fifo_gen/gconvfifo.rf/grf.rf/gntv_or_sync_fifo.gl0.rd/gr1.gr1_int.rfwft/gpregsm1.user_valid_i_1 (pin level0_i/ulp/axi_interconnect_0/s02_couplers/auto_us_cc_df/inst/gen_upsizer.gen_full_upsizer.axi_upsizer_inst/USE_WRITE.gen_pktfifo_w_upsizer.pktfifo_write_data_inst/gen_awpop_fifo.dw_fifogen_awpop/inst_fifo_gen/gconvfifo.rf/grf.rf/gntv_or_sync_fifo.gl0.rd/gr1.gr1_int.rfwft/gpregsm1.user_valid_i_1/I1) is not included in the LUT equation: 'O5=(A5)+((~A5)*A3*A4)'. If this cell is a user instantiated LUT in the design, please remove connectivity to the pin or change the equation and/or INIT string of the LUT to prevent this issue. If the cell is inferred or IP created LUT, please regenerate the IP and/or resynthesize the design to attempt to correct the issue.
WARNING: [DRC PDCN-1569] LUT equation term check: Used physical LUT pin 'A3' of cell level0_i/blp/blp_i/blp_static_region_ss/inst/static_region/slr1/jtag_axi_xdma/inst/jtag_axi_engine_u/tx_fifo_i/inst_fifo_gen/gconvfifo.rf/grf.rf/gntv_or_sync_fifo.gl0.rd/gr1.gr1_int.rfwft/gpregsm1.user_valid_i_1__0 (pin level0_i/blp/blp_i/blp_static_region_ss/inst/static_region/slr1/jtag_axi_xdma/inst/jtag_axi_engine_u/tx_fifo_i/inst_fifo_gen/gconvfifo.rf/grf.rf/gntv_or_sync_fifo.gl0.rd/gr1.gr1_int.rfwft/gpregsm1.user_valid_i_1__0/I1) is not included in the LUT equation: 'O6=(A6)+((~A6)*(~A2)*A4)'. If this cell is a user instantiated LUT in the design, please remove connectivity to the pin or change the equation and/or INIT string of the LUT to prevent this issue. If the cell is inferred or IP created LUT, please regenerate the IP and/or resynthesize the design to attempt to correct the issue.
WARNING: [DRC PDCN-1569] LUT equation term check: Used physical LUT pin 'A3' of cell level0_i/blp/blp_i/blp_static_region_ss/inst/static_region/slr1/jtag_fallback/inst/bs_switch/inst/BSCAN_SWITCH.N_EXT_BSCAN.bscan_switch/temp_curid[31]_i_1 (pin level0_i/blp/blp_i/blp_static_region_ss/inst/static_region/slr1/jtag_fallback/inst/bs_switch/inst/BSCAN_SWITCH.N_EXT_BSCAN.bscan_switch/temp_curid[31]_i_1/I1) is not included in the LUT equation: 'O5=(A5*A4)+(A5*(~A4)*(~A1))+((~A5))'. If this cell is a user instantiated LUT in the design, please remove connectivity to the pin or change the equation and/or INIT string of the LUT to prevent this issue. If the cell is inferred or IP created LUT, please regenerate the IP and/or resynthesize the design to attempt to correct the issue.
WARNING: [DRC PDCN-1569] LUT equation term check: Used physical LUT pin 'A3' of cell level0_i/ulp/user_debug_bridge/inst/bs_switch_1/inst/BSCAN_SWITCH.EXT_BSCAN.bscan_switch/temp_curid[31]_i_1 (pin level0_i/ulp/user_debug_bridge/inst/bs_switch_1/inst/BSCAN_SWITCH.EXT_BSCAN.bscan_switch/temp_curid[31]_i_1/I1) is not included in the LUT equation: 'O6=(A6+~A6)*((A5*A2)+(A5*(~A2)*(~A4))+((~A5)))'. If this cell is a user instantiated LUT in the design, please remove connectivity to the pin or change the equation and/or INIT string of the LUT to prevent this issue. If the cell is inferred or IP created LUT, please regenerate the IP and/or resynthesize the design to attempt to correct the issue.
WARNING: [DRC PDCN-1569] LUT equation term check: Used physical LUT pin 'A4' of cell level0_i/blp/blp_i/blp_static_region_ss/inst/static_region/slr1/mgmt_debug_bridge/inst/bs_mux/inst/id_state[0]_i_1 (pin level0_i/blp/blp_i/blp_static_region_ss/inst/static_region/slr1/mgmt_debug_bridge/inst/bs_mux/inst/id_state[0]_i_1/I0) is not included in the LUT equation: 'O6=(A6+~A6)*((A2))'. If this cell is a user instantiated LUT in the design, please remove connectivity to the pin or change the equation and/or INIT string of the LUT to prevent this issue. If the cell is inferred or IP created LUT, please regenerate the IP and/or resynthesize the design to attempt to correct the issue.
WARNING: [DRC PDCN-1569] LUT equation term check: Used physical LUT pin 'A4' of cell level0_i/blp/blp_i/blp_static_region_ss/inst/static_region/slr1/mgmt_debug_hub/inst/bs_switch/inst/BSCAN_SWITCH.EXT_BSCAN.bscan_switch/temp_curid[31]_i_1 (pin level0_i/blp/blp_i/blp_static_region_ss/inst/static_region/slr1/mgmt_debug_hub/inst/bs_switch/inst/BSCAN_SWITCH.EXT_BSCAN.bscan_switch/temp_curid[31]_i_1/I1) is not included in the LUT equation: 'O6=(A6+~A6)*((A2*A1)+(A2*(~A1)*(~A3))+((~A2)))'. If this cell is a user instantiated LUT in the design, please remove connectivity to the pin or change the equation and/or INIT string of the LUT to prevent this issue. If the cell is inferred or IP created LUT, please regenerate the IP and/or resynthesize the design to attempt to correct the issue.
WARNING: [DRC PDCN-1569] LUT equation term check: Used physical LUT pin 'A4' of cell level0_i/blp/blp_i/blp_static_region_ss/inst/static_region/slr1/mgmt_debug_hub/inst/xsdbm/inst/BSCANID.u_xsdbm_id/EXT_BSCAN.id_state[0]_i_1 (pin level0_i/blp/blp_i/blp_static_region_ss/inst/static_region/slr1/mgmt_debug_hub/inst/xsdbm/inst/BSCANID.u_xsdbm_id/EXT_BSCAN.id_state[0]_i_1/I0) is not included in the LUT equation: 'O6=(A6+~A6)*((A5))'. If this cell is a user instantiated LUT in the design, please remove connectivity to the pin or change the equation and/or INIT string of the LUT to prevent this issue. If the cell is inferred or IP created LUT, please regenerate the IP and/or resynthesize the design to attempt to correct the issue.
WARNING: [DRC PDCN-1569] LUT equation term check: Used physical LUT pin 'A4' of cell level0_i/ulp/axi_interconnect_0/s01_couplers/auto_us_cc_df/inst/gen_upsizer.gen_full_upsizer.axi_upsizer_inst/USE_READ.gen_pktfifo_r_upsizer.pktfifo_read_data_inst/dw_fifogen_ar/inst_fifo_gen/gaxi_full_lite.gread_ch.grach2.axi_rach/grf.rf/gntv_or_sync_fifo.gl0.rd/gr1.gr1_int.rfwft/gpregsm1.user_valid_i_1 (pin level0_i/ulp/axi_interconnect_0/s01_couplers/auto_us_cc_df/inst/gen_upsizer.gen_full_upsizer.axi_upsizer_inst/USE_READ.gen_pktfifo_r_upsizer.pktfifo_read_data_inst/dw_fifogen_ar/inst_fifo_gen/gaxi_full_lite.gread_ch.grach2.axi_rach/grf.rf/gntv_or_sync_fifo.gl0.rd/gr1.gr1_int.rfwft/gpregsm1.user_valid_i_1/I1) is not included in the LUT equation: 'O5=(A3)+((~A3)*(~A5)*A1)'. If this cell is a user instantiated LUT in the design, please remove connectivity to the pin or change the equation and/or INIT string of the LUT to prevent this issue. If the cell is inferred or IP created LUT, please regenerate the IP and/or resynthesize the design to attempt to correct the issue.
WARNING: [DRC PDCN-1569] LUT equation term check: Used physical LUT pin 'A5' of cell level0_i/blp/blp_i/blp_static_region_ss/inst/static_region/slr1/axi_interconnect_1/m01_couplers/auto_ds/inst/gen_downsizer.gen_simple_downsizer.axi_downsizer_inst/USE_READ.read_addr_inst/cmd_queue/inst/fifo_gen_inst/inst_fifo_gen/gconvfifo.rf/grf.rf/gntv_or_sync_fifo.gl0.rd/gr1.gr1_int.rfwft/gpregsm1.user_valid_i_1 (pin level0_i/blp/blp_i/blp_static_region_ss/inst/static_region/slr1/axi_interconnect_1/m01_couplers/auto_ds/inst/gen_downsizer.gen_simple_downsizer.axi_downsizer_inst/USE_READ.read_addr_inst/cmd_queue/inst/fifo_gen_inst/inst_fifo_gen/gconvfifo.rf/grf.rf/gntv_or_sync_fifo.gl0.rd/gr1.gr1_int.rfwft/gpregsm1.user_valid_i_1/I1) is not included in the LUT equation: 'O5=(A2)+((~A2)*(~A1)*A4)'. If this cell is a user instantiated LUT in the design, please remove connectivity to the pin or change the equation and/or INIT string of the LUT to prevent this issue. If the cell is inferred or IP created LUT, please regenerate the IP and/or resynthesize the design to attempt to correct the issue.
WARNING: [DRC PDCN-1569] LUT equation term check: Used physical LUT pin 'A5' of cell level0_i/blp/blp_i/blp_static_region_ss/inst/static_region/slr1/jtag_axi_xdma/inst/jtag_axi_engine_u/wr_cmd_fifo_i/inst_fifo_gen/gconvfifo.rf/grf.rf/gntv_or_sync_fifo.gl0.rd/gr1.gr1_int.rfwft/gpregsm1.curr_fwft_state[0]_i_1__1 (pin level0_i/blp/blp_i/blp_static_region_ss/inst/static_region/slr1/jtag_axi_xdma/inst/jtag_axi_engine_u/wr_cmd_fifo_i/inst_fifo_gen/gconvfifo.rf/grf.rf/gntv_or_sync_fifo.gl0.rd/gr1.gr1_int.rfwft/gpregsm1.curr_fwft_state[0]_i_1__1/I1) is not included in the LUT equation: 'O6=(A6+~A6)*((A3)+((~A3)*(~A1)*A2))'. If this cell is a user instantiated LUT in the design, please remove connectivity to the pin or change the equation and/or INIT string of the LUT to prevent this issue. If the cell is inferred or IP created LUT, please regenerate the IP and/or resynthesize the design to attempt to correct the issue.
WARNING: [DRC PDCN-1569] LUT equation term check: Used physical LUT pin 'A5' of cell level0_i/blp/blp_i/blp_static_region_ss/inst/static_region/slr1/jtag_axi_xdma/inst/jtag_axi_engine_u/wr_cmd_fifo_i/inst_fifo_gen/gconvfifo.rf/grf.rf/gntv_or_sync_fifo.gl0.rd/gr1.gr1_int.rfwft/gpregsm1.user_valid_i_1__1 (pin level0_i/blp/blp_i/blp_static_region_ss/inst/static_region/slr1/jtag_axi_xdma/inst/jtag_axi_engine_u/wr_cmd_fifo_i/inst_fifo_gen/gconvfifo.rf/grf.rf/gntv_or_sync_fifo.gl0.rd/gr1.gr1_int.rfwft/gpregsm1.user_valid_i_1__1/I1) is not included in the LUT equation: 'O6=(A3)+((~A3)*(~A1)*A6)'. If this cell is a user instantiated LUT in the design, please remove connectivity to the pin or change the equation and/or INIT string of the LUT to prevent this issue. If the cell is inferred or IP created LUT, please regenerate the IP and/or resynthesize the design to attempt to correct the issue.
WARNING: [DRC PDCN-1569] LUT equation term check: Used physical LUT pin 'A5' of cell level0_i/blp/blp_i/blp_static_region_ss/inst/static_region/slr1/mgmt_debug_bridge/inst/bs_switch_1/inst/BSCAN_SWITCH.EXT_BSCAN.bscan_switch/temp_curid[31]_i_1 (pin level0_i/blp/blp_i/blp_static_region_ss/inst/static_region/slr1/mgmt_debug_bridge/inst/bs_switch_1/inst/BSCAN_SWITCH.EXT_BSCAN.bscan_switch/temp_curid[31]_i_1/I1) is not included in the LUT equation: 'O6=(A6+~A6)*((A3*A1)+(A3*(~A1)*(~A4))+((~A3)))'. If this cell is a user instantiated LUT in the design, please remove connectivity to the pin or change the equation and/or INIT string of the LUT to prevent this issue. If the cell is inferred or IP created LUT, please regenerate the IP and/or resynthesize the design to attempt to correct the issue.
WARNING: [DRC PDCN-1569] LUT equation term check: Used physical LUT pin 'A5' of cell level0_i/blp/blp_i/blp_static_region_ss/inst/static_region/slr1/mgmt_debug_hub/inst/bs_switch/inst/BSCAN_SWITCH.EXT_BSCAN.bscan_switch/temp_curid[31]_i_1 (pin level0_i/blp/blp_i/blp_static_region_ss/inst/static_region/slr1/mgmt_debug_hub/inst/bs_switch/inst/BSCAN_SWITCH.EXT_BSCAN.bscan_switch/temp_curid[31]_i_1/I0) is not included in the LUT equation: 'O6=(A6+~A6)*((A2*A1)+(A2*(~A1)*(~A3))+((~A2)))'. If this cell is a user instantiated LUT in the design, please remove connectivity to the pin or change the equation and/or INIT string of the LUT to prevent this issue. If the cell is inferred or IP created LUT, please regenerate the IP and/or resynthesize the design to attempt to correct the issue.
WARNING: [DRC PDCN-1569] LUT equation term check: Used physical LUT pin 'A5' of cell level0_i/blp/blp_i/blp_static_region_ss/inst/static_region/slr1/pr_isolation_expanded/interconnect_data_slr/s00_couplers/s00_data_fifo/inst/gen_fifo.fifo_gen_inst/inst_fifo_gen/gaxi_full_lite.gread_ch.grach2.axi_rach/grf.rf/gntv_or_sync_fifo.gl0.rd/gr1.gr1_int.rfwft/gpregsm1.user_valid_i_1__1 (pin level0_i/blp/blp_i/blp_static_region_ss/inst/static_region/slr1/pr_isolation_expanded/interconnect_data_slr/s00_couplers/s00_data_fifo/inst/gen_fifo.fifo_gen_inst/inst_fifo_gen/gaxi_full_lite.gread_ch.grach2.axi_rach/grf.rf/gntv_or_sync_fifo.gl0.rd/gr1.gr1_int.rfwft/gpregsm1.user_valid_i_1__1/I0) is not included in the LUT equation: 'O6=(A2*A1*A6*A3)+(A2*A1*A6*(~A3)*A4)+(A2*A1*(~A6)*A4)+(A2*(~A1)*A3)+(A2*(~A1)*(~A3)*A4)+((~A2)*A3)+((~A2)*(~A3)*A4)'. If this cell is a user instantiated LUT in the design, please remove connectivity to the pin or change the equation and/or INIT string of the LUT to prevent this issue. If the cell is inferred or IP created LUT, please regenerate the IP and/or resynthesize the design to attempt to correct the issue.
WARNING: [DRC PDCN-1569] LUT equation term check: Used physical LUT pin 'A5' of cell level0_i/ulp/axi_interconnect_0/s01_couplers/auto_us_cc_df/inst/gen_upsizer.gen_full_upsizer.axi_upsizer_inst/USE_READ.gen_pktfifo_r_upsizer.pktfifo_read_data_inst/s_cmd_fifo/inst_fifo_gen/gconvfifo.rf/grf.rf/gntv_or_sync_fifo.gl0.rd/gr1.gr1_int.rfwft/gpregsm1.user_valid_i_1 (pin level0_i/ulp/axi_interconnect_0/s01_couplers/auto_us_cc_df/inst/gen_upsizer.gen_full_upsizer.axi_upsizer_inst/USE_READ.gen_pktfifo_r_upsizer.pktfifo_read_data_inst/s_cmd_fifo/inst_fifo_gen/gconvfifo.rf/grf.rf/gntv_or_sync_fifo.gl0.rd/gr1.gr1_int.rfwft/gpregsm1.user_valid_i_1/I1) is not included in the LUT equation: 'O5=(A2)+((~A2)*(~A1)*A4)'. If this cell is a user instantiated LUT in the design, please remove connectivity to the pin or change the equation and/or INIT string of the LUT to prevent this issue. If the cell is inferred or IP created LUT, please regenerate the IP and/or resynthesize the design to attempt to correct the issue.
WARNING: [DRC PDCN-1569] LUT equation term check: Used physical LUT pin 'A5' of cell level0_i/ulp/axi_interconnect_0/s02_couplers/auto_us_cc_df/inst/gen_upsizer.gen_full_upsizer.axi_upsizer_inst/USE_WRITE.gen_b_clk_conv.gen_b_async_conv.dw_fifogen_b_async/inst_fifo_gen/gaxi_full_lite.gwrite_ch.gwrch2.axi_wrch/grf.rf/gntv_or_sync_fifo.gl0.rd/gr1.gr1_int.rfwft/gpregsm1.user_valid_i_1 (pin level0_i/ulp/axi_interconnect_0/s02_couplers/auto_us_cc_df/inst/gen_upsizer.gen_full_upsizer.axi_upsizer_inst/USE_WRITE.gen_b_clk_conv.gen_b_async_conv.dw_fifogen_b_async/inst_fifo_gen/gaxi_full_lite.gwrite_ch.gwrch2.axi_wrch/grf.rf/gntv_or_sync_fifo.gl0.rd/gr1.gr1_int.rfwft/gpregsm1.user_valid_i_1/I1) is not included in the LUT equation: 'O5=(A2)+((~A2)*(~A4)*A1)'. If this cell is a user instantiated LUT in the design, please remove connectivity to the pin or change the equation and/or INIT string of the LUT to prevent this issue. If the cell is inferred or IP created LUT, please regenerate the IP and/or resynthesize the design to attempt to correct the issue.
WARNING: [DRC PDCN-1569] LUT equation term check: Used physical LUT pin 'A5' of cell level0_i/ulp/debug_bridge_xsdbm/inst/xsdbm/inst/BSCANID.u_xsdbm_id/EXT_BSCAN.id_state[0]_i_1 (pin level0_i/ulp/debug_bridge_xsdbm/inst/xsdbm/inst/BSCANID.u_xsdbm_id/EXT_BSCAN.id_state[0]_i_1/I0) is not included in the LUT equation: 'O6=(A6+~A6)*((A3))'. If this cell is a user instantiated LUT in the design, please remove connectivity to the pin or change the equation and/or INIT string of the LUT to prevent this issue. If the cell is inferred or IP created LUT, please regenerate the IP and/or resynthesize the design to attempt to correct the issue.
WARNING: [DRC REQP-1774] RAMB36E2_WRITE_WIDTH_A_18_doesnt_use_WEA32: The RAMB36E2 cell level0_i/blp/blp_i/blp_static_region_ss/inst/static_region/slr1/blk_mem_gen_0/U0/inst_blk_mem_gen/gnbram.gnative_mem_map_bmg.native_mem_map_blk_mem_gen/valid.cstr/ramloop[0].ram.r/prim_noinit.ram/DEVICE_8SERIES.WITH_BMM_INFO.SP.SIMPLE_PRIM36.SERIES8_SP_NO_ECC_ATTR.ram has WRITE_WIDTH_A set to 18. The WEA[3:2] pins should not be connected to active signal.
WARNING: [DRC REQP-1774] RAMB36E2_WRITE_WIDTH_A_18_doesnt_use_WEA32: The RAMB36E2 cell level0_i/blp/blp_i/blp_static_region_ss/inst/static_region/slr1/blk_mem_gen_0/U0/inst_blk_mem_gen/gnbram.gnative_mem_map_bmg.native_mem_map_blk_mem_gen/valid.cstr/ramloop[1].ram.r/prim_noinit.ram/DEVICE_8SERIES.WITH_BMM_INFO.SP.SIMPLE_PRIM36.SERIES8_SP_NO_ECC_ATTR.ram has WRITE_WIDTH_A set to 18. The WEA[3:2] pins should not be connected to active signal.
WARNING: [DRC REQP-1774] RAMB36E2_WRITE_WIDTH_A_18_doesnt_use_WEA32: The RAMB36E2 cell level0_i/blp/blp_i/blp_static_region_ss/inst/static_region/slr1/brd_mgmt_scheduler/board_management/register_map_bram/U0/inst_blk_mem_gen/gnbram.gnative_mem_map_bmg.native_mem_map_blk_mem_gen/valid.cstr/ramloop[0].ram.r/prim_noinit.ram/DEVICE_8SERIES.WITH_BMM_INFO.SP.SIMPLE_PRIM36.SERIES8_SP_NO_ECC_ATTR.ram has WRITE_WIDTH_A set to 18. The WEA[3:2] pins should not be connected to active signal.
WARNING: [DRC REQP-1774] RAMB36E2_WRITE_WIDTH_A_18_doesnt_use_WEA32: The RAMB36E2 cell level0_i/blp/blp_i/blp_static_region_ss/inst/static_region/slr1/brd_mgmt_scheduler/board_management/register_map_bram/U0/inst_blk_mem_gen/gnbram.gnative_mem_map_bmg.native_mem_map_blk_mem_gen/valid.cstr/ramloop[1].ram.r/prim_noinit.ram/DEVICE_8SERIES.WITH_BMM_INFO.SP.SIMPLE_PRIM36.SERIES8_SP_NO_ECC_ATTR.ram has WRITE_WIDTH_A set to 18. The WEA[3:2] pins should not be connected to active signal.
WARNING: [DRC REQP-1857] RAMB18E2_writefirst_collision_advisory: Synchronous clocking is detected for BRAM (level0_i/blp/blp_i/blp_static_region_ss/inst/static_region/slr1/pr_isolation_expanded/interconnect_data_slr/s00_couplers/s00_data_fifo/inst/gen_fifo.fifo_gen_inst/inst_fifo_gen/gaxi_full_lite.gread_ch.grdch2.axi_rdch/grf.rf/gntv_or_sync_fifo.mem/gbm.gbmg.gbmga.ngecc.bmg/inst_blk_mem_gen/gnbram.gnativebmg.native_blk_mem_gen/valid.cstr/ramloop[0].ram.r/prim_noinit.ram/DEVICE_8SERIES.NO_BMM_INFO.SDP.WIDE_PRIM18.ram) in SDP mode with WRITE_FIRST write-mode. It is strongly suggested to change this mode to NO_CHANGE for best power characteristics. However, both WRITE_FIRST and NO_CHANGE may exhibit address collisions if the same address appears on both read and write ports resulting in unknown or corrupted read data. It is suggested to confirm via simulation that an address collision never occurs and if so it is suggested to try and avoid this situation. If address collisions cannot be avoided, the write-mode may be set to READ_FIRST which guarantees that the read data is the prior contents of the memory at the cost of additional power in the design. See the FPGA Memory Resources User Guide for additional information.
WARNING: [DRC REQP-1857] RAMB18E2_writefirst_collision_advisory: Synchronous clocking is detected for BRAM (level0_i/blp/blp_i/blp_static_region_ss/inst/static_region/slr1/pr_isolation_expanded/interconnect_data_slr/s00_couplers/s00_data_fifo/inst/gen_fifo.fifo_gen_inst/inst_fifo_gen/gaxi_full_lite.gwrite_ch.gwdch2.axi_wdch/grf.rf/gntv_or_sync_fifo.mem/gbm.gbmg.gbmga.ngecc.bmg/inst_blk_mem_gen/gnbram.gnativebmg.native_blk_mem_gen/valid.cstr/ramloop[0].ram.r/prim_noinit.ram/DEVICE_8SERIES.NO_BMM_INFO.SDP.WIDE_PRIM18.ram) in SDP mode with WRITE_FIRST write-mode. It is strongly suggested to change this mode to NO_CHANGE for best power characteristics. However, both WRITE_FIRST and NO_CHANGE may exhibit address collisions if the same address appears on both read and write ports resulting in unknown or corrupted read data. It is suggested to confirm via simulation that an address collision never occurs and if so it is suggested to try and avoid this situation. If address collisions cannot be avoided, the write-mode may be set to READ_FIRST which guarantees that the read data is the prior contents of the memory at the cost of additional power in the design. See the FPGA Memory Resources User Guide for additional information.
WARNING: [DRC REQP-1857] RAMB18E2_writefirst_collision_advisory: Synchronous clocking is detected for BRAM (level0_i/ulp/axi_interconnect_0/s01_couplers/auto_us_cc_df/inst/gen_upsizer.gen_full_upsizer.axi_upsizer_inst/USE_READ.gen_pktfifo_r_upsizer.pktfifo_read_data_inst/gen_ramb[0].ramb_inst) in SDP mode with WRITE_FIRST write-mode. It is strongly suggested to change this mode to NO_CHANGE for best power characteristics. However, both WRITE_FIRST and NO_CHANGE may exhibit address collisions if the same address appears on both read and write ports resulting in unknown or corrupted read data. It is suggested to confirm via simulation that an address collision never occurs and if so it is suggested to try and avoid this situation. If address collisions cannot be avoided, the write-mode may be set to READ_FIRST which guarantees that the read data is the prior contents of the memory at the cost of additional power in the design. See the FPGA Memory Resources User Guide for additional information.
WARNING: [DRC REQP-1857] RAMB18E2_writefirst_collision_advisory: Synchronous clocking is detected for BRAM (level0_i/ulp/axi_interconnect_0/s01_couplers/auto_us_cc_df/inst/gen_upsizer.gen_full_upsizer.axi_upsizer_inst/USE_READ.gen_pktfifo_r_upsizer.pktfifo_read_data_inst/gen_ramb[10].ramb_inst) in SDP mode with WRITE_FIRST write-mode. It is strongly suggested to change this mode to NO_CHANGE for best power characteristics. However, both WRITE_FIRST and NO_CHANGE may exhibit address collisions if the same address appears on both read and write ports resulting in unknown or corrupted read data. It is suggested to confirm via simulation that an address collision never occurs and if so it is suggested to try and avoid this situation. If address collisions cannot be avoided, the write-mode may be set to READ_FIRST which guarantees that the read data is the prior contents of the memory at the cost of additional power in the design. See the FPGA Memory Resources User Guide for additional information.
WARNING: [DRC REQP-1857] RAMB18E2_writefirst_collision_advisory: Synchronous clocking is detected for BRAM (level0_i/ulp/axi_interconnect_0/s01_couplers/auto_us_cc_df/inst/gen_upsizer.gen_full_upsizer.axi_upsizer_inst/USE_READ.gen_pktfifo_r_upsizer.pktfifo_read_data_inst/gen_ramb[11].ramb_inst) in SDP mode with WRITE_FIRST write-mode. It is strongly suggested to change this mode to NO_CHANGE for best power characteristics. However, both WRITE_FIRST and NO_CHANGE may exhibit address collisions if the same address appears on both read and write ports resulting in unknown or corrupted read data. It is suggested to confirm via simulation that an address collision never occurs and if so it is suggested to try and avoid this situation. If address collisions cannot be avoided, the write-mode may be set to READ_FIRST which guarantees that the read data is the prior contents of the memory at the cost of additional power in the design. See the FPGA Memory Resources User Guide for additional information.
WARNING: [DRC REQP-1857] RAMB18E2_writefirst_collision_advisory: Synchronous clocking is detected for BRAM (level0_i/ulp/axi_interconnect_0/s01_couplers/auto_us_cc_df/inst/gen_upsizer.gen_full_upsizer.axi_upsizer_inst/USE_READ.gen_pktfifo_r_upsizer.pktfifo_read_data_inst/gen_ramb[12].ramb_inst) in SDP mode with WRITE_FIRST write-mode. It is strongly suggested to change this mode to NO_CHANGE for best power characteristics. However, both WRITE_FIRST and NO_CHANGE may exhibit address collisions if the same address appears on both read and write ports resulting in unknown or corrupted read data. It is suggested to confirm via simulation that an address collision never occurs and if so it is suggested to try and avoid this situation. If address collisions cannot be avoided, the write-mode may be set to READ_FIRST which guarantees that the read data is the prior contents of the memory at the cost of additional power in the design. See the FPGA Memory Resources User Guide for additional information.
WARNING: [DRC REQP-1857] RAMB18E2_writefirst_collision_advisory: Synchronous clocking is detected for BRAM (level0_i/ulp/axi_interconnect_0/s01_couplers/auto_us_cc_df/inst/gen_upsizer.gen_full_upsizer.axi_upsizer_inst/USE_READ.gen_pktfifo_r_upsizer.pktfifo_read_data_inst/gen_ramb[13].ramb_inst) in SDP mode with WRITE_FIRST write-mode. It is strongly suggested to change this mode to NO_CHANGE for best power characteristics. However, both WRITE_FIRST and NO_CHANGE may exhibit address collisions if the same address appears on both read and write ports resulting in unknown or corrupted read data. It is suggested to confirm via simulation that an address collision never occurs and if so it is suggested to try and avoid this situation. If address collisions cannot be avoided, the write-mode may be set to READ_FIRST which guarantees that the read data is the prior contents of the memory at the cost of additional power in the design. See the FPGA Memory Resources User Guide for additional information.
WARNING: [DRC REQP-1857] RAMB18E2_writefirst_collision_advisory: Synchronous clocking is detected for BRAM (level0_i/ulp/axi_interconnect_0/s01_couplers/auto_us_cc_df/inst/gen_upsizer.gen_full_upsizer.axi_upsizer_inst/USE_READ.gen_pktfifo_r_upsizer.pktfifo_read_data_inst/gen_ramb[14].ramb_inst) in SDP mode with WRITE_FIRST write-mode. It is strongly suggested to change this mode to NO_CHANGE for best power characteristics. However, both WRITE_FIRST and NO_CHANGE may exhibit address collisions if the same address appears on both read and write ports resulting in unknown or corrupted read data. It is suggested to confirm via simulation that an address collision never occurs and if so it is suggested to try and avoid this situation. If address collisions cannot be avoided, the write-mode may be set to READ_FIRST which guarantees that the read data is the prior contents of the memory at the cost of additional power in the design. See the FPGA Memory Resources User Guide for additional information.
WARNING: [DRC REQP-1857] RAMB18E2_writefirst_collision_advisory: Synchronous clocking is detected for BRAM (level0_i/ulp/axi_interconnect_0/s01_couplers/auto_us_cc_df/inst/gen_upsizer.gen_full_upsizer.axi_upsizer_inst/USE_READ.gen_pktfifo_r_upsizer.pktfifo_read_data_inst/gen_ramb[15].ramb_inst) in SDP mode with WRITE_FIRST write-mode. It is strongly suggested to change this mode to NO_CHANGE for best power characteristics. However, both WRITE_FIRST and NO_CHANGE may exhibit address collisions if the same address appears on both read and write ports resulting in unknown or corrupted read data. It is suggested to confirm via simulation that an address collision never occurs and if so it is suggested to try and avoid this situation. If address collisions cannot be avoided, the write-mode may be set to READ_FIRST which guarantees that the read data is the prior contents of the memory at the cost of additional power in the design. See the FPGA Memory Resources User Guide for additional information.
WARNING: [DRC REQP-1857] RAMB18E2_writefirst_collision_advisory: Synchronous clocking is detected for BRAM (level0_i/ulp/axi_interconnect_0/s01_couplers/auto_us_cc_df/inst/gen_upsizer.gen_full_upsizer.axi_upsizer_inst/USE_READ.gen_pktfifo_r_upsizer.pktfifo_read_data_inst/gen_ramb[1].ramb_inst) in SDP mode with WRITE_FIRST write-mode. It is strongly suggested to change this mode to NO_CHANGE for best power characteristics. However, both WRITE_FIRST and NO_CHANGE may exhibit address collisions if the same address appears on both read and write ports resulting in unknown or corrupted read data. It is suggested to confirm via simulation that an address collision never occurs and if so it is suggested to try and avoid this situation. If address collisions cannot be avoided, the write-mode may be set to READ_FIRST which guarantees that the read data is the prior contents of the memory at the cost of additional power in the design. See the FPGA Memory Resources User Guide for additional information.
WARNING: [DRC REQP-1857] RAMB18E2_writefirst_collision_advisory: Synchronous clocking is detected for BRAM (level0_i/ulp/axi_interconnect_0/s01_couplers/auto_us_cc_df/inst/gen_upsizer.gen_full_upsizer.axi_upsizer_inst/USE_READ.gen_pktfifo_r_upsizer.pktfifo_read_data_inst/gen_ramb[2].ramb_inst) in SDP mode with WRITE_FIRST write-mode. It is strongly suggested to change this mode to NO_CHANGE for best power characteristics. However, both WRITE_FIRST and NO_CHANGE may exhibit address collisions if the same address appears on both read and write ports resulting in unknown or corrupted read data. It is suggested to confirm via simulation that an address collision never occurs and if so it is suggested to try and avoid this situation. If address collisions cannot be avoided, the write-mode may be set to READ_FIRST which guarantees that the read data is the prior contents of the memory at the cost of additional power in the design. See the FPGA Memory Resources User Guide for additional information.
WARNING: [DRC REQP-1857] RAMB18E2_writefirst_collision_advisory: Synchronous clocking is detected for BRAM (level0_i/ulp/axi_interconnect_0/s01_couplers/auto_us_cc_df/inst/gen_upsizer.gen_full_upsizer.axi_upsizer_inst/USE_READ.gen_pktfifo_r_upsizer.pktfifo_read_data_inst/gen_ramb[3].ramb_inst) in SDP mode with WRITE_FIRST write-mode. It is strongly suggested to change this mode to NO_CHANGE for best power characteristics. However, both WRITE_FIRST and NO_CHANGE may exhibit address collisions if the same address appears on both read and write ports resulting in unknown or corrupted read data. It is suggested to confirm via simulation that an address collision never occurs and if so it is suggested to try and avoid this situation. If address collisions cannot be avoided, the write-mode may be set to READ_FIRST which guarantees that the read data is the prior contents of the memory at the cost of additional power in the design. See the FPGA Memory Resources User Guide for additional information.
WARNING: [DRC REQP-1857] RAMB18E2_writefirst_collision_advisory: Synchronous clocking is detected for BRAM (level0_i/ulp/axi_interconnect_0/s01_couplers/auto_us_cc_df/inst/gen_upsizer.gen_full_upsizer.axi_upsizer_inst/USE_READ.gen_pktfifo_r_upsizer.pktfifo_read_data_inst/gen_ramb[4].ramb_inst) in SDP mode with WRITE_FIRST write-mode. It is strongly suggested to change this mode to NO_CHANGE for best power characteristics. However, both WRITE_FIRST and NO_CHANGE may exhibit address collisions if the same address appears on both read and write ports resulting in unknown or corrupted read data. It is suggested to confirm via simulation that an address collision never occurs and if so it is suggested to try and avoid this situation. If address collisions cannot be avoided, the write-mode may be set to READ_FIRST which guarantees that the read data is the prior contents of the memory at the cost of additional power in the design. See the FPGA Memory Resources User Guide for additional information.
WARNING: [DRC REQP-1857] RAMB18E2_writefirst_collision_advisory: Synchronous clocking is detected for BRAM (level0_i/ulp/axi_interconnect_0/s01_couplers/auto_us_cc_df/inst/gen_upsizer.gen_full_upsizer.axi_upsizer_inst/USE_READ.gen_pktfifo_r_upsizer.pktfifo_read_data_inst/gen_ramb[5].ramb_inst) in SDP mode with WRITE_FIRST write-mode. It is strongly suggested to change this mode to NO_CHANGE for best power characteristics. However, both WRITE_FIRST and NO_CHANGE may exhibit address collisions if the same address appears on both read and write ports resulting in unknown or corrupted read data. It is suggested to confirm via simulation that an address collision never occurs and if so it is suggested to try and avoid this situation. If address collisions cannot be avoided, the write-mode may be set to READ_FIRST which guarantees that the read data is the prior contents of the memory at the cost of additional power in the design. See the FPGA Memory Resources User Guide for additional information.
WARNING: [DRC REQP-1857] RAMB18E2_writefirst_collision_advisory: Synchronous clocking is detected for BRAM (level0_i/ulp/axi_interconnect_0/s01_couplers/auto_us_cc_df/inst/gen_upsizer.gen_full_upsizer.axi_upsizer_inst/USE_READ.gen_pktfifo_r_upsizer.pktfifo_read_data_inst/gen_ramb[6].ramb_inst) in SDP mode with WRITE_FIRST write-mode. It is strongly suggested to change this mode to NO_CHANGE for best power characteristics. However, both WRITE_FIRST and NO_CHANGE may exhibit address collisions if the same address appears on both read and write ports resulting in unknown or corrupted read data. It is suggested to confirm via simulation that an address collision never occurs and if so it is suggested to try and avoid this situation. If address collisions cannot be avoided, the write-mode may be set to READ_FIRST which guarantees that the read data is the prior contents of the memory at the cost of additional power in the design. See the FPGA Memory Resources User Guide for additional information.
WARNING: [DRC REQP-1857] RAMB18E2_writefirst_collision_advisory: Synchronous clocking is detected for BRAM (level0_i/ulp/axi_interconnect_0/s01_couplers/auto_us_cc_df/inst/gen_upsizer.gen_full_upsizer.axi_upsizer_inst/USE_READ.gen_pktfifo_r_upsizer.pktfifo_read_data_inst/gen_ramb[7].ramb_inst) in SDP mode with WRITE_FIRST write-mode. It is strongly suggested to change this mode to NO_CHANGE for best power characteristics. However, both WRITE_FIRST and NO_CHANGE may exhibit address collisions if the same address appears on both read and write ports resulting in unknown or corrupted read data. It is suggested to confirm via simulation that an address collision never occurs and if so it is suggested to try and avoid this situation. If address collisions cannot be avoided, the write-mode may be set to READ_FIRST which guarantees that the read data is the prior contents of the memory at the cost of additional power in the design. See the FPGA Memory Resources User Guide for additional information.
WARNING: [DRC REQP-1857] RAMB18E2_writefirst_collision_advisory: Synchronous clocking is detected for BRAM (level0_i/ulp/axi_interconnect_0/s01_couplers/auto_us_cc_df/inst/gen_upsizer.gen_full_upsizer.axi_upsizer_inst/USE_READ.gen_pktfifo_r_upsizer.pktfifo_read_data_inst/gen_ramb[8].ramb_inst) in SDP mode with WRITE_FIRST write-mode. It is strongly suggested to change this mode to NO_CHANGE for best power characteristics. However, both WRITE_FIRST and NO_CHANGE may exhibit address collisions if the same address appears on both read and write ports resulting in unknown or corrupted read data. It is suggested to confirm via simulation that an address collision never occurs and if so it is suggested to try and avoid this situation. If address collisions cannot be avoided, the write-mode may be set to READ_FIRST which guarantees that the read data is the prior contents of the memory at the cost of additional power in the design. See the FPGA Memory Resources User Guide for additional information.
WARNING: [DRC REQP-1857] RAMB18E2_writefirst_collision_advisory: Synchronous clocking is detected for BRAM (level0_i/ulp/axi_interconnect_0/s01_couplers/auto_us_cc_df/inst/gen_upsizer.gen_full_upsizer.axi_upsizer_inst/USE_READ.gen_pktfifo_r_upsizer.pktfifo_read_data_inst/gen_ramb[9].ramb_inst) in SDP mode with WRITE_FIRST write-mode. It is strongly suggested to change this mode to NO_CHANGE for best power characteristics. However, both WRITE_FIRST and NO_CHANGE may exhibit address collisions if the same address appears on both read and write ports resulting in unknown or corrupted read data. It is suggested to confirm via simulation that an address collision never occurs and if so it is suggested to try and avoid this situation. If address collisions cannot be avoided, the write-mode may be set to READ_FIRST which guarantees that the read data is the prior contents of the memory at the cost of additional power in the design. See the FPGA Memory Resources User Guide for additional information.
WARNING: [DRC REQP-1858] RAMB36E2_writefirst_collision_advisory: Synchronous clocking is detected for BRAM (level0_i/blp/blp_i/blp_static_region_ss/inst/static_region/slr1/pcie_3port_switch_0/inst/downstream_port_i/ds_port_pcie.p4usp_dp_i/inst/bd_aabe_pcie_3port_switch_0_0_ds_port_pcie_4_0_pipe_inst/pcie_4_0_bram_inst/RAM32K.bram_comp_inst/bram_16k_0_int/ECC_RAM.RAMB36E2[0].ramb36e2_inst) in SDP mode with WRITE_FIRST write-mode. It is strongly suggested to change this mode to NO_CHANGE for best power characteristics. However, both WRITE_FIRST and NO_CHANGE may exhibit address collisions if the same address appears on both read and write ports resulting in unknown or corrupted read data. It is suggested to confirm via simulation that an address collision never occurs and if so it is suggested to try and avoid this situation. If address collisions cannot be avoided, the write-mode may be set to READ_FIRST which guarantees that the read data is the prior contents of the memory at the cost of additional power in the design. See the FPGA Memory Resources User Guide for additional information.
WARNING: [DRC REQP-1858] RAMB36E2_writefirst_collision_advisory: Synchronous clocking is detected for BRAM (level0_i/blp/blp_i/blp_static_region_ss/inst/static_region/slr1/pcie_3port_switch_0/inst/downstream_port_i/ds_port_pcie.p4usp_dp_i/inst/bd_aabe_pcie_3port_switch_0_0_ds_port_pcie_4_0_pipe_inst/pcie_4_0_bram_inst/RAM32K.bram_comp_inst/bram_16k_0_int/ECC_RAM.RAMB36E2[1].ramb36e2_inst) in SDP mode with WRITE_FIRST write-mode. It is strongly suggested to change this mode to NO_CHANGE for best power characteristics. However, both WRITE_FIRST and NO_CHANGE may exhibit address collisions if the same address appears on both read and write ports resulting in unknown or corrupted read data. It is suggested to confirm via simulation that an address collision never occurs and if so it is suggested to try and avoid this situation. If address collisions cannot be avoided, the write-mode may be set to READ_FIRST which guarantees that the read data is the prior contents of the memory at the cost of additional power in the design. See the FPGA Memory Resources User Guide for additional information.
WARNING: [DRC REQP-1858] RAMB36E2_writefirst_collision_advisory: Synchronous clocking is detected for BRAM (level0_i/blp/blp_i/blp_static_region_ss/inst/static_region/slr1/pcie_3port_switch_0/inst/downstream_port_i/ds_port_pcie.p4usp_dp_i/inst/bd_aabe_pcie_3port_switch_0_0_ds_port_pcie_4_0_pipe_inst/pcie_4_0_bram_inst/RAM32K.bram_comp_inst/bram_16k_0_int/ECC_RAM.RAMB36E2[2].ramb36e2_inst) in SDP mode with WRITE_FIRST write-mode. It is strongly suggested to change this mode to NO_CHANGE for best power characteristics. However, both WRITE_FIRST and NO_CHANGE may exhibit address collisions if the same address appears on both read and write ports resulting in unknown or corrupted read data. It is suggested to confirm via simulation that an address collision never occurs and if so it is suggested to try and avoid this situation. If address collisions cannot be avoided, the write-mode may be set to READ_FIRST which guarantees that the read data is the prior contents of the memory at the cost of additional power in the design. See the FPGA Memory Resources User Guide for additional information.
WARNING: [DRC REQP-1858] RAMB36E2_writefirst_collision_advisory: Synchronous clocking is detected for BRAM (level0_i/blp/blp_i/blp_static_region_ss/inst/static_region/slr1/pcie_3port_switch_0/inst/downstream_port_i/ds_port_pcie.p4usp_dp_i/inst/bd_aabe_pcie_3port_switch_0_0_ds_port_pcie_4_0_pipe_inst/pcie_4_0_bram_inst/RAM32K.bram_comp_inst/bram_16k_0_int/ECC_RAM.RAMB36E2[3].ramb36e2_inst) in SDP mode with WRITE_FIRST write-mode. It is strongly suggested to change this mode to NO_CHANGE for best power characteristics. However, both WRITE_FIRST and NO_CHANGE may exhibit address collisions if the same address appears on both read and write ports resulting in unknown or corrupted read data. It is suggested to confirm via simulation that an address collision never occurs and if so it is suggested to try and avoid this situation. If address collisions cannot be avoided, the write-mode may be set to READ_FIRST which guarantees that the read data is the prior contents of the memory at the cost of additional power in the design. See the FPGA Memory Resources User Guide for additional information.
WARNING: [DRC REQP-1858] RAMB36E2_writefirst_collision_advisory: Synchronous clocking is detected for BRAM (level0_i/blp/blp_i/blp_static_region_ss/inst/static_region/slr1/pcie_3port_switch_0/inst/downstream_port_i/ds_port_pcie.p4usp_dp_i/inst/bd_aabe_pcie_3port_switch_0_0_ds_port_pcie_4_0_pipe_inst/pcie_4_0_bram_inst/RAM32K.bram_comp_inst/bram_16k_0_int/ECC_RAM.RAMB36E2[4].ramb36e2_inst) in SDP mode with WRITE_FIRST write-mode. It is strongly suggested to change this mode to NO_CHANGE for best power characteristics. However, both WRITE_FIRST and NO_CHANGE may exhibit address collisions if the same address appears on both read and write ports resulting in unknown or corrupted read data. It is suggested to confirm via simulation that an address collision never occurs and if so it is suggested to try and avoid this situation. If address collisions cannot be avoided, the write-mode may be set to READ_FIRST which guarantees that the read data is the prior contents of the memory at the cost of additional power in the design. See the FPGA Memory Resources User Guide for additional information.
WARNING: [DRC REQP-1858] RAMB36E2_writefirst_collision_advisory: Synchronous clocking is detected for BRAM (level0_i/blp/blp_i/blp_static_region_ss/inst/static_region/slr1/pcie_3port_switch_0/inst/downstream_port_i/ds_port_pcie.p4usp_dp_i/inst/bd_aabe_pcie_3port_switch_0_0_ds_port_pcie_4_0_pipe_inst/pcie_4_0_bram_inst/RAM32K.bram_comp_inst/bram_16k_0_int/ECC_RAM.RAMB36E2[5].ramb36e2_inst) in SDP mode with WRITE_FIRST write-mode. It is strongly suggested to change this mode to NO_CHANGE for best power characteristics. However, both WRITE_FIRST and NO_CHANGE may exhibit address collisions if the same address appears on both read and write ports resulting in unknown or corrupted read data. It is suggested to confirm via simulation that an address collision never occurs and if so it is suggested to try and avoid this situation. If address collisions cannot be avoided, the write-mode may be set to READ_FIRST which guarantees that the read data is the prior contents of the memory at the cost of additional power in the design. See the FPGA Memory Resources User Guide for additional information.
WARNING: [DRC REQP-1858] RAMB36E2_writefirst_collision_advisory: Synchronous clocking is detected for BRAM (level0_i/blp/blp_i/blp_static_region_ss/inst/static_region/slr1/pcie_3port_switch_0/inst/downstream_port_i/ds_port_pcie.p4usp_dp_i/inst/bd_aabe_pcie_3port_switch_0_0_ds_port_pcie_4_0_pipe_inst/pcie_4_0_bram_inst/RAM32K.bram_comp_inst/bram_16k_1_int/ECC_RAM.RAMB36E2[0].ramb36e2_inst) in SDP mode with WRITE_FIRST write-mode. It is strongly suggested to change this mode to NO_CHANGE for best power characteristics. However, both WRITE_FIRST and NO_CHANGE may exhibit address collisions if the same address appears on both read and write ports resulting in unknown or corrupted read data. It is suggested to confirm via simulation that an address collision never occurs and if so it is suggested to try and avoid this situation. If address collisions cannot be avoided, the write-mode may be set to READ_FIRST which guarantees that the read data is the prior contents of the memory at the cost of additional power in the design. See the FPGA Memory Resources User Guide for additional information.
WARNING: [DRC REQP-1858] RAMB36E2_writefirst_collision_advisory: Synchronous clocking is detected for BRAM (level0_i/blp/blp_i/blp_static_region_ss/inst/static_region/slr1/pcie_3port_switch_0/inst/downstream_port_i/ds_port_pcie.p4usp_dp_i/inst/bd_aabe_pcie_3port_switch_0_0_ds_port_pcie_4_0_pipe_inst/pcie_4_0_bram_inst/RAM32K.bram_comp_inst/bram_16k_1_int/ECC_RAM.RAMB36E2[1].ramb36e2_inst) in SDP mode with WRITE_FIRST write-mode. It is strongly suggested to change this mode to NO_CHANGE for best power characteristics. However, both WRITE_FIRST and NO_CHANGE may exhibit address collisions if the same address appears on both read and write ports resulting in unknown or corrupted read data. It is suggested to confirm via simulation that an address collision never occurs and if so it is suggested to try and avoid this situation. If address collisions cannot be avoided, the write-mode may be set to READ_FIRST which guarantees that the read data is the prior contents of the memory at the cost of additional power in the design. See the FPGA Memory Resources User Guide for additional information.
WARNING: [DRC REQP-1858] RAMB36E2_writefirst_collision_advisory: Synchronous clocking is detected for BRAM (level0_i/blp/blp_i/blp_static_region_ss/inst/static_region/slr1/pcie_3port_switch_0/inst/downstream_port_i/ds_port_pcie.p4usp_dp_i/inst/bd_aabe_pcie_3port_switch_0_0_ds_port_pcie_4_0_pipe_inst/pcie_4_0_bram_inst/RAM32K.bram_comp_inst/bram_16k_1_int/ECC_RAM.RAMB36E2[2].ramb36e2_inst) in SDP mode with WRITE_FIRST write-mode. It is strongly suggested to change this mode to NO_CHANGE for best power characteristics. However, both WRITE_FIRST and NO_CHANGE may exhibit address collisions if the same address appears on both read and write ports resulting in unknown or corrupted read data. It is suggested to confirm via simulation that an address collision never occurs and if so it is suggested to try and avoid this situation. If address collisions cannot be avoided, the write-mode may be set to READ_FIRST which guarantees that the read data is the prior contents of the memory at the cost of additional power in the design. See the FPGA Memory Resources User Guide for additional information.
WARNING: [DRC REQP-1858] RAMB36E2_writefirst_collision_advisory: Synchronous clocking is detected for BRAM (level0_i/blp/blp_i/blp_static_region_ss/inst/static_region/slr1/pcie_3port_switch_0/inst/downstream_port_i/ds_port_pcie.p4usp_dp_i/inst/bd_aabe_pcie_3port_switch_0_0_ds_port_pcie_4_0_pipe_inst/pcie_4_0_bram_inst/RAM32K.bram_comp_inst/bram_16k_1_int/ECC_RAM.RAMB36E2[3].ramb36e2_inst) in SDP mode with WRITE_FIRST write-mode. It is strongly suggested to change this mode to NO_CHANGE for best power characteristics. However, both WRITE_FIRST and NO_CHANGE may exhibit address collisions if the same address appears on both read and write ports resulting in unknown or corrupted read data. It is suggested to confirm via simulation that an address collision never occurs and if so it is suggested to try and avoid this situation. If address collisions cannot be avoided, the write-mode may be set to READ_FIRST which guarantees that the read data is the prior contents of the memory at the cost of additional power in the design. See the FPGA Memory Resources User Guide for additional information.
WARNING: [DRC REQP-1858] RAMB36E2_writefirst_collision_advisory: Synchronous clocking is detected for BRAM (level0_i/blp/blp_i/blp_static_region_ss/inst/static_region/slr1/pcie_3port_switch_0/inst/downstream_port_i/ds_port_pcie.p4usp_dp_i/inst/bd_aabe_pcie_3port_switch_0_0_ds_port_pcie_4_0_pipe_inst/pcie_4_0_bram_inst/RAM32K.bram_comp_inst/bram_16k_1_int/ECC_RAM.RAMB36E2[4].ramb36e2_inst) in SDP mode with WRITE_FIRST write-mode. It is strongly suggested to change this mode to NO_CHANGE for best power characteristics. However, both WRITE_FIRST and NO_CHANGE may exhibit address collisions if the same address appears on both read and write ports resulting in unknown or corrupted read data. It is suggested to confirm via simulation that an address collision never occurs and if so it is suggested to try and avoid this situation. If address collisions cannot be avoided, the write-mode may be set to READ_FIRST which guarantees that the read data is the prior contents of the memory at the cost of additional power in the design. See the FPGA Memory Resources User Guide for additional information.
WARNING: [DRC REQP-1858] RAMB36E2_writefirst_collision_advisory: Synchronous clocking is detected for BRAM (level0_i/blp/blp_i/blp_static_region_ss/inst/static_region/slr1/pcie_3port_switch_0/inst/downstream_port_i/ds_port_pcie.p4usp_dp_i/inst/bd_aabe_pcie_3port_switch_0_0_ds_port_pcie_4_0_pipe_inst/pcie_4_0_bram_inst/RAM32K.bram_comp_inst/bram_16k_1_int/ECC_RAM.RAMB36E2[5].ramb36e2_inst) in SDP mode with WRITE_FIRST write-mode. It is strongly suggested to change this mode to NO_CHANGE for best power characteristics. However, both WRITE_FIRST and NO_CHANGE may exhibit address collisions if the same address appears on both read and write ports resulting in unknown or corrupted read data. It is suggested to confirm via simulation that an address collision never occurs and if so it is suggested to try and avoid this situation. If address collisions cannot be avoided, the write-mode may be set to READ_FIRST which guarantees that the read data is the prior contents of the memory at the cost of additional power in the design. See the FPGA Memory Resources User Guide for additional information.
WARNING: [DRC REQP-1858] RAMB36E2_writefirst_collision_advisory: Synchronous clocking is detected for BRAM (level0_i/blp/blp_i/blp_static_region_ss/inst/static_region/slr1/pcie_3port_switch_0/inst/downstream_port_i/ds_port_pcie.p4usp_dp_i/inst/bd_aabe_pcie_3port_switch_0_0_ds_port_pcie_4_0_pipe_inst/pcie_4_0_bram_inst/bram_post_inst/bram_16k_int/ECC_RAM.RAMB36E2[0].ramb36e2_inst) in SDP mode with WRITE_FIRST write-mode. It is strongly suggested to change this mode to NO_CHANGE for best power characteristics. However, both WRITE_FIRST and NO_CHANGE may exhibit address collisions if the same address appears on both read and write ports resulting in unknown or corrupted read data. It is suggested to confirm via simulation that an address collision never occurs and if so it is suggested to try and avoid this situation. If address collisions cannot be avoided, the write-mode may be set to READ_FIRST which guarantees that the read data is the prior contents of the memory at the cost of additional power in the design. See the FPGA Memory Resources User Guide for additional information.
WARNING: [DRC REQP-1858] RAMB36E2_writefirst_collision_advisory: Synchronous clocking is detected for BRAM (level0_i/blp/blp_i/blp_static_region_ss/inst/static_region/slr1/pcie_3port_switch_0/inst/downstream_port_i/ds_port_pcie.p4usp_dp_i/inst/bd_aabe_pcie_3port_switch_0_0_ds_port_pcie_4_0_pipe_inst/pcie_4_0_bram_inst/bram_post_inst/bram_16k_int/ECC_RAM.RAMB36E2[1].ramb36e2_inst) in SDP mode with WRITE_FIRST write-mode. It is strongly suggested to change this mode to NO_CHANGE for best power characteristics. However, both WRITE_FIRST and NO_CHANGE may exhibit address collisions if the same address appears on both read and write ports resulting in unknown or corrupted read data. It is suggested to confirm via simulation that an address collision never occurs and if so it is suggested to try and avoid this situation. If address collisions cannot be avoided, the write-mode may be set to READ_FIRST which guarantees that the read data is the prior contents of the memory at the cost of additional power in the design. See the FPGA Memory Resources User Guide for additional information.
WARNING: [DRC REQP-1858] RAMB36E2_writefirst_collision_advisory: Synchronous clocking is detected for BRAM (level0_i/blp/blp_i/blp_static_region_ss/inst/static_region/slr1/pcie_3port_switch_0/inst/downstream_port_i/ds_port_pcie.p4usp_dp_i/inst/bd_aabe_pcie_3port_switch_0_0_ds_port_pcie_4_0_pipe_inst/pcie_4_0_bram_inst/bram_post_inst/bram_16k_int/ECC_RAM.RAMB36E2[2].ramb36e2_inst) in SDP mode with WRITE_FIRST write-mode. It is strongly suggested to change this mode to NO_CHANGE for best power characteristics. However, both WRITE_FIRST and NO_CHANGE may exhibit address collisions if the same address appears on both read and write ports resulting in unknown or corrupted read data. It is suggested to confirm via simulation that an address collision never occurs and if so it is suggested to try and avoid this situation. If address collisions cannot be avoided, the write-mode may be set to READ_FIRST which guarantees that the read data is the prior contents of the memory at the cost of additional power in the design. See the FPGA Memory Resources User Guide for additional information.
WARNING: [DRC REQP-1858] RAMB36E2_writefirst_collision_advisory: Synchronous clocking is detected for BRAM (level0_i/blp/blp_i/blp_static_region_ss/inst/static_region/slr1/pcie_3port_switch_0/inst/downstream_port_i/ds_port_pcie.p4usp_dp_i/inst/bd_aabe_pcie_3port_switch_0_0_ds_port_pcie_4_0_pipe_inst/pcie_4_0_bram_inst/bram_post_inst/bram_16k_int/ECC_RAM.RAMB36E2[3].ramb36e2_inst) in SDP mode with WRITE_FIRST write-mode. It is strongly suggested to change this mode to NO_CHANGE for best power characteristics. However, both WRITE_FIRST and NO_CHANGE may exhibit address collisions if the same address appears on both read and write ports resulting in unknown or corrupted read data. It is suggested to confirm via simulation that an address collision never occurs and if so it is suggested to try and avoid this situation. If address collisions cannot be avoided, the write-mode may be set to READ_FIRST which guarantees that the read data is the prior contents of the memory at the cost of additional power in the design. See the FPGA Memory Resources User Guide for additional information.
WARNING: [DRC REQP-1858] RAMB36E2_writefirst_collision_advisory: Synchronous clocking is detected for BRAM (level0_i/blp/blp_i/blp_static_region_ss/inst/static_region/slr1/pcie_3port_switch_0/inst/downstream_port_i/ds_port_pcie.p4usp_dp_i/inst/bd_aabe_pcie_3port_switch_0_0_ds_port_pcie_4_0_pipe_inst/pcie_4_0_bram_inst/bram_post_inst/bram_16k_int/ECC_RAM.RAMB36E2[4].ramb36e2_inst) in SDP mode with WRITE_FIRST write-mode. It is strongly suggested to change this mode to NO_CHANGE for best power characteristics. However, both WRITE_FIRST and NO_CHANGE may exhibit address collisions if the same address appears on both read and write ports resulting in unknown or corrupted read data. It is suggested to confirm via simulation that an address collision never occurs and if so it is suggested to try and avoid this situation. If address collisions cannot be avoided, the write-mode may be set to READ_FIRST which guarantees that the read data is the prior contents of the memory at the cost of additional power in the design. See the FPGA Memory Resources User Guide for additional information.
WARNING: [DRC REQP-1858] RAMB36E2_writefirst_collision_advisory: Synchronous clocking is detected for BRAM (level0_i/blp/blp_i/blp_static_region_ss/inst/static_region/slr1/pcie_3port_switch_0/inst/downstream_port_i/ds_port_pcie.p4usp_dp_i/inst/bd_aabe_pcie_3port_switch_0_0_ds_port_pcie_4_0_pipe_inst/pcie_4_0_bram_inst/bram_post_inst/bram_16k_int/ECC_RAM.RAMB36E2[5].ramb36e2_inst) in SDP mode with WRITE_FIRST write-mode. It is strongly suggested to change this mode to NO_CHANGE for best power characteristics. However, both WRITE_FIRST and NO_CHANGE may exhibit address collisions if the same address appears on both read and write ports resulting in unknown or corrupted read data. It is suggested to confirm via simulation that an address collision never occurs and if so it is suggested to try and avoid this situation. If address collisions cannot be avoided, the write-mode may be set to READ_FIRST which guarantees that the read data is the prior contents of the memory at the cost of additional power in the design. See the FPGA Memory Resources User Guide for additional information.
WARNING: [DRC REQP-1858] RAMB36E2_writefirst_collision_advisory: Synchronous clocking is detected for BRAM (level0_i/blp/blp_i/blp_static_region_ss/inst/static_region/slr1/pcie_3port_switch_0/inst/downstream_port_i/ds_port_pcie.p4usp_dp_i/inst/bd_aabe_pcie_3port_switch_0_0_ds_port_pcie_4_0_pipe_inst/pcie_4_0_bram_inst/bram_repl_inst/bram_rep_int_0/ECC_RAM.RAMB36E2[0].ramb36e2_inst) in SDP mode with WRITE_FIRST write-mode. It is strongly suggested to change this mode to NO_CHANGE for best power characteristics. However, both WRITE_FIRST and NO_CHANGE may exhibit address collisions if the same address appears on both read and write ports resulting in unknown or corrupted read data. It is suggested to confirm via simulation that an address collision never occurs and if so it is suggested to try and avoid this situation. If address collisions cannot be avoided, the write-mode may be set to READ_FIRST which guarantees that the read data is the prior contents of the memory at the cost of additional power in the design. See the FPGA Memory Resources User Guide for additional information.
WARNING: [DRC REQP-1858] RAMB36E2_writefirst_collision_advisory: Synchronous clocking is detected for BRAM (level0_i/blp/blp_i/blp_static_region_ss/inst/static_region/slr1/pcie_3port_switch_0/inst/downstream_port_i/ds_port_pcie.p4usp_dp_i/inst/bd_aabe_pcie_3port_switch_0_0_ds_port_pcie_4_0_pipe_inst/pcie_4_0_bram_inst/bram_repl_inst/bram_rep_int_0/ECC_RAM.RAMB36E2[1].ramb36e2_inst) in SDP mode with WRITE_FIRST write-mode. It is strongly suggested to change this mode to NO_CHANGE for best power characteristics. However, both WRITE_FIRST and NO_CHANGE may exhibit address collisions if the same address appears on both read and write ports resulting in unknown or corrupted read data. It is suggested to confirm via simulation that an address collision never occurs and if so it is suggested to try and avoid this situation. If address collisions cannot be avoided, the write-mode may be set to READ_FIRST which guarantees that the read data is the prior contents of the memory at the cost of additional power in the design. See the FPGA Memory Resources User Guide for additional information.
WARNING: [DRC REQP-1858] RAMB36E2_writefirst_collision_advisory: Synchronous clocking is detected for BRAM (level0_i/blp/blp_i/blp_static_region_ss/inst/static_region/slr1/pcie_3port_switch_0/inst/downstream_port_i/ds_port_pcie.p4usp_dp_i/inst/bd_aabe_pcie_3port_switch_0_0_ds_port_pcie_4_0_pipe_inst/pcie_4_0_bram_inst/bram_repl_inst/bram_rep_int_0/ECC_RAM.RAMB36E2[2].ramb36e2_inst) in SDP mode with WRITE_FIRST write-mode. It is strongly suggested to change this mode to NO_CHANGE for best power characteristics. However, both WRITE_FIRST and NO_CHANGE may exhibit address collisions if the same address appears on both read and write ports resulting in unknown or corrupted read data. It is suggested to confirm via simulation that an address collision never occurs and if so it is suggested to try and avoid this situation. If address collisions cannot be avoided, the write-mode may be set to READ_FIRST which guarantees that the read data is the prior contents of the memory at the cost of additional power in the design. See the FPGA Memory Resources User Guide for additional information.
WARNING: [DRC REQP-1858] RAMB36E2_writefirst_collision_advisory: Synchronous clocking is detected for BRAM (level0_i/blp/blp_i/blp_static_region_ss/inst/static_region/slr1/pcie_3port_switch_0/inst/downstream_port_i/ds_port_pcie.p4usp_dp_i/inst/bd_aabe_pcie_3port_switch_0_0_ds_port_pcie_4_0_pipe_inst/pcie_4_0_bram_inst/bram_repl_inst/bram_rep_int_0/ECC_RAM.RAMB36E2[3].ramb36e2_inst) in SDP mode with WRITE_FIRST write-mode. It is strongly suggested to change this mode to NO_CHANGE for best power characteristics. However, both WRITE_FIRST and NO_CHANGE may exhibit address collisions if the same address appears on both read and write ports resulting in unknown or corrupted read data. It is suggested to confirm via simulation that an address collision never occurs and if so it is suggested to try and avoid this situation. If address collisions cannot be avoided, the write-mode may be set to READ_FIRST which guarantees that the read data is the prior contents of the memory at the cost of additional power in the design. See the FPGA Memory Resources User Guide for additional information.
WARNING: [DRC REQP-1858] RAMB36E2_writefirst_collision_advisory: Synchronous clocking is detected for BRAM (level0_i/blp/blp_i/blp_static_region_ss/inst/static_region/slr1/pcie_3port_switch_0/inst/upstream_port_i/us_port_pcie.p4usp_up_i/inst/bd_aabe_pcie_3port_switch_0_0_us_port_pcie_4_0_pipe_inst/pcie_4_0_bram_inst/RAM32K.bram_comp_inst/bram_16k_0_int/ECC_RAM.RAMB36E2[0].ramb36e2_inst) in SDP mode with WRITE_FIRST write-mode. It is strongly suggested to change this mode to NO_CHANGE for best power characteristics. However, both WRITE_FIRST and NO_CHANGE may exhibit address collisions if the same address appears on both read and write ports resulting in unknown or corrupted read data. It is suggested to confirm via simulation that an address collision never occurs and if so it is suggested to try and avoid this situation. If address collisions cannot be avoided, the write-mode may be set to READ_FIRST which guarantees that the read data is the prior contents of the memory at the cost of additional power in the design. See the FPGA Memory Resources User Guide for additional information.
WARNING: [DRC REQP-1858] RAMB36E2_writefirst_collision_advisory: Synchronous clocking is detected for BRAM (level0_i/blp/blp_i/blp_static_region_ss/inst/static_region/slr1/pcie_3port_switch_0/inst/upstream_port_i/us_port_pcie.p4usp_up_i/inst/bd_aabe_pcie_3port_switch_0_0_us_port_pcie_4_0_pipe_inst/pcie_4_0_bram_inst/RAM32K.bram_comp_inst/bram_16k_0_int/ECC_RAM.RAMB36E2[1].ramb36e2_inst) in SDP mode with WRITE_FIRST write-mode. It is strongly suggested to change this mode to NO_CHANGE for best power characteristics. However, both WRITE_FIRST and NO_CHANGE may exhibit address collisions if the same address appears on both read and write ports resulting in unknown or corrupted read data. It is suggested to confirm via simulation that an address collision never occurs and if so it is suggested to try and avoid this situation. If address collisions cannot be avoided, the write-mode may be set to READ_FIRST which guarantees that the read data is the prior contents of the memory at the cost of additional power in the design. See the FPGA Memory Resources User Guide for additional information.
WARNING: [DRC REQP-1858] RAMB36E2_writefirst_collision_advisory: Synchronous clocking is detected for BRAM (level0_i/blp/blp_i/blp_static_region_ss/inst/static_region/slr1/pcie_3port_switch_0/inst/upstream_port_i/us_port_pcie.p4usp_up_i/inst/bd_aabe_pcie_3port_switch_0_0_us_port_pcie_4_0_pipe_inst/pcie_4_0_bram_inst/RAM32K.bram_comp_inst/bram_16k_0_int/ECC_RAM.RAMB36E2[2].ramb36e2_inst) in SDP mode with WRITE_FIRST write-mode. It is strongly suggested to change this mode to NO_CHANGE for best power characteristics. However, both WRITE_FIRST and NO_CHANGE may exhibit address collisions if the same address appears on both read and write ports resulting in unknown or corrupted read data. It is suggested to confirm via simulation that an address collision never occurs and if so it is suggested to try and avoid this situation. If address collisions cannot be avoided, the write-mode may be set to READ_FIRST which guarantees that the read data is the prior contents of the memory at the cost of additional power in the design. See the FPGA Memory Resources User Guide for additional information.
WARNING: [DRC REQP-1858] RAMB36E2_writefirst_collision_advisory: Synchronous clocking is detected for BRAM (level0_i/blp/blp_i/blp_static_region_ss/inst/static_region/slr1/pcie_3port_switch_0/inst/upstream_port_i/us_port_pcie.p4usp_up_i/inst/bd_aabe_pcie_3port_switch_0_0_us_port_pcie_4_0_pipe_inst/pcie_4_0_bram_inst/RAM32K.bram_comp_inst/bram_16k_0_int/ECC_RAM.RAMB36E2[3].ramb36e2_inst) in SDP mode with WRITE_FIRST write-mode. It is strongly suggested to change this mode to NO_CHANGE for best power characteristics. However, both WRITE_FIRST and NO_CHANGE may exhibit address collisions if the same address appears on both read and write ports resulting in unknown or corrupted read data. It is suggested to confirm via simulation that an address collision never occurs and if so it is suggested to try and avoid this situation. If address collisions cannot be avoided, the write-mode may be set to READ_FIRST which guarantees that the read data is the prior contents of the memory at the cost of additional power in the design. See the FPGA Memory Resources User Guide for additional information.
WARNING: [DRC REQP-1858] RAMB36E2_writefirst_collision_advisory: Synchronous clocking is detected for BRAM (level0_i/blp/blp_i/blp_static_region_ss/inst/static_region/slr1/pcie_3port_switch_0/inst/upstream_port_i/us_port_pcie.p4usp_up_i/inst/bd_aabe_pcie_3port_switch_0_0_us_port_pcie_4_0_pipe_inst/pcie_4_0_bram_inst/RAM32K.bram_comp_inst/bram_16k_0_int/ECC_RAM.RAMB36E2[4].ramb36e2_inst) in SDP mode with WRITE_FIRST write-mode. It is strongly suggested to change this mode to NO_CHANGE for best power characteristics. However, both WRITE_FIRST and NO_CHANGE may exhibit address collisions if the same address appears on both read and write ports resulting in unknown or corrupted read data. It is suggested to confirm via simulation that an address collision never occurs and if so it is suggested to try and avoid this situation. If address collisions cannot be avoided, the write-mode may be set to READ_FIRST which guarantees that the read data is the prior contents of the memory at the cost of additional power in the design. See the FPGA Memory Resources User Guide for additional information.
WARNING: [DRC REQP-1858] RAMB36E2_writefirst_collision_advisory: Synchronous clocking is detected for BRAM (level0_i/blp/blp_i/blp_static_region_ss/inst/static_region/slr1/pcie_3port_switch_0/inst/upstream_port_i/us_port_pcie.p4usp_up_i/inst/bd_aabe_pcie_3port_switch_0_0_us_port_pcie_4_0_pipe_inst/pcie_4_0_bram_inst/RAM32K.bram_comp_inst/bram_16k_0_int/ECC_RAM.RAMB36E2[5].ramb36e2_inst) in SDP mode with WRITE_FIRST write-mode. It is strongly suggested to change this mode to NO_CHANGE for best power characteristics. However, both WRITE_FIRST and NO_CHANGE may exhibit address collisions if the same address appears on both read and write ports resulting in unknown or corrupted read data. It is suggested to confirm via simulation that an address collision never occurs and if so it is suggested to try and avoid this situation. If address collisions cannot be avoided, the write-mode may be set to READ_FIRST which guarantees that the read data is the prior contents of the memory at the cost of additional power in the design. See the FPGA Memory Resources User Guide for additional information.
WARNING: [DRC REQP-1858] RAMB36E2_writefirst_collision_advisory: Synchronous clocking is detected for BRAM (level0_i/blp/blp_i/blp_static_region_ss/inst/static_region/slr1/pcie_3port_switch_0/inst/upstream_port_i/us_port_pcie.p4usp_up_i/inst/bd_aabe_pcie_3port_switch_0_0_us_port_pcie_4_0_pipe_inst/pcie_4_0_bram_inst/RAM32K.bram_comp_inst/bram_16k_1_int/ECC_RAM.RAMB36E2[0].ramb36e2_inst) in SDP mode with WRITE_FIRST write-mode. It is strongly suggested to change this mode to NO_CHANGE for best power characteristics. However, both WRITE_FIRST and NO_CHANGE may exhibit address collisions if the same address appears on both read and write ports resulting in unknown or corrupted read data. It is suggested to confirm via simulation that an address collision never occurs and if so it is suggested to try and avoid this situation. If address collisions cannot be avoided, the write-mode may be set to READ_FIRST which guarantees that the read data is the prior contents of the memory at the cost of additional power in the design. See the FPGA Memory Resources User Guide for additional information.
WARNING: [DRC REQP-1858] RAMB36E2_writefirst_collision_advisory: Synchronous clocking is detected for BRAM (level0_i/blp/blp_i/blp_static_region_ss/inst/static_region/slr1/pcie_3port_switch_0/inst/upstream_port_i/us_port_pcie.p4usp_up_i/inst/bd_aabe_pcie_3port_switch_0_0_us_port_pcie_4_0_pipe_inst/pcie_4_0_bram_inst/RAM32K.bram_comp_inst/bram_16k_1_int/ECC_RAM.RAMB36E2[1].ramb36e2_inst) in SDP mode with WRITE_FIRST write-mode. It is strongly suggested to change this mode to NO_CHANGE for best power characteristics. However, both WRITE_FIRST and NO_CHANGE may exhibit address collisions if the same address appears on both read and write ports resulting in unknown or corrupted read data. It is suggested to confirm via simulation that an address collision never occurs and if so it is suggested to try and avoid this situation. If address collisions cannot be avoided, the write-mode may be set to READ_FIRST which guarantees that the read data is the prior contents of the memory at the cost of additional power in the design. See the FPGA Memory Resources User Guide for additional information.
WARNING: [DRC REQP-1858] RAMB36E2_writefirst_collision_advisory: Synchronous clocking is detected for BRAM (level0_i/blp/blp_i/blp_static_region_ss/inst/static_region/slr1/pcie_3port_switch_0/inst/upstream_port_i/us_port_pcie.p4usp_up_i/inst/bd_aabe_pcie_3port_switch_0_0_us_port_pcie_4_0_pipe_inst/pcie_4_0_bram_inst/RAM32K.bram_comp_inst/bram_16k_1_int/ECC_RAM.RAMB36E2[2].ramb36e2_inst) in SDP mode with WRITE_FIRST write-mode. It is strongly suggested to change this mode to NO_CHANGE for best power characteristics. However, both WRITE_FIRST and NO_CHANGE may exhibit address collisions if the same address appears on both read and write ports resulting in unknown or corrupted read data. It is suggested to confirm via simulation that an address collision never occurs and if so it is suggested to try and avoid this situation. If address collisions cannot be avoided, the write-mode may be set to READ_FIRST which guarantees that the read data is the prior contents of the memory at the cost of additional power in the design. See the FPGA Memory Resources User Guide for additional information.
WARNING: [DRC REQP-1858] RAMB36E2_writefirst_collision_advisory: Synchronous clocking is detected for BRAM (level0_i/blp/blp_i/blp_static_region_ss/inst/static_region/slr1/pcie_3port_switch_0/inst/upstream_port_i/us_port_pcie.p4usp_up_i/inst/bd_aabe_pcie_3port_switch_0_0_us_port_pcie_4_0_pipe_inst/pcie_4_0_bram_inst/RAM32K.bram_comp_inst/bram_16k_1_int/ECC_RAM.RAMB36E2[3].ramb36e2_inst) in SDP mode with WRITE_FIRST write-mode. It is strongly suggested to change this mode to NO_CHANGE for best power characteristics. However, both WRITE_FIRST and NO_CHANGE may exhibit address collisions if the same address appears on both read and write ports resulting in unknown or corrupted read data. It is suggested to confirm via simulation that an address collision never occurs and if so it is suggested to try and avoid this situation. If address collisions cannot be avoided, the write-mode may be set to READ_FIRST which guarantees that the read data is the prior contents of the memory at the cost of additional power in the design. See the FPGA Memory Resources User Guide for additional information.
WARNING: [DRC REQP-1858] RAMB36E2_writefirst_collision_advisory: Synchronous clocking is detected for BRAM (level0_i/blp/blp_i/blp_static_region_ss/inst/static_region/slr1/pcie_3port_switch_0/inst/upstream_port_i/us_port_pcie.p4usp_up_i/inst/bd_aabe_pcie_3port_switch_0_0_us_port_pcie_4_0_pipe_inst/pcie_4_0_bram_inst/RAM32K.bram_comp_inst/bram_16k_1_int/ECC_RAM.RAMB36E2[4].ramb36e2_inst) in SDP mode with WRITE_FIRST write-mode. It is strongly suggested to change this mode to NO_CHANGE for best power characteristics. However, both WRITE_FIRST and NO_CHANGE may exhibit address collisions if the same address appears on both read and write ports resulting in unknown or corrupted read data. It is suggested to confirm via simulation that an address collision never occurs and if so it is suggested to try and avoid this situation. If address collisions cannot be avoided, the write-mode may be set to READ_FIRST which guarantees that the read data is the prior contents of the memory at the cost of additional power in the design. See the FPGA Memory Resources User Guide for additional information.
WARNING: [DRC REQP-1858] RAMB36E2_writefirst_collision_advisory: Synchronous clocking is detected for BRAM (level0_i/blp/blp_i/blp_static_region_ss/inst/static_region/slr1/pcie_3port_switch_0/inst/upstream_port_i/us_port_pcie.p4usp_up_i/inst/bd_aabe_pcie_3port_switch_0_0_us_port_pcie_4_0_pipe_inst/pcie_4_0_bram_inst/RAM32K.bram_comp_inst/bram_16k_1_int/ECC_RAM.RAMB36E2[5].ramb36e2_inst) in SDP mode with WRITE_FIRST write-mode. It is strongly suggested to change this mode to NO_CHANGE for best power characteristics. However, both WRITE_FIRST and NO_CHANGE may exhibit address collisions if the same address appears on both read and write ports resulting in unknown or corrupted read data. It is suggested to confirm via simulation that an address collision never occurs and if so it is suggested to try and avoid this situation. If address collisions cannot be avoided, the write-mode may be set to READ_FIRST which guarantees that the read data is the prior contents of the memory at the cost of additional power in the design. See the FPGA Memory Resources User Guide for additional information.
WARNING: [DRC REQP-1858] RAMB36E2_writefirst_collision_advisory: Synchronous clocking is detected for BRAM (level0_i/blp/blp_i/blp_static_region_ss/inst/static_region/slr1/pcie_3port_switch_0/inst/upstream_port_i/us_port_pcie.p4usp_up_i/inst/bd_aabe_pcie_3port_switch_0_0_us_port_pcie_4_0_pipe_inst/pcie_4_0_bram_inst/bram_post_inst/bram_16k_int/ECC_RAM.RAMB36E2[0].ramb36e2_inst) in SDP mode with WRITE_FIRST write-mode. It is strongly suggested to change this mode to NO_CHANGE for best power characteristics. However, both WRITE_FIRST and NO_CHANGE may exhibit address collisions if the same address appears on both read and write ports resulting in unknown or corrupted read data. It is suggested to confirm via simulation that an address collision never occurs and if so it is suggested to try and avoid this situation. If address collisions cannot be avoided, the write-mode may be set to READ_FIRST which guarantees that the read data is the prior contents of the memory at the cost of additional power in the design. See the FPGA Memory Resources User Guide for additional information.
WARNING: [DRC REQP-1858] RAMB36E2_writefirst_collision_advisory: Synchronous clocking is detected for BRAM (level0_i/blp/blp_i/blp_static_region_ss/inst/static_region/slr1/pcie_3port_switch_0/inst/upstream_port_i/us_port_pcie.p4usp_up_i/inst/bd_aabe_pcie_3port_switch_0_0_us_port_pcie_4_0_pipe_inst/pcie_4_0_bram_inst/bram_post_inst/bram_16k_int/ECC_RAM.RAMB36E2[1].ramb36e2_inst) in SDP mode with WRITE_FIRST write-mode. It is strongly suggested to change this mode to NO_CHANGE for best power characteristics. However, both WRITE_FIRST and NO_CHANGE may exhibit address collisions if the same address appears on both read and write ports resulting in unknown or corrupted read data. It is suggested to confirm via simulation that an address collision never occurs and if so it is suggested to try and avoid this situation. If address collisions cannot be avoided, the write-mode may be set to READ_FIRST which guarantees that the read data is the prior contents of the memory at the cost of additional power in the design. See the FPGA Memory Resources User Guide for additional information.
WARNING: [DRC REQP-1858] RAMB36E2_writefirst_collision_advisory: Synchronous clocking is detected for BRAM (level0_i/blp/blp_i/blp_static_region_ss/inst/static_region/slr1/pcie_3port_switch_0/inst/upstream_port_i/us_port_pcie.p4usp_up_i/inst/bd_aabe_pcie_3port_switch_0_0_us_port_pcie_4_0_pipe_inst/pcie_4_0_bram_inst/bram_post_inst/bram_16k_int/ECC_RAM.RAMB36E2[2].ramb36e2_inst) in SDP mode with WRITE_FIRST write-mode. It is strongly suggested to change this mode to NO_CHANGE for best power characteristics. However, both WRITE_FIRST and NO_CHANGE may exhibit address collisions if the same address appears on both read and write ports resulting in unknown or corrupted read data. It is suggested to confirm via simulation that an address collision never occurs and if so it is suggested to try and avoid this situation. If address collisions cannot be avoided, the write-mode may be set to READ_FIRST which guarantees that the read data is the prior contents of the memory at the cost of additional power in the design. See the FPGA Memory Resources User Guide for additional information.
WARNING: [DRC REQP-1858] RAMB36E2_writefirst_collision_advisory: Synchronous clocking is detected for BRAM (level0_i/blp/blp_i/blp_static_region_ss/inst/static_region/slr1/pcie_3port_switch_0/inst/upstream_port_i/us_port_pcie.p4usp_up_i/inst/bd_aabe_pcie_3port_switch_0_0_us_port_pcie_4_0_pipe_inst/pcie_4_0_bram_inst/bram_post_inst/bram_16k_int/ECC_RAM.RAMB36E2[3].ramb36e2_inst) in SDP mode with WRITE_FIRST write-mode. It is strongly suggested to change this mode to NO_CHANGE for best power characteristics. However, both WRITE_FIRST and NO_CHANGE may exhibit address collisions if the same address appears on both read and write ports resulting in unknown or corrupted read data. It is suggested to confirm via simulation that an address collision never occurs and if so it is suggested to try and avoid this situation. If address collisions cannot be avoided, the write-mode may be set to READ_FIRST which guarantees that the read data is the prior contents of the memory at the cost of additional power in the design. See the FPGA Memory Resources User Guide for additional information.
WARNING: [DRC REQP-1858] RAMB36E2_writefirst_collision_advisory: Synchronous clocking is detected for BRAM (level0_i/blp/blp_i/blp_static_region_ss/inst/static_region/slr1/pcie_3port_switch_0/inst/upstream_port_i/us_port_pcie.p4usp_up_i/inst/bd_aabe_pcie_3port_switch_0_0_us_port_pcie_4_0_pipe_inst/pcie_4_0_bram_inst/bram_post_inst/bram_16k_int/ECC_RAM.RAMB36E2[4].ramb36e2_inst) in SDP mode with WRITE_FIRST write-mode. It is strongly suggested to change this mode to NO_CHANGE for best power characteristics. However, both WRITE_FIRST and NO_CHANGE may exhibit address collisions if the same address appears on both read and write ports resulting in unknown or corrupted read data. It is suggested to confirm via simulation that an address collision never occurs and if so it is suggested to try and avoid this situation. If address collisions cannot be avoided, the write-mode may be set to READ_FIRST which guarantees that the read data is the prior contents of the memory at the cost of additional power in the design. See the FPGA Memory Resources User Guide for additional information.
WARNING: [DRC REQP-1858] RAMB36E2_writefirst_collision_advisory: Synchronous clocking is detected for BRAM (level0_i/blp/blp_i/blp_static_region_ss/inst/static_region/slr1/pcie_3port_switch_0/inst/upstream_port_i/us_port_pcie.p4usp_up_i/inst/bd_aabe_pcie_3port_switch_0_0_us_port_pcie_4_0_pipe_inst/pcie_4_0_bram_inst/bram_post_inst/bram_16k_int/ECC_RAM.RAMB36E2[5].ramb36e2_inst) in SDP mode with WRITE_FIRST write-mode. It is strongly suggested to change this mode to NO_CHANGE for best power characteristics. However, both WRITE_FIRST and NO_CHANGE may exhibit address collisions if the same address appears on both read and write ports resulting in unknown or corrupted read data. It is suggested to confirm via simulation that an address collision never occurs and if so it is suggested to try and avoid this situation. If address collisions cannot be avoided, the write-mode may be set to READ_FIRST which guarantees that the read data is the prior contents of the memory at the cost of additional power in the design. See the FPGA Memory Resources User Guide for additional information.
WARNING: [DRC REQP-1858] RAMB36E2_writefirst_collision_advisory: Synchronous clocking is detected for BRAM (level0_i/blp/blp_i/blp_static_region_ss/inst/static_region/slr1/pcie_3port_switch_0/inst/upstream_port_i/us_port_pcie.p4usp_up_i/inst/bd_aabe_pcie_3port_switch_0_0_us_port_pcie_4_0_pipe_inst/pcie_4_0_bram_inst/bram_repl_inst/bram_rep_int_0/ECC_RAM.RAMB36E2[0].ramb36e2_inst) in SDP mode with WRITE_FIRST write-mode. It is strongly suggested to change this mode to NO_CHANGE for best power characteristics. However, both WRITE_FIRST and NO_CHANGE may exhibit address collisions if the same address appears on both read and write ports resulting in unknown or corrupted read data. It is suggested to confirm via simulation that an address collision never occurs and if so it is suggested to try and avoid this situation. If address collisions cannot be avoided, the write-mode may be set to READ_FIRST which guarantees that the read data is the prior contents of the memory at the cost of additional power in the design. See the FPGA Memory Resources User Guide for additional information.
WARNING: [DRC REQP-1858] RAMB36E2_writefirst_collision_advisory: Synchronous clocking is detected for BRAM (level0_i/blp/blp_i/blp_static_region_ss/inst/static_region/slr1/pcie_3port_switch_0/inst/upstream_port_i/us_port_pcie.p4usp_up_i/inst/bd_aabe_pcie_3port_switch_0_0_us_port_pcie_4_0_pipe_inst/pcie_4_0_bram_inst/bram_repl_inst/bram_rep_int_0/ECC_RAM.RAMB36E2[1].ramb36e2_inst) in SDP mode with WRITE_FIRST write-mode. It is strongly suggested to change this mode to NO_CHANGE for best power characteristics. However, both WRITE_FIRST and NO_CHANGE may exhibit address collisions if the same address appears on both read and write ports resulting in unknown or corrupted read data. It is suggested to confirm via simulation that an address collision never occurs and if so it is suggested to try and avoid this situation. If address collisions cannot be avoided, the write-mode may be set to READ_FIRST which guarantees that the read data is the prior contents of the memory at the cost of additional power in the design. See the FPGA Memory Resources User Guide for additional information.
WARNING: [DRC REQP-1858] RAMB36E2_writefirst_collision_advisory: Synchronous clocking is detected for BRAM (level0_i/blp/blp_i/blp_static_region_ss/inst/static_region/slr1/pcie_3port_switch_0/inst/upstream_port_i/us_port_pcie.p4usp_up_i/inst/bd_aabe_pcie_3port_switch_0_0_us_port_pcie_4_0_pipe_inst/pcie_4_0_bram_inst/bram_repl_inst/bram_rep_int_0/ECC_RAM.RAMB36E2[2].ramb36e2_inst) in SDP mode with WRITE_FIRST write-mode. It is strongly suggested to change this mode to NO_CHANGE for best power characteristics. However, both WRITE_FIRST and NO_CHANGE may exhibit address collisions if the same address appears on both read and write ports resulting in unknown or corrupted read data. It is suggested to confirm via simulation that an address collision never occurs and if so it is suggested to try and avoid this situation. If address collisions cannot be avoided, the write-mode may be set to READ_FIRST which guarantees that the read data is the prior contents of the memory at the cost of additional power in the design. See the FPGA Memory Resources User Guide for additional information.
WARNING: [DRC REQP-1858] RAMB36E2_writefirst_collision_advisory: Synchronous clocking is detected for BRAM (level0_i/blp/blp_i/blp_static_region_ss/inst/static_region/slr1/pcie_3port_switch_0/inst/upstream_port_i/us_port_pcie.p4usp_up_i/inst/bd_aabe_pcie_3port_switch_0_0_us_port_pcie_4_0_pipe_inst/pcie_4_0_bram_inst/bram_repl_inst/bram_rep_int_0/ECC_RAM.RAMB36E2[3].ramb36e2_inst) in SDP mode with WRITE_FIRST write-mode. It is strongly suggested to change this mode to NO_CHANGE for best power characteristics. However, both WRITE_FIRST and NO_CHANGE may exhibit address collisions if the same address appears on both read and write ports resulting in unknown or corrupted read data. It is suggested to confirm via simulation that an address collision never occurs and if so it is suggested to try and avoid this situation. If address collisions cannot be avoided, the write-mode may be set to READ_FIRST which guarantees that the read data is the prior contents of the memory at the cost of additional power in the design. See the FPGA Memory Resources User Guide for additional information.
WARNING: [DRC REQP-1858] RAMB36E2_writefirst_collision_advisory: Synchronous clocking is detected for BRAM (level0_i/blp/blp_i/blp_static_region_ss/inst/static_region/slr1/pr_isolation_expanded/interconnect_data_slr/s00_couplers/s00_data_fifo/inst/gen_fifo.fifo_gen_inst/inst_fifo_gen/gaxi_full_lite.gread_ch.grdch2.axi_rdch/grf.rf/gntv_or_sync_fifo.mem/gbm.gbmg.gbmga.ngecc.bmg/inst_blk_mem_gen/gnbram.gnativebmg.native_blk_mem_gen/valid.cstr/ramloop[1].ram.r/prim_noinit.ram/DEVICE_8SERIES.NO_BMM_INFO.SDP.WIDE_PRIM36_NO_ECC.ram) in SDP mode with WRITE_FIRST write-mode. It is strongly suggested to change this mode to NO_CHANGE for best power characteristics. However, both WRITE_FIRST and NO_CHANGE may exhibit address collisions if the same address appears on both read and write ports resulting in unknown or corrupted read data. It is suggested to confirm via simulation that an address collision never occurs and if so it is suggested to try and avoid this situation. If address collisions cannot be avoided, the write-mode may be set to READ_FIRST which guarantees that the read data is the prior contents of the memory at the cost of additional power in the design. See the FPGA Memory Resources User Guide for additional information.
WARNING: [DRC REQP-1858] RAMB36E2_writefirst_collision_advisory: Synchronous clocking is detected for BRAM (level0_i/blp/blp_i/blp_static_region_ss/inst/static_region/slr1/pr_isolation_expanded/interconnect_data_slr/s00_couplers/s00_data_fifo/inst/gen_fifo.fifo_gen_inst/inst_fifo_gen/gaxi_full_lite.gread_ch.grdch2.axi_rdch/grf.rf/gntv_or_sync_fifo.mem/gbm.gbmg.gbmga.ngecc.bmg/inst_blk_mem_gen/gnbram.gnativebmg.native_blk_mem_gen/valid.cstr/ramloop[2].ram.r/prim_noinit.ram/DEVICE_8SERIES.NO_BMM_INFO.SDP.WIDE_PRIM36_NO_ECC.ram) in SDP mode with WRITE_FIRST write-mode. It is strongly suggested to change this mode to NO_CHANGE for best power characteristics. However, both WRITE_FIRST and NO_CHANGE may exhibit address collisions if the same address appears on both read and write ports resulting in unknown or corrupted read data. It is suggested to confirm via simulation that an address collision never occurs and if so it is suggested to try and avoid this situation. If address collisions cannot be avoided, the write-mode may be set to READ_FIRST which guarantees that the read data is the prior contents of the memory at the cost of additional power in the design. See the FPGA Memory Resources User Guide for additional information.
WARNING: [DRC REQP-1858] RAMB36E2_writefirst_collision_advisory: Synchronous clocking is detected for BRAM (level0_i/blp/blp_i/blp_static_region_ss/inst/static_region/slr1/pr_isolation_expanded/interconnect_data_slr/s00_couplers/s00_data_fifo/inst/gen_fifo.fifo_gen_inst/inst_fifo_gen/gaxi_full_lite.gread_ch.grdch2.axi_rdch/grf.rf/gntv_or_sync_fifo.mem/gbm.gbmg.gbmga.ngecc.bmg/inst_blk_mem_gen/gnbram.gnativebmg.native_blk_mem_gen/valid.cstr/ramloop[3].ram.r/prim_noinit.ram/DEVICE_8SERIES.NO_BMM_INFO.SDP.WIDE_PRIM36_NO_ECC.ram) in SDP mode with WRITE_FIRST write-mode. It is strongly suggested to change this mode to NO_CHANGE for best power characteristics. However, both WRITE_FIRST and NO_CHANGE may exhibit address collisions if the same address appears on both read and write ports resulting in unknown or corrupted read data. It is suggested to confirm via simulation that an address collision never occurs and if so it is suggested to try and avoid this situation. If address collisions cannot be avoided, the write-mode may be set to READ_FIRST which guarantees that the read data is the prior contents of the memory at the cost of additional power in the design. See the FPGA Memory Resources User Guide for additional information.
WARNING: [DRC REQP-1858] RAMB36E2_writefirst_collision_advisory: Synchronous clocking is detected for BRAM (level0_i/blp/blp_i/blp_static_region_ss/inst/static_region/slr1/pr_isolation_expanded/interconnect_data_slr/s00_couplers/s00_data_fifo/inst/gen_fifo.fifo_gen_inst/inst_fifo_gen/gaxi_full_lite.gread_ch.grdch2.axi_rdch/grf.rf/gntv_or_sync_fifo.mem/gbm.gbmg.gbmga.ngecc.bmg/inst_blk_mem_gen/gnbram.gnativebmg.native_blk_mem_gen/valid.cstr/ramloop[4].ram.r/prim_noinit.ram/DEVICE_8SERIES.NO_BMM_INFO.SDP.WIDE_PRIM36_NO_ECC.ram) in SDP mode with WRITE_FIRST write-mode. It is strongly suggested to change this mode to NO_CHANGE for best power characteristics. However, both WRITE_FIRST and NO_CHANGE may exhibit address collisions if the same address appears on both read and write ports resulting in unknown or corrupted read data. It is suggested to confirm via simulation that an address collision never occurs and if so it is suggested to try and avoid this situation. If address collisions cannot be avoided, the write-mode may be set to READ_FIRST which guarantees that the read data is the prior contents of the memory at the cost of additional power in the design. See the FPGA Memory Resources User Guide for additional information.
WARNING: [DRC REQP-1858] RAMB36E2_writefirst_collision_advisory: Synchronous clocking is detected for BRAM (level0_i/blp/blp_i/blp_static_region_ss/inst/static_region/slr1/pr_isolation_expanded/interconnect_data_slr/s00_couplers/s00_data_fifo/inst/gen_fifo.fifo_gen_inst/inst_fifo_gen/gaxi_full_lite.gread_ch.grdch2.axi_rdch/grf.rf/gntv_or_sync_fifo.mem/gbm.gbmg.gbmga.ngecc.bmg/inst_blk_mem_gen/gnbram.gnativebmg.native_blk_mem_gen/valid.cstr/ramloop[5].ram.r/prim_noinit.ram/DEVICE_8SERIES.NO_BMM_INFO.SDP.WIDE_PRIM36_NO_ECC.ram) in SDP mode with WRITE_FIRST write-mode. It is strongly suggested to change this mode to NO_CHANGE for best power characteristics. However, both WRITE_FIRST and NO_CHANGE may exhibit address collisions if the same address appears on both read and write ports resulting in unknown or corrupted read data. It is suggested to confirm via simulation that an address collision never occurs and if so it is suggested to try and avoid this situation. If address collisions cannot be avoided, the write-mode may be set to READ_FIRST which guarantees that the read data is the prior contents of the memory at the cost of additional power in the design. See the FPGA Memory Resources User Guide for additional information.
WARNING: [DRC REQP-1858] RAMB36E2_writefirst_collision_advisory: Synchronous clocking is detected for BRAM (level0_i/blp/blp_i/blp_static_region_ss/inst/static_region/slr1/pr_isolation_expanded/interconnect_data_slr/s00_couplers/s00_data_fifo/inst/gen_fifo.fifo_gen_inst/inst_fifo_gen/gaxi_full_lite.gread_ch.grdch2.axi_rdch/grf.rf/gntv_or_sync_fifo.mem/gbm.gbmg.gbmga.ngecc.bmg/inst_blk_mem_gen/gnbram.gnativebmg.native_blk_mem_gen/valid.cstr/ramloop[6].ram.r/prim_noinit.ram/DEVICE_8SERIES.NO_BMM_INFO.SDP.WIDE_PRIM36_NO_ECC.ram) in SDP mode with WRITE_FIRST write-mode. It is strongly suggested to change this mode to NO_CHANGE for best power characteristics. However, both WRITE_FIRST and NO_CHANGE may exhibit address collisions if the same address appears on both read and write ports resulting in unknown or corrupted read data. It is suggested to confirm via simulation that an address collision never occurs and if so it is suggested to try and avoid this situation. If address collisions cannot be avoided, the write-mode may be set to READ_FIRST which guarantees that the read data is the prior contents of the memory at the cost of additional power in the design. See the FPGA Memory Resources User Guide for additional information.
WARNING: [DRC REQP-1858] RAMB36E2_writefirst_collision_advisory: Synchronous clocking is detected for BRAM (level0_i/blp/blp_i/blp_static_region_ss/inst/static_region/slr1/pr_isolation_expanded/interconnect_data_slr/s00_couplers/s00_data_fifo/inst/gen_fifo.fifo_gen_inst/inst_fifo_gen/gaxi_full_lite.gread_ch.grdch2.axi_rdch/grf.rf/gntv_or_sync_fifo.mem/gbm.gbmg.gbmga.ngecc.bmg/inst_blk_mem_gen/gnbram.gnativebmg.native_blk_mem_gen/valid.cstr/ramloop[7].ram.r/prim_noinit.ram/DEVICE_8SERIES.NO_BMM_INFO.SDP.WIDE_PRIM36_NO_ECC.ram) in SDP mode with WRITE_FIRST write-mode. It is strongly suggested to change this mode to NO_CHANGE for best power characteristics. However, both WRITE_FIRST and NO_CHANGE may exhibit address collisions if the same address appears on both read and write ports resulting in unknown or corrupted read data. It is suggested to confirm via simulation that an address collision never occurs and if so it is suggested to try and avoid this situation. If address collisions cannot be avoided, the write-mode may be set to READ_FIRST which guarantees that the read data is the prior contents of the memory at the cost of additional power in the design. See the FPGA Memory Resources User Guide for additional information.
WARNING: [DRC REQP-1858] RAMB36E2_writefirst_collision_advisory: Synchronous clocking is detected for BRAM (level0_i/blp/blp_i/blp_static_region_ss/inst/static_region/slr1/pr_isolation_expanded/interconnect_data_slr/s00_couplers/s00_data_fifo/inst/gen_fifo.fifo_gen_inst/inst_fifo_gen/gaxi_full_lite.gwrite_ch.gwdch2.axi_wdch/grf.rf/gntv_or_sync_fifo.mem/gbm.gbmg.gbmga.ngecc.bmg/inst_blk_mem_gen/gnbram.gnativebmg.native_blk_mem_gen/valid.cstr/ramloop[1].ram.r/prim_noinit.ram/DEVICE_8SERIES.NO_BMM_INFO.SDP.WIDE_PRIM36_NO_ECC.ram) in SDP mode with WRITE_FIRST write-mode. It is strongly suggested to change this mode to NO_CHANGE for best power characteristics. However, both WRITE_FIRST and NO_CHANGE may exhibit address collisions if the same address appears on both read and write ports resulting in unknown or corrupted read data. It is suggested to confirm via simulation that an address collision never occurs and if so it is suggested to try and avoid this situation. If address collisions cannot be avoided, the write-mode may be set to READ_FIRST which guarantees that the read data is the prior contents of the memory at the cost of additional power in the design. See the FPGA Memory Resources User Guide for additional information.
WARNING: [DRC REQP-1858] RAMB36E2_writefirst_collision_advisory: Synchronous clocking is detected for BRAM (level0_i/blp/blp_i/blp_static_region_ss/inst/static_region/slr1/pr_isolation_expanded/interconnect_data_slr/s00_couplers/s00_data_fifo/inst/gen_fifo.fifo_gen_inst/inst_fifo_gen/gaxi_full_lite.gwrite_ch.gwdch2.axi_wdch/grf.rf/gntv_or_sync_fifo.mem/gbm.gbmg.gbmga.ngecc.bmg/inst_blk_mem_gen/gnbram.gnativebmg.native_blk_mem_gen/valid.cstr/ramloop[2].ram.r/prim_noinit.ram/DEVICE_8SERIES.NO_BMM_INFO.SDP.WIDE_PRIM36_NO_ECC.ram) in SDP mode with WRITE_FIRST write-mode. It is strongly suggested to change this mode to NO_CHANGE for best power characteristics. However, both WRITE_FIRST and NO_CHANGE may exhibit address collisions if the same address appears on both read and write ports resulting in unknown or corrupted read data. It is suggested to confirm via simulation that an address collision never occurs and if so it is suggested to try and avoid this situation. If address collisions cannot be avoided, the write-mode may be set to READ_FIRST which guarantees that the read data is the prior contents of the memory at the cost of additional power in the design. See the FPGA Memory Resources User Guide for additional information.
WARNING: [DRC REQP-1858] RAMB36E2_writefirst_collision_advisory: Synchronous clocking is detected for BRAM (level0_i/blp/blp_i/blp_static_region_ss/inst/static_region/slr1/pr_isolation_expanded/interconnect_data_slr/s00_couplers/s00_data_fifo/inst/gen_fifo.fifo_gen_inst/inst_fifo_gen/gaxi_full_lite.gwrite_ch.gwdch2.axi_wdch/grf.rf/gntv_or_sync_fifo.mem/gbm.gbmg.gbmga.ngecc.bmg/inst_blk_mem_gen/gnbram.gnativebmg.native_blk_mem_gen/valid.cstr/ramloop[3].ram.r/prim_noinit.ram/DEVICE_8SERIES.NO_BMM_INFO.SDP.WIDE_PRIM36_NO_ECC.ram) in SDP mode with WRITE_FIRST write-mode. It is strongly suggested to change this mode to NO_CHANGE for best power characteristics. However, both WRITE_FIRST and NO_CHANGE may exhibit address collisions if the same address appears on both read and write ports resulting in unknown or corrupted read data. It is suggested to confirm via simulation that an address collision never occurs and if so it is suggested to try and avoid this situation. If address collisions cannot be avoided, the write-mode may be set to READ_FIRST which guarantees that the read data is the prior contents of the memory at the cost of additional power in the design. See the FPGA Memory Resources User Guide for additional information.
WARNING: [DRC REQP-1858] RAMB36E2_writefirst_collision_advisory: Synchronous clocking is detected for BRAM (level0_i/blp/blp_i/blp_static_region_ss/inst/static_region/slr1/pr_isolation_expanded/interconnect_data_slr/s00_couplers/s00_data_fifo/inst/gen_fifo.fifo_gen_inst/inst_fifo_gen/gaxi_full_lite.gwrite_ch.gwdch2.axi_wdch/grf.rf/gntv_or_sync_fifo.mem/gbm.gbmg.gbmga.ngecc.bmg/inst_blk_mem_gen/gnbram.gnativebmg.native_blk_mem_gen/valid.cstr/ramloop[4].ram.r/prim_noinit.ram/DEVICE_8SERIES.NO_BMM_INFO.SDP.WIDE_PRIM36_NO_ECC.ram) in SDP mode with WRITE_FIRST write-mode. It is strongly suggested to change this mode to NO_CHANGE for best power characteristics. However, both WRITE_FIRST and NO_CHANGE may exhibit address collisions if the same address appears on both read and write ports resulting in unknown or corrupted read data. It is suggested to confirm via simulation that an address collision never occurs and if so it is suggested to try and avoid this situation. If address collisions cannot be avoided, the write-mode may be set to READ_FIRST which guarantees that the read data is the prior contents of the memory at the cost of additional power in the design. See the FPGA Memory Resources User Guide for additional information.
WARNING: [DRC REQP-1858] RAMB36E2_writefirst_collision_advisory: Synchronous clocking is detected for BRAM (level0_i/blp/blp_i/blp_static_region_ss/inst/static_region/slr1/pr_isolation_expanded/interconnect_data_slr/s00_couplers/s00_data_fifo/inst/gen_fifo.fifo_gen_inst/inst_fifo_gen/gaxi_full_lite.gwrite_ch.gwdch2.axi_wdch/grf.rf/gntv_or_sync_fifo.mem/gbm.gbmg.gbmga.ngecc.bmg/inst_blk_mem_gen/gnbram.gnativebmg.native_blk_mem_gen/valid.cstr/ramloop[5].ram.r/prim_noinit.ram/DEVICE_8SERIES.NO_BMM_INFO.SDP.WIDE_PRIM36_NO_ECC.ram) in SDP mode with WRITE_FIRST write-mode. It is strongly suggested to change this mode to NO_CHANGE for best power characteristics. However, both WRITE_FIRST and NO_CHANGE may exhibit address collisions if the same address appears on both read and write ports resulting in unknown or corrupted read data. It is suggested to confirm via simulation that an address collision never occurs and if so it is suggested to try and avoid this situation. If address collisions cannot be avoided, the write-mode may be set to READ_FIRST which guarantees that the read data is the prior contents of the memory at the cost of additional power in the design. See the FPGA Memory Resources User Guide for additional information.
WARNING: [DRC REQP-1858] RAMB36E2_writefirst_collision_advisory: Synchronous clocking is detected for BRAM (level0_i/blp/blp_i/blp_static_region_ss/inst/static_region/slr1/pr_isolation_expanded/interconnect_data_slr/s00_couplers/s00_data_fifo/inst/gen_fifo.fifo_gen_inst/inst_fifo_gen/gaxi_full_lite.gwrite_ch.gwdch2.axi_wdch/grf.rf/gntv_or_sync_fifo.mem/gbm.gbmg.gbmga.ngecc.bmg/inst_blk_mem_gen/gnbram.gnativebmg.native_blk_mem_gen/valid.cstr/ramloop[6].ram.r/prim_noinit.ram/DEVICE_8SERIES.NO_BMM_INFO.SDP.WIDE_PRIM36_NO_ECC.ram) in SDP mode with WRITE_FIRST write-mode. It is strongly suggested to change this mode to NO_CHANGE for best power characteristics. However, both WRITE_FIRST and NO_CHANGE may exhibit address collisions if the same address appears on both read and write ports resulting in unknown or corrupted read data. It is suggested to confirm via simulation that an address collision never occurs and if so it is suggested to try and avoid this situation. If address collisions cannot be avoided, the write-mode may be set to READ_FIRST which guarantees that the read data is the prior contents of the memory at the cost of additional power in the design. See the FPGA Memory Resources User Guide for additional information.
WARNING: [DRC REQP-1858] RAMB36E2_writefirst_collision_advisory: Synchronous clocking is detected for BRAM (level0_i/blp/blp_i/blp_static_region_ss/inst/static_region/slr1/pr_isolation_expanded/interconnect_data_slr/s00_couplers/s00_data_fifo/inst/gen_fifo.fifo_gen_inst/inst_fifo_gen/gaxi_full_lite.gwrite_ch.gwdch2.axi_wdch/grf.rf/gntv_or_sync_fifo.mem/gbm.gbmg.gbmga.ngecc.bmg/inst_blk_mem_gen/gnbram.gnativebmg.native_blk_mem_gen/valid.cstr/ramloop[7].ram.r/prim_noinit.ram/DEVICE_8SERIES.NO_BMM_INFO.SDP.WIDE_PRIM36_NO_ECC.ram) in SDP mode with WRITE_FIRST write-mode. It is strongly suggested to change this mode to NO_CHANGE for best power characteristics. However, both WRITE_FIRST and NO_CHANGE may exhibit address collisions if the same address appears on both read and write ports resulting in unknown or corrupted read data. It is suggested to confirm via simulation that an address collision never occurs and if so it is suggested to try and avoid this situation. If address collisions cannot be avoided, the write-mode may be set to READ_FIRST which guarantees that the read data is the prior contents of the memory at the cost of additional power in the design. See the FPGA Memory Resources User Guide for additional information.
WARNING: [DRC REQP-1858] RAMB36E2_writefirst_collision_advisory: Synchronous clocking is detected for BRAM (level0_i/blp/blp_i/blp_static_region_ss/inst/static_region/slr1/pr_isolation_expanded/interconnect_data_slr/s00_couplers/s00_data_fifo/inst/gen_fifo.fifo_gen_inst/inst_fifo_gen/gaxi_full_lite.gwrite_ch.gwdch2.axi_wdch/grf.rf/gntv_or_sync_fifo.mem/gbm.gbmg.gbmga.ngecc.bmg/inst_blk_mem_gen/gnbram.gnativebmg.native_blk_mem_gen/valid.cstr/ramloop[8].ram.r/prim_noinit.ram/DEVICE_8SERIES.NO_BMM_INFO.SDP.WIDE_PRIM36_NO_ECC.ram) in SDP mode with WRITE_FIRST write-mode. It is strongly suggested to change this mode to NO_CHANGE for best power characteristics. However, both WRITE_FIRST and NO_CHANGE may exhibit address collisions if the same address appears on both read and write ports resulting in unknown or corrupted read data. It is suggested to confirm via simulation that an address collision never occurs and if so it is suggested to try and avoid this situation. If address collisions cannot be avoided, the write-mode may be set to READ_FIRST which guarantees that the read data is the prior contents of the memory at the cost of additional power in the design. See the FPGA Memory Resources User Guide for additional information.
WARNING: [DRC REQP-1858] RAMB36E2_writefirst_collision_advisory: Synchronous clocking is detected for BRAM (level0_i/ulp/axi_interconnect_0/s02_couplers/auto_us_cc_df/inst/gen_upsizer.gen_full_upsizer.axi_upsizer_inst/USE_WRITE.gen_pktfifo_w_upsizer.pktfifo_write_data_inst/w_buffer/inst_blk_mem_gen/gnbram.gnativebmg.native_blk_mem_gen/valid.cstr/ramloop[0].ram.r/prim_noinit.ram/DEVICE_8SERIES.NO_BMM_INFO.SDP.WIDE_PRIM36_NO_ECC.ram) in SDP mode with WRITE_FIRST write-mode. It is strongly suggested to change this mode to NO_CHANGE for best power characteristics. However, both WRITE_FIRST and NO_CHANGE may exhibit address collisions if the same address appears on both read and write ports resulting in unknown or corrupted read data. It is suggested to confirm via simulation that an address collision never occurs and if so it is suggested to try and avoid this situation. If address collisions cannot be avoided, the write-mode may be set to READ_FIRST which guarantees that the read data is the prior contents of the memory at the cost of additional power in the design. See the FPGA Memory Resources User Guide for additional information.
WARNING: [DRC REQP-1858] RAMB36E2_writefirst_collision_advisory: Synchronous clocking is detected for BRAM (level0_i/ulp/axi_interconnect_0/s02_couplers/auto_us_cc_df/inst/gen_upsizer.gen_full_upsizer.axi_upsizer_inst/USE_WRITE.gen_pktfifo_w_upsizer.pktfifo_write_data_inst/w_buffer/inst_blk_mem_gen/gnbram.gnativebmg.native_blk_mem_gen/valid.cstr/ramloop[1].ram.r/prim_noinit.ram/DEVICE_8SERIES.NO_BMM_INFO.SDP.WIDE_PRIM36_NO_ECC.ram) in SDP mode with WRITE_FIRST write-mode. It is strongly suggested to change this mode to NO_CHANGE for best power characteristics. However, both WRITE_FIRST and NO_CHANGE may exhibit address collisions if the same address appears on both read and write ports resulting in unknown or corrupted read data. It is suggested to confirm via simulation that an address collision never occurs and if so it is suggested to try and avoid this situation. If address collisions cannot be avoided, the write-mode may be set to READ_FIRST which guarantees that the read data is the prior contents of the memory at the cost of additional power in the design. See the FPGA Memory Resources User Guide for additional information.
WARNING: [DRC REQP-1858] RAMB36E2_writefirst_collision_advisory: Synchronous clocking is detected for BRAM (level0_i/ulp/axi_interconnect_0/s02_couplers/auto_us_cc_df/inst/gen_upsizer.gen_full_upsizer.axi_upsizer_inst/USE_WRITE.gen_pktfifo_w_upsizer.pktfifo_write_data_inst/w_buffer/inst_blk_mem_gen/gnbram.gnativebmg.native_blk_mem_gen/valid.cstr/ramloop[2].ram.r/prim_noinit.ram/DEVICE_8SERIES.NO_BMM_INFO.SDP.WIDE_PRIM36_NO_ECC.ram) in SDP mode with WRITE_FIRST write-mode. It is strongly suggested to change this mode to NO_CHANGE for best power characteristics. However, both WRITE_FIRST and NO_CHANGE may exhibit address collisions if the same address appears on both read and write ports resulting in unknown or corrupted read data. It is suggested to confirm via simulation that an address collision never occurs and if so it is suggested to try and avoid this situation. If address collisions cannot be avoided, the write-mode may be set to READ_FIRST which guarantees that the read data is the prior contents of the memory at the cost of additional power in the design. See the FPGA Memory Resources User Guide for additional information.
WARNING: [DRC REQP-1858] RAMB36E2_writefirst_collision_advisory: Synchronous clocking is detected for BRAM (level0_i/ulp/axi_interconnect_0/s02_couplers/auto_us_cc_df/inst/gen_upsizer.gen_full_upsizer.axi_upsizer_inst/USE_WRITE.gen_pktfifo_w_upsizer.pktfifo_write_data_inst/w_buffer/inst_blk_mem_gen/gnbram.gnativebmg.native_blk_mem_gen/valid.cstr/ramloop[3].ram.r/prim_noinit.ram/DEVICE_8SERIES.NO_BMM_INFO.SDP.WIDE_PRIM36_NO_ECC.ram) in SDP mode with WRITE_FIRST write-mode. It is strongly suggested to change this mode to NO_CHANGE for best power characteristics. However, both WRITE_FIRST and NO_CHANGE may exhibit address collisions if the same address appears on both read and write ports resulting in unknown or corrupted read data. It is suggested to confirm via simulation that an address collision never occurs and if so it is suggested to try and avoid this situation. If address collisions cannot be avoided, the write-mode may be set to READ_FIRST which guarantees that the read data is the prior contents of the memory at the cost of additional power in the design. See the FPGA Memory Resources User Guide for additional information.
WARNING: [DRC REQP-1858] RAMB36E2_writefirst_collision_advisory: Synchronous clocking is detected for BRAM (level0_i/ulp/axi_interconnect_0/s02_couplers/auto_us_cc_df/inst/gen_upsizer.gen_full_upsizer.axi_upsizer_inst/USE_WRITE.gen_pktfifo_w_upsizer.pktfifo_write_data_inst/w_buffer/inst_blk_mem_gen/gnbram.gnativebmg.native_blk_mem_gen/valid.cstr/ramloop[4].ram.r/prim_noinit.ram/DEVICE_8SERIES.NO_BMM_INFO.SDP.WIDE_PRIM36_NO_ECC.ram) in SDP mode with WRITE_FIRST write-mode. It is strongly suggested to change this mode to NO_CHANGE for best power characteristics. However, both WRITE_FIRST and NO_CHANGE may exhibit address collisions if the same address appears on both read and write ports resulting in unknown or corrupted read data. It is suggested to confirm via simulation that an address collision never occurs and if so it is suggested to try and avoid this situation. If address collisions cannot be avoided, the write-mode may be set to READ_FIRST which guarantees that the read data is the prior contents of the memory at the cost of additional power in the design. See the FPGA Memory Resources User Guide for additional information.
WARNING: [DRC REQP-1858] RAMB36E2_writefirst_collision_advisory: Synchronous clocking is detected for BRAM (level0_i/ulp/axi_interconnect_0/s02_couplers/auto_us_cc_df/inst/gen_upsizer.gen_full_upsizer.axi_upsizer_inst/USE_WRITE.gen_pktfifo_w_upsizer.pktfifo_write_data_inst/w_buffer/inst_blk_mem_gen/gnbram.gnativebmg.native_blk_mem_gen/valid.cstr/ramloop[5].ram.r/prim_noinit.ram/DEVICE_8SERIES.NO_BMM_INFO.SDP.WIDE_PRIM36_NO_ECC.ram) in SDP mode with WRITE_FIRST write-mode. It is strongly suggested to change this mode to NO_CHANGE for best power characteristics. However, both WRITE_FIRST and NO_CHANGE may exhibit address collisions if the same address appears on both read and write ports resulting in unknown or corrupted read data. It is suggested to confirm via simulation that an address collision never occurs and if so it is suggested to try and avoid this situation. If address collisions cannot be avoided, the write-mode may be set to READ_FIRST which guarantees that the read data is the prior contents of the memory at the cost of additional power in the design. See the FPGA Memory Resources User Guide for additional information.
WARNING: [DRC REQP-1858] RAMB36E2_writefirst_collision_advisory: Synchronous clocking is detected for BRAM (level0_i/ulp/axi_interconnect_0/s02_couplers/auto_us_cc_df/inst/gen_upsizer.gen_full_upsizer.axi_upsizer_inst/USE_WRITE.gen_pktfifo_w_upsizer.pktfifo_write_data_inst/w_buffer/inst_blk_mem_gen/gnbram.gnativebmg.native_blk_mem_gen/valid.cstr/ramloop[6].ram.r/prim_noinit.ram/DEVICE_8SERIES.NO_BMM_INFO.SDP.WIDE_PRIM36_NO_ECC.ram) in SDP mode with WRITE_FIRST write-mode. It is strongly suggested to change this mode to NO_CHANGE for best power characteristics. However, both WRITE_FIRST and NO_CHANGE may exhibit address collisions if the same address appears on both read and write ports resulting in unknown or corrupted read data. It is suggested to confirm via simulation that an address collision never occurs and if so it is suggested to try and avoid this situation. If address collisions cannot be avoided, the write-mode may be set to READ_FIRST which guarantees that the read data is the prior contents of the memory at the cost of additional power in the design. See the FPGA Memory Resources User Guide for additional information.
WARNING: [DRC REQP-1858] RAMB36E2_writefirst_collision_advisory: Synchronous clocking is detected for BRAM (level0_i/ulp/axi_interconnect_0/s02_couplers/auto_us_cc_df/inst/gen_upsizer.gen_full_upsizer.axi_upsizer_inst/USE_WRITE.gen_pktfifo_w_upsizer.pktfifo_write_data_inst/w_buffer/inst_blk_mem_gen/gnbram.gnativebmg.native_blk_mem_gen/valid.cstr/ramloop[7].ram.r/prim_noinit.ram/DEVICE_8SERIES.NO_BMM_INFO.SDP.WIDE_PRIM36_NO_ECC.ram) in SDP mode with WRITE_FIRST write-mode. It is strongly suggested to change this mode to NO_CHANGE for best power characteristics. However, both WRITE_FIRST and NO_CHANGE may exhibit address collisions if the same address appears on both read and write ports resulting in unknown or corrupted read data. It is suggested to confirm via simulation that an address collision never occurs and if so it is suggested to try and avoid this situation. If address collisions cannot be avoided, the write-mode may be set to READ_FIRST which guarantees that the read data is the prior contents of the memory at the cost of additional power in the design. See the FPGA Memory Resources User Guide for additional information.
WARNING: [DRC REQP-1934] RAMB18E2_nochange_collision_advisory: Synchronous clocking is detected for BRAM (level0_i/blp/blp_i/blp_static_region_ss/inst/static_region/slr1/axi_hwicap/U0/ICAP_NOT_SHARED.HWICAP_CTRL_I/IPIC_IF_I/RD_FIFO.RDDATA_FIFO_I/xpm_fifo_instance.xpm_fifo_async_inst/gnuram_async_fifo.xpm_fifo_base_inst/gen_sdpram.xpm_memory_base_inst/gen_wr_a.gen_word_narrow.mem_reg) in SDP mode with NO_CHANGE write-mode. This is the preferred mode for best power characteristics. However, NO_CHANGE may exhibit address collisions if the same address appears on both read and write ports resulting in unknown or corrupted read data. It is suggested to confirm via simulation that an address collision never occurs and if so it is suggested to try and avoid this situation. If address collisions cannot be avoided, the write-mode may be set to READ_FIRST which guarantees that the read data is the prior contents of the memory at the cost of additional power in the design. See the FPGA Memory Resources User Guide for additional information.
WARNING: [DRC REQP-1934] RAMB18E2_nochange_collision_advisory: Synchronous clocking is detected for BRAM (level0_i/blp/blp_i/blp_static_region_ss/inst/static_region/slr1/pcie_3port_switch_0/inst/embedded_endpoint_i/switch_top_inst/bd_aabe_pcie_3port_switch_0_0_ds_cc_mux_mod/xpm_fifo_axis_inst/xpm_fifo_base_inst/gen_sdpram.xpm_memory_base_inst/gen_wr_a.gen_word_narrow.mem_reg_2) in SDP mode with NO_CHANGE write-mode. This is the preferred mode for best power characteristics. However, NO_CHANGE may exhibit address collisions if the same address appears on both read and write ports resulting in unknown or corrupted read data. It is suggested to confirm via simulation that an address collision never occurs and if so it is suggested to try and avoid this situation. If address collisions cannot be avoided, the write-mode may be set to READ_FIRST which guarantees that the read data is the prior contents of the memory at the cost of additional power in the design. See the FPGA Memory Resources User Guide for additional information.
WARNING: [DRC REQP-1934] RAMB18E2_nochange_collision_advisory: Synchronous clocking is detected for BRAM (level0_i/blp/blp_i/blp_static_region_ss/inst/static_region/slr1/pcie_3port_switch_0/inst/embedded_endpoint_i/switch_top_inst/bd_aabe_pcie_3port_switch_0_0_ds_cq_intfc_mod/bd_aabe_pcie_3port_switch_0_0_ds_cq_input_reg_mod/xpm_fifo_axis_inst/xpm_fifo_base_inst/gen_sdpram.xpm_memory_base_inst/gen_wr_a.gen_word_narrow.mem_reg_3) in SDP mode with NO_CHANGE write-mode. This is the preferred mode for best power characteristics. However, NO_CHANGE may exhibit address collisions if the same address appears on both read and write ports resulting in unknown or corrupted read data. It is suggested to confirm via simulation that an address collision never occurs and if so it is suggested to try and avoid this situation. If address collisions cannot be avoided, the write-mode may be set to READ_FIRST which guarantees that the read data is the prior contents of the memory at the cost of additional power in the design. See the FPGA Memory Resources User Guide for additional information.
WARNING: [DRC REQP-1934] RAMB18E2_nochange_collision_advisory: Synchronous clocking is detected for BRAM (level0_i/blp/blp_i/blp_static_region_ss/inst/static_region/slr1/pcie_3port_switch_0/inst/embedded_endpoint_i/switch_top_inst/bd_aabe_pcie_3port_switch_0_0_ds_rq_intfc_mod/xpm_fifo_axis_inst/xpm_fifo_base_inst/gen_sdpram.xpm_memory_base_inst/gen_wr_a.gen_word_narrow.mem_reg_2) in SDP mode with NO_CHANGE write-mode. This is the preferred mode for best power characteristics. However, NO_CHANGE may exhibit address collisions if the same address appears on both read and write ports resulting in unknown or corrupted read data. It is suggested to confirm via simulation that an address collision never occurs and if so it is suggested to try and avoid this situation. If address collisions cannot be avoided, the write-mode may be set to READ_FIRST which guarantees that the read data is the prior contents of the memory at the cost of additional power in the design. See the FPGA Memory Resources User Guide for additional information.
WARNING: [DRC REQP-1935] RAMB36E2_nochange_collision_advisory: Synchronous clocking is detected for BRAM (level0_i/blp/blp_i/blp_static_region_ss/inst/static_region/slr1/pcie_3port_switch_0/inst/embedded_endpoint_i/switch_top_inst/bd_aabe_pcie_3port_switch_0_0_ds_cc_mux_mod/xpm_fifo_axis_inst/xpm_fifo_base_inst/gen_sdpram.xpm_memory_base_inst/gen_wr_a.gen_word_narrow.mem_reg_0) in SDP mode with NO_CHANGE write-mode. This is the preferred mode for best power characteristics. However, NO_CHANGE may exhibit address collisions if the same address appears on both read and write ports resulting in unknown or corrupted read data. It is suggested to confirm via simulation that an address collision never occurs and if so it is suggested to try and avoid this situation. If address collisions cannot be avoided, the write-mode may be set to READ_FIRST which guarantees that the read data is the prior contents of the memory at the cost of additional power in the design. See the FPGA Memory Resources User Guide for additional information.
WARNING: [DRC REQP-1935] RAMB36E2_nochange_collision_advisory: Synchronous clocking is detected for BRAM (level0_i/blp/blp_i/blp_static_region_ss/inst/static_region/slr1/pcie_3port_switch_0/inst/embedded_endpoint_i/switch_top_inst/bd_aabe_pcie_3port_switch_0_0_ds_cc_mux_mod/xpm_fifo_axis_inst/xpm_fifo_base_inst/gen_sdpram.xpm_memory_base_inst/gen_wr_a.gen_word_narrow.mem_reg_1) in SDP mode with NO_CHANGE write-mode. This is the preferred mode for best power characteristics. However, NO_CHANGE may exhibit address collisions if the same address appears on both read and write ports resulting in unknown or corrupted read data. It is suggested to confirm via simulation that an address collision never occurs and if so it is suggested to try and avoid this situation. If address collisions cannot be avoided, the write-mode may be set to READ_FIRST which guarantees that the read data is the prior contents of the memory at the cost of additional power in the design. See the FPGA Memory Resources User Guide for additional information.
WARNING: [DRC REQP-1935] RAMB36E2_nochange_collision_advisory: Synchronous clocking is detected for BRAM (level0_i/blp/blp_i/blp_static_region_ss/inst/static_region/slr1/pcie_3port_switch_0/inst/embedded_endpoint_i/switch_top_inst/bd_aabe_pcie_3port_switch_0_0_ds_cq_intfc_mod/bd_aabe_pcie_3port_switch_0_0_ds_cq_input_reg_mod/xpm_fifo_axis_inst/xpm_fifo_base_inst/gen_sdpram.xpm_memory_base_inst/gen_wr_a.gen_word_narrow.mem_reg_0) in SDP mode with NO_CHANGE write-mode. This is the preferred mode for best power characteristics. However, NO_CHANGE may exhibit address collisions if the same address appears on both read and write ports resulting in unknown or corrupted read data. It is suggested to confirm via simulation that an address collision never occurs and if so it is suggested to try and avoid this situation. If address collisions cannot be avoided, the write-mode may be set to READ_FIRST which guarantees that the read data is the prior contents of the memory at the cost of additional power in the design. See the FPGA Memory Resources User Guide for additional information.
WARNING: [DRC REQP-1935] RAMB36E2_nochange_collision_advisory: Synchronous clocking is detected for BRAM (level0_i/blp/blp_i/blp_static_region_ss/inst/static_region/slr1/pcie_3port_switch_0/inst/embedded_endpoint_i/switch_top_inst/bd_aabe_pcie_3port_switch_0_0_ds_cq_intfc_mod/bd_aabe_pcie_3port_switch_0_0_ds_cq_input_reg_mod/xpm_fifo_axis_inst/xpm_fifo_base_inst/gen_sdpram.xpm_memory_base_inst/gen_wr_a.gen_word_narrow.mem_reg_1) in SDP mode with NO_CHANGE write-mode. This is the preferred mode for best power characteristics. However, NO_CHANGE may exhibit address collisions if the same address appears on both read and write ports resulting in unknown or corrupted read data. It is suggested to confirm via simulation that an address collision never occurs and if so it is suggested to try and avoid this situation. If address collisions cannot be avoided, the write-mode may be set to READ_FIRST which guarantees that the read data is the prior contents of the memory at the cost of additional power in the design. See the FPGA Memory Resources User Guide for additional information.
WARNING: [DRC REQP-1935] RAMB36E2_nochange_collision_advisory: Synchronous clocking is detected for BRAM (level0_i/blp/blp_i/blp_static_region_ss/inst/static_region/slr1/pcie_3port_switch_0/inst/embedded_endpoint_i/switch_top_inst/bd_aabe_pcie_3port_switch_0_0_ds_cq_intfc_mod/bd_aabe_pcie_3port_switch_0_0_ds_cq_input_reg_mod/xpm_fifo_axis_inst/xpm_fifo_base_inst/gen_sdpram.xpm_memory_base_inst/gen_wr_a.gen_word_narrow.mem_reg_2) in SDP mode with NO_CHANGE write-mode. This is the preferred mode for best power characteristics. However, NO_CHANGE may exhibit address collisions if the same address appears on both read and write ports resulting in unknown or corrupted read data. It is suggested to confirm via simulation that an address collision never occurs and if so it is suggested to try and avoid this situation. If address collisions cannot be avoided, the write-mode may be set to READ_FIRST which guarantees that the read data is the prior contents of the memory at the cost of additional power in the design. See the FPGA Memory Resources User Guide for additional information.
WARNING: [DRC REQP-1935] RAMB36E2_nochange_collision_advisory: Synchronous clocking is detected for BRAM (level0_i/blp/blp_i/blp_static_region_ss/inst/static_region/slr1/pcie_3port_switch_0/inst/embedded_endpoint_i/switch_top_inst/bd_aabe_pcie_3port_switch_0_0_ds_rq_intfc_mod/xpm_fifo_axis_inst/xpm_fifo_base_inst/gen_sdpram.xpm_memory_base_inst/gen_wr_a.gen_word_narrow.mem_reg_0) in SDP mode with NO_CHANGE write-mode. This is the preferred mode for best power characteristics. However, NO_CHANGE may exhibit address collisions if the same address appears on both read and write ports resulting in unknown or corrupted read data. It is suggested to confirm via simulation that an address collision never occurs and if so it is suggested to try and avoid this situation. If address collisions cannot be avoided, the write-mode may be set to READ_FIRST which guarantees that the read data is the prior contents of the memory at the cost of additional power in the design. See the FPGA Memory Resources User Guide for additional information.
WARNING: [DRC REQP-1935] RAMB36E2_nochange_collision_advisory: Synchronous clocking is detected for BRAM (level0_i/blp/blp_i/blp_static_region_ss/inst/static_region/slr1/pcie_3port_switch_0/inst/embedded_endpoint_i/switch_top_inst/bd_aabe_pcie_3port_switch_0_0_ds_rq_intfc_mod/xpm_fifo_axis_inst/xpm_fifo_base_inst/gen_sdpram.xpm_memory_base_inst/gen_wr_a.gen_word_narrow.mem_reg_1) in SDP mode with NO_CHANGE write-mode. This is the preferred mode for best power characteristics. However, NO_CHANGE may exhibit address collisions if the same address appears on both read and write ports resulting in unknown or corrupted read data. It is suggested to confirm via simulation that an address collision never occurs and if so it is suggested to try and avoid this situation. If address collisions cannot be avoided, the write-mode may be set to READ_FIRST which guarantees that the read data is the prior contents of the memory at the cost of additional power in the design. See the FPGA Memory Resources User Guide for additional information.
WARNING: [DRC REQP-1935] RAMB36E2_nochange_collision_advisory: Synchronous clocking is detected for BRAM (level0_i/blp/blp_i/blp_static_region_ss/inst/static_region/slr1/pcie_3port_switch_0/inst/embedded_endpoint_i/switch_top_inst/bd_aabe_pcie_3port_switch_0_0_us_cc_mux_mod/bd_aabe_pcie_3port_switch_0_0_ds_rc_input_reg_mod/xpm_fifo_axis_inst/xpm_fifo_base_inst/gen_sdpram.xpm_memory_base_inst/gen_wr_a.gen_word_narrow.mem_reg_0) in SDP mode with NO_CHANGE write-mode. This is the preferred mode for best power characteristics. However, NO_CHANGE may exhibit address collisions if the same address appears on both read and write ports resulting in unknown or corrupted read data. It is suggested to confirm via simulation that an address collision never occurs and if so it is suggested to try and avoid this situation. If address collisions cannot be avoided, the write-mode may be set to READ_FIRST which guarantees that the read data is the prior contents of the memory at the cost of additional power in the design. See the FPGA Memory Resources User Guide for additional information.
WARNING: [DRC REQP-1935] RAMB36E2_nochange_collision_advisory: Synchronous clocking is detected for BRAM (level0_i/blp/blp_i/blp_static_region_ss/inst/static_region/slr1/pcie_3port_switch_0/inst/embedded_endpoint_i/switch_top_inst/bd_aabe_pcie_3port_switch_0_0_us_cc_mux_mod/bd_aabe_pcie_3port_switch_0_0_ds_rc_input_reg_mod/xpm_fifo_axis_inst/xpm_fifo_base_inst/gen_sdpram.xpm_memory_base_inst/gen_wr_a.gen_word_narrow.mem_reg_1) in SDP mode with NO_CHANGE write-mode. This is the preferred mode for best power characteristics. However, NO_CHANGE may exhibit address collisions if the same address appears on both read and write ports resulting in unknown or corrupted read data. It is suggested to confirm via simulation that an address collision never occurs and if so it is suggested to try and avoid this situation. If address collisions cannot be avoided, the write-mode may be set to READ_FIRST which guarantees that the read data is the prior contents of the memory at the cost of additional power in the design. See the FPGA Memory Resources User Guide for additional information.
WARNING: [DRC REQP-1935] RAMB36E2_nochange_collision_advisory: Synchronous clocking is detected for BRAM (level0_i/blp/blp_i/blp_static_region_ss/inst/static_region/slr1/pcie_3port_switch_0/inst/embedded_endpoint_i/switch_top_inst/bd_aabe_pcie_3port_switch_0_0_us_cc_mux_mod/bd_aabe_pcie_3port_switch_0_0_ds_rc_input_reg_mod/xpm_fifo_axis_inst/xpm_fifo_base_inst/gen_sdpram.xpm_memory_base_inst/gen_wr_a.gen_word_narrow.mem_reg_2) in SDP mode with NO_CHANGE write-mode. This is the preferred mode for best power characteristics. However, NO_CHANGE may exhibit address collisions if the same address appears on both read and write ports resulting in unknown or corrupted read data. It is suggested to confirm via simulation that an address collision never occurs and if so it is suggested to try and avoid this situation. If address collisions cannot be avoided, the write-mode may be set to READ_FIRST which guarantees that the read data is the prior contents of the memory at the cost of additional power in the design. See the FPGA Memory Resources User Guide for additional information.
WARNING: [DRC RTSTAT-10] No routable loads: 776 net(s) have no routable loads. The problem bus(es) and/or net(s) are level0_i/ulp/debug_bridge_xsdbm/inst/xsdbm/inst/BSCANID.u_xsdbm_id/EXT_BSCAN.reset_i, level0_i/blp/blp_i/blp_static_region_ss/inst/static_region/slr1/mgmt_debug_hub/inst/xsdbm/inst/BSCANID.u_xsdbm_id/EXT_BSCAN.reset_i, level0_i/ulp/debug_bridge_xsdbm/inst/xsdbm/inst/BSCANID.u_xsdbm_id/EXT_BSCAN.runtest_i, level0_i/blp/blp_i/blp_static_region_ss/inst/static_region/slr1/mgmt_debug_hub/inst/xsdbm/inst/BSCANID.u_xsdbm_id/EXT_BSCAN.runtest_i, level0_i/ulp/debug_bridge_xsdbm/inst/xsdbm/inst/BSCANID.u_xsdbm_id/EXT_BSCAN.tck_i, level0_i/blp/blp_i/blp_static_region_ss/inst/static_region/slr1/mgmt_debug_hub/inst/xsdbm/inst/BSCANID.u_xsdbm_id/EXT_BSCAN.tck_i, level0_i/ulp/debug_bridge_xsdbm/inst/xsdbm/inst/BSCANID.u_xsdbm_id/EXT_BSCAN.tms_i, level0_i/blp/blp_i/blp_static_region_ss/inst/static_region/slr1/mgmt_debug_hub/inst/xsdbm/inst/BSCANID.u_xsdbm_id/EXT_BSCAN.tms_i, level0_i/ulp/ddrmem_1/inst/u_ddr4_mem_intfc/u_ddr_cal_riu/LMB_CE_riu, level0_i/ulp/ddrmem_1/inst/u_ddr4_mem_intfc/u_ddr_cal_riu/LMB_UE_riu, level0_i/blp/blp_i/blp_static_region_ss/inst/static_region/slr1/pcie_3port_switch_0/inst/embedded_endpoint_i/switch_top_inst/bd_aabe_pcie_3port_switch_0_0_ds_rq_intfc_mod/bd_aabe_pcie_3port_switch_0_0_us_rq_mux_fifo_us/bd_aabe_pcie_3port_switch_0_0_sw_multi_sync_tlp_queued/Q[0], level0_i/ulp/ddrmem_1/inst/u_ddr4_mem_intfc/u_ddr_cal_top/u_ddr_cal/u_xsdb_arbiter/Q[12], level0_i/ulp/ddrmem_1/inst/u_ddr4_mem_intfc/u_ddr_cal_top/u_ddr_cal/u_xsdb_arbiter/Q[13], level0_i/ulp/ddrmem_1/inst/u_ddr4_mem_intfc/u_ddr_cal_top/u_ddr_cal/u_xsdb_arbiter/Q[14], level0_i/ulp/ddrmem_1/inst/u_ddr4_mem_intfc/u_ddr_cal_top/u_ddr_cal/u_xsdb_arbiter/Q[15]... and (the first 15 of 441 listed).
CRITICAL WARNING: [DRC 23-412] You have waived 1 DRC check(s) that is(are) normally flagged as ERROR during write_bitstream. This could potentially damage your device, your board, or lead to other functionality issues on your hardware. The DRCs are: HDPR-108 
INFO: [Vivado 12-3199] DRC finished with 0 Errors, 150 Warnings
INFO: [Vivado 12-3200] Please refer to the DRC report (report_drc) for more information.
WARNING: [Memdata 28-80] Empty top found while merging BMM files!
INFO: [Memdata 28-144] Successfully populated the BRAM INIT strings from the following elf files: /home/uni/project/smartssd/host_file_sum64/_x/link/vivado/vpl/prj/prj.gen/my_rm/bd/ulp/ip/ulp_ddrmem_1_0/sw/calibration_0/Debug/calibration_ddr.elf /home/uni/project/smartssd/host_file_sum64/_x/link/vivado/vpl/prj/prj.gen/my_rm/bd/ulp/ip/ulp_ddrmem_1_0/sw/calibration_0/Debug/calibration_ddr.elf 
Partition "pblock_dynamic_region" Reconfigurable Module "level0_i/ulp"
INFO: [Vivado 12-4077] No full design bitstream will be created with the use of the -cell option.
Process Partition "pblock_dynamic_region"
INFO: [Designutils 20-2272] Running write_bitstream with 8 threads.
Loading data files...
Loading site data...
Loading route data...
Processing options...
INFO: [Designutils 20-2319] When using DCI in a Reconfigurable Module setting Match_cycle to NoWait will produce a smaller bitstream and reduce startup delay.
Creating bitmap...
Creating bitstream...
Partial bitstream contains 155627296 bits.
Writing bitstream ./level0_i_ulp_my_rm_partial.bit...
INFO: [Vivado 12-1842] Bitgen Completed Successfully.
INFO: [Common 17-83] Releasing license: Implementation
404 Infos, 619 Warnings, 14 Critical Warnings and 0 Errors encountered.
write_bitstream completed successfully
write_bitstream: Time (s): cpu = 00:15:12 ; elapsed = 00:07:31 . Memory (MB): peak = 12332.344 ; gain = 1644.992 ; free physical = 110582 ; free virtual = 236935
source /home/uni/project/smartssd/host_file_sum64/_x/link/vivado/vpl/scripts/impl_1/_full_write_bitstream_post.tcl
INFO: [Common 17-206] Exiting Vivado at Tue Aug 18 05:48:45 2026...
